epoch,is_best_epoch,train_loss,val_loss,train_mae,val_mae,train_rmse,val_rmse,train_r2,val_r2,train_abs_loss,train_emi_loss,train_plqy_loss,train_em_loss,val_abs_loss,val_emi_loss,val_plqy_loss,val_em_loss,train_abs_mae,train_emi_mae,train_plqy_mae,train_em_mae,val_abs_mae,val_emi_mae,val_plqy_mae,val_em_mae,train_abs_r2,train_emi_r2,train_plqy_r2,train_em_r2,val_abs_r2,val_emi_r2,val_plqy_r2,val_em_r2,train_total_rows_before,train_kept_rows,train_dropped_total_rows,train_solute_skipped_rows,train_solute_invalid_count,train_solute_missing_count,train_solvent_smiles_required,train_solvent_skipped_rows,train_solvent_invalid_count,train_solvent_missing_count,val_total_rows_before,val_kept_rows,val_dropped_total_rows,val_solute_skipped_rows,val_solute_invalid_count,val_solute_missing_count,val_solvent_smiles_required,val_solvent_skipped_rows,val_solvent_invalid_count,val_solvent_missing_count,test_total_rows_before,test_kept_rows,test_dropped_total_rows,test_solute_skipped_rows,test_solute_invalid_count,test_solute_missing_count,test_solvent_smiles_required,test_solvent_skipped_rows,test_solvent_invalid_count,test_solvent_missing_count
1,0,1.1547151803970337,0.5766462683677673,41.297027587890625,25.801475524902344,73.28651428222656,46.800113677978516,-0.18460367619991302,0.4022368788719177,0.9367355704307556,1.0365017652511597,1.487287163734436,1.2778904438018799,0.3852077126502991,0.4189089834690094,0.8652165532112122,0.7399962544441223,75.48734283447266,72.10122680664062,0.31183743476867676,1.0076419115066528,46.88116455078125,45.45245361328125,0.25340914726257324,0.6655857563018799,0.06326454877853394,-0.03650176525115967,-0.48728716373443604,-0.27789032459259033,0.6203982830047607,0.5815415382385254,0.12468183040618896,0.2823259234428406,,,,,,,,,,,,,,,,,,,,,,,,,,,,,,
2,0,0.5799221992492676,0.4892663061618805,25.82137107849121,21.741329193115234,45.66365051269531,39.13666534423828,0.3906271457672119,0.48633092641830444,0.3519672155380249,0.4201495945453644,0.8950483202934265,0.7703261971473694,0.2574455142021179,0.31125685572624207,0.7903008460998535,0.7120051980018616,45.72399139404297,46.712791442871094,0.25285157561302185,0.7291598320007324,37.464805603027344,40.5837516784668,0.23695188760757446,0.7372636795043945,0.6480328440666199,0.579850435256958,0.10495167970657349,0.22967368364334106,0.7463011145591736,0.6890778541564941,0.2004721760749817,0.30947262048721313,,,,,,,,,,,,,,,,,,,,,,,,,,,,,,
3,0,0.5154743194580078,0.44901242852211,23.10586166381836,20.060104370117188,41.0626106262207,36.7049674987793,0.45469313859939575,0.5278753638267517,0.277794748544693,0.3500939905643463,0.828424334526062,0.7249143719673157,0.22726066410541534,0.272521048784256,0.7315447330474854,0.6725183725357056,40.374515533447266,42.39176940917969,0.24138453602790833,0.6999852061271667,34.86977767944336,37.08155822753906,0.22799652814865112,0.6695837378501892,0.7222053408622742,0.6499059796333313,0.171575665473938,0.2750856280326843,0.7760466933250427,0.727772057056427,0.2599143385887146,0.34776830673217773,,,,,,,,,,,,,,,,,,,,,,,,,,,,,,
4,0,0.4780033826828003,0.40913671255111694,21.708297729492188,18.322195053100586,38.83789825439453,34.07560348510742,0.4937397837638855,0.5692737102508545,0.2488994300365448,0.3125847578048706,0.770673394203186,0.692883312702179,0.19107726216316223,0.24222524464130402,0.6637178063392639,0.6404978632926941,37.85249710083008,39.89822769165039,0.2303754985332489,0.6805572509765625,31.260086059570312,34.57373809814453,0.21371492743492126,0.6183071136474609,0.7511005997657776,0.6874152421951294,0.22932660579681396,0.30711668729782104,0.8117035031318665,0.7580353021621704,0.3285331130027771,0.378822922706604,,,,,,,,,,,,,,,,,,,,,,,,,,,,,,
5,0,0.4395444393157959,0.3927841782569885,20.657630920410156,17.421953201293945,36.968048095703125,32.910667419433594,0.5344944596290588,0.5886530876159668,0.22507928311824799,0.2838614284992218,0.7047420144081116,0.6483395099639893,0.183067187666893,0.21851162612438202,0.6044231057167053,0.6549859642982483,36.03672409057617,37.94266891479492,0.2168167233467102,0.6544539928436279,30.31439971923828,32.09475326538086,0.20056110620498657,0.6524296402931213,0.7749207615852356,0.7161386013031006,0.2952579855918884,0.35166049003601074,0.8195970058441162,0.7817233800888062,0.38852012157440186,0.36477190256118774,,,,,,,,,,,,,,,,,,,,,,,,,,,,,,
6,0,0.4125640392303467,0.3634827733039856,19.908048629760742,16.95965003967285,35.55849075317383,31.795381546020508,0.5632022023200989,0.6179677844047546,0.20750203728675842,0.263749361038208,0.6556036472320557,0.6203361749649048,0.17107731103897095,0.20363835990428925,0.5821282863616943,0.5848389267921448,34.7064208984375,36.588401794433594,0.20771117508411407,0.6364321708679199,29.415756225585938,31.39185905456543,0.19851218163967133,0.5984646677970886,0.792497992515564,0.736250638961792,0.34439635276794434,0.3796638250350952,0.8314123749732971,0.7965806722640991,0.411075234413147,0.43280285596847534,,,,,,,,,,,,,,,,,,,,,,,,,,,,,,
7,0,0.3842955529689789,0.3441014289855957,18.98091697692871,15.872068405151367,33.978763580322266,30.34067153930664,0.5926684141159058,0.6389358043670654,0.190134659409523,0.23982825875282288,0.615995466709137,0.5833680033683777,0.15661196410655975,0.1841455101966858,0.5387058258056641,0.578429639339447,33.00835418701172,34.975372314453125,0.19899891316890717,0.6135082840919495,27.524940490722656,29.320783615112305,0.18313905596733093,0.6253554821014404,0.8098653554916382,0.7601717710494995,0.38400453329086304,0.4166320562362671,0.8456672430038452,0.8160525560379028,0.45500463247299194,0.4390188455581665,,,,,,,,,,,,,,,,,,,,,,,,,,,,,,
8,0,0.36726975440979004,0.3267592787742615,18.403078079223633,15.836151123046875,33.04719924926758,30.07081413269043,0.6106317639350891,0.6573508977890015,0.17890118062496185,0.2283020168542862,0.587595522403717,0.5626742839813232,0.15437370538711548,0.18006765842437744,0.5116915106773376,0.5371324419975281,31.9930362701416,33.91834259033203,0.19334809482097626,0.5993449091911316,28.02338409423828,28.643640518188477,0.17833252251148224,0.5566655397415161,0.8210988640785217,0.771697998046875,0.41240447759628296,0.43732571601867676,0.8478729128837585,0.8201259970664978,0.4823343753814697,0.479070246219635,,,,,,,,,,,,,,,,,,,,,,,,,,,,,,
9,0,0.3455851674079895,0.31400009989738464,17.85036277770996,15.611571311950684,32.05046081542969,29.708641052246094,0.6337670683860779,0.6702131032943726,0.1707281619310379,0.21100369095802307,0.5524498820304871,0.5307500958442688,0.15033741295337677,0.17628276348114014,0.5009889006614685,0.5032471418380737,31.17586898803711,32.732608795166016,0.18699757754802704,0.575924277305603,27.270837783813477,28.654626846313477,0.17416709661483765,0.5645885467529297,0.8292719125747681,0.7889963388442993,0.44755011796951294,0.4692499041557312,0.8518504500389099,0.8239068388938904,0.4931619167327881,0.511933445930481,,,,,,,,,,,,,,,,,,,,,,,,,,,,,,
10,0,0.3350409269332886,0.30262744426727295,17.540260314941406,15.479125022888184,31.558603286743164,29.30126190185547,0.6451394557952881,0.6824131608009338,0.16512124240398407,0.20519547164440155,0.5316917896270752,0.5174335837364197,0.1533147543668747,0.16061463952064514,0.4863123595714569,0.481351763010025,30.65933609008789,32.1346549987793,0.1820218712091446,0.56642746925354,27.68782615661621,27.64046287536621,0.1734398901462555,0.5420569777488708,0.8348788022994995,0.794804573059082,0.4683082103729248,0.4825664162635803,0.8489164113998413,0.8395581245422363,0.5080097913742065,0.5331683158874512,,,,,,,,,,,,,,,,,,,,,,,,,,,,,,
11,0,0.31827107071876526,0.29072609543800354,17.064577102661133,14.540514945983887,30.761629104614258,28.134214401245117,0.6628291010856628,0.6938381791114807,0.1556549072265625,0.19683532416820526,0.5052870512008667,0.4909065365791321,0.13521042466163635,0.15749819576740265,0.4745636582374573,0.46809151768684387,29.772281646728516,31.331300735473633,0.17688728868961334,0.5499621033668518,25.296215057373047,26.816497802734375,0.1687704175710678,0.5189961791038513,0.8443450927734375,0.8031647205352783,0.4947129487991333,0.5090934634208679,0.8667572736740112,0.8426711559295654,0.5198956727981567,0.5460286140441895,,,,,,,,,,,,,,,,,,,,,,,,,,,,,,
12,0,0.30421146750450134,0.27763548493385315,16.651235580444336,14.456191062927246,30.035995483398438,27.85164451599121,0.6773692965507507,0.7075343132019043,0.14915835857391357,0.1865030825138092,0.4896291494369507,0.46523216366767883,0.13226114213466644,0.15473389625549316,0.45642194151878357,0.4363715350627899,29.151508331298828,30.457748413085938,0.17289671301841736,0.5302836894989014,25.01924705505371,26.833660125732422,0.1651003658771515,0.5038378834724426,0.8508416414260864,0.8134969472885132,0.5103708505630493,0.5347678661346436,0.869663655757904,0.8454325199127197,0.5382492542266846,0.5767917633056641,,,,,,,,,,,,,,,,,,,,,,,,,,,,,,
13,0,0.2950699031352997,0.27049389481544495,16.448902130126953,13.728043556213379,29.74924659729004,27.087575912475586,0.6873408555984497,0.7152711153030396,0.1464175134897232,0.18281802535057068,0.47159573435783386,0.44980520009994507,0.12828131020069122,0.14147312939167023,0.4420450031757355,0.4371614456176758,28.660097122192383,30.255516052246094,0.16952215135097504,0.5219759345054626,24.10048484802246,25.05429458618164,0.15795259177684784,0.49016043543815613,0.853582501411438,0.8171819448471069,0.5284042358398438,0.5501947999000549,0.87358558177948,0.8586790561676025,0.5527940392494202,0.5760256052017212,,,,,,,,,,,,,,,,,,,,,,,,,,,,,,
14,0,0.28250852227211,0.26626282930374146,16.08257293701172,13.797380447387695,29.081344604492188,26.937532424926758,0.7003954648971558,0.7197591662406921,0.1411018818616867,0.17289988696575165,0.45690885186195374,0.42750751972198486,0.12616223096847534,0.14098931849002838,0.4342813789844513,0.42940065264701843,28.176246643066406,29.40005111694336,0.16566523909568787,0.5063033103942871,24.0427188873291,25.42133331298828,0.15690620243549347,0.47187739610671997,0.8588981628417969,0.8271000981330872,0.5430911183357239,0.5724924802780151,0.8756738305091858,0.8591623306274414,0.5606482625007629,0.583552360534668,,,,,,,,,,,,,,,,,,,,,,,,,,,,,,
15,0,0.2715531289577484,0.25780120491981506,15.695856094360352,13.552947998046875,28.459896087646484,26.66440200805664,0.7120636701583862,0.7286206483840942,0.13530375063419342,0.1653333306312561,0.43799152970314026,0.4131169319152832,0.1264881044626236,0.13373418152332306,0.42479628324508667,0.40988826751708984,27.587940216064453,28.585163116455078,0.16222168505191803,0.49434104561805725,24.166461944580078,24.303993225097656,0.15568844974040985,0.46098363399505615,0.8646962642669678,0.8346666693687439,0.5620085000991821,0.5868830680847168,0.875352680683136,0.8664096593856812,0.5702440738677979,0.6024761199951172,,,,,,,,,,,,,,,,,,,,,,,,,,,,,,
16,0,0.2614409029483795,0.25548839569091797,15.408750534057617,13.41601276397705,27.96831512451172,26.80414390563965,0.7226516008377075,0.7316583395004272,0.13135534524917603,0.15862984955310822,0.42507895827293396,0.3943294882774353,0.12625433504581451,0.13754288852214813,0.4114722013473511,0.4075731039047241,27.072845458984375,28.08110237121582,0.1588640660047531,0.4793505072593689,23.486377716064453,24.576745986938477,0.1517537385225296,0.4698028564453125,0.868644654750824,0.841370165348053,0.5749210119247437,0.6056705117225647,0.8755830526351929,0.8626050353050232,0.583723783493042,0.6047214269638062,,,,,,,,,,,,,,,,,,,,,,,,,,,,,,
17,0,0.252322793006897,0.2514421343803406,15.245633125305176,13.183615684509277,27.694786071777344,26.24374008178711,0.7324375510215759,0.7351484298706055,0.12757496535778046,0.15740470588207245,0.4090164601802826,0.3762538433074951,0.12143359333276749,0.1312299519777298,0.4153956472873688,0.40048664808273315,26.678560256958008,27.920795440673828,0.1557297706604004,0.46796777844429016,23.37958526611328,23.780988693237305,0.1509893387556076,0.465425580739975,0.8724250793457031,0.8425952792167664,0.5909835696220398,0.6237461566925049,0.880333662033081,0.8689112067222595,0.5797545313835144,0.6115941405296326,,,,,,,,,,,,,,,,,,,,,,,,,,,,,,
18,0,0.2481433004140854,0.251528263092041,15.188633918762207,13.588642120361328,27.536706924438477,26.733179092407227,0.7370704412460327,0.7356284856796265,0.12783393263816833,0.1530115008354187,0.4008099138736725,0.37006285786628723,0.11992514133453369,0.14551760256290436,0.40351420640945435,0.39771702885627747,26.728912353515625,27.638090133666992,0.15413430333137512,0.4647637903690338,23.04496955871582,25.809694290161133,0.14903119206428528,0.46691906452178955,0.872166097164154,0.8469884991645813,0.5991900563240051,0.6299371719360352,0.8818201422691345,0.854638934135437,0.5917747020721436,0.6142802238464355,,,,,,,,,,,,,,,,,,,,,,,,,,,,,,
19,0,0.2391120195388794,0.2356623411178589,14.88037395477295,12.765116691589355,27.098997116088867,25.629894256591797,0.7465041875839233,0.752515435218811,0.12283143401145935,0.14966285228729248,0.38834941387176514,0.3531394898891449,0.11805430799722672,0.12172886729240417,0.380865216255188,0.3780974745750427,26.121068954467773,27.16164207458496,0.15097521245479584,0.44949838519096375,22.58632469177246,23.09804344177246,0.1465335190296173,0.44059211015701294,0.877168595790863,0.8503371477127075,0.6116505861282349,0.6468604803085327,0.8836637735366821,0.878402054309845,0.6146880388259888,0.633307933807373,,,,,,,,,,,,,,,,,,,,,,,,,,,,,,
20,0,0.2322283685207367,0.23575474321842194,14.759108543395996,12.451916694641113,26.752824783325195,25.19763946533203,0.7534639239311218,0.7520440816879272,0.1199946179986,0.1454371213912964,0.38385626673698425,0.3368563652038574,0.11374824494123459,0.11820348352193832,0.3841266930103302,0.384645938873291,25.905057907104492,26.951242446899414,0.1500396728515625,0.43841487169265747,22.07219886779785,22.47322654724121,0.14319176971912384,0.4389578700065613,0.880005419254303,0.8545628786087036,0.6161437630653381,0.6631436347961426,0.8879071474075317,0.8819236755371094,0.6113885641098022,0.6269569993019104,,,,,,,,,,,,,,,,,,,,,,,,,,,,,,
21,0,0.22259724140167236,0.23497076332569122,14.442487716674805,12.919079780578613,26.308626174926758,25.5692195892334,0.7640649676322937,0.7537116408348083,0.11644194275140762,0.14004120230674744,0.3625219166278839,0.32473519444465637,0.11468938738107681,0.12546496093273163,0.36951205134391785,0.3845776617527008,25.455612182617188,26.247182846069336,0.14516650140285492,0.4283316433429718,22.585954666137695,23.72641372680664,0.1405552327632904,0.43390223383903503,0.8835580348968506,0.859958827495575,0.6374781131744385,0.6752647757530212,0.8869796991348267,0.8746699690818787,0.6261737942695618,0.6270232200622559,,,,,,,,,,,,,,,,,,,,,,,,,,,,,,
22,0,0.22112062573432922,0.22639000415802002,14.303061485290527,12.842906951904297,26.078733444213867,25.321697235107422,0.7651760578155518,0.7625294923782349,0.11413317918777466,0.13803386688232422,0.3668082058429718,0.32032057642936707,0.11485632508993149,0.11939795315265656,0.36227455735206604,0.3618386387825012,25.177093505859375,26.03042221069336,0.14641322195529938,0.42493757605552673,23.14156723022461,22.759849548339844,0.1396472454071045,0.4206932485103607,0.8858668208122253,0.8619661331176758,0.6331918239593506,0.6796793937683105,0.8868151903152466,0.8807304501533508,0.6334958076477051,0.6490763425827026,,,,,,,,,,,,,,,,,,,,,,,,,,,,,,
23,0,0.21306180953979492,0.2271098643541336,14.11748218536377,12.30836009979248,25.756858825683594,24.993152618408203,0.7736313939094543,0.7607733011245728,0.11137256026268005,0.13458944857120514,0.35658296942710876,0.3029295802116394,0.10630534589290619,0.12490811944007874,0.37192502617836,0.36202821135520935,24.885387420654297,25.656490325927734,0.14440497756004333,0.4136331081390381,21.301467895507812,22.85196304321289,0.1405438929796219,0.4245586693286896,0.8886274695396423,0.865410566329956,0.6434170007705688,0.6970704197883606,0.8952417373657227,0.8752261996269226,0.6237326860427856,0.6488924622535706,,,,,,,,,,,,,,,,,,,,,,,,,,,,,,
24,0,0.2096336930990219,0.22605548799037933,14.060004234313965,12.475459098815918,25.6165714263916,25.026718139648438,0.7775863409042358,0.7629997134208679,0.10988162457942963,0.13355456292629242,0.34554290771484375,0.30067533254623413,0.11331792175769806,0.11490524560213089,0.3593691885471344,0.36912038922309875,24.734169006347656,25.61368179321289,0.1412406861782074,0.4123254120349884,22.516357421875,22.051809310913086,0.13673651218414307,0.4197765290737152,0.8901183605194092,0.8664454221725464,0.6544570922851562,0.6993246674537659,0.8883312344551086,0.8852183222770691,0.6364350914955139,0.6420142650604248,,,,,,,,,,,,,,,,,,,,,,,,,,,,,,
25,0,0.20289799571037292,0.2285834103822708,13.834742546081543,12.291492462158203,25.30692481994629,24.89354133605957,0.7847363948822021,0.760177493095398,0.10822474211454391,0.12885090708732605,0.33609262108802795,0.2878860533237457,0.11273006349802017,0.112738236784935,0.3651558458805084,0.37755337357521057,24.406259536743164,25.12619972229004,0.13896267116069794,0.4005897343158722,21.85308265686035,22.114910125732422,0.1393285095691681,0.42437243461608887,0.8917752504348755,0.8711490631103516,0.6639073491096497,0.7121139764785767,0.8889105319976807,0.887382984161377,0.6305809020996094,0.6338356137275696,,,,,,,,,,,,,,,,,,,,,,,,,,,,,,
26,0,0.20262189209461212,0.22069504857063293,13.764935493469238,12.166483879089355,25.101367950439453,24.66271209716797,0.7848515510559082,0.767676591873169,0.10625320672988892,0.12710028886795044,0.33711957931518555,0.2901207506656647,0.10889565944671631,0.11335533857345581,0.3643314838409424,0.35074448585510254,24.254825592041016,25.03107452392578,0.13916796445846558,0.4002411961555481,21.76003074645996,21.737245559692383,0.1374586969614029,0.41608378291130066,0.8937467932701111,0.8728997111320496,0.6628804206848145,0.7098792791366577,0.8926891088485718,0.8867665529251099,0.6314148902893066,0.6598358154296875,,,,,,,,,,,,,,,,,,,,,,,,,,,,,,
27,0,0.19391502439975739,0.21672901511192322,13.59505844116211,11.9157133102417,24.76796531677246,24.370716094970703,0.7942334413528442,0.7712026834487915,0.10328932106494904,0.12399126589298248,0.3216859698295593,0.2740994691848755,0.1062598004937172,0.11079930514097214,0.3676186800003052,0.3380834460258484,23.935958862304688,24.751779556274414,0.1357775628566742,0.39045286178588867,21.21724510192871,21.40250587463379,0.14249351620674133,0.4026655852794647,0.8967106938362122,0.8760087490081787,0.6783140301704407,0.7259005308151245,0.8952866196632385,0.8893198370933533,0.6280893087387085,0.672114908695221,,,,,,,,,,,,,,,,,,,,,,,,,,,,,,
28,0,0.18973873555660248,0.21532754600048065,13.443790435791016,12.02889633178711,24.577808380126953,24.32593536376953,0.7988149523735046,0.7741069793701172,0.10128890722990036,0.12273433804512024,0.3122987747192383,0.2684181034564972,0.10677807033061981,0.10899385809898376,0.34371715784072876,0.3523702919483185,23.668479919433594,24.480661392211914,0.13325166702270508,0.3839934170246124,21.61351203918457,21.363805770874023,0.13425913453102112,0.41922295093536377,0.898711085319519,0.8772656917572021,0.6877012252807617,0.7315819263458252,0.8947758674621582,0.891123354434967,0.6522698402404785,0.6582590341567993,,,,,,,,,,,,,,,,,,,,,,,,,,,,,,
29,0,0.18536736071109772,0.21650926768779755,13.308699607849121,11.837027549743652,24.3248233795166,24.337108612060547,0.8031615614891052,0.7723159193992615,0.10030092298984528,0.1185697689652443,0.31148332357406616,0.256999671459198,0.1045122891664505,0.11272728443145752,0.3517947793006897,0.34978848695755005,23.572568893432617,24.062671661376953,0.1334817260503769,0.3801993131637573,20.8997802734375,21.4833927154541,0.13621287047863007,0.3976181149482727,0.8996990919113159,0.8814302086830139,0.6885166764259338,0.7430002689361572,0.8970086574554443,0.8873939514160156,0.6440979242324829,0.6607629656791687,,,,,,,,,,,,,,,,,,,,,,,,,,,,,,
30,0,0.18326760828495026,0.21307344734668732,13.354838371276855,11.708094596862793,24.391084671020508,24.05073356628418,0.8057835102081299,0.7760776877403259,0.10011543333530426,0.12033141404390335,0.3018515408039093,0.2545677423477173,0.10227061808109283,0.10977606475353241,0.3435667157173157,0.34817370772361755,23.53285789489746,24.303417205810547,0.13125468790531158,0.37231889367103577,20.708566665649414,21.20725440979004,0.1336766928434372,0.39195477962493896,0.8998845815658569,0.8796685934066772,0.6981484889984131,0.7454322576522827,0.8992177248001099,0.8903419971466064,0.6524220705032349,0.6623290181159973,,,,,,,,,,,,,,,,,,,,,,,,,,,,,,
31,0,0.17868252098560333,0.21871325373649597,13.05991268157959,11.568769454956055,23.80937957763672,23.840805053710938,0.8104662895202637,0.7703047394752502,0.09486307948827744,0.11547022312879562,0.2949020266532898,0.25289931893348694,0.1016659066081047,0.10606028884649277,0.3485754430294037,0.37120065093040466,22.937732696533203,23.848487854003906,0.12902215123176575,0.37255603075027466,20.468059539794922,20.916160583496094,0.1337442845106125,0.4174226224422455,0.9051369428634644,0.8845297694206238,0.7050979733467102,0.7471007108688354,0.8998136520385742,0.8940537571907043,0.6473548412322998,0.6399967670440674,,,,,,,,,,,,,,,,,,,,,,,,,,,,,,
32,0,0.17701783776283264,0.20555895566940308,12.99510383605957,11.560117721557617,23.694711685180664,23.9765682220459,0.8121918439865112,0.7841460704803467,0.0945063978433609,0.1135171502828598,0.29334917664527893,0.2498597949743271,0.10255924612283707,0.10769180953502655,0.3314378261566162,0.32940199971199036,22.88282012939453,23.65938377380371,0.12881627678871155,0.370252400636673,20.373592376708984,21.024877548217773,0.129312664270401,0.392474889755249,0.9054936170578003,0.886482834815979,0.7066508531570435,0.7501401901245117,0.8989332914352417,0.8924239873886108,0.6646925210952759,0.6805344820022583,,,,,,,,,,,,,,,,,,,,,,,,,,,,,,
33,0,0.17230626940727234,0.2004307508468628,12.813864707946777,11.500786781311035,23.350189208984375,23.618755340576172,0.8172433972358704,0.7894942760467529,0.09191787987947464,0.1100272387266159,0.284525603055954,0.24455560743808746,0.10146187990903854,0.10151858627796173,0.32529568672180176,0.3212242126464844,22.65111541748047,23.223045349121094,0.126614049077034,0.36660146713256836,20.774770736694336,20.303606033325195,0.13105016946792603,0.38707292079925537,0.908082127571106,0.8899727463722229,0.7154744267463684,0.755444347858429,0.9000146985054016,0.8985905647277832,0.6709064245223999,0.6884655952453613,,,,,,,,,,,,,,,,,,,,,,,,,,,,,,
34,0,0.17103411257266998,0.2024889588356018,12.858027458190918,11.349154472351074,23.512271881103516,23.528844833374023,0.8185661435127258,0.7872529625892639,0.09454040974378586,0.10952175408601761,0.2859387695789337,0.2357344627380371,0.09930573403835297,0.10287386178970337,0.32745465636253357,0.3290114998817444,22.88283348083496,23.125947952270508,0.12672853469848633,0.360408216714859,20.364347457885742,20.204177856445312,0.12895506620407104,0.37997323274612427,0.9054595828056335,0.890478253364563,0.7140612602233887,0.7642655372619629,0.9021394848823547,0.8972367644309998,0.6687222719192505,0.6809132099151611,,,,,,,,,,,,,,,,,,,,,,,,,,,,,,
35,0,0.16619278490543365,0.19729284942150116,12.700185775756836,11.08216667175293,23.23292350769043,23.036075592041016,0.823667585849762,0.7924877405166626,0.08975201100111008,0.11082030832767487,0.27656179666519165,0.22819535434246063,0.0946439802646637,0.09944731742143631,0.3211193382740021,0.3222956657409668,22.355817794799805,23.141254425048828,0.12483453750610352,0.35308972001075745,19.463966369628906,20.2307071685791,0.1291990727186203,0.37883514165878296,0.9102479815483093,0.8891797065734863,0.7234381437301636,0.7718046307563782,0.9067333936691284,0.9006596207618713,0.6751315593719482,0.6874264478683472,,,,,,,,,,,,,,,,,,,,,,,,,,,,,,
36,0,0.1644519716501236,0.20120956003665924,12.627459526062012,11.4000883102417,23.065526962280273,23.504270553588867,0.8257218599319458,0.7889307141304016,0.08977458626031876,0.1072346568107605,0.2708202004432678,0.2292831838130951,0.09941548854112625,0.10217159241437912,0.3206638693809509,0.32978737354278564,22.34062957763672,22.872556686401367,0.1232953742146492,0.3521648943424225,20.301076889038086,20.496023178100586,0.12736162543296814,0.37029165029525757,0.9102253913879395,0.8927653431892395,0.729179859161377,0.7707168459892273,0.9020313024520874,0.8979383111000061,0.675592303276062,0.6801607608795166,,,,,,,,,,,,,,,,,,,,,,,,,,,,,,
37,0,0.16132377088069916,0.1970207244157791,12.531822204589844,11.181474685668945,22.841156005859375,23.126174926757812,0.8287829160690308,0.7926073670387268,0.0874815583229065,0.1060028150677681,0.269679993391037,0.2217039316892624,0.09493976086378098,0.10091351717710495,0.3234320282936096,0.3175792694091797,22.126550674438477,22.754348754882812,0.12271860241889954,0.3481760621070862,19.550321578979492,20.536006927490234,0.1269272267818451,0.36802831292152405,0.9125184416770935,0.8939971923828125,0.7303200364112854,0.7782961130142212,0.9064419269561768,0.8991950154304504,0.6727918386459351,0.6920006275177002,,,,,,,,,,,,,,,,,,,,,,,,,,,,,,
38,0,0.15775910019874573,0.20237146317958832,12.423077583312988,11.21545696258545,22.66466522216797,23.519289016723633,0.8325971364974976,0.7875410914421082,0.08624585717916489,0.10420280694961548,0.26381534337997437,0.21534740924835205,0.09913110733032227,0.10293436795473099,0.324552059173584,0.33096593618392944,21.872936248779297,22.633716583251953,0.12130870670080185,0.3427122235298157,19.832746505737305,20.32168960571289,0.12670543789863586,0.3752009868621826,0.9137541651725769,0.8957971930503845,0.7361846566200256,0.784652590751648,0.9023115634918213,0.8971763253211975,0.6716587543487549,0.6790177226066589,,,,,,,,,,,,,,,,,,,,,,,,,,,,,,
39,0,0.1558210849761963,0.19642868638038635,12.321173667907715,11.145495414733887,22.45553207397461,23.14887809753418,0.8348468542098999,0.7939353585243225,0.08509404212236404,0.10163012146949768,0.257021427154541,0.21686694025993347,0.09553763270378113,0.1004786491394043,0.3119768500328064,0.3238917291164398,21.88361358642578,22.21756935119629,0.12003330886363983,0.3419438302516937,19.681983947753906,20.225149154663086,0.12484091520309448,0.37634721398353577,0.9149059653282166,0.8983699083328247,0.742978572845459,0.7831330299377441,0.905852735042572,0.8996294140815735,0.6843807697296143,0.6858785152435303,,,,,,,,,,,,,,,,,,,,,,,,,,,,,,
40,0,0.1533048152923584,0.19337666034698486,12.20085620880127,10.884051322937012,22.3604736328125,22.709617614746094,0.8374859690666199,0.7963523268699646,0.08379924297332764,0.10164784640073776,0.25345978140830994,0.21114927530288696,0.09286162257194519,0.09529422968626022,0.3191269040107727,0.3145238161087036,21.539342880249023,22.157005310058594,0.11886359751224518,0.3392809331417084,19.26813507080078,19.690685272216797,0.1259153038263321,0.3662497401237488,0.9162007570266724,0.8983521461486816,0.7465401887893677,0.788850724697113,0.9084898233413696,0.9048082828521729,0.6771472096443176,0.6949638724327087,,,,,,,,,,,,,,,,,,,,,,,,,,,,,,
41,0,0.14879150688648224,0.1987859308719635,12.110543251037598,11.274014472961426,22.111677169799805,23.348102569580078,0.842282772064209,0.79158616065979,0.0814293920993805,0.1001826673746109,0.24588143825531006,0.20337525010108948,0.09804641455411911,0.10089849680662155,0.314886212348938,0.32756441831588745,21.207782745361328,22.20442771911621,0.11716435104608536,0.33300068974494934,20.089391708374023,20.24710464477539,0.12319163233041763,0.37499767541885376,0.9185706377029419,0.8998173475265503,0.7541185617446899,0.7966247797012329,0.9033804535865784,0.8992100358009338,0.6814373731613159,0.6823166608810425,,,,,,,,,,,,,,,,,,,,,,,,,,,,,,
42,0,0.15065622329711914,0.201060488820076,12.10686206817627,10.928313255310059,22.102079391479492,22.84311294555664,0.8402320146560669,0.7885780930519104,0.08237233012914658,0.09855365753173828,0.250187486410141,0.2079583704471588,0.0945001170039177,0.09557903558015823,0.32567882537841797,0.3377951383590698,21.424907684326172,21.92489242553711,0.11768526583909988,0.3363364040851593,19.492172241210938,19.582714080810547,0.12633834779262543,0.37870481610298157,0.9176276922225952,0.9014463424682617,0.7498124837875366,0.7920416593551636,0.9068751335144043,0.9045237898826599,0.6705188155174255,0.6723945140838623,,,,,,,,,,,,,,,,,,,,,,,,,,,,,,
43,0,0.14668022096157074,0.19216671586036682,12.070343017578125,11.080613136291504,22.07331657409668,22.953632354736328,0.844535768032074,0.7980526089668274,0.08245702087879181,0.0978446751832962,0.24412214756011963,0.19743317365646362,0.09533679485321045,0.09663465619087219,0.3124319612979889,0.31059929728507996,21.33237075805664,21.899770736694336,0.11677927523851395,0.32829222083091736,19.60628318786621,20.074060440063477,0.12315773963928223,0.36103272438049316,0.9175429940223694,0.902155339717865,0.7558778524398804,0.8025668263435364,0.9060506820678711,0.9034692645072937,0.6839203238487244,0.6987700462341309,,,,,,,,,,,,,,,,,,,,,,,,,,,,,,
44,0,0.1441366821527481,0.1994294673204422,11.995932579040527,10.840688705444336,21.8409366607666,22.778392791748047,0.8470923900604248,0.7910451889038086,0.08075776696205139,0.09575311839580536,0.24212656915187836,0.19299325346946716,0.0923481434583664,0.09752210974693298,0.3097355365753174,0.3444359004497528,21.29549789428711,21.653472900390625,0.11585187166929245,0.3238788843154907,18.990903854370117,19.850906372070312,0.12247703224420547,0.37213191390037537,0.919242262840271,0.9042468667030334,0.7578734159469604,0.8070067167282104,0.9089958071708679,0.9025827646255493,0.6866482496261597,0.6659541130065918,,,,,,,,,,,,,,,,,,,,,,,,,,,,,,
45,0,0.14309215545654297,0.1905042976140976,11.913902282714844,10.47866439819336,21.764389038085938,22.247798919677734,0.848330020904541,0.7997275590896606,0.07952923327684402,0.09609156847000122,0.23747484385967255,0.19358429312705994,0.0900246724486351,0.09006913006305695,0.30822715163230896,0.32023727893829346,21.0510196685791,21.619373321533203,0.11465282738208771,0.3269321918487549,18.54279136657715,18.96088409423828,0.1229974702000618,0.3569517731666565,0.9204707741737366,0.9039084315299988,0.7625251412391663,0.8064156770706177,0.9112854599952698,0.9100277423858643,0.6881742477416992,0.6894227266311646,,,,,,,,,,,,,,,,,,,,,,,,,,,,,,
46,0,0.14147572219371796,0.19650012254714966,11.899575233459473,10.684755325317383,21.711349487304688,22.46986961364746,0.8501986861228943,0.7931990623474121,0.07878706604242325,0.09616371244192123,0.2321721315383911,0.19208243489265442,0.0899786651134491,0.0947217270731926,0.31909918785095215,0.33107703924179077,20.977142333984375,21.656757354736328,0.11380894482135773,0.322111040353775,18.771636962890625,19.49774742126465,0.1243557557463646,0.36601558327674866,0.9212129712104797,0.9038363099098206,0.7678278684616089,0.807917594909668,0.9113308191299438,0.905380129814148,0.6771752834320068,0.6789100170135498,,,,,,,,,,,,,,,,,,,,,,,,,,,,,,
47,0,0.13887640833854675,0.18822145462036133,11.82381534576416,10.325798034667969,21.632911682128906,22.163410186767578,0.8528597354888916,0.8022813200950623,0.07925435900688171,0.09389679878950119,0.23129260540008545,0.1841174215078354,0.08912690728902817,0.08971938490867615,0.3021398186683655,0.31732693314552307,21.02586555480957,21.300607681274414,0.1131230890750885,0.3190435469150543,18.353443145751953,18.5767879486084,0.12023325264453888,0.3612893521785736,0.9207456707954407,0.9061031937599182,0.7687073945999146,0.8158825635910034,0.9121701717376709,0.9103771448135376,0.6943325996398926,0.6922453045845032,,,,,,,,,,,,,,,,,,,,,,,,,,,,,,
48,0,0.13441380858421326,0.1897241771221161,11.603543281555176,10.411471366882324,21.19301414489746,22.107820510864258,0.8577221632003784,0.800240695476532,0.0756252110004425,0.09078295528888702,0.22046321630477905,0.18223999440670013,0.08767729997634888,0.09081099927425385,0.3101981282234192,0.31768590211868286,20.603816986083984,20.937877655029297,0.1102377399802208,0.3161202073097229,18.346792221069336,18.931110382080078,0.12341281026601791,0.3556348979473114,0.9243748188018799,0.9092170596122742,0.779536783695221,0.8177599906921387,0.9135986566543579,0.9092866778373718,0.6861802339553833,0.6918971538543701,,,,,,,,,,,,,,,,,,,,,,,,,,,,,,
49,0,0.13274657726287842,0.1894800364971161,11.644122123718262,10.539788246154785,21.23651695251465,22.396669387817383,0.8592630624771118,0.8010909557342529,0.07512538135051727,0.09239031374454498,0.22216355800628662,0.17326869070529938,0.08976850658655167,0.09353120625019073,0.3016968369483948,0.31812015175819397,20.52406883239746,21.20222282409668,0.11059905588626862,0.3086984157562256,18.597286224365234,19.13700294494629,0.12105201184749603,0.3608482778072357,0.9248746633529663,0.9076097011566162,0.7778364419937134,0.8267313241958618,0.9115378856658936,0.9065693616867065,0.6947807669639587,0.6914759874343872,,,,,,,,,,,,,,,,,,,,,,,,,,,,,,
50,0,0.13304172456264496,0.18967843055725098,11.531744956970215,10.467156410217285,21.08768653869629,22.29768180847168,0.8590741157531738,0.8005310893058777,0.07465097308158875,0.09022427350282669,0.21982520818710327,0.1790030151605606,0.08862236887216568,0.0932505875825882,0.30669891834259033,0.31666526198387146,20.350622177124023,20.961400985717773,0.11048798263072968,0.3115660846233368,18.276634216308594,19.240591049194336,0.12060905247926712,0.3566352427005768,0.9253490567207336,0.9097757339477539,0.7801747918128967,0.8209969997406006,0.9126673936843872,0.9068496823310852,0.6897202730178833,0.6928870677947998,,,,,,,,,,,,,,,,,,,,,,,,,,,,,,
51,0,0.12905550003051758,0.19093263149261475,11.429224014282227,10.418659210205078,20.892545700073242,22.24619483947754,0.8631446361541748,0.7993531227111816,0.07421766221523285,0.08713133633136749,0.21760988235473633,0.16846279799938202,0.08899510651826859,0.09161794930696487,0.30662062764167786,0.32290828227996826,20.297780990600586,20.62674903869629,0.10876526683568954,0.30358976125717163,18.4294376373291,18.859525680541992,0.1223745346069336,0.35633304715156555,0.9257823824882507,0.9128686785697937,0.7823901176452637,0.8315371870994568,0.9123000502586365,0.9084805846214294,0.6897995471954346,0.6868323087692261,,,,,,,,,,,,,,,,,,,,,,,,,,,,,,
52,0,0.12912669777870178,0.19046303629875183,11.420037269592285,10.568621635437012,20.830411911010742,22.45285987854004,0.8630711436271667,0.8000372648239136,0.07344898581504822,0.08711191266775131,0.21694837510585785,0.1702062487602234,0.09119386970996857,0.09250382333993912,0.3045222759246826,0.31912875175476074,20.24782371520996,20.649581909179688,0.10911685228347778,0.3040626645088196,18.835006713867188,18.97032928466797,0.12135620415210724,0.35374438762664795,0.9265510439872742,0.9128881096839905,0.783051609992981,0.8297937512397766,0.9101333022117615,0.9075956344604492,0.6919223070144653,0.690497875213623,,,,,,,,,,,,,,,,,,,,,,,,,,,,,,
53,0,0.12755733728408813,0.18790650367736816,11.355447769165039,10.474346160888672,20.684465408325195,22.251232147216797,0.8647343516349792,0.8027383089065552,0.07178104668855667,0.0868719294667244,0.21362455189228058,0.16878508031368256,0.08792978525161743,0.09335976839065552,0.2983645796775818,0.316847026348114,20.112524032592773,20.557106018066406,0.10808728635311127,0.30335336923599243,18.354076385498047,19.17871856689453,0.12068170309066772,0.35309645533561707,0.9282189607620239,0.9131280779838562,0.7863754630088806,0.8312149047851562,0.9133498668670654,0.906740665435791,0.6981519460678101,0.6927107572555542,,,,,,,,,,,,,,,,,,,,,,,,,,,,,,
54,0,0.12620645761489868,0.1935359537601471,11.322504997253418,10.412351608276367,20.6640625,22.271230697631836,0.8663456439971924,0.7962763905525208,0.07196536660194397,0.08620543032884598,0.20903882384300232,0.16740809381008148,0.08808326721191406,0.09353303164243698,0.3145196735858917,0.32631227374076843,20.02488899230957,20.532737731933594,0.10725994408130646,0.30282261967658997,18.233537673950195,19.07724380493164,0.12278272956609726,0.35122933983802795,0.9280346632003784,0.9137945771217346,0.7909611463546753,0.8325918912887573,0.9131985902786255,0.9065675735473633,0.6818082332611084,0.6835310459136963,,,,,,,,,,,,,,,,,,,,,,,,,,,,,,
55,0,0.1266069859266281,0.1891298145055771,11.381543159484863,10.376757621765137,20.7237606048584,22.199600219726562,0.8661743998527527,0.8014472126960754,0.07121744751930237,0.0884740799665451,0.20430375635623932,0.17130711674690247,0.08846873044967651,0.0914713442325592,0.3007097542285919,0.32112324237823486,20.047954559326172,20.740327835083008,0.10570970922708511,0.30336180329322815,18.354366302490234,18.78484535217285,0.1191377267241478,0.3570391535758972,0.92878258228302,0.9115259051322937,0.7956962585449219,0.8286929130554199,0.9128187894821167,0.9086270332336426,0.6957793831825256,0.6885635256767273,,,,,,,,,,,,,,,,,,,,,,,,,,,,,,
56,0,0.1239890530705452,0.19238191843032837,11.246808052062988,10.623432159423828,20.547767639160156,22.49129295349121,0.8685333728790283,0.798223614692688,0.07070684432983398,0.08592400699853897,0.2082519382238388,0.16098341345787048,0.09275856614112854,0.09089533239603043,0.30521824955940247,0.32595008611679077,19.8631591796875,20.43297576904297,0.10682039707899094,0.2965649664402008,19.041017532348633,18.93441390991211,0.12152812629938126,0.35852324962615967,0.929293155670166,0.9140759706497192,0.791748046875,0.8390165567398071,0.9085913896560669,0.9092024564743042,0.6912182569503784,0.6838822364807129,,,,,,,,,,,,,,,,,,,,,,,,,,,,,,
57,0,0.12141834944486618,0.18407049775123596,11.168295860290527,10.12999439239502,20.344738006591797,21.837961196899414,0.8715361952781677,0.8062937259674072,0.06993169337511063,0.08329842984676361,0.19960889220237732,0.1610163003206253,0.08556555211544037,0.0885838195681572,0.2996808588504791,0.3081313967704773,19.850261688232422,20.14026641845703,0.10492682456970215,0.29417502880096436,17.912288665771484,18.34231185913086,0.11822987347841263,0.34967041015625,0.93006831407547,0.9167015552520752,0.8003910779953003,0.8389837145805359,0.9156796932220459,0.9115114808082581,0.6968203186988831,0.7011634707450867,,,,,,,,,,,,,,,,,,,,,,,,,,,,,,
58,0,0.12054509669542313,0.18555167317390442,11.132837295532227,10.059758186340332,20.301494598388672,21.791025161743164,0.8721722364425659,0.8051336407661438,0.06941469013690948,0.08328010886907578,0.20331338047981262,0.15530310571193695,0.08555682003498077,0.08765017241239548,0.2954638600349426,0.3182854652404785,19.712970733642578,20.16545295715332,0.10529803484678268,0.2929054796695709,17.70022964477539,18.32147979736328,0.11824644356966019,0.34707194566726685,0.9305853247642517,0.916719913482666,0.7966866493225098,0.8446968793869019,0.9156882762908936,0.9124441146850586,0.7010865211486816,0.6913156509399414,,,,,,,,,,,,,,,,,,,,,,,,,,,,,,
59,0,0.11908257007598877,0.19202454388141632,11.15301513671875,10.30580997467041,20.30720329284668,22.1184139251709,0.8738809823989868,0.7988876104354858,0.06892458349466324,0.08413198590278625,0.19836799800395966,0.15305159986019135,0.088203065097332,0.09021584689617157,0.29683980345726013,0.3372800648212433,19.722013473510742,20.238550186157227,0.10458128899335861,0.28968095779418945,18.33190155029297,18.531879425048828,0.11753174662590027,0.3544936180114746,0.9310754537582397,0.9158680438995361,0.8016319870948792,0.8469483852386475,0.9130805730819702,0.9098811745643616,0.6996945142745972,0.6728941202163696,,,,,,,,,,,,,,,,,,,,,,,,,,,,,,
60,0,0.11764506995677948,0.18449284136295319,11.028111457824707,10.088789939880371,20.107933044433594,21.821529388427734,0.8753621578216553,0.8059806823730469,0.06831594556570053,0.0813673809170723,0.19689717888832092,0.15197084844112396,0.08591856807470322,0.08770965039730072,0.29854345321655273,0.31115102767944336,19.633058547973633,19.853086471557617,0.10394938290119171,0.28614863753318787,17.863201141357422,18.246902465820312,0.11656531691551208,0.3411000967025757,0.9316840767860413,0.9186326265335083,0.8031027913093567,0.8480291366577148,0.9153318405151367,0.9123846888542175,0.697970986366272,0.6982349157333374,,,,,,,,,,,,,,,,,,,,,,,,,,,,,,
61,0,0.11562500894069672,0.1943775862455368,10.941424369812012,10.045988082885742,19.921632766723633,21.77602195739746,0.8772946000099182,0.7951980829238892,0.06663879752159119,0.08050120621919632,0.19677171111106873,0.14691002666950226,0.08570462465286255,0.08711782842874527,0.3177275061607361,0.3364378809928894,19.426116943359375,19.760883331298828,0.10332707315683365,0.28318771719932556,17.712783813476562,18.245025634765625,0.12357201427221298,0.3489324450492859,0.9333612322807312,0.9194988012313843,0.8032282590866089,0.8530899882316589,0.9155426621437073,0.9129758477210999,0.6785629391670227,0.673710823059082,,,,,,,,,,,,,,,,,,,,,,,,,,,,,,
62,0,0.11682631820440292,0.18995006382465363,11.006529808044434,10.026805877685547,20.071640014648438,21.55994415283203,0.8765153288841248,0.8006738424301147,0.06691461056470871,0.08282942324876785,0.18958905339241028,0.15460555255413055,0.08431093394756317,0.08493708074092865,0.29809296131134033,0.33799752593040466,19.423423767089844,20.02054786682129,0.1018398106098175,0.28670546412467957,17.81343650817871,18.05327606201172,0.11727035790681839,0.34645676612854004,0.9330853819847107,0.9171705842018127,0.8104109764099121,0.8453944325447083,0.9169160723686218,0.9151542782783508,0.6984267234802246,0.6721982359886169,,,,,,,,,,,,,,,,,,,,,,,,,,,,,,
63,0,0.11355295032262802,0.18721167743206024,10.93581771850586,10.237491607666016,19.91839027404785,21.987512588500977,0.8797702789306641,0.8038554191589355,0.06616120040416718,0.08116866648197174,0.1889803111553192,0.14460888504981995,0.08743459731340408,0.08873402327299118,0.29153773188591003,0.32462844252586365,19.35321617126465,19.83092498779297,0.10184749215841293,0.27969029545783997,18.12809181213379,18.52344512939453,0.11511054635047913,0.3390994966030121,0.9338388442993164,0.9188313484191895,0.8110196590423584,0.8553911447525024,0.9138378500938416,0.9113613963127136,0.7050585150718689,0.6851640939712524,,,,,,,,,,,,,,,,,,,,,,,,,,,,,,
64,0,0.11238133162260056,0.1834365725517273,10.86197566986084,9.93425464630127,19.85189437866211,21.618322372436523,0.8809685707092285,0.8067358732223511,0.06636961549520493,0.07964056730270386,0.18859617412090302,0.14151930809020996,0.08376606553792953,0.08694335073232651,0.30125144124031067,0.30818769335746765,19.252349853515625,19.661666870117188,0.10125355422496796,0.27721676230430603,17.38412094116211,18.216114044189453,0.11829695850610733,0.33420330286026,0.9336304068565369,0.9203594326972961,0.8114038109779358,0.85848069190979,0.9174529910087585,0.9131501317024231,0.6952313780784607,0.7011088728904724,,,,,,,,,,,,,,,,,,,,,,,,,,,,,,
65,0,0.11016648262739182,0.1875862330198288,10.717615127563477,10.228628158569336,19.52155876159668,21.968448638916016,0.8834729194641113,0.8023369312286377,0.06454598158597946,0.07645333558320999,0.1815568506717682,0.14355239272117615,0.08678308874368668,0.08935052156448364,0.30927953124046326,0.31241095066070557,19.064306259155273,19.312849044799805,0.09976685047149658,0.27956506609916687,18.151796340942383,18.452529907226562,0.1176353320479393,0.34370747208595276,0.9354540109634399,0.9235466718673706,0.8184431791305542,0.8564475774765015,0.9144798517227173,0.9107455611228943,0.6871095895767212,0.6970130205154419,,,,,,,,,,,,,,,,,,,,,,,,,,,,,,
66,0,0.11029911041259766,0.18908050656318665,10.759861946105957,10.231853485107422,19.564542770385742,21.821304321289062,0.8833933472633362,0.8013234734535217,0.0646282210946083,0.07709804177284241,0.18069882690906525,0.14400143921375275,0.08596179634332657,0.087635837495327,0.3020285665988922,0.32675543427467346,19.097368240356445,19.441972732543945,0.09946954995393753,0.2788274884223938,18.174400329589844,18.436767578125,0.11841142922639847,0.344290167093277,0.9353718161582947,0.92290198802948,0.819301187992096,0.8559985160827637,0.9152892231941223,0.9124584197998047,0.6944451332092285,0.6831011772155762,,,,,,,,,,,,,,,,,,,,,,,,,,,,,,
67,0,0.11028434336185455,0.186654731631279,10.676539421081543,9.846904754638672,19.384319305419922,21.47417449951172,0.8830629587173462,0.8041690587997437,0.06275739520788193,0.07672623544931412,0.1851433515548706,0.143121138215065,0.08218160271644592,0.08650688081979752,0.29144224524497986,0.33106616139411926,18.847352981567383,19.411039352416992,0.10052911937236786,0.27848488092422485,17.21088218688965,18.07437515258789,0.11428189277648926,0.3399229347705841,0.9372426271438599,0.9232738018035889,0.8148566484451294,0.8568788766860962,0.9190143942832947,0.9135861396789551,0.7051551342010498,0.6789205074310303,,,,,,,,,,,,,,,,,,,,,,,,,,,,,,
68,0,0.10622171312570572,0.18249107897281647,10.603713035583496,9.686652183532715,19.20073699951172,21.195980072021484,0.8874322175979614,0.8084292411804199,0.06149285286664963,0.07540465891361237,0.17820145189762115,0.13517197966575623,0.0806729644536972,0.0833473950624466,0.28705430030822754,0.32285961508750916,18.80516815185547,19.17974090576172,0.09811089932918549,0.2729138135910034,17.03632926940918,17.64760971069336,0.1145353689789772,0.3370153307914734,0.9385071396827698,0.9245953559875488,0.82179856300354,0.8648279905319214,0.9205011129379272,0.9167422652244568,0.7095942497253418,0.6868795156478882,,,,,,,,,,,,,,,,,,,,,,,,,,,,,,
69,0,0.1080818846821785,0.19045981764793396,10.629611015319824,9.899005889892578,19.348276138305664,21.631065368652344,0.8854005336761475,0.7999573945999146,0.06269649416208267,0.07618030160665512,0.182514026761055,0.13700728118419647,0.08492044359445572,0.08541874587535858,0.3020235598087311,0.3357367515563965,18.875654220581055,19.195819854736328,0.09972582757472992,0.2737424969673157,17.518281936645508,17.904314041137695,0.11735329777002335,0.3424631655216217,0.9373035430908203,0.9238197207450867,0.8174859285354614,0.8629927039146423,0.9163154363632202,0.9146730899810791,0.6944502592086792,0.6743908524513245,,,,,,,,,,,,,,,,,,,,,,,,,,,,,,
70,0,0.106705442070961,0.1815142035484314,10.69279956817627,9.913471221923828,19.45773696899414,21.479549407958984,0.8872109055519104,0.8093554973602295,0.06335179507732391,0.07713065296411514,0.1752731204032898,0.13540083169937134,0.08528833836317062,0.08184260874986649,0.29101988673210144,0.3117629885673523,18.999526977539062,19.30183982849121,0.09742537885904312,0.27165651321411133,17.919004440307617,17.483604431152344,0.11613940447568893,0.33488139510154724,0.9366481900215149,0.9228693246841431,0.8247268795967102,0.8645991683006287,0.9159528613090515,0.9182454347610474,0.7055823802947998,0.6976413726806641,,,,,,,,,,,,,,,,,,,,,,,,,,,,,,
71,0,0.10553577542304993,0.18580926954746246,10.628355026245117,9.694696426391602,19.275325775146484,21.336891174316406,0.8882551193237305,0.804434061050415,0.06243152543902397,0.07529294490814209,0.17656859755516052,0.13268660008907318,0.08395559340715408,0.08106917142868042,0.30223169922828674,0.32251641154289246,18.871583938598633,19.20294761657715,0.09804034233093262,0.2678054869174957,17.267038345336914,17.397369384765625,0.11588934063911438,0.3379136025905609,0.9375684857368469,0.9247070550918579,0.8234313726425171,0.8673133850097656,0.9172662496566772,0.919018030166626,0.6942396759986877,0.687212347984314,,,,,,,,,,,,,,,,,,,,,,,,,,,,,,
72,0,0.10275048017501831,0.1810329556465149,10.519137382507324,9.90415096282959,19.02440643310547,21.514148712158203,0.8912197351455688,0.8100829124450684,0.06077292934060097,0.0734119564294815,0.17162318527698517,0.12931303679943085,0.08578915148973465,0.08175960183143616,0.2872623801231384,0.3122591972351074,18.6716251373291,19.012468338012695,0.09639091789722443,0.26596444845199585,17.827529907226562,17.56096839904785,0.11518287658691406,0.33217182755470276,0.9392271041870117,0.9265880584716797,0.828376829624176,0.870686948299408,0.9154593348503113,0.9183283448219299,0.7093837261199951,0.6971601843833923,,,,,,,,,,,,,,,,,,,,,,,,,,,,,,
73,0,0.10467736423015594,0.18696469068527222,10.46446704864502,9.955483436584473,19.036794662475586,21.6437931060791,0.8893432021141052,0.804212749004364,0.0611187182366848,0.07310083508491516,0.17117197811603546,0.13723568618297577,0.08546606451272964,0.0848352462053299,0.288681298494339,0.33215028047561646,18.5654296875,18.917705535888672,0.09635941684246063,0.2711862623691559,17.600414276123047,18.0263614654541,0.11463478952646255,0.3488289415836334,0.9388812780380249,0.9268991947174072,0.8288280367851257,0.862764298915863,0.9157777428627014,0.9152560234069824,0.7079482674598694,0.6778690814971924,,,,,,,,,,,,,,,,,,,,,,,,,,,,,,
74,0,0.09978077560663223,0.17905482649803162,10.440978050231934,9.58504581451416,18.97144317626953,21.220767974853516,0.894219160079956,0.8125202655792236,0.05956214293837547,0.0743325874209404,0.16978095471858978,0.11944770812988281,0.08376692235469818,0.07907912880182266,0.27779990434646606,0.3168930113315582,18.434934616088867,18.993183135986328,0.09603734314441681,0.25954052805900574,17.176273345947266,17.073305130004883,0.11322186142206192,0.33535346388816833,0.9404378533363342,0.925667405128479,0.830219030380249,0.8805522918701172,0.9174521565437317,0.92100590467453,0.718956708908081,0.6926661729812622,,,,,,,,,,,,,,,,,,,,,,,,,,,,,,
75,0,0.09898857772350311,0.18164187669754028,10.393428802490234,9.810318946838379,18.879478454589844,21.364076614379883,0.8953618407249451,0.8089807033538818,0.0598456934094429,0.07230595499277115,0.16369937360286713,0.12270157784223557,0.0818696841597557,0.08481251448392868,0.2920503318309784,0.3126486539840698,18.45017433166504,18.787288665771484,0.09444982558488846,0.2593281865119934,17.096214294433594,18.073461532592773,0.11487594246864319,0.3333057761192322,0.9401543140411377,0.9276940226554871,0.8363006114959717,0.8772984147071838,0.9193217754364014,0.9152786731719971,0.7045398950576782,0.6967824697494507,,,,,,,,,,,,,,,,,,,,,,,,,,,,,,
76,0,0.0990758091211319,0.18599683046340942,10.386821746826172,10.054656982421875,18.783750534057617,21.67803382873535,0.8951648473739624,0.8051143884658813,0.05849696695804596,0.07270438224077225,0.164432093501091,0.12370722740888596,0.08409877121448517,0.08762197941541672,0.2878529131412506,0.32781487703323364,18.374370574951172,18.85173988342285,0.09453523904085159,0.2597322165966034,17.616870880126953,18.4187068939209,0.113425612449646,0.3345891237258911,0.9415030479431152,0.9272956252098083,0.8355678915977478,0.8762927651405334,0.9171251058578491,0.9124722480773926,0.7087863683700562,0.682073712348938,,,,,,,,,,,,,,,,,,,,,,,,,,,,,,
77,0,0.09874749928712845,0.18150851130485535,10.30399227142334,9.475743293762207,18.668190002441406,21.08078384399414,0.8955351114273071,0.8089200258255005,0.057838376611471176,0.0717223510146141,0.16304320096969604,0.12525570392608643,0.08123548328876495,0.08023618161678314,0.29516252875328064,0.3150103986263275,18.240087509155273,18.683732986450195,0.09426410496234894,0.26024433970451355,16.684762954711914,17.228498458862305,0.11420896649360657,0.33926844596862793,0.9421616196632385,0.9282776713371277,0.836956799030304,0.8747442960739136,0.9199467301368713,0.9198501110076904,0.701391339302063,0.694491982460022,,,,,,,,,,,,,,,,,,,,,,,,,,,,,,
78,0,0.09841041266918182,0.18837589025497437,10.269197463989258,9.692489624023438,18.478408813476562,21.21685028076172,0.8957518339157104,0.8023927211761475,0.05713949352502823,0.06955459713935852,0.16450510919094086,0.12579345703125,0.08210504800081253,0.08155179768800735,0.2937696576118469,0.3411461412906647,18.23236846923828,18.553741455078125,0.09438779205083847,0.2611219584941864,17.215036392211914,17.44135856628418,0.11528167873620987,0.34875568747520447,0.9428605437278748,0.9304454326629639,0.835494875907898,0.87420654296875,0.9190898537635803,0.9185358881950378,0.7028005123138428,0.6691446304321289,,,,,,,,,,,,,,,,,,,,,,,,,,,,,,
79,0,0.09777943044900894,0.18460562825202942,10.2448091506958,9.706703186035156,18.52345085144043,21.448270797729492,0.8965851068496704,0.8066428899765015,0.05698763206601143,0.07054929435253143,0.16071660816669464,0.1254061758518219,0.08365418761968613,0.08373109251260757,0.2851293683052063,0.32881101965904236,18.12152862548828,18.5916805267334,0.09361138939857483,0.26016315817832947,17.1281795501709,17.614500045776367,0.11272663623094559,0.34016403555870056,0.9430123567581177,0.9294506907463074,0.8392834067344666,0.8745938539505005,0.917563259601593,0.9163589477539062,0.7115416526794434,0.6811076402664185,,,,,,,,,,,,,,,,,,,,,,,,,,,,,,
80,0,0.0955517515540123,0.18281258642673492,10.218118667602539,9.617948532104492,18.476490020751953,20.987215042114258,0.8992732167243958,0.8079620599746704,0.05788096785545349,0.0683952271938324,0.15312835574150085,0.12350254505872726,0.08073050528764725,0.07919333130121231,0.2900995910167694,0.32583004236221313,18.244651794433594,18.33830451965332,0.0918697640299797,0.260702908039093,17.253875732421875,17.11328125,0.11353985220193863,0.33254310488700867,0.9421190619468689,0.9316047430038452,0.8468716144561768,0.8764974474906921,0.9204443693161011,0.9208918213844299,0.7065134048461914,0.683998703956604,,,,,,,,,,,,,,,,,,,,,,,,,,,,,,
81,0,0.09495311230421066,0.18233002722263336,10.20628833770752,9.506081581115723,18.462785720825195,21.100811004638672,0.8996353149414062,0.8087977170944214,0.05667869746685028,0.06999215483665466,0.15622685849666595,0.11856108158826828,0.0823485478758812,0.07891376316547394,0.28551185131073,0.3258128762245178,18.09010887145996,18.48184585571289,0.09270475059747696,0.255370169878006,16.902698516845703,17.089780807495117,0.11338359117507935,0.3351645767688751,0.9433213472366333,0.930007815361023,0.8437731266021729,0.8814389109611511,0.9188498854637146,0.9211711287498474,0.7111546993255615,0.6840153336524963,,,,,,,,,,,,,,,,,,,,,,,,,,,,,,
82,0,0.09727556258440018,0.18587973713874817,10.257226943969727,9.587260246276855,18.592042922973633,21.28191375732422,0.8972781896591187,0.8046460151672363,0.05769952014088631,0.07063359022140503,0.15795452892780304,0.12459970265626907,0.08207635581493378,0.0828746110200882,0.2961505949497223,0.32803550362586975,18.192289352416992,18.557937622070312,0.09263325482606888,0.2589056193828583,16.953237533569336,17.346391677856445,0.11469591408967972,0.3411271870136261,0.9423004984855652,0.929366409778595,0.8420454859733582,0.8754003047943115,0.9191181063652039,0.9172145128250122,0.7003917694091797,0.6818597912788391,,,,,,,,,,,,,,,,,,,,,,,,,,,,,,
83,0,0.09306973218917847,0.1824965626001358,10.035144805908203,9.638422012329102,18.193099975585938,21.441102981567383,0.9013510942459106,0.8087124824523926,0.05555475503206253,0.06717222183942795,0.15802790224552155,0.11384081840515137,0.08430447429418564,0.08259133994579315,0.28531214594841003,0.320597767829895,17.82658576965332,18.123371124267578,0.09217769652605057,0.25095632672309875,17.278905868530273,17.176193237304688,0.11079418659210205,0.32336804270744324,0.9444452524185181,0.9328277707099915,0.8419721126556396,0.8861591815948486,0.9169224500656128,0.9174975156784058,0.7113567590713501,0.6890731453895569,,,,,,,,,,,,,,,,,,,,,,,,,,,,,,
84,0,0.09189055114984512,0.18369774520397186,10.142599105834961,10.031736373901367,18.312768936157227,21.71674346923828,0.9028971195220947,0.8076686859130859,0.05616170912981033,0.06825148314237595,0.1519566774368286,0.11204149574041367,0.08601830899715424,0.08544870465993881,0.28435632586479187,0.3212152123451233,18.037303924560547,18.299448013305664,0.09093079715967178,0.24949175119400024,17.893936157226562,17.98111915588379,0.11353423446416855,0.3434266746044159,0.9438382983207703,0.9317485094070435,0.8480433225631714,0.8879585266113281,0.9152335524559021,0.9146431684494019,0.7123237252235413,0.6884742975234985,,,,,,,,,,,,,,,,,,,,,,,,,,,,,,
85,0,0.09403481334447861,0.1887402981519699,10.157177925109863,9.560281753540039,18.3723201751709,21.349464416503906,0.9006428718566895,0.8013060092926025,0.05586091801524162,0.06970872730016708,0.15381291508674622,0.11804616451263428,0.08387292921543121,0.0814424604177475,0.3067390024662018,0.33041536808013916,17.959854125976562,18.447681427001953,0.0913909375667572,0.2520211637020111,17.006168365478516,17.17584991455078,0.11523784697055817,0.3388715982437134,0.9441391229629517,0.9302912950515747,0.8461870551109314,0.8819538354873657,0.9173476696014404,0.9186451435089111,0.689679741859436,0.6795517206192017,,,,,,,,,,,,,,,,,,,,,,,,,,,,,,
86,0,0.08545893430709839,0.17857713997364044,9.742186546325684,9.348503112792969,17.678041458129883,21.019983291625977,0.9099408984184265,0.8126521110534668,0.052772726863622665,0.06293777376413345,0.13739298284053802,0.10713297128677368,0.08116811513900757,0.07915815711021423,0.281068354845047,0.31549862027168274,17.415735244750977,17.464725494384766,0.08675789833068848,0.2435181736946106,16.453962326049805,17.016712188720703,0.11000076681375504,0.32550013065338135,0.9472272992134094,0.9370622038841248,0.8626070022583008,0.8928670287132263,0.9200131297111511,0.9209269881248474,0.7156500816345215,0.6940184831619263,,,,,,,,,,,,,,,,,,,,,,,,,,,,,,
87,0,0.07997765392065048,0.1800840049982071,9.56368350982666,9.109048843383789,17.23381996154785,20.61141586303711,0.9156259894371033,0.8112329244613647,0.049924567341804504,0.06016399338841438,0.1307179182767868,0.09668947011232376,0.07898765057325363,0.07465490698814392,0.27938607335090637,0.3299611806869507,17.065357208251953,17.187519073486328,0.08457200229167938,0.2343364804983139,16.198265075683594,16.365102767944336,0.1102505549788475,0.3289310932159424,0.9500754475593567,0.9398360252380371,0.869282066822052,0.9033105373382568,0.922161877155304,0.9254254102706909,0.717352032661438,0.6799921989440918,,,,,,,,,,,,,,,,,,,,,,,,,,,,,,
88,0,0.07852023839950562,0.17842400074005127,9.471785545349121,9.093036651611328,17.113605499267578,20.675291061401367,0.9172970056533813,0.8131863474845886,0.04901563376188278,0.05965416878461838,0.12595736980438232,0.09618484228849411,0.07947522401809692,0.07512366771697998,0.27419641613960266,0.32633957266807556,16.813753128051758,17.128053665161133,0.08306179195642471,0.23233464360237122,16.125986099243164,16.394302368164062,0.10778703540563583,0.32543739676475525,0.9509843587875366,0.940345823764801,0.8740426301956177,0.9038151502609253,0.9216814041137695,0.9249571561813354,0.7226022481918335,0.683504581451416,,,,,,,,,,,,,,,,,,,,,,,,,,,,,,
89,0,0.07612434029579163,0.18003228306770325,9.432801246643066,9.003680229187012,17.05333709716797,20.543167114257812,0.9198682308197021,0.8110131025314331,0.04867381975054741,0.05923142284154892,0.12233805656433105,0.09028396755456924,0.07798698544502258,0.07489652186632156,0.2828769087791443,0.327994167804718,16.773006439208984,17.025522232055664,0.08196814358234406,0.22975775599479675,15.918648719787598,16.28371238708496,0.10959053784608841,0.32887229323387146,0.9513261914253235,0.9407685995101929,0.877661943435669,0.909716010093689,0.923147976398468,0.9251840114593506,0.7138204574584961,0.681899905204773,,,,,,,,,,,,,,,,,,,,,,,,,,,,,,
90,0,0.07453314960002899,0.17809118330478668,9.325654983520508,9.033028602600098,16.862468719482422,20.4880428314209,0.9214083552360535,0.8132137060165405,0.04803938418626785,0.05723050981760025,0.12253434211015701,0.08656236529350281,0.0774599015712738,0.07466297596693039,0.27740752696990967,0.32539913058280945,16.67462730407715,16.72132110595703,0.0823252946138382,0.22611887753009796,16.045228958129883,16.256319046020508,0.10819784551858902,0.3210079073905945,0.9519606232643127,0.942769467830658,0.8774656653404236,0.9134376049041748,0.9236673712730408,0.9254173040390015,0.7193536758422852,0.684416651725769,,,,,,,,,,,,,,,,,,,,,,,,,,,,,,
91,0,0.07291047275066376,0.17816732823848724,9.269655227661133,8.998785972595215,16.74974250793457,20.625547409057617,0.9231420159339905,0.813219428062439,0.047335486859083176,0.056565139442682266,0.11978219449520111,0.08374897390604019,0.07897697389125824,0.07494144886732101,0.2772558331489563,0.3237057328224182,16.55706214904785,16.643537521362305,0.08124036341905594,0.2235591560602188,15.959670066833496,16.22004508972168,0.10729125887155533,0.32487791776657104,0.9526644945144653,0.9434348344802856,0.8802177906036377,0.916251003742218,0.9221723675727844,0.9251391291618347,0.7195071578025818,0.6860589385032654,,,,,,,,,,,,,,,,,,,,,,,,,,,,,,
92,0,0.07394348084926605,0.17837198078632355,9.307489395141602,9.01101303100586,16.80801010131836,20.67633056640625,0.9218935966491699,0.8130283355712891,0.047489386051893234,0.05722704157233238,0.12385443598031998,0.08385483175516129,0.07941333949565887,0.07523907721042633,0.27743521332740784,0.32355666160583496,16.63943862915039,16.695131301879883,0.08255647867918015,0.22224099934101105,15.944060325622559,16.29214096069336,0.10770728439092636,0.320413202047348,0.9525106549263,0.9427729845046997,0.876145601272583,0.9161451458930969,0.9217423796653748,0.9248418211936951,0.7193256616592407,0.6862034797668457,,,,,,,,,,,,,,,,,,,,,,,,,,,,,,
93,0,0.07420390844345093,0.17841869592666626,9.365280151367188,8.888726234436035,16.869342803955078,20.4156436920166,0.9218482375144958,0.8129208087921143,0.04754870384931564,0.05808277055621147,0.12009136378765106,0.08688417822122574,0.07833784818649292,0.07194630801677704,0.27803394198417664,0.3278599679470062,16.66189956665039,16.89690399169922,0.08125299960374832,0.22417716681957245,15.952129364013672,15.789313316345215,0.10833987593650818,0.3232510983943939,0.9524512887001038,0.9419172406196594,0.8799086213111877,0.9131157994270325,0.922802209854126,0.928131103515625,0.7187199592590332,0.6820300221443176,,,,,,,,,,,,,,,,,,,,,,,,,,,,,,
94,0,0.07257257401943207,0.17847897112369537,9.190351486206055,9.055682182312012,16.542871475219727,20.57067108154297,0.9234634041786194,0.8123985528945923,0.046035390347242355,0.05538566783070564,0.11884646862745285,0.08587893098592758,0.07837661355733871,0.07482119649648666,0.28504446148872375,0.3197003901004791,16.4471435546875,16.46068000793457,0.08104079961776733,0.22357088327407837,16.030019760131836,16.36677360534668,0.10856170952320099,0.3194696009159088,0.9539645910263062,0.9446143507957458,0.8811535239219666,0.9141210913658142,0.922764003276825,0.9252592921257019,0.7116276025772095,0.6899434328079224,,,,,,,,,,,,,,,,,,,,,,,,,,,,,,
95,0,0.07244749367237091,0.1774519383907318,9.214132308959961,8.908639907836914,16.56001091003418,20.376873016357422,0.9236240386962891,0.813668966293335,0.04602678865194321,0.05565878748893738,0.11819720268249512,0.08562114834785461,0.07680994272232056,0.07356520742177963,0.27964654564857483,0.3229769468307495,16.438146591186523,16.56598472595215,0.08047344535589218,0.22405633330345154,15.821870803833008,16.03025245666504,0.10794338583946228,0.32074210047721863,0.9539732336997986,0.9443411827087402,0.8818027973175049,0.9143788814544678,0.9243078827857971,0.9265139102935791,0.717088520526886,0.686765730381012,,,,,,,,,,,,,,,,,,,,,,,,,,,,,,
96,0,0.07337351143360138,0.17691448330879211,9.260709762573242,9.064027786254883,16.679643630981445,20.594032287597656,0.9228408932685852,0.8146954774856567,0.04680103063583374,0.05630305036902428,0.11642707884311676,0.08910541236400604,0.07784680277109146,0.07607882469892502,0.27208420634269714,0.3229891359806061,16.516098022460938,16.657316207885742,0.07993952929973602,0.22451195120811462,15.987053871154785,16.45142936706543,0.10705037415027618,0.32165294885635376,0.9531989693641663,0.9436969757080078,0.8835729360580444,0.9108945727348328,0.9232860803604126,0.924003005027771,0.7247391939163208,0.6867538690567017,,,,,,,,,,,,,,,,,,,,,,,,,,,,,,
97,0,0.07300767302513123,0.17646342515945435,9.193085670471191,8.952754020690918,16.53126335144043,20.56291389465332,0.9230436682701111,0.8151600956916809,0.04624376446008682,0.05489257350564003,0.11878721415996552,0.08790156245231628,0.07875073701143265,0.07409872859716415,0.27257201075553894,0.32168519496917725,16.467798233032227,16.447763442993164,0.07994495332241058,0.22335807979106903,15.961724281311035,16.04026985168457,0.10613152384757996,0.3187623918056488,0.9537562131881714,0.9451074004173279,0.8812127709388733,0.9120984077453613,0.9223953485488892,0.9259809851646423,0.7242456674575806,0.6880185604095459,,,,,,,,,,,,,,,,,,,,,,,,,,,,,,
98,0,0.07063794136047363,0.17806251347064972,9.176133155822754,8.89801025390625,16.5368709564209,20.565942764282227,0.9255303740501404,0.8135605454444885,0.04587959125638008,0.05553262680768967,0.11620353907346725,0.08026264607906342,0.07860898971557617,0.0743730217218399,0.2732551097869873,0.3274315297603607,16.3978328704834,16.46953773498535,0.07953983545303345,0.21866731345653534,15.784924507141113,16.033069610595703,0.10674186795949936,0.3212198317050934,0.954120397567749,0.9444673657417297,0.8837964534759521,0.9197373390197754,0.9225350022315979,0.9257069826126099,0.7235546112060547,0.6824455261230469,,,,,,,,,,,,,,,,,,,,,,,,,,,,,,
99,0,0.0701640248298645,0.1779237687587738,9.136388778686523,8.926051139831543,16.473968505859375,20.553295135498047,0.9260106086730957,0.8134742975234985,0.04542621970176697,0.055270642042160034,0.11563797295093536,0.07962266355752945,0.07777059823274612,0.07542181015014648,0.27598389983177185,0.324712336063385,16.292783737182617,16.438308715820312,0.08003192394971848,0.21789102256298065,15.754424095153809,16.183610916137695,0.10757636278867722,0.3193891942501068,0.9545738101005554,0.9447293281555176,0.8843620419502258,0.9203773140907288,0.9233611822128296,0.9246593117713928,0.7207939624786377,0.6850826740264893,,,,,,,,,,,,,,,,,,,,,,,,,,,,,,
100,0,0.07051186263561249,0.1788080334663391,9.143369674682617,8.921256065368652,16.477609634399414,20.5291748046875,0.9257735013961792,0.8128793239593506,0.04522829130291939,0.0556260384619236,0.11350484937429428,0.08254683017730713,0.0788000077009201,0.07338123023509979,0.27288761734962463,0.331451952457428,16.280826568603516,16.480545043945312,0.07863403111696243,0.2188747376203537,15.917585372924805,15.964821815490723,0.10658448189496994,0.3213883936405182,0.9547716975212097,0.9443739652633667,0.8864951729774475,0.9174531698226929,0.9223467707633972,0.9266976714134216,0.7239263653755188,0.6785464286804199,,,,,,,,,,,,,,,,,,,,,,,,,,,,,,
101,0,0.06975556910037994,0.17920225858688354,9.062649726867676,8.837325096130371,16.30513572692871,20.45124626159668,0.9263057708740234,0.8115346431732178,0.04511230066418648,0.053212184458971024,0.1173241063952446,0.07912829518318176,0.07716544717550278,0.07442040741443634,0.2867819666862488,0.3230946660041809,16.22362518310547,16.228818893432617,0.07962999492883682,0.2177780419588089,15.550888061523438,16.07505226135254,0.10931698977947235,0.31875813007354736,0.9548876881599426,0.9467878341674805,0.8826758861541748,0.9208717346191406,0.9239575266838074,0.9256596565246582,0.7098698019981384,0.6866515874862671,,,,,,,,,,,,,,,,,,,,,,,,,,,,,,
102,0,0.06898430734872818,0.1777665615081787,9.017619132995605,8.80231761932373,16.228424072265625,20.449045181274414,0.9274215698242188,0.8138790130615234,0.04384520649909973,0.05399462208151817,0.10995407402515411,0.08251965045928955,0.0779586210846901,0.07315906882286072,0.2724129259586334,0.32890769839286804,16.041194915771484,16.27039909362793,0.07764104008674622,0.21818941831588745,15.636261940002441,15.830876350402832,0.1062902882695198,0.3213278651237488,0.9561548233032227,0.9460054039955139,0.8900459408760071,0.9174803495407104,0.9231759309768677,0.9269196391105652,0.7244065999984741,0.6810139417648315,,,,,,,,,,,,,,,,,,,,,,,,,,,,,,
103,0,0.06849323958158493,0.18347924947738647,9.013267517089844,8.821961402893066,16.271343231201172,20.489017486572266,0.9279098510742188,0.8077768087387085,0.043832872062921524,0.054652996361255646,0.10996591299772263,0.07990876585245132,0.0778554305434227,0.07407019287347794,0.281306654214859,0.34396466612815857,16.036664962768555,16.26009750366211,0.07780017703771591,0.21651749312877655,15.563526153564453,15.990846633911133,0.10784665495157242,0.3272063434123993,0.9561671018600464,0.945347011089325,0.8900340795516968,0.9200912117958069,0.9232776165008545,0.926009476184845,0.7154090404510498,0.6664111614227295,,,,,,,,,,,,,,,,,,,,,,,,,,,,,,
104,0,0.06795831024646759,0.1798303872346878,9.048072814941406,8.845809936523438,16.28768539428711,20.535762786865234,0.9285476207733154,0.8117188215255737,0.04515492171049118,0.052886962890625,0.10928710550069809,0.07848048210144043,0.07897510379552841,0.07323668897151947,0.2757475972175598,0.3332257866859436,16.24786949157715,16.146257400512695,0.07722317427396774,0.21509386599063873,15.722319602966309,15.901880264282227,0.1062149852514267,0.31991317868232727,0.9548450708389282,0.947113037109375,0.8907128572463989,0.9215195178985596,0.9221742153167725,0.9268420934677124,0.721032977104187,0.6768260598182678,,,,,,,,,,,,,,,,,,,,,,,,,,,,,,
105,0,0.06861323118209839,0.1804516464471817,9.029544830322266,8.83211612701416,16.319225311279297,20.54991340637207,0.9279223084449768,0.8109999895095825,0.04470662772655487,0.054039351642131805,0.10840342193841934,0.081161268055439,0.07830128818750381,0.07454037666320801,0.27693742513656616,0.3342913091182709,16.108112335205078,16.23805809020996,0.07698266953229904,0.2179495096206665,15.549309730529785,16.054443359375,0.10697011649608612,0.32226380705833435,0.9552933573722839,0.9459606409072876,0.8915965557098389,0.9188387393951416,0.9228382110595703,0.9255397915840149,0.719829261302948,0.6757926940917969,,,,,,,,,,,,,,,,,,,,,,,,,,,,,,
106,0,0.06770993024110794,0.17685739696025848,8.945815086364746,8.83703899383545,16.062911987304688,20.420522689819336,0.9286420941352844,0.8146461844444275,0.04309094324707985,0.05269305408000946,0.11012177914381027,0.07952597737312317,0.07715390622615814,0.0738583505153656,0.27350303530693054,0.32470378279685974,15.90526008605957,16.15178871154785,0.07776471972465515,0.21479664742946625,15.634900093078613,15.97791862487793,0.10608736425638199,0.31515973806381226,0.9569090604782104,0.9473069310188293,0.8898782134056091,0.9204740524291992,0.9239689111709595,0.9262210726737976,0.7233037948608398,0.6850910186767578,,,,,,,,,,,,,,,,,,,,,,,,,,,,,,
107,0,0.0691092386841774,0.1796174794435501,9.081097602844238,8.925670623779297,16.373350143432617,20.60855484008789,0.9272856116294861,0.8118749856948853,0.04490697383880615,0.05454564467072487,0.11114302277565002,0.08026190102100372,0.07837286591529846,0.07554513216018677,0.27579057216644287,0.33077117800712585,16.23508644104004,16.289928436279297,0.07799576967954636,0.21747905015945435,15.749834060668945,16.185653686523438,0.10693962126970291,0.3218967616558075,0.9550930261611938,0.9454543590545654,0.8888570070266724,0.9197381138801575,0.922767698764801,0.9245361089706421,0.720989465713501,0.6792066097259521,,,,,,,,,,,,,,,,,,,,,,,,,,,,,,
108,0,0.06908325105905533,0.1779293715953827,8.986035346984863,8.845202445983887,16.189308166503906,20.510141372680664,0.9273485541343689,0.8134015798568726,0.04341774806380272,0.05406327173113823,0.10910643637180328,0.08401843160390854,0.07796790450811386,0.07430063933134079,0.2773417830467224,0.3245502710342407,15.938712120056152,16.266870498657227,0.0771685242652893,0.21982090175151825,15.65638256072998,15.98177433013916,0.10688775777816772,0.3172319829463959,0.956582248210907,0.9459367394447327,0.8908935785293579,0.9159815907478333,0.9231667518615723,0.9257792830467224,0.7194201946258545,0.6852399110794067,,,,,,,,,,,,,,,,,,,,,,,,,,,,,,
109,0,0.06474439799785614,0.17547067999839783,8.801844596862793,8.656049728393555,15.820087432861328,20.394384384155273,0.9318139553070068,0.8163455128669739,0.04213226959109306,0.05060413107275963,0.10532239824533463,0.07468544691801071,0.0782545953989029,0.07167461514472961,0.26894891262054443,0.32357630133628845,15.743945121765137,15.778602600097656,0.07561416178941727,0.21142274141311646,15.369487762451172,15.577025413513184,0.10561501979827881,0.3143722414970398,0.9578677415847778,0.9493958950042725,0.8946776390075684,0.9253145456314087,0.9228842258453369,0.9284024834632874,0.7279110550880432,0.6861844658851624,,,,,,,,,,,,,,,,,,,,,,,,,,,,,,
110,0,0.06334744393825531,0.17398805916309357,8.734034538269043,8.67120361328125,15.697413444519043,20.513263702392578,0.9333572387695312,0.817909300327301,0.04136387258768082,0.050001099705696106,0.10189641267061234,0.07330979406833649,0.07859435677528381,0.07339849323034286,0.2669422924518585,0.3170991539955139,15.645478248596191,15.630450248718262,0.07512890547513962,0.20885184407234192,15.367504119873047,15.642542839050293,0.10491295903921127,0.31250160932540894,0.9586361646652222,0.9499989151954651,0.8981035947799683,0.9266902208328247,0.9225494265556335,0.9266804456710815,0.7299411296844482,0.6924661993980408,,,,,,,,,,,,,,,,,,,,,,,,,,,,,,
111,0,0.060958072543144226,0.17435817420482635,8.688615798950195,8.631932258605957,15.57569694519043,20.337661743164062,0.9360384941101074,0.8174395561218262,0.04083315283060074,0.049064550548791885,0.09601360559463501,0.06993471086025238,0.07752834260463715,0.07172474265098572,0.26812082529067993,0.320614218711853,15.547891616821289,15.570650100708008,0.07317148894071579,0.20701488852500916,15.381505012512207,15.468951225280762,0.10464520007371902,0.3120298385620117,0.9591668248176575,0.950935423374176,0.903986394405365,0.9300652742385864,0.9235999584197998,0.928352415561676,0.7287487983703613,0.6890571713447571,,,,,,,,,,,,,,,,,,,,,,,,,,,,,,
112,0,0.06153475120663643,0.1764218956232071,8.639846801757812,8.659309387207031,15.524930953979492,20.280071258544922,0.9351838827133179,0.8149731159210205,0.0407106839120388,0.04852740466594696,0.10090383142232895,0.06912257522344589,0.07637991011142731,0.07240910828113556,0.2746039628982544,0.32448625564575195,15.483711242675781,15.45429515838623,0.074285589158535,0.20585595071315765,15.283660888671875,15.695722579956055,0.1056370735168457,0.3130611479282379,0.9592893123626709,0.9514725804328918,0.8990961909294128,0.9308774471282959,0.9247316718101501,0.9276687502861023,0.7221900224685669,0.6853018999099731,,,,,,,,,,,,,,,,,,,,,,,,,,,,,,
113,0,0.060873840004205704,0.17381112277507782,8.619735717773438,8.599493980407715,15.526063919067383,20.18062973022461,0.936025083065033,0.817611038684845,0.040775228291749954,0.048445459455251694,0.09769322723150253,0.06898575276136398,0.07636100798845291,0.07058225572109222,0.27305933833122253,0.3171185553073883,15.465733528137207,15.39698600769043,0.07346561551094055,0.2054869830608368,15.309160232543945,15.429339408874512,0.10578262805938721,0.30882197618484497,0.9592247605323792,0.951554536819458,0.9023067951202393,0.9310142397880554,0.9247502684593201,0.9294936656951904,0.7237526178359985,0.6924474239349365,,,,,,,,,,,,,,,,,,,,,,,,,,,,,,
114,0,0.05890539661049843,0.17534354329109192,8.566186904907227,8.578838348388672,15.35765552520752,20.225048065185547,0.9380795955657959,0.8160155415534973,0.03956884890794754,0.04789717122912407,0.09490246325731277,0.06531320512294769,0.07660747319459915,0.07103123515844345,0.27496862411499023,0.32099440693855286,15.293794631958008,15.395711898803711,0.07276090979576111,0.2012680321931839,15.218860626220703,15.45589828491211,0.10521870106458664,0.3097790777683258,0.9604311585426331,0.9521028399467468,0.9050975441932678,0.9346867799758911,0.9245073795318604,0.9290451407432556,0.7218210697174072,0.6886885166168213,,,,,,,,,,,,,,,,,,,,,,,,,,,,,,
115,0,0.05890052020549774,0.17470702528953552,8.589670181274414,8.588719367980957,15.466585159301758,20.19529914855957,0.9381686449050903,0.8169733881950378,0.03953555226325989,0.049486417323350906,0.09338459372520447,0.06491906195878983,0.07643076777458191,0.07074736803770065,0.269456684589386,0.32326534390449524,15.288471221923828,15.495342254638672,0.07178165763616562,0.20214219391345978,15.26061725616455,15.442708969116211,0.10453658550977707,0.31229469180107117,0.9604644775390625,0.9505136013031006,0.9066154360771179,0.9350809454917908,0.924681544303894,0.9293287396430969,0.7273973226547241,0.6864860653877258,,,,,,,,,,,,,,,,,,,,,,,,,,,,,,
116,0,0.058450449258089066,0.17487630248069763,8.603711128234863,8.558382987976074,15.448958396911621,20.175500869750977,0.9385412335395813,0.8167604207992554,0.03999750688672066,0.0485348142683506,0.09515179693698883,0.06215093657374382,0.07628985494375229,0.0705949142575264,0.27014923095703125,0.32372161746025085,15.406441688537598,15.410409927368164,0.07276137918233871,0.2002224177122116,15.196385383605957,15.402152061462402,0.10487933456897736,0.3092123866081238,0.9600024819374084,0.9514651894569397,0.9048482179641724,0.9378490447998047,0.9248204231262207,0.929481029510498,0.7266967296600342,0.6860435009002686,,,,,,,,,,,,,,,,,,,,,,,,,,,,,,
117,0,0.058764759451150894,0.17593525350093842,8.58116626739502,8.579071044921875,15.441021919250488,20.158206939697266,0.9383194446563721,0.815678060054779,0.039851896464824677,0.04864342883229256,0.09338708221912384,0.06483978778123856,0.07550839334726334,0.07147307693958282,0.27036094665527344,0.32785433530807495,15.33927059173584,15.401469230651855,0.07211578637361526,0.20085148513317108,15.20530891418457,15.4718599319458,0.10489647090435028,0.3114680349826813,0.9601480960845947,0.9513565897941589,0.9066129326820374,0.935160219669342,0.9255905151367188,0.9286037683486938,0.7264825105667114,0.6820354461669922,,,,,,,,,,,,,,,,,,,,,,,,,,,,,,
118,0,0.05860445648431778,0.17809082567691803,8.595273971557617,8.582011222839355,15.465933799743652,20.292823791503906,0.9385281801223755,0.8133511543273926,0.04057445377111435,0.04789770767092705,0.09316655248403549,0.06424853950738907,0.07691415399312973,0.07182580977678299,0.27518731355667114,0.33062508702278137,15.430420875549316,15.346966743469238,0.07190670073032379,0.20194806158542633,15.172379493713379,15.520437240600586,0.10539819300174713,0.3143009841442108,0.9594255685806274,0.9521023035049438,0.9068334698677063,0.9357514381408691,0.9242051839828491,0.9282514452934265,0.721599817276001,0.679348349571228,,,,,,,,,,,,,,,,,,,,,,,,,,,,,,
119,0,0.05835450068116188,0.1762399524450302,8.541848182678223,8.57201862335205,15.334294319152832,20.321325302124023,0.9386091232299805,0.8153461217880249,0.03941526636481285,0.047802530229091644,0.09510429203510284,0.06324159353971481,0.07743562012910843,0.07155980914831161,0.27238643169403076,0.325063019990921,15.259197235107422,15.341973304748535,0.0725797563791275,0.20001603662967682,15.21690845489502,15.428735733032227,0.1047903448343277,0.3123331367969513,0.9605847597122192,0.9521974921226501,0.9048957228660583,0.9367583990097046,0.9236913323402405,0.9285171627998352,0.724433422088623,0.6847425699234009,,,,,,,,,,,,,,,,,,,,,,,,,,,,,,
120,0,0.058537449687719345,0.17792966961860657,8.55301284790039,8.560713768005371,15.3621187210083,20.218618392944336,0.938556432723999,0.8133680820465088,0.03955662250518799,0.04797861725091934,0.09292009472846985,0.06531903147697449,0.07652322202920914,0.07103908807039261,0.27719685435295105,0.3296666741371155,15.30976676940918,15.323278427124023,0.07178735733032227,0.20287959277629852,15.194820404052734,15.409951210021973,0.10527095943689346,0.31232917308807373,0.960443377494812,0.9520213603973389,0.9070799350738525,0.9346809387207031,0.9245904088020325,0.92903733253479,0.719566822052002,0.6802778244018555,,,,,,,,,,,,,,,,,,,,,,,,,,,,,,
121,0,0.05731787160038948,0.17472493648529053,8.480592727661133,8.517337799072266,15.275604248046875,20.07164764404297,0.9397757053375244,0.8168421983718872,0.03905342146754265,0.04752979055047035,0.09237198531627655,0.06194183975458145,0.07498124986886978,0.07067632675170898,0.27017971873283386,0.3245982527732849,15.143553733825684,15.238762855529785,0.07140208780765533,0.19976013898849487,15.025005340576172,15.446447372436523,0.10442295670509338,0.3092802166938782,0.9609465599060059,0.9524701833724976,0.9076279997825623,0.9380581378936768,0.9261099696159363,0.9293996691703796,0.7266658544540405,0.6851933002471924,,,,,,,,,,,,,,,,,,,,,,,,,,,,,,
122,0,0.05709120258688927,0.17801421880722046,8.509971618652344,8.567883491516113,15.253902435302734,20.130573272705078,0.9401338696479797,0.8132932782173157,0.03918430581688881,0.04702701047062874,0.09012171626091003,0.06313161551952362,0.07550660520792007,0.0709611028432846,0.2763313055038452,0.3319915533065796,15.2557954788208,15.222036361694336,0.07071240991353989,0.19878056645393372,15.129719734191895,15.51524829864502,0.10543561726808548,0.31475675106048584,0.9608157277107239,0.9529730081558228,0.9098782539367676,0.9368683695793152,0.9255922436714172,0.9291152358055115,0.7204424142837524,0.6780230402946472,,,,,,,,,,,,,,,,,,,,,,,,,,,,,,
123,0,0.057494305074214935,0.17763064801692963,8.487998008728027,8.496700286865234,15.224461555480957,20.08346939086914,0.939621090888977,0.8138631582260132,0.0390247218310833,0.04685838520526886,0.09196093678474426,0.0636715367436409,0.07566535472869873,0.06984248757362366,0.2734460234642029,0.33364152908325195,15.189007759094238,15.21313762664795,0.07135189324617386,0.20018818974494934,15.038558006286621,15.344429016113281,0.10482413321733475,0.3118542432785034,0.9609752893447876,0.9531416296958923,0.9080390930175781,0.9363284707069397,0.9254357814788818,0.9302326440811157,0.7233614325523376,0.6764228343963623,,,,,,,,,,,,,,,,,,,,,,,,,,,,,,
124,0,0.05737077072262764,0.1769927442073822,8.451895713806152,8.478778839111328,15.15466022491455,20.120737075805664,0.9396230578422546,0.814204216003418,0.03792274743318558,0.0475623719394207,0.09312047809362411,0.0629022940993309,0.07578442245721817,0.07035227119922638,0.27784743905067444,0.3269977569580078,15.047750473022461,15.240700721740723,0.07211572676897049,0.19843734800815582,15.001945495605469,15.317076683044434,0.1054120883345604,0.31149858236312866,0.962077260017395,0.9524376392364502,0.9068795442581177,0.9370977282524109,0.9253184795379639,0.9297233819961548,0.7189086675643921,0.6828662157058716,,,,,,,,,,,,,,,,,,,,,,,,,,,,,,
125,0,0.0569160096347332,0.17419596016407013,8.419660568237305,8.429325103759766,15.067492485046387,19.998985290527344,0.9402052164077759,0.8174605965614319,0.038285888731479645,0.04580295458436012,0.09112570434808731,0.06396451592445374,0.07475956529378891,0.06967292726039886,0.2684546113014221,0.32510611414909363,15.128868103027344,15.014506340026855,0.07092158496379852,0.1998601108789444,14.899491310119629,15.246349334716797,0.10354074835777283,0.3102339506149292,0.9617141485214233,0.9541970491409302,0.9088742733001709,0.9360355138778687,0.9263284206390381,0.9304019808769226,0.728411078453064,0.6847007870674133,,,,,,,,,,,,,,,,,,,,,,,,,,,,,,
126,0,0.05476197227835655,0.17597633600234985,8.406667709350586,8.453193664550781,15.074841499328613,20.0340576171875,0.9425750970840454,0.8155745267868042,0.03794214874505997,0.04642808809876442,0.08680836111307144,0.0585210956633091,0.07472823560237885,0.07036833465099335,0.2709251046180725,0.32962334156036377,15.014866828918457,15.105072975158691,0.06940336525440216,0.19594892859458923,14.88949966430664,15.35256290435791,0.10404853522777557,0.3113425076007843,0.9620578289031982,0.9535719156265259,0.9131916165351868,0.9414789080619812,0.9263592958450317,0.9297073483467102,0.7259117364883423,0.6803197860717773,,,,,,,,,,,,,,,,,,,,,,,,,,,,,,
127,0,0.054567601531744,0.17595630884170532,8.372721672058105,8.440791130065918,15.040606498718262,20.008607864379883,0.9428377747535706,0.8156057596206665,0.0378078892827034,0.04615970328450203,0.08544768393039703,0.05923375114798546,0.07500305026769638,0.06947554647922516,0.27105793356895447,0.3299962878227234,14.928068161010742,15.073939323425293,0.0694001242518425,0.19655847549438477,14.95921516418457,15.218427658081055,0.10424700379371643,0.3108990788459778,0.9621921181678772,0.9538403153419495,0.9145523309707642,0.9407662749290466,0.9260884523391724,0.9305991530418396,0.7257773876190186,0.6799581050872803,,,,,,,,,,,,,,,,,,,,,,,,,,,,,,
128,0,0.054488327354192734,0.174277663230896,8.318520545959473,8.425214767456055,14.900693893432617,19.97795295715332,0.9427553415298462,0.8173912763595581,0.03711028769612312,0.04530090093612671,0.08768148720264435,0.05888593941926956,0.07472383975982666,0.06933958828449249,0.2683160603046417,0.32591626048088074,14.888084411621094,14.907249450683594,0.06972404569387436,0.19565017521381378,14.906533241271973,15.2222261428833,0.10355380922555923,0.3093263506889343,0.9628897309303284,0.9546990990638733,0.9123185276985168,0.941114068031311,0.9263636469841003,0.9307349920272827,0.7285512685775757,0.6839150786399841,,,,,,,,,,,,,,,,,,,,,,,,,,,,,,
129,0,0.05450723320245743,0.17470374703407288,8.34255599975586,8.42746639251709,14.956399917602539,19.95759391784668,0.9427834749221802,0.8169306516647339,0.0369199775159359,0.04635237529873848,0.08667917549610138,0.058914799243211746,0.07459964603185654,0.06915485113859177,0.2690107226371765,0.3274078071117401,14.812588691711426,15.094115257263184,0.06912395358085632,0.19560003280639648,14.899742126464844,15.238595962524414,0.10358377546072006,0.31020355224609375,0.9630800485610962,0.9536476135253906,0.9133208394050598,0.9410852193832397,0.9264860153198242,0.9309195280075073,0.7278485298156738,0.6824685335159302,,,,,,,,,,,,,,,,,,,,,,,,,,,,,,
130,0,0.05438357591629028,0.17295095324516296,8.332938194274902,8.371356010437012,14.912466049194336,19.970745086669922,0.9430780410766602,0.8184823989868164,0.037367843091487885,0.045069728046655655,0.08401276916265488,0.06123752146959305,0.07491008192300797,0.06892179697751999,0.2715638279914856,0.318269282579422,14.951547622680664,14.888081550598145,0.06859140843153,0.19666561484336853,14.803176879882812,15.135147094726562,0.10377970337867737,0.306232750415802,0.9626321792602539,0.9549302458763123,0.9159872531890869,0.9387624859809875,0.9261801242828369,0.93115234375,0.725265622138977,0.6913313865661621,,,,,,,,,,,,,,,,,,,,,,,,,,,,,,
131,1,0.0535842701792717,0.17293202877044678,8.307169914245605,8.398308753967285,14.926305770874023,19.980777740478516,0.9438279867172241,0.8186306953430176,0.03801151365041733,0.044281043112277985,0.08542358130216599,0.056972142308950424,0.07487668842077255,0.06915789097547531,0.2694495916366577,0.31965380907058716,14.990372657775879,14.741748809814453,0.0687335655093193,0.19375808537006378,14.820737838745117,15.222695350646973,0.10341352224349976,0.3055541217327118,0.9619885087013245,0.9557189345359802,0.9145764112472534,0.9430278539657593,0.9262130260467529,0.9309164881706238,0.7274045348167419,0.6899886131286621,,,,,,,,,,,,,,,,,,,,,,,,,,,,,,
132,0,0.05228068679571152,0.17293886840343475,8.284774780273438,8.3985013961792,14.861834526062012,19.934894561767578,0.9451419115066528,0.8186049461364746,0.03734424710273743,0.044416289776563644,0.08453404158353806,0.0531376376748085,0.0744388997554779,0.06898511201143265,0.26944515109062195,0.3203873634338379,14.86434268951416,14.808151245117188,0.06852629035711288,0.19008177518844604,14.875887870788574,15.155797958374023,0.10348831862211227,0.3061097264289856,0.962655782699585,0.9555836915969849,0.9154659509658813,0.9468623399734497,0.9266444444656372,0.9310891032218933,0.7274090051651001,0.689277172088623,,,,,,,,,,,,,,,,,,,,,,,,,,,,,,
133,0,0.05358445271849632,0.17476008832454681,8.260031700134277,8.407662391662598,14.817451477050781,19.971342086791992,0.9437981247901917,0.8165978193283081,0.03683871775865555,0.0445803739130497,0.08487756550312042,0.05851075053215027,0.0745854526758194,0.06943061947822571,0.2733728587627411,0.3239605128765106,14.767523765563965,14.821638107299805,0.068263478577137,0.19491906464099884,14.877389907836914,15.187779426574707,0.10459139198064804,0.3081091046333313,0.963161289691925,0.9554196000099182,0.9151224493980408,0.9414892196655273,0.9265000224113464,0.9306440353393555,0.7234354615211487,0.6858118176460266,,,,,,,,,,,,,,,,,,,,,,,,,,,,,,
134,0,0.05328670144081116,0.17548736929893494,8.255118370056152,8.353788375854492,14.792462348937988,19.8986759185791,0.9441126585006714,0.8158412575721741,0.036731235682964325,0.044404856860637665,0.08445625007152557,0.05795694887638092,0.07410275191068649,0.06883441656827927,0.27392178773880005,0.3276129364967346,14.76730728149414,14.802380561828613,0.06865642964839935,0.1946093738079071,14.779962539672852,15.090739250183105,0.10446479171514511,0.3079732060432434,0.9632687568664551,0.9555951356887817,0.9155437350273132,0.9420430660247803,0.926975667476654,0.9312396049499512,0.7228801250457764,0.6822695732116699,,,,,,,,,,,,,,,,,,,,,,,,,,,,,,
135,0,0.052353840321302414,0.1752009242773056,8.252598762512207,8.33349609375,14.7562837600708,19.86480140686035,0.945035457611084,0.8161611557006836,0.036925990134477615,0.043619513511657715,0.08474239706993103,0.054570384323596954,0.0737045630812645,0.06882457435131073,0.2729467749595642,0.32772523164749146,14.815921783447266,14.737857818603516,0.06870336085557938,0.19059355556964874,14.733750343322754,15.06627368927002,0.10371556133031845,0.30795639753341675,0.9630740284919739,0.9563804864883423,0.9152576327323914,0.9454296231269836,0.9273680448532104,0.9312494397163391,0.7238664627075195,0.6821606755256653,,,,,,,,,,,,,,,,,,,,,,,,,,,,,,
136,0,0.05287225544452667,0.17512623965740204,8.263033866882324,8.364286422729492,14.885765075683594,19.91526222229004,0.9445595145225525,0.8163619041442871,0.037299539893865585,0.04481009021401405,0.08437486737966537,0.055277369916439056,0.07425861805677414,0.06889966875314713,0.2713182866573334,0.32795560359954834,14.795342445373535,14.80300521850586,0.06849918514490128,0.19183531403541565,14.844439506530762,15.054656982421875,0.10368376970291138,0.3083138167858124,0.9627004861831665,0.9551898837089539,0.9156251549720764,0.9447226524353027,0.9268220663070679,0.9311744570732117,0.7255140542984009,0.6819372773170471,,,,,,,,,,,,,,,,,,,,,,,,,,,,,,
137,0,0.05349110811948776,0.17452053725719452,8.246650695800781,8.35166072845459,14.751092910766602,19.922527313232422,0.9438464641571045,0.8171325325965881,0.03640168905258179,0.04434577748179436,0.08527202159166336,0.05859477072954178,0.07442469149827957,0.0687781348824501,0.2685379385948181,0.3276340663433075,14.716961860656738,14.829900741577148,0.06895974278450012,0.19374850392341614,14.806845664978027,15.050298690795898,0.10339478403329849,0.30805161595344543,0.9635983109474182,0.9556542038917542,0.9147279858589172,0.9414052367210388,0.9266583919525146,0.9312958121299744,0.7283267974853516,0.6822490692138672,,,,,,,,,,,,,,,,,,,,,,,,,,,,,,
138,0,0.053211912512779236,0.17649255692958832,8.27657413482666,8.349818229675293,14.836450576782227,19.913660049438477,0.9442628622055054,0.8148506283760071,0.037275273352861404,0.04417489096522331,0.0836009755730629,0.057897426187992096,0.07402969896793365,0.06922140717506409,0.27410009503364563,0.33118829131126404,14.871363639831543,14.762825965881348,0.06820239871740341,0.19462811946868896,14.746918678283691,15.114066123962402,0.10433024913072586,0.3090244233608246,0.9627247452735901,0.9558250904083252,0.9163990020751953,0.9421025514602661,0.9270476698875427,0.9308530688285828,0.722699761390686,0.6788020730018616,,,,,,,,,,,,,,,,,,,,,,,,,,,,,,
139,0,0.0519498810172081,0.17600059509277344,8.256776809692383,8.30639362335205,14.736029624938965,19.863649368286133,0.9454925060272217,0.8156910538673401,0.0364459790289402,0.04407571628689766,0.08332919329404831,0.05417931079864502,0.07359054684638977,0.06897741556167603,0.26802971959114075,0.33475178480148315,14.775420188903809,14.802292823791504,0.06819599121809006,0.19187785685062408,14.658337593078613,15.04592514038086,0.1033378392457962,0.31175121665000916,0.9635540246963501,0.9559242725372314,0.9166707992553711,0.945820689201355,0.9274804592132568,0.9310967922210693,0.7288409471511841,0.6753461360931396,,,,,,,,,,,,,,,,,,,,,,,,,,,,,,
140,0,0.05214281007647514,0.17598746716976166,8.259178161621094,8.309393882751465,14.808577537536621,19.921504974365234,0.9453920125961304,0.8155946135520935,0.03709710016846657,0.04406772181391716,0.08228838443756104,0.05497885122895241,0.07496164739131927,0.06793338060379028,0.2709237039089203,0.33181309700012207,14.856131553649902,14.716742515563965,0.06810597330331802,0.1899545043706894,14.738177299499512,14.962376594543457,0.1033051535487175,0.3102755546569824,0.9629029035568237,0.9559322595596313,0.917711615562439,0.9450211524963379,0.9261292815208435,0.9321396946907043,0.7259131669998169,0.678196132183075,,,,,,,,,,,,,,,,,,,,,,,,,,,,,,
141,0,0.05160653963685036,0.17622578144073486,8.224153518676758,8.315337181091309,14.721885681152344,19.919029235839844,0.945892333984375,0.8152716159820557,0.03663967549800873,0.04359038546681404,0.08246806263923645,0.05373267084360123,0.07431702315807343,0.06887844949960709,0.27178069949150085,0.3319326937198639,14.756946563720703,14.69660472869873,0.06787607073783875,0.19035698473453522,14.682931900024414,15.054217338562012,0.10377912223339081,0.3090285360813141,0.9633603096008301,0.9564096331596375,0.9175319671630859,0.9462673664093018,0.9267644882202148,0.9311956167221069,0.7250462174415588,0.678080141544342,,,,,,,,,,,,,,,,,,,,,,,,,,,,,,
142,0,0.051990825682878494,0.17454208433628082,8.196487426757812,8.305542945861816,14.6909761428833,19.89725685119629,0.9454661011695862,0.8170844316482544,0.036225344985723495,0.04380350187420845,0.08286654204130173,0.0552404560148716,0.07403500378131866,0.06891242414712906,0.2686595320701599,0.3279632329940796,14.659327507019043,14.704566955566406,0.06792888790369034,0.1898144632577896,14.677111625671387,15.022672653198242,0.10321882367134094,0.3088739216327667,0.9637746810913086,0.9561964869499207,0.9171334505081177,0.9447595477104187,0.9270424246788025,0.9311617016792297,0.7282037734985352,0.6819298267364502,,,,,,,,,,,,,,,,,,,,,,,,,,,,,,
143,0,0.05130821466445923,0.17429696023464203,8.214385986328125,8.295053482055664,14.713476181030273,19.860368728637695,0.9461302161216736,0.8173962831497192,0.03613166883587837,0.04424966871738434,0.08306700736284256,0.0520307794213295,0.07391989231109619,0.06841225922107697,0.2674538195133209,0.3285667896270752,14.662515640258789,14.772709846496582,0.0683201253414154,0.18867027759552002,14.670564651489258,14.988550186157227,0.10329174250364304,0.3088915944099426,0.9638683199882507,0.9557503461837769,0.916933000087738,0.9479691982269287,0.9271558523178101,0.9316613078117371,0.7294235825538635,0.6813445091247559,,,,,,,,,,,,,,,,,,,,,,,,,,,,,,
144,0,0.05111156031489372,0.17493928968906403,8.142905235290527,8.288249969482422,14.590805053710938,19.865264892578125,0.9464069604873657,0.8166390657424927,0.035993169993162155,0.042812712490558624,0.08147928863763809,0.054087042808532715,0.0740983635187149,0.068227618932724,0.26976048946380615,0.32929280400276184,14.62745475769043,14.530241966247559,0.06746609508991241,0.1898527443408966,14.664124488830566,14.969574928283691,0.10352236032485962,0.30827435851097107,0.9640068411827087,0.957187294960022,0.9185206890106201,0.9459129571914673,0.9269800186157227,0.9318457841873169,0.7270900011062622,0.6806403994560242,,,,,,,,,,,,,,,,,,,,,,,,,,,,,,
145,0,0.05122650787234306,0.17497409880161285,8.231819152832031,8.330326080322266,14.731083869934082,19.917804718017578,0.9463086724281311,0.8165892362594604,0.03623196482658386,0.044334616512060165,0.08142556250095367,0.052773281931877136,0.07479596138000488,0.06812060624361038,0.2705537676811218,0.32807210087776184,14.686081886291504,14.814874649047852,0.06730235368013382,0.1882365643978119,14.792364120483398,14.982356071472168,0.10333497822284698,0.30821266770362854,0.9637680649757385,0.9556654095649719,0.9185744524002075,0.9472267031669617,0.9262925386428833,0.9319526553153992,0.7262874841690063,0.6818243265151978,,,,,,,,,,,,,,,,,,,,,,,,,,,,,,
146,0,0.05043638125061989,0.17445982992649078,8.109058380126953,8.299760818481445,14.525711059570312,19.877546310424805,0.9471081495285034,0.8171226978302002,0.03590419888496399,0.042079806327819824,0.08087735623121262,0.05270607769489288,0.07423237711191177,0.06824730336666107,0.2695459723472595,0.32736504077911377,14.543924331665039,14.497089385986328,0.0673530176281929,0.1890304684638977,14.70522403717041,14.966961860656738,0.10338737070560455,0.3071258068084717,0.9640958309173584,0.9579201936721802,0.9191226363182068,0.9472939372062683,0.9268479347229004,0.931826114654541,0.7273069620132446,0.6825100183486938,,,,,,,,,,,,,,,,,,,,,,,,,,,,,,
147,0,0.05009814724326134,0.1747460514307022,8.12998104095459,8.29954719543457,14.570416450500488,19.881742477416992,0.9474954009056091,0.816635251045227,0.03578449785709381,0.042858052998781204,0.07987569272518158,0.05150015279650688,0.0740874707698822,0.06854727119207382,0.2727333903312683,0.3258890211582184,14.560593605041504,14.560333251953125,0.06686294823884964,0.18927907943725586,14.689190864562988,14.984817504882812,0.10374203324317932,0.3076282739639282,0.9642155170440674,0.9571419358253479,0.9201242923736572,0.948499858379364,0.9269907474517822,0.9315264225006104,0.724082350730896,0.6839414834976196,,,,,,,,,,,,,,,,,,,,,,,,,,,,,,
148,0,0.05121446028351784,0.1748773753643036,8.18316650390625,8.272296905517578,14.622767448425293,19.864559173583984,0.946323037147522,0.8167504668235779,0.035933781415224075,0.04333082213997841,0.08109785616397858,0.05434538424015045,0.07422588765621185,0.06801865249872208,0.2690669894218445,0.32964226603507996,14.614995956420898,14.706184387207031,0.06733155995607376,0.18903382122516632,14.656603813171387,14.9152193069458,0.10304594784975052,0.30827122926712036,0.964066207408905,0.9566691517829895,0.9189021587371826,0.9456546306610107,0.9268543124198914,0.9320545196533203,0.7277915477752686,0.6803014278411865,,,,,,,,,,,,,,,,,,,,,,,,,,,,,,
149,0,0.049868497997522354,0.17470835149288177,8.105694770812988,8.287271499633789,14.553324699401855,19.906715393066406,0.947757363319397,0.8169020414352417,0.0357261523604393,0.04271873086690903,0.07922687381505966,0.05129879340529442,0.07452630251646042,0.06833118945360184,0.26944249868392944,0.32799816131591797,14.530601501464844,14.501039505004883,0.06675351411104202,0.18819835782051086,14.672707557678223,14.956735610961914,0.10306913405656815,0.3071235120296478,0.9642738699913025,0.9572812914848328,0.9207731485366821,0.9487012028694153,0.926558256149292,0.9317423105239868,0.727411687374115,0.6818959712982178,,,,,,,,,,,,,,,,,,,,,,,,,,,,,,
150,0,0.05052781105041504,0.17579708993434906,8.147965431213379,8.275530815124512,14.597524642944336,19.90021324157715,0.947126030921936,0.81587815284729,0.03591561317443848,0.04302062839269638,0.07895026355981827,0.05360940098762512,0.07459432631731033,0.06810632348060608,0.2690523862838745,0.33279088139533997,14.598003387451172,14.587114334106445,0.06673543155193329,0.18907806277275085,14.642393112182617,14.942960739135742,0.10301048308610916,0.3107728660106659,0.9640843868255615,0.9569793939590454,0.9210497140884399,0.9463906288146973,0.9264912605285645,0.9319669008255005,0.7278063297271729,0.6772478818893433,,,,,,,,,,,,,,,,,,,,,,,,,,,,,,
151,0,0.05006452277302742,0.17561979591846466,8.162489891052246,8.284656524658203,14.65322208404541,19.90373420715332,0.9475544095039368,0.8159642219543457,0.03624536097049713,0.04326632246375084,0.07984769344329834,0.05042295157909393,0.07457740604877472,0.06819730997085571,0.27038267254829407,0.33097168803215027,14.673554420471191,14.555980682373047,0.06714929640293121,0.186741441488266,14.651859283447266,14.970039367675781,0.10353045910596848,0.30832865834236145,0.9637546539306641,0.9567337036132812,0.9201523065567017,0.9495770335197449,0.9265079498291016,0.9318760633468628,0.7264605760574341,0.6790121793746948,,,,,,,,,,,,,,,,,,,,,,,,,,,,,,
152,0,0.04997170343995094,0.17516931891441345,8.138469696044922,8.277766227722168,14.575250625610352,19.87596893310547,0.9476812481880188,0.8166396617889404,0.03580773249268532,0.04288724437355995,0.07882639020681381,0.051753584295511246,0.07445435225963593,0.06787630915641785,0.26653677225112915,0.33265307545661926,14.578126907348633,14.575113296508789,0.06656048446893692,0.1873752325773239,14.672618865966797,14.916502952575684,0.10296256840229034,0.3094775974750519,0.964192271232605,0.957112729549408,0.921173632144928,0.948246419429779,0.9266291856765747,0.9321966767311096,0.7303513288497925,0.6773815155029297,,,,,,,,,,,,,,,,,,,,,,,,,,,,,,
153,0,0.05000804737210274,0.17570950090885162,8.105823516845703,8.2651948928833,14.548704147338867,19.866628646850586,0.9476455450057983,0.8159617185592651,0.03561858460307121,0.042820461094379425,0.07864303141832352,0.05233573168516159,0.07433339208364487,0.06789078563451767,0.2689020037651062,0.3330899477005005,14.48585319519043,14.555399894714355,0.06648664176464081,0.18838287889957428,14.606931686401367,14.946857452392578,0.10316803306341171,0.3084859251976013,0.9643813967704773,0.9571795463562012,0.9213569760322571,0.9476642608642578,0.9267483949661255,0.932182252407074,0.7279585003852844,0.6769577860832214,,,,,,,,,,,,,,,,,,,,,,,,,,,,,,
154,0,0.04968385398387909,0.17527827620506287,8.083788871765137,8.266443252563477,14.457467079162598,19.88456153869629,0.9479031562805176,0.816405713558197,0.03464696183800697,0.0430852547287941,0.0789201557636261,0.05173501744866371,0.07458823174238205,0.06782849878072739,0.2686793804168701,0.33129626512527466,14.400885581970215,14.570178031921387,0.06658360362052917,0.18814711272716522,14.616833686828613,14.94056224822998,0.10327735543251038,0.30766069889068604,0.9653530716896057,0.9569147229194641,0.9210798740386963,0.9482649564743042,0.9264972805976868,0.9322444200515747,0.7281837463378906,0.6786973476409912,,,,,,,,,,,,,,,,,,,,,,,,,,,,,,
155,0,0.04928562045097351,0.17495080828666687,8.085075378417969,8.265424728393555,14.381754875183105,19.87428855895996,0.9483741521835327,0.8167989253997803,0.03513238951563835,0.041346658021211624,0.07801948487758636,0.05200488120317459,0.07462676614522934,0.06758081167936325,0.26753073930740356,0.3310886025428772,14.563836097717285,14.380181312561035,0.06609167903661728,0.18763042986392975,14.62635326385498,14.924836158752441,0.10292456299066544,0.3080127537250519,0.9648675918579102,0.9586533308029175,0.9219805002212524,0.947995126247406,0.9264593124389648,0.9324918985366821,0.7293457984924316,0.678898811340332,,,,,,,,,,,,,,,,,,,,,,,,,,,,,,
156,0,0.049602363258600235,0.17523516714572906,8.080583572387695,8.261759757995605,14.499709129333496,19.867462158203125,0.9481095671653748,0.8164004683494568,0.03537404164671898,0.04254017397761345,0.0773441344499588,0.052303388714790344,0.07444465160369873,0.0677354708313942,0.26932674646377563,0.33088430762290955,14.458922386169434,14.488536834716797,0.06619755178689957,0.187532439827919,14.627093315124512,14.909812927246094,0.10331164300441742,0.3071536123752594,0.9646259546279907,0.9574598073959351,0.9226558208465576,0.9476966261863708,0.9266387224197388,0.9323374032974243,0.7275288105010986,0.6790969371795654,,,,,,,,,,,,,,,,,,,,,,,,,,,,,,
157,0,0.04971178248524666,0.1750805526971817,8.154017448425293,8.274718284606934,14.584525108337402,19.899356842041016,0.9480193853378296,0.8165805339813232,0.03544480353593826,0.04356297478079796,0.0770842507481575,0.05183049291372299,0.07450004667043686,0.06823594868183136,0.2688218653202057,0.3300963044166565,14.560587882995605,14.659202575683594,0.06589922308921814,0.18669810891151428,14.623647689819336,14.966307640075684,0.10312972962856293,0.3068881034851074,0.9645552039146423,0.9564370512962341,0.9229157567024231,0.9481695294380188,0.9265841841697693,0.9318374395370483,0.7280396223068237,0.6798611879348755,,,,,,,,,,,,,,,,,,,,,,,,,,,,,,
158,0,0.04881773516535759,0.17511357367038727,8.048059463500977,8.256077766418457,14.379837036132812,19.86246109008789,0.9488241672515869,0.8165537714958191,0.03454173356294632,0.042219776660203934,0.07777160406112671,0.050170041620731354,0.0743250623345375,0.06782752275466919,0.2686614990234375,0.3309727609157562,14.347197532653809,14.495793342590332,0.06637681275606155,0.18524834513664246,14.622488975524902,14.8932466506958,0.10288848727941513,0.30690404772758484,0.9654582738876343,0.9577802419662476,0.9222283959388733,0.9498299360275269,0.9267566204071045,0.9322454333305359,0.7282018065452576,0.6790111064910889,,,,,,,,,,,,,,,,,,,,,,,,,,,,,,
159,0,0.049017470329999924,0.17555688321590424,8.085271835327148,8.263945579528809,14.503303527832031,19.876541137695312,0.9486565589904785,0.8161476850509644,0.0352763868868351,0.042736928910017014,0.07789326459169388,0.04946720600128174,0.07450470328330994,0.06780941784381866,0.26843592524528503,0.332719087600708,14.465095520019531,14.501667022705078,0.06610453128814697,0.18568307161331177,14.646442413330078,14.894804000854492,0.10297150909900665,0.307660847902298,0.9647236466407776,0.9572630524635315,0.9221067428588867,0.9505327939987183,0.9265795946121216,0.9322634935379028,0.7284300327301025,0.6773175001144409,,,,,,,,,,,,,,,,,,,,,,,,,,,,,,
160,0,0.04932837933301926,0.17457972466945648,8.09777545928955,8.250394821166992,14.476210594177246,19.865015029907227,0.9483034610748291,0.8171198964118958,0.03505875915288925,0.04270785301923752,0.07846727967262268,0.050551995635032654,0.07448042184114456,0.0676359310746193,0.26801830530166626,0.3293481171131134,14.460915565490723,14.555452346801758,0.06629020720720291,0.18648424744606018,14.624481201171875,14.868209838867188,0.10290113836526871,0.3067519962787628,0.9649412631988525,0.9572921395301819,0.9215326905250549,0.9494479894638062,0.9266034960746765,0.9324368238449097,0.7288525104522705,0.6805867552757263,,,,,,,,,,,,,,,,,,,,,,,,,,,,,,
161,0,0.049355410039424896,0.17519907653331757,8.086871147155762,8.27449893951416,14.469017028808594,19.906225204467773,0.948318600654602,0.8164070844650269,0.0352325476706028,0.04234808310866356,0.07787305116653442,0.05127201974391937,0.07464110106229782,0.06814544647932053,0.2698708772659302,0.3296675384044647,14.45596694946289,14.519270896911621,0.06602965295314789,0.1854725182056427,14.652790069580078,14.929726600646973,0.1032116711139679,0.30709031224250793,0.9647674560546875,0.9576519131660461,0.9221269488334656,0.9487279653549194,0.9264451861381531,0.9319278597831726,0.7269783020019531,0.6802769899368286,35774.0,35774.0,0.0,0.0,0.0,0.0,1.0,0.0,0.0,0.0,8944.0,8943.0,1.0,1.0,1.0,0.0,1.0,0.0,0.0,0.0,4968.0,4968.0,0.0,0.0,0.0,0.0,1.0,0.0,0.0,0.0
