epoch,is_best_epoch,train_loss,val_loss,train_mae,val_mae,train_rmse,val_rmse,train_r2,val_r2,train_abs_loss,train_emi_loss,train_plqy_loss,train_em_loss,val_abs_loss,val_emi_loss,val_plqy_loss,val_em_loss,train_abs_mae,train_emi_mae,train_plqy_mae,train_em_mae,val_abs_mae,val_emi_mae,val_plqy_mae,val_em_mae,train_abs_r2,train_emi_r2,train_plqy_r2,train_em_r2,val_abs_r2,val_emi_r2,val_plqy_r2,val_em_r2,train_total_rows_before,train_kept_rows,train_dropped_total_rows,train_solute_skipped_rows,train_solute_invalid_count,train_solute_missing_count,train_solvent_smiles_required,train_solvent_skipped_rows,train_solvent_invalid_count,train_solvent_missing_count,val_total_rows_before,val_kept_rows,val_dropped_total_rows,val_solute_skipped_rows,val_solute_invalid_count,val_solute_missing_count,val_solvent_smiles_required,val_solvent_skipped_rows,val_solvent_invalid_count,val_solvent_missing_count,test_total_rows_before,test_kept_rows,test_dropped_total_rows,test_solute_skipped_rows,test_solute_invalid_count,test_solute_missing_count,test_solvent_smiles_required,test_solvent_skipped_rows,test_solvent_invalid_count,test_solvent_missing_count
1,0,1.1339645385742188,0.533056914806366,40.743629455566406,23.73289680480957,72.79035949707031,43.1055908203125,-0.1629435420036316,0.43135935068130493,0.9057297706604004,1.0396668910980225,1.4408541917800903,1.2655234336853027,0.30803382396698,0.37592005729675293,0.875325083732605,0.6958762407302856,73.71231079101562,72.220458984375,0.30634236335754395,1.0063506364822388,41.39752197265625,43.39228820800781,0.2526269555091858,0.653130292892456,0.09427022933959961,-0.03966665267944336,-0.44085419178009033,-0.2655235528945923,0.6838386654853821,0.6209802627563477,0.12864476442337036,0.2919738292694092,,,,,,,,,,,,,,,,,,,,,,,,,,,,,,
2,0,0.5770161151885986,0.48536455631256104,25.6739444732666,21.644357681274414,45.486698150634766,38.77189254760742,0.39302515983581543,0.4782472252845764,0.3450157940387726,0.41930076479911804,0.899624228477478,0.7639585733413696,0.24361518025398254,0.3125177025794983,0.8340883255004883,0.6797006726264954,45.32401657104492,46.72505187988281,0.25285109877586365,0.7330925464630127,37.06938171386719,40.31342315673828,0.2475430965423584,0.6539714336395264,0.6549842357635498,0.5806993246078491,0.10037583112716675,0.23604130744934082,0.7499569654464722,0.6849054098129272,0.16969460248947144,0.30843180418014526,,,,,,,,,,,,,,,,,,,,,,,,,,,,,,
3,0,0.5135486125946045,0.4601409435272217,22.838634490966797,20.735843658447266,40.83073425292969,36.58292770385742,0.4560397267341614,0.5046229958534241,0.27424415946006775,0.34362319111824036,0.8379624485969543,0.7200111150741577,0.20322100818157196,0.29874226450920105,0.7741380929946899,0.6890615820884705,40.00673294067383,41.88400650024414,0.24289371073246002,0.6967178583145142,34.07481384277344,40.328224182128906,0.23597101867198944,0.6199728846549988,0.7257558107376099,0.656376838684082,0.16203755140304565,0.2799888253211975,0.7914170026779175,0.698794424533844,0.22937291860580444,0.29890745878219604,,,,,,,,,,,,,,,,,,,,,,,,,,,,,,
4,0,0.47716695070266724,0.4147700369358063,21.559673309326172,18.725618362426758,38.60689926147461,33.88824462890625,0.4941997528076172,0.5534386038780212,0.2463935911655426,0.30533909797668457,0.7781199216842651,0.6933483481407166,0.18486085534095764,0.24059994518756866,0.6933682560920715,0.6523102521896362,37.84868240356445,39.41068649291992,0.2315063178539276,0.6838908195495605,32.4193115234375,34.42860794067383,0.21889925003051758,0.5997747182846069,0.7536064386367798,0.6946609020233154,0.22188007831573486,0.30665159225463867,0.810261607170105,0.7574161291122437,0.3097763657569885,0.33630043268203735,,,,,,,,,,,,,,,,,,,,,,,,,,,,,,
5,0,0.44328516721725464,0.3747830390930176,20.592971801757812,17.60869789123535,37.02321243286133,31.966907501220703,0.5309879183769226,0.5961419939994812,0.22582650184631348,0.2819800078868866,0.704922616481781,0.6633191704750061,0.15719981491565704,0.2250482439994812,0.6242542266845703,0.5953624844551086,36.004825592041016,37.81217956542969,0.21774236857891083,0.665005087852478,29.338891983032227,33.68037414550781,0.20340371131896973,0.6172053217887878,0.7741734981536865,0.7180200815200806,0.2950773239135742,0.3366807699203491,0.8386524319648743,0.7730960845947266,0.37857699394226074,0.394242525100708,,,,,,,,,,,,,,,,,,,,,,,,,,,,,,
6,0,0.4163927137851715,0.35807326436042786,19.94390296936035,16.94985008239746,35.71464538574219,31.36048126220703,0.5595412254333496,0.6136438250541687,0.20942191779613495,0.2635112702846527,0.6580472588539124,0.630854606628418,0.15406101942062378,0.21243301033973694,0.6117929816246033,0.554415762424469,34.84063720703125,36.65120315551758,0.2074126899242401,0.6514242887496948,28.798860549926758,31.779401779174805,0.1979600489139557,0.5735849738121033,0.7905780673027039,0.7364887595176697,0.34195274114608765,0.36914533376693726,0.8418740630149841,0.7858153581619263,0.39098167419433594,0.43590420484542847,,,,,,,,,,,,,,,,,,,,,,,,,,,,,,
7,0,0.39289289712905884,0.34183773398399353,19.1039981842041,16.966442108154297,34.42584228515625,31.07493782043457,0.5837700366973877,0.6319265365600586,0.19490955770015717,0.2443266212940216,0.6296501755714417,0.5960332751274109,0.15169468522071838,0.20794467628002167,0.5738211870193481,0.5265255570411682,33.338165283203125,35.146907806396484,0.20224477350711823,0.6246670484542847,28.485017776489258,32.234615325927734,0.19178621470928192,0.558571457862854,0.8050904273986816,0.7556734085083008,0.3703497648239136,0.40396666526794434,0.8443028330802917,0.7903407216072083,0.42878127098083496,0.4642813205718994,,,,,,,,,,,,,,,,,,,,,,,,,,,,,,
8,0,0.3686869144439697,0.32215267419815063,18.437423706054688,15.727619171142578,33.24543380737305,29.04395866394043,0.6098503470420837,0.6523467302322388,0.1824297308921814,0.22684361040592194,0.5828812718391418,0.568444013595581,0.13292013108730316,0.18102972209453583,0.5422123074531555,0.5227824449539185,32.25124740600586,33.82529830932617,0.19286181032657623,0.6074586510658264,26.311870574951172,29.933467864990234,0.18215012550354004,0.5739891529083252,0.8175702095031738,0.7731564044952393,0.41711872816085815,0.43155598640441895,0.8635727763175964,0.8174775838851929,0.4602468013763428,0.4680898189544678,,,,,,,,,,,,,,,,,,,,,,,,,,,,,,
9,0,0.35210251808166504,0.32112306356430054,17.989648818969727,16.519338607788086,32.53520584106445,30.460290908813477,0.6271397471427917,0.6548956632614136,0.17522886395454407,0.21646960079669952,0.5621132850646973,0.537629246711731,0.1499062329530716,0.1935615837574005,0.5327272415161133,0.4924885034561157,31.493297576904297,32.977073669433594,0.18846635520458221,0.588578999042511,28.738149642944336,30.202770233154297,0.18098920583724976,0.5447640419006348,0.8247711062431335,0.7835304737091064,0.43788671493530273,0.46237069368362427,0.8461384773254395,0.8048424124717712,0.46968889236450195,0.4989126920700073,,,,,,,,,,,,,,,,,,,,,,,,,,,,,,
10,0,0.33768242597579956,0.29717716574668884,17.675912857055664,15.372092247009277,32.00074768066406,28.23189353942871,0.6425290107727051,0.6786112785339355,0.170625239610672,0.2077130675315857,0.5392930507659912,0.5122528672218323,0.12663181126117706,0.16949057579040527,0.5211092233657837,0.4579521417617798,31.04461669921875,32.28684616088867,0.18420925736427307,0.5723941922187805,26.06089973449707,28.902400970458984,0.17578530311584473,0.5092244744300842,0.8293747901916504,0.7922869920730591,0.4607069492340088,0.48774707317352295,0.8700270056724548,0.8291118741035461,0.4812541604042053,0.5340520143508911,,,,,,,,,,,,,,,,,,,,,,,,,,,,,,
11,0,0.3207859694957733,0.2866610288619995,17.159574508666992,14.960450172424316,31.064329147338867,27.699298858642578,0.6604929566383362,0.6910483241081238,0.16141830384731293,0.19475780427455902,0.5104389786720276,0.49141302704811096,0.1251939982175827,0.15820129215717316,0.481207937002182,0.46073395013809204,30.21637725830078,31.24883460998535,0.1783132255077362,0.5556914806365967,25.574480056762695,27.858543395996094,0.16983400285243988,0.5173463225364685,0.8385816812515259,0.8052422404289246,0.4895610213279724,0.5085868835449219,0.8715027570724487,0.8404942750930786,0.5209745168685913,0.5312216281890869,,,,,,,,,,,,,,,,,,,,,,,,,,,,,,
12,0,0.30681121349334717,0.27801713347435,16.740922927856445,14.191940307617188,30.337617874145508,26.6569766998291,0.6752281785011292,0.6997981071472168,0.15387113392353058,0.18587994575500488,0.4887206554412842,0.4706156551837921,0.11466268450021744,0.1484467089176178,0.469918817281723,0.4576704204082489,29.431591033935547,30.547897338867188,0.1729215830564499,0.5391448736190796,24.171140670776367,26.516691207885742,0.16565506160259247,0.5043271780014038,0.8461288809776306,0.8141200542449951,0.5112793445587158,0.5293843150138855,0.8823119401931763,0.8503292798995972,0.5322124361991882,0.5343387126922607,,,,,,,,,,,,,,,,,,,,,,,,,,,,,,
13,0,0.29673314094543457,0.2685162425041199,16.459983825683594,14.06276798248291,29.860246658325195,26.435813903808594,0.6854346990585327,0.7098926305770874,0.14856570959091187,0.18084971606731415,0.48048079013824463,0.4483649730682373,0.10901143401861191,0.1516418606042862,0.45749518275260925,0.4326748251914978,28.882165908813477,30.10845184326172,0.17084647715091705,0.5235713124275208,23.813793182373047,26.45586585998535,0.16265277564525604,0.4820595383644104,0.8514342904090881,0.8191503286361694,0.5195192098617554,0.5516349077224731,0.8881123065948486,0.8471077680587769,0.5445797443389893,0.5597707033157349,,,,,,,,,,,,,,,,,,,,,,,,,,,,,,
14,0,0.2822380065917969,0.2638867497444153,16.08361053466797,14.058318138122559,29.24187469482422,26.337495803833008,0.7014756202697754,0.7153846025466919,0.1426839828491211,0.17311649024486542,0.4464015066623688,0.43189579248428345,0.10894351452589035,0.14940190315246582,0.44091877341270447,0.4295899271965027,28.323251724243164,29.299726486206055,0.1640564203262329,0.5111290216445923,23.440288543701172,26.871082305908203,0.15806950628757477,0.494648814201355,0.8573160171508789,0.8268835544586182,0.5535985231399536,0.5681041479110718,0.8881819844245911,0.8493661880493164,0.5610809326171875,0.5629094839096069,,,,,,,,,,,,,,,,,,,,,,,,,,,,,,
15,0,0.2710059583187103,0.26250383257865906,15.879344940185547,13.879721641540527,28.887685775756836,26.294212341308594,0.7124089002609253,0.7169598340988159,0.13957342505455017,0.16845209896564484,0.4474032521247864,0.39493536949157715,0.11073727905750275,0.1456782966852188,0.4388810098171234,0.42727136611938477,28.030792236328125,28.863338470458984,0.16418999433517456,0.4858306050300598,23.600183486938477,26.01314926147461,0.15924005210399628,0.4607844650745392,0.8604265451431274,0.8315479159355164,0.5525967478752136,0.6050645112991333,0.8863409161567688,0.8531205058097839,0.5631095170974731,0.5652685165405273,,,,,,,,,,,,,,,,,,,,,,,,,,,,,,
16,0,0.2634316086769104,0.257534921169281,15.547586441040039,13.526976585388184,28.315101623535156,25.835554122924805,0.7206226587295532,0.7215321063995361,0.13369114696979523,0.1624610871076584,0.4301052987575531,0.39125195145606995,0.11144725233316422,0.13381893932819366,0.4493255019187927,0.410113126039505,27.406116485595703,28.299585342407227,0.16078945994377136,0.4836329519748688,23.434110641479492,24.82541275024414,0.15526773035526276,0.4637107849121094,0.866308867931366,0.8375389575958252,0.5698946714401245,0.6087480783462524,0.8856121897697449,0.8650776147842407,0.5527123212814331,0.5827263593673706,,,,,,,,,,,,,,,,,,,,,,,,,,,,,,
17,0,0.2557256817817688,0.24554532766342163,15.410380363464355,13.202592849731445,28.017467498779297,25.01784324645996,0.7289462089538574,0.7344135046005249,0.13225287199020386,0.15697263181209564,0.4170984625816345,0.3778912425041199,0.10086993128061295,0.1309409886598587,0.4245336353778839,0.397249698638916,27.268091201782227,27.932775497436523,0.1571667492389679,0.47239744663238525,22.54242706298828,24.622892379760742,0.15648438036441803,0.4452671408653259,0.8677471280097961,0.8430274128913879,0.5829015374183655,0.6221086978912354,0.8964685797691345,0.8679792881011963,0.5773917436599731,0.5958143472671509,,,,,,,,,,,,,,,,,,,,,,,,,,,,,,
18,0,0.2522300183773041,0.24530328810214996,15.222862243652344,13.12972640991211,27.838895797729492,24.729103088378906,0.7327539920806885,0.7350740432739258,0.13038234412670135,0.1552707999944687,0.40953323245048523,0.3737976551055908,0.09971528500318527,0.126188263297081,0.41274237632751465,0.412063866853714,26.88490104675293,27.652048110961914,0.15611271560192108,0.469053715467453,22.30045509338379,24.621646881103516,0.1532488614320755,0.4491115212440491,0.8696176409721375,0.8447292447090149,0.5904667377471924,0.6262023448944092,0.8976536989212036,0.8727712631225586,0.5891295671463013,0.5807415246963501,,,,,,,,,,,,,,,,,,,,,,,,,,,,,,
19,0,0.24063993990421295,0.23834457993507385,14.865961074829102,12.792049407958984,27.108657836914062,24.449321746826172,0.7446465492248535,0.7425771951675415,0.12350568175315857,0.14742650091648102,0.396726131439209,0.3537554442882538,0.09655294567346573,0.12473050504922867,0.4014293849468231,0.39826926589012146,26.216938018798828,27.054105758666992,0.1529683917760849,0.4529455304145813,21.485145568847656,24.242170333862305,0.14873746037483215,0.47102463245391846,0.876494288444519,0.8525735139846802,0.603273868560791,0.6462445259094238,0.9008995294570923,0.8742409944534302,0.6003912687301636,0.59477698802948,,,,,,,,,,,,,,,,,,,,,,,,,,,,,,
20,0,0.23639431595802307,0.2346709966659546,14.85391902923584,12.773150444030762,27.158653259277344,24.551883697509766,0.7498098611831665,0.7467474341392517,0.12357412278652191,0.14856934547424316,0.3801000416278839,0.3485167920589447,0.09819440543651581,0.12453505396842957,0.3949424624443054,0.3867589831352234,26.182353973388672,27.0545654296875,0.1488315463066101,0.44950446486473083,21.846345901489258,23.789377212524414,0.14665773510932922,0.42290031909942627,0.8764258623123169,0.8514306545257568,0.6198999881744385,0.6514831781387329,0.8992147445678711,0.8744380474090576,0.6068487167358398,0.6064882278442383,,,,,,,,,,,,,,,,,,,,,,,,,,,,,,
21,0,0.22802267968654633,0.22904790937900543,14.599550247192383,12.433229446411133,26.676759719848633,23.962007522583008,0.7581660747528076,0.7519710063934326,0.12000837177038193,0.14214204251766205,0.3762086033821106,0.32897672057151794,0.09431872516870499,0.11744106560945511,0.40153270959854126,0.37071481347084045,25.827198028564453,26.482736587524414,0.14857017993927002,0.4356781840324402,21.396516799926758,22.989398956298828,0.14689597487449646,0.420183002948761,0.8799915909767151,0.8578579425811768,0.6237913966178894,0.6710232496261597,0.9031926393508911,0.8815905451774597,0.6002883911132812,0.6228125095367432,,,,,,,,,,,,,,,,,,,,,,,,,,,,,,
22,0,0.22067715227603912,0.22762908041477203,14.304645538330078,12.764276504516602,26.093246459960938,24.33138656616211,0.765864372253418,0.7544165253639221,0.11383955180644989,0.13749490678310394,0.3636571168899536,0.3215509355068207,0.09960203617811203,0.11755607277154922,0.38602837920188904,0.37082639336586,25.250171661376953,26.01265525817871,0.1452287882566452,0.4292968809604645,22.146692276000977,23.397327423095703,0.14311304688453674,0.42819514870643616,0.8861604332923889,0.8625051379203796,0.6363428831100464,0.6784490346908569,0.8977699279785156,0.8814746141433716,0.6157224178314209,0.6226990222930908,,,,,,,,,,,,,,,,,,,,,,,,,,,,,,
23,0,0.21470247209072113,0.21872511506080627,14.1880521774292,11.916421890258789,25.975894927978516,23.237667083740234,0.7723186016082764,0.7631081342697144,0.11316156387329102,0.13573335111141205,0.3538723289966583,0.30795818567276,0.08831340819597244,0.11103134602308273,0.3819434344768524,0.35850638151168823,25.052671432495117,25.79640769958496,0.14311140775680542,0.42072317004203796,20.455453872680664,22.087312698364258,0.14223292469978333,0.409371018409729,0.886838436126709,0.8642666935920715,0.6461277008056641,0.6920417547225952,0.909356415271759,0.8880531191825867,0.6197888255119324,0.6352341175079346,,,,,,,,,,,,,,,,,,,,,,,,,,,,,,
24,0,0.2073746621608734,0.21587148308753967,13.95895767211914,11.90149974822998,25.63036346435547,23.14303207397461,0.7799428105354309,0.766077995300293,0.1109236627817154,0.13098780810832977,0.3458041250705719,0.29251307249069214,0.08813103288412094,0.10932515561580658,0.380785197019577,0.3498386740684509,24.762109756469727,25.24808120727539,0.14111870527267456,0.40743833780288696,20.29074478149414,22.230243682861328,0.14181159436702728,0.4025915861129761,0.889076292514801,0.8690122365951538,0.6541959047317505,0.7074868679046631,0.9095436334609985,0.8897733688354492,0.6209417581558228,0.6440531611442566,,,,,,,,,,,,,,,,,,,,,,,,,,,,,,
25,0,0.20634670555591583,0.21810422837734222,13.878911018371582,11.954296112060547,25.394411087036133,23.253698348999023,0.7810883522033691,0.7639962434768677,0.10889130085706711,0.128584623336792,0.34186968207359314,0.29630082845687866,0.08927777409553528,0.10991852730512619,0.37730661034584045,0.3596811890602112,24.536300659179688,25.201995849609375,0.14000721275806427,0.40816646814346313,20.690942764282227,21.967876434326172,0.1411537528038025,0.3997201919555664,0.8911086916923523,0.871415376663208,0.6581302881240845,0.7036991119384766,0.9083666205406189,0.8891751170158386,0.6244046092033386,0.6340388059616089,,,,,,,,,,,,,,,,,,,,,,,,,,,,,,
26,0,0.19828303158283234,0.21750889718532562,13.617924690246582,12.058342933654785,24.91446304321289,23.30851936340332,0.7897080183029175,0.7646144032478333,0.10474608093500137,0.12387508153915405,0.32746246457099915,0.2850843369960785,0.08841068297624588,0.11237460374832153,0.37678831815719604,0.3561992049217224,24.10717010498047,24.68866729736328,0.13732299208641052,0.40085646510124207,20.653303146362305,22.412813186645508,0.13999658823013306,0.4087470769882202,0.8952538967132568,0.876124918460846,0.6725375652313232,0.7149156332015991,0.9092565774917603,0.8866987824440002,0.6249205470085144,0.6375815868377686,,,,,,,,,,,,,,,,,,,,,,,,,,,,,,
27,0,0.19525213539600372,0.22414998710155487,13.606409072875977,12.796382904052734,24.82838249206543,24.66423225402832,0.7927515506744385,0.7588248252868652,0.10344697535037994,0.12391037493944168,0.3256547152996063,0.2759816348552704,0.10288482159376144,0.11998791247606277,0.3723564147949219,0.3611504137516022,24.076133728027344,24.68790626525879,0.13643547892570496,0.3939533531665802,22.133085250854492,23.570348739624023,0.1399730145931244,0.39869755506515503,0.8965530395507812,0.8760896325111389,0.6743452548980713,0.7240183353424072,0.8944005370140076,0.8790227174758911,0.6293323636054993,0.6325439214706421,,,,,,,,,,,,,,,,,,,,,,,,,,,,,,
28,0,0.1908416748046875,0.2118646800518036,13.447540283203125,12.198208808898926,24.56197738647461,23.538623809814453,0.7973544597625732,0.771804928779602,0.10206074267625809,0.11999952048063278,0.32055026292800903,0.26797157526016235,0.09179230779409409,0.1121613085269928,0.3503378629684448,0.35060933232307434,23.87335968017578,24.303556442260742,0.13511419296264648,0.3902988135814667,20.896947860717773,22.69289207458496,0.135437473654747,0.39264988899230957,0.8979392647743225,0.8800004720687866,0.679449737071991,0.7320283651351929,0.9057857394218445,0.8869138360023499,0.6512510180473328,0.6432690620422363,,,,,,,,,,,,,,,,,,,,,,,,,,,,,,
29,0,0.1875552088022232,0.2091996669769287,13.377175331115723,11.606554985046387,24.396486282348633,22.802738189697266,0.801334023475647,0.7740554809570312,0.0998791754245758,0.11963672190904617,0.30603575706481934,0.2691119313240051,0.08618755638599396,0.10518623143434525,0.35301780700683594,0.3517054617404938,23.77178955078125,24.15126609802246,0.1316199004650116,0.387270450592041,19.874984741210938,21.575590133666992,0.13464736938476562,0.3964166045188904,0.9001207947731018,0.8803632855415344,0.6939642429351807,0.7308880090713501,0.9115383625030518,0.8939464688301086,0.6485832929611206,0.6421537399291992,,,,,,,,,,,,,,,,,,,,,,,,,,,,,,
30,0,0.18363966047763824,0.2154548615217209,13.22855281829834,11.868749618530273,24.17321014404297,23.40860366821289,0.8049690127372742,0.7673492431640625,0.0978858545422554,0.11772578209638596,0.30867376923561096,0.25583866238594055,0.0926327258348465,0.1081414520740509,0.3671261966228485,0.35483670234680176,23.394636154174805,24.022401809692383,0.13238957524299622,0.37877142429351807,20.661561965942383,21.673757553100586,0.14117251336574554,0.3926032483577728,0.9021141529083252,0.8822742700576782,0.6913262009620667,0.7441613078117371,0.904923141002655,0.8909668326377869,0.6345388889312744,0.6389678716659546,,,,,,,,,,,,,,,,,,,,,,,,,,,,,,
31,0,0.18129687011241913,0.21095721423625946,13.12678050994873,11.626697540283203,23.992116928100586,22.841781616210938,0.8077601194381714,0.7721996307373047,0.09697742015123367,0.11511587351560593,0.2997730076313019,0.2570931017398834,0.08559838682413101,0.10687528550624847,0.35363441705703735,0.3573186695575714,23.349891662597656,23.673288345336914,0.13027197122573853,0.3771357536315918,20.103656768798828,21.385194778442383,0.13242550194263458,0.3974396288394928,0.9030225872993469,0.8848841190338135,0.7002269625663757,0.7429068684577942,0.9121431112289429,0.8922434449195862,0.6479694247245789,0.6364425420761108,,,,,,,,,,,,,,,,,,,,,,,,,,,,,,
32,0,0.17880992591381073,0.2194221317768097,13.087636947631836,12.879276275634766,23.9705753326416,24.722097396850586,0.8106157779693604,0.7639762163162231,0.09729191660881042,0.11415713280439377,0.2932804524898529,0.2528074085712433,0.09627358615398407,0.13121548295021057,0.3610769212245941,0.34747767448425293,23.197784423828125,23.7058048248291,0.12912005186080933,0.37344586849212646,21.96640396118164,24.10560417175293,0.13443122804164886,0.3896472156047821,0.9027080535888672,0.8858429193496704,0.7067195177078247,0.7471925616264343,0.9011862277984619,0.8677025437355042,0.6405606865882874,0.6464554071426392,,,,,,,,,,,,,,,,,,,,,,,,,,,,,,
33,0,0.17456471920013428,0.2041551172733307,13.06122875213623,11.501205444335938,23.858428955078125,22.394622802734375,0.814847469329834,0.7794471979141235,0.09502893686294556,0.11518115550279617,0.2908707857131958,0.23952913284301758,0.08321285247802734,0.10132917761802673,0.34435218572616577,0.3458096981048584,23.026683807373047,23.815650939941406,0.127910777926445,0.36639147996902466,19.73612403869629,21.333642959594727,0.13278603553771973,0.3902704119682312,0.9049710631370544,0.8848188519477844,0.7091292142868042,0.7604708671569824,0.9145915508270264,0.8978353142738342,0.657209575176239,0.6481524705886841,,,,,,,,,,,,,,,,,,,,,,,,,,,,,,
34,0,0.17028093338012695,0.2059982419013977,12.902508735656738,11.317451477050781,23.531816482543945,22.32354736328125,0.8195011615753174,0.7773818969726562,0.09271883219480515,0.11162657290697098,0.2818495035171509,0.23580026626586914,0.08214880526065826,0.10149187594652176,0.3467247486114502,0.3525201082229614,22.817630767822266,23.442462921142578,0.12571607530117035,0.3604842722415924,19.302711486816406,21.119739532470703,0.1361706405878067,0.3926222026348114,0.9072811603546143,0.8883734345436096,0.7181504964828491,0.7641997337341309,0.9156836867332458,0.8976712822914124,0.6548477411270142,0.6413248777389526,,,,,,,,,,,,,,,,,,,,,,,,,,,,,,
35,0,0.16480129957199097,0.20063835382461548,12.695052146911621,11.158702850341797,23.166305541992188,22.016124725341797,0.8251166343688965,0.7828373908996582,0.08930779248476028,0.10903862118721008,0.27574440836906433,0.22544270753860474,0.07932338863611221,0.09958579391241074,0.3445974588394165,0.33789297938346863,22.45454978942871,23.060523986816406,0.12458968907594681,0.3544062376022339,18.979806900024414,20.897106170654297,0.13014456629753113,0.3780044615268707,0.9106922149658203,0.8909614086151123,0.7242555618286133,0.7745572328567505,0.9185836315155029,0.8995930552482605,0.6569653749465942,0.6562074422836304,,,,,,,,,,,,,,,,,,,,,,,,,,,,,,
36,0,0.16423794627189636,0.20649735629558563,12.61430549621582,11.370726585388184,23.063547134399414,22.469806671142578,0.8256391882896423,0.7769304513931274,0.08785422146320343,0.10909483581781387,0.27508556842803955,0.22540874779224396,0.08315730094909668,0.10293456166982651,0.34687748551368713,0.35169845819473267,22.257322311401367,22.978050231933594,0.1241648867726326,0.35357052087783813,19.562650680541992,21.03196144104004,0.1336890608072281,0.38398295640945435,0.9121457934379578,0.8909052014350891,0.7249144315719604,0.7745912075042725,0.9146485924720764,0.8962166905403137,0.6546957492828369,0.6421608924865723,,,,,,,,,,,,,,,,,,,,,,,,,,,,,,
37,0,0.16149118542671204,0.20273171365261078,12.651299476623535,11.314542770385742,23.048370361328125,22.504438400268555,0.8286831378936768,0.781580924987793,0.08943628519773483,0.10633648931980133,0.27098751068115234,0.21850739419460297,0.08319409191608429,0.10358309000730515,0.3300146758556366,0.3492341637611389,22.54935073852539,22.778583526611328,0.12324678897857666,0.34777146577835083,19.54778480529785,20.83625602722168,0.1288800984621048,0.3803904056549072,0.9105637073516846,0.8936635255813599,0.7290124893188477,0.7814925909042358,0.9146108031272888,0.8955628275871277,0.6714820861816406,0.6446682214736938,,,,,,,,,,,,,,,,,,,,,,,,,,,,,,
38,0,0.16072918474674225,0.20213158428668976,12.515680313110352,11.074631690979004,22.87172508239746,21.859821319580078,0.8296828269958496,0.7808768153190613,0.08820318430662155,0.10450709611177444,0.2656826376914978,0.22287580370903015,0.07896129786968231,0.09703297913074493,0.35290035605430603,0.34037232398986816,22.322500228881836,22.50979995727539,0.12175624072551727,0.35070595145225525,19.03432846069336,20.503427505493164,0.13199040293693542,0.3758581280708313,0.9117968082427979,0.8954929113388062,0.734317421913147,0.7771241664886475,0.9189553260803223,0.9021669030189514,0.6487001180648804,0.6536848545074463,,,,,,,,,,,,,,,,,,,,,,,,,,,,,,
39,0,0.15850812196731567,0.1951068639755249,12.390898704528809,10.836934089660645,22.61736488342285,21.56586456298828,0.8318655490875244,0.7888410091400146,0.0858132392168045,0.10287168622016907,0.26396480202674866,0.21988821029663086,0.07668258994817734,0.09469526261091232,0.33363911509513855,0.33252227306365967,21.957660675048828,22.45963478088379,0.12084363400936127,0.34512484073638916,18.498830795288086,20.20691680908203,0.12975339591503143,0.37398338317871094,0.9141867756843567,0.8971283435821533,0.7360352277755737,0.7801117897033691,0.9212941527366638,0.9045239090919495,0.6678740382194519,0.6616718769073486,,,,,,,,,,,,,,,,,,,,,,,,,,,,,,
40,0,0.15351039171218872,0.1959155946969986,12.304443359375,10.835555076599121,22.43345832824707,21.624399185180664,0.8373137712478638,0.7881483435630798,0.08468818664550781,0.10079850256443024,0.254440575838089,0.2108178734779358,0.07846280187368393,0.09316087514162064,0.3322305977344513,0.33634811639785767,21.949323654174805,22.13026237487793,0.11913935840129852,0.34053823351860046,18.869070053100586,19.777822494506836,0.12717828154563904,0.3618146777153015,0.9153118133544922,0.899201512336731,0.7455594539642334,0.7891821265220642,0.9194669723510742,0.9060709476470947,0.6692761778831482,0.6577792763710022,,,,,,,,,,,,,,,,,,,,,,,,,,,,,,
41,0,0.15070922672748566,0.20247021317481995,12.141231536865234,10.996109008789062,22.175058364868164,21.806352615356445,0.8403284549713135,0.7809318900108337,0.08305252343416214,0.09802070260047913,0.2489384561777115,0.20867428183555603,0.07823367416858673,0.09707055985927582,0.3429511785507202,0.35058659315109253,21.654541015625,21.840126037597656,0.11726167798042297,0.33723852038383484,18.907428741455078,20.34412956237793,0.127071812748909,0.38095027208328247,0.9169474840164185,0.9019793272018433,0.7510615587234497,0.7913256883621216,0.9197021126747131,0.902129054069519,0.6586042642593384,0.6432921886444092,,,,,,,,,,,,,,,,,,,,,,,,,,,,,,
42,0,0.1490914523601532,0.1970498263835907,12.081238746643066,10.758564949035645,21.96192169189453,21.338319778442383,0.8416933417320251,0.786719560623169,0.07986679673194885,0.09860634058713913,0.25028374791145325,0.20446984469890594,0.0741850957274437,0.0940382331609726,0.3330099284648895,0.3446486294269562,21.405967712402344,21.90232276916504,0.11770299822092056,0.33620092272758484,18.244915008544922,20.206134796142578,0.12766753137111664,0.36867380142211914,0.9201332330703735,0.9013936519622803,0.7497162818908691,0.7955301403999329,0.9238575100898743,0.9051863551139832,0.6685003638267517,0.6493338346481323,,,,,,,,,,,,,,,,,,,,,,,,,,,,,,
43,0,0.14439617097377777,0.1938362717628479,12.022502899169922,10.804413795471191,21.851173400878906,21.42742156982422,0.8467913866043091,0.7904491424560547,0.08027120679616928,0.09575460851192474,0.24301835894584656,0.19379021227359772,0.07712998241186142,0.09133502840995789,0.326715350151062,0.3358529508113861,21.435327529907227,21.643218994140625,0.11628762632608414,0.32623136043548584,18.637981414794922,19.92728614807129,0.12468047440052032,0.3652392327785492,0.9197288155555725,0.9042453765869141,0.756981611251831,0.8062098026275635,0.9208349585533142,0.9079118967056274,0.6747664213180542,0.6582831144332886,,,,,,,,,,,,,,,,,,,,,,,,,,,,,,
44,0,0.14356794953346252,0.19600705802440643,11.971500396728516,11.073208808898926,21.836959838867188,21.916139602661133,0.8478597402572632,0.788200855255127,0.08037950843572617,0.09530225396156311,0.23881232738494873,0.19406703114509583,0.07903944700956345,0.09803033620119095,0.33085155487060547,0.3320837616920471,21.31836700439453,21.581796646118164,0.11545701324939728,0.32624027132987976,18.843433380126953,20.73770523071289,0.12655755877494812,0.3654036819934845,0.9196205139160156,0.9046977758407593,0.7611876726150513,0.8059329986572266,0.9188750982284546,0.9011613726615906,0.6706489324569702,0.6621180772781372,,,,,,,,,,,,,,,,,,,,,,,,,,,,,,
45,0,0.14206261932849884,0.19792494177818298,11.8977632522583,11.569230079650879,21.66506004333496,22.404550552368164,0.8491549491882324,0.7864608764648438,0.07824359089136124,0.0951569676399231,0.24037814140319824,0.18960128724575043,0.07815845310688019,0.10912782698869705,0.32714900374412537,0.33243855834007263,21.119386672973633,21.533802032470703,0.11529145389795303,0.32088780403137207,19.02333641052246,22.474079132080078,0.12678542733192444,0.36265286803245544,0.921756386756897,0.9048430323600769,0.7596218585968018,0.8103986978530884,0.9197793006896973,0.8899723291397095,0.6743347644805908,0.6617571115493774,,,,,,,,,,,,,,,,,,,,,,,,,,,,,,
46,0,0.14256343245506287,0.19319094717502594,11.837779998779297,10.795690536499023,21.546316146850586,21.27839469909668,0.8486407995223999,0.7907602787017822,0.07776764780282974,0.09353090822696686,0.2403104156255722,0.1938277930021286,0.07382768392562866,0.09342459589242935,0.3311757445335388,0.3315262198448181,21.065818786621094,21.356605529785156,0.11479055136442184,0.3237059414386749,18.530485153198242,20.020137786865234,0.12786969542503357,0.36260172724723816,0.9222323298454285,0.9064691066741943,0.7596895694732666,0.8061721920967102,0.9242243766784668,0.9058050513267517,0.6703262329101562,0.6626853942871094,,,,,,,,,,,,,,,,,,,,,,,,,,,,,,
47,0,0.13675087690353394,0.19518248736858368,11.727624893188477,10.729772567749023,21.30988883972168,21.535612106323242,0.8548855781555176,0.7887182831764221,0.0757705420255661,0.091952845454216,0.23019936680793762,0.1825348436832428,0.0761081650853157,0.09496959298849106,0.33400896191596985,0.3329505920410156,20.9488582611084,21.068445205688477,0.11295711249113083,0.3149647116661072,18.3085994720459,20.021419525146484,0.1277318149805069,0.3649863004684448,0.9242294430732727,0.9080471992492676,0.76980060338974,0.8174651861190796,0.9218837022781372,0.9042473435401917,0.6675058603286743,0.6612361073493958,,,,,,,,,,,,,,,,,,,,,,,,,,,,,,
48,0,0.13404804468154907,0.18988241255283356,11.627135276794434,10.508546829223633,21.201915740966797,21.124326705932617,0.8577924966812134,0.7948696613311768,0.0745149627327919,0.09177861362695694,0.22513648867607117,0.1773998886346817,0.0754975900053978,0.08796536177396774,0.3163278102874756,0.33362290263175964,20.573909759521484,21.126344680786133,0.11136280000209808,0.31113430857658386,18.1780948638916,19.316722869873047,0.12150941044092178,0.3604375422000885,0.9254850149154663,0.908221423625946,0.7748634815216064,0.8226000666618347,0.9225103855133057,0.9113093018531799,0.6851068735122681,0.6605520844459534,,,,,,,,,,,,,,,,,,,,,,,,,,,,,,
49,0,0.13458038866519928,0.19597850739955902,11.619658470153809,10.482069969177246,21.181909561157227,21.17793083190918,0.8572372794151306,0.7883635759353638,0.0754653811454773,0.0899239107966423,0.22651290893554688,0.1791486144065857,0.07572315633296967,0.08864670991897583,0.3214888870716095,0.3532481789588928,20.75212860107422,20.879640579223633,0.11088882386684418,0.3123989403247833,18.269153594970703,19.095355987548828,0.12583941221237183,0.3671826720237732,0.9245346188545227,0.9100760817527771,0.7734870910644531,0.8208513855934143,0.922278881072998,0.9106223583221436,0.6799691915512085,0.6405841112136841,,,,,,,,,,,,,,,,,,,,,,,,,,,,,,
50,0,0.1343671977519989,0.20093536376953125,11.577441215515137,10.833040237426758,21.064205169677734,21.55006217956543,0.8575776219367981,0.7824100255966187,0.07430907338857651,0.08941931277513504,0.22324737906455994,0.18271367251873016,0.07815749198198318,0.09216832369565964,0.3440348207950592,0.3486500680446625,20.65062713623047,20.83143424987793,0.11112464219331741,0.3147153854370117,18.778844833374023,19.876657485961914,0.12556903064250946,0.36093777418136597,0.9256908893585205,0.9105806946754456,0.7767525911331177,0.8172863125801086,0.9197803139686584,0.9070717096328735,0.6575255393981934,0.6452625393867493,,,,,,,,,,,,,,,,,,,,,,,,,,,,,,
51,0,0.13363808393478394,0.1895751804113388,11.55965518951416,10.298078536987305,20.983003616333008,20.876001358032227,0.8581642508506775,0.7948649525642395,0.0735100582242012,0.08908158540725708,0.22493605315685272,0.17981527745723724,0.07174110412597656,0.08890116959810257,0.3192029595375061,0.3336906135082245,20.511642456054688,20.932893753051758,0.11099780350923538,0.31070733070373535,17.4954891204834,19.295141220092773,0.12395404279232025,0.36072754859924316,0.9264899492263794,0.9109184145927429,0.7750639319419861,0.8201847076416016,0.9263659715652466,0.9103658199310303,0.6822447776794434,0.660483181476593,,,,,,,,,,,,,,,,,,,,,,,,,,,,,,
52,0,0.12956027686595917,0.1927376538515091,11.476844787597656,10.829952239990234,20.787076950073242,21.488853454589844,0.862411379814148,0.7921892404556274,0.0719209834933281,0.08777007460594177,0.22002321481704712,0.17064011096954346,0.07886455208063126,0.08991812914609909,0.31490209698677063,0.3402238190174103,20.395462036132812,20.74802589416504,0.11014917492866516,0.3061840832233429,19.024776458740234,19.58112335205078,0.12483305484056473,0.35412541031837463,0.9280790090560913,0.9122299551963806,0.7799767851829529,0.8293598890304565,0.9190546274185181,0.9093404412269592,0.6865260601043701,0.6538358926773071,,,,,,,,,,,,,,,,,,,,,,,,,,,,,,
53,0,0.1294890195131302,0.19334284961223602,11.455023765563965,10.593111038208008,20.89185333251953,21.240108489990234,0.8625574111938477,0.7914507985115051,0.07193809747695923,0.08975138515233994,0.21866096556186676,0.16941989958286285,0.07609829306602478,0.08927489072084427,0.3139157295227051,0.3475199043750763,20.28004264831543,20.800811767578125,0.11021660268306732,0.3060142993927002,18.499834060668945,19.275938034057617,0.12138199061155319,0.3527695834636688,0.9280619025230408,0.9102486371994019,0.7813390493392944,0.8305801153182983,0.921893835067749,0.9099889993667603,0.6875079870223999,0.6464124321937561,,,,,,,,,,,,,,,,,,,,,,,,,,,,,,
54,0,0.12897101044654846,0.18734847009181976,11.411911010742188,10.013615608215332,20.81182861328125,20.464506149291992,0.8630338311195374,0.7971256971359253,0.0713777095079422,0.08908093720674515,0.21883699297904968,0.16856904327869415,0.06938262283802032,0.08476447314023972,0.3161701261997223,0.334248423576355,20.19881248474121,20.732463836669922,0.10904636979103088,0.30146846175193787,17.032970428466797,18.734046936035156,0.12239492684602737,0.3529711663722992,0.928622305393219,0.9109190702438354,0.7811629772186279,0.8314309120178223,0.9287866950035095,0.9145365953445435,0.6852638125419617,0.6599156260490417,,,,,,,,,,,,,,,,,,,,,,,,,,,,,,
55,0,0.12320626527070999,0.19330734014511108,11.27121639251709,10.471294403076172,20.481863021850586,21.152788162231445,0.8694236278533936,0.7913951277732849,0.0705304965376854,0.08412440866231918,0.20648612082004547,0.16116458177566528,0.07572862505912781,0.08815892785787582,0.3152567744255066,0.3479054570198059,20.134702682495117,20.256296157836914,0.10608011484146118,0.29554927349090576,18.20147705078125,19.144132614135742,0.12101168930530548,0.3595806360244751,0.9294695258140564,0.9158756136894226,0.7935138940811157,0.8388354182243347,0.9222732782363892,0.9111141562461853,0.6861730217933655,0.6460201740264893,,,,,,,,,,,,,,,,,,,,,,,,,,,,,,
56,0,0.1230887845158577,0.19307461380958557,11.23315715789795,10.309986114501953,20.379505157470703,20.753494262695312,0.8694214224815369,0.7914963960647583,0.06924346834421158,0.08418502658605576,0.20741666853427887,0.16146916151046753,0.07176554948091507,0.08655808120965958,0.31314945220947266,0.3551534414291382,20.028263092041016,20.23215675354004,0.10661141574382782,0.29617631435394287,17.878517150878906,18.891855239868164,0.12377110868692398,0.35825109481811523,0.9307565093040466,0.915814995765686,0.7925833463668823,0.8385308384895325,0.9263409376144409,0.9127281904220581,0.6882708072662354,0.638645589351654,,,,,,,,,,,,,,,,,,,,,,,,,,,,,,
57,0,0.12283963710069656,0.19197066128253937,11.20217514038086,10.565829277038574,20.376190185546875,21.085712432861328,0.8699419498443604,0.7927163243293762,0.06846722960472107,0.08531860262155533,0.20191238820552826,0.16453400254249573,0.07497793436050415,0.08800862729549408,0.31563302874565125,0.34324949979782104,19.827880859375,20.350839614868164,0.10508840531110764,0.29766562581062317,18.38341522216797,19.308624267578125,0.12332887202501297,0.348935604095459,0.9315327405929565,0.9146814346313477,0.7980875968933105,0.8354659676551819,0.9230437874794006,0.9112656712532043,0.6857985258102417,0.650757372379303,,,,,,,,,,,,,,,,,,,,,,,,,,,,,,
58,0,0.12230315804481506,0.18737953901290894,11.276633262634277,10.156054496765137,20.442411422729492,20.855154037475586,0.8704037070274353,0.7974419593811035,0.06917735934257507,0.08546765893697739,0.20376795530319214,0.15997210144996643,0.07184857875108719,0.08834744244813919,0.31225791573524475,0.33079445362091064,20.063350677490234,20.369064331054688,0.10542460530996323,0.29141050577163696,17.288196563720703,18.994491577148438,0.11973990499973297,0.35195493698120117,0.9308226108551025,0.9145323634147644,0.7962320446968079,0.8400278687477112,0.9262557029724121,0.9109240770339966,0.6891583204269409,0.663429856300354,,,,,,,,,,,,,,,,,,,,,,,,,,,,,,
59,0,0.1191018596291542,0.18897125124931335,11.15208911895752,10.184369087219238,20.200096130371094,20.7987117767334,0.8737976551055908,0.7957531809806824,0.06694356352090836,0.08438365906476974,0.19799329340457916,0.15548886358737946,0.07222539186477661,0.08671845495700836,0.313320517539978,0.3376283347606659,19.744319915771484,20.25957679748535,0.10424838215112686,0.2907613515853882,17.616180419921875,18.719539642333984,0.1216939315199852,0.34888389706611633,0.9330564141273499,0.9156163334846497,0.802006721496582,0.8445111513137817,0.9258689284324646,0.9125664830207825,0.6881004571914673,0.6564766764640808,,,,,,,,,,,,,,,,,,,,,,,,,,,,,,
60,0,0.11895117908716202,0.19183526933193207,11.098832130432129,10.171257972717285,20.12250518798828,20.63823127746582,0.873803436756134,0.7926942110061646,0.06734472513198853,0.08232748508453369,0.20092391967773438,0.15419000387191772,0.0705142691731453,0.08628486841917038,0.3133963346481323,0.3517357110977173,19.72491455078125,20.07200050354004,0.10439562797546387,0.2889725863933563,17.3364315032959,18.99420166015625,0.12184589356184006,0.35332587361335754,0.9326552748680115,0.9176725149154663,0.7990760803222656,0.8458099961280823,0.9276251792907715,0.91300368309021,0.6880249977111816,0.6421229839324951,,,,,,,,,,,,,,,,,,,,,,,,,,,,,,
61,0,0.1183052808046341,0.19100074470043182,11.118924140930176,10.873788833618164,20.09492301940918,21.38471794128418,0.8749346733093262,0.7938200235366821,0.06681230664253235,0.08263719826936722,0.1918628066778183,0.15894874930381775,0.07594971358776093,0.09228358417749405,0.31559520959854126,0.333731085062027,19.82396125793457,20.031639099121094,0.10261603444814682,0.2909693419933319,18.734773635864258,20.108551025390625,0.11875155568122864,0.3457986116409302,0.93318772315979,0.9173628091812134,0.8081371784210205,0.8410512208938599,0.9220463633537292,0.9069554805755615,0.6858360767364502,0.6604419946670532,,,,,,,,,,,,,,,,,,,,,,,,,,,,,,
62,0,0.11977378278970718,0.1869092434644699,11.107721328735352,10.036187171936035,20.156173706054688,20.579687118530273,0.8731895685195923,0.7983078956604004,0.06776976585388184,0.08229494094848633,0.19777031242847443,0.15940670669078827,0.06940775364637375,0.08685984462499619,0.3003928065299988,0.34293514490127563,19.809457778930664,20.00322914123535,0.10387954115867615,0.2912147343158722,17.038288116455078,18.82406234741211,0.11980519443750381,0.34705597162246704,0.9322302341461182,0.9177050590515137,0.802229642868042,0.8405932784080505,0.9287609457969666,0.9124239683151245,0.7009695768356323,0.6510772109031677,,,,,,,,,,,,,,,,,,,,,,,,,,,,,,
63,0,0.1164805218577385,0.1843310296535492,10.93047046661377,10.075024604797363,19.86382293701172,20.575897216796875,0.8766053915023804,0.8004514575004578,0.0650542676448822,0.08110212534666061,0.19278226792812347,0.15463963150978088,0.06979434192180634,0.08621183782815933,0.3123343586921692,0.3230767548084259,19.37635040283203,19.82341957092285,0.10257090628147125,0.28864336013793945,17.249874114990234,18.736103057861328,0.11830221116542816,0.33830443024635315,0.9349457025527954,0.9188978672027588,0.8072177171707153,0.8453603982925415,0.9283641576766968,0.9130772948265076,0.689082145690918,0.6712822914123535,,,,,,,,,,,,,,,,,,,,,,,,,,,,,,
64,0,0.11399733275175095,0.18520711362361908,10.907143592834473,10.245872497558594,19.750194549560547,20.860109329223633,0.8790745735168457,0.7999491691589355,0.06470812857151031,0.07956774532794952,0.19241294264793396,0.14701272547245026,0.07135308533906937,0.08918609470129013,0.3059552311897278,0.3267732262611389,19.42399024963379,19.67949104309082,0.10216119885444641,0.28201279044151306,17.49765396118164,19.105501174926758,0.11950971931219101,0.3459022641181946,0.9352918863296509,0.9204322695732117,0.8075870275497437,0.8529872894287109,0.9267642498016357,0.9100785255432129,0.6954324245452881,0.6675213575363159,,,,,,,,,,,,,,,,,,,,,,,,,,,,,,
65,0,0.1125413179397583,0.19612161815166473,10.883132934570312,9.953344345092773,19.711639404296875,20.333337783813477,0.8806427121162415,0.788307785987854,0.06423800438642502,0.07959338277578354,0.1898280829191208,0.14376980066299438,0.06877980381250381,0.0832466334104538,0.3096265494823456,0.37742912769317627,19.31329345703125,19.720312118530273,0.10147633403539658,0.27993911504745483,17.170740127563477,18.3260498046875,0.11906450986862183,0.36466097831726074,0.9357619881629944,0.9204066395759583,0.810171902179718,0.8562301993370056,0.9294054508209229,0.9160669445991516,0.6917777061462402,0.6159809827804565,,,,,,,,,,,,,,,,,,,,,,,,,,,,,,
66,0,0.11509732156991959,0.18572518229484558,10.921588897705078,9.722315788269043,19.851192474365234,20.16507339477539,0.8781766891479492,0.798904299736023,0.06539982557296753,0.08033953607082367,0.18962770700454712,0.15192624926567078,0.06810320168733597,0.08119375258684158,0.3114314377307892,0.33672115206718445,19.416791915893555,19.743818283081055,0.10165281593799591,0.2845046818256378,16.69255256652832,18.00498390197754,0.11831521987915039,0.34400638937950134,0.9346001744270325,0.9196604490280151,0.8103722929954529,0.8480737209320068,0.9300999045372009,0.9181367754936218,0.6899809837341309,0.6573997139930725,,,,,,,,,,,,,,,,,,,,,,,,,,,,,,
67,0,0.10967250168323517,0.18255159258842468,10.626363754272461,9.827536582946777,19.340892791748047,20.344072341918945,0.8835880756378174,0.802712082862854,0.06195901706814766,0.07645019143819809,0.18615272641181946,0.14108581840991974,0.06929298490285873,0.08268124610185623,0.301365464925766,0.32892560958862305,18.902772903442383,19.195531845092773,0.10061298310756683,0.2769356369972229,16.950511932373047,18.114826202392578,0.11870303004980087,0.3419184386730194,0.9380409717559814,0.9235498309135437,0.8138473033905029,0.8589141368865967,0.9288787245750427,0.9166370034217834,0.7000013589859009,0.6653313636779785,,,,,,,,,,,,,,,,,,,,,,,,,,,,,,
68,0,0.10960868746042252,0.1811884641647339,10.699069023132324,9.850619316101074,19.40955352783203,20.17618179321289,0.8839896321296692,0.8040148019790649,0.062486495822668076,0.07685995101928711,0.1806938201189041,0.14400118589401245,0.06755180656909943,0.08222666382789612,0.30148568749427795,0.3258935213088989,19.09161949157715,19.25727081298828,0.09913426637649536,0.27800843119621277,16.829023361206055,18.347015380859375,0.1173200011253357,0.34502023458480835,0.9375134706497192,0.9231400489807129,0.8193061947822571,0.8559988141059875,0.9306658506393433,0.9170953035354614,0.6998816728591919,0.6684163808822632,,,,,,,,,,,,,,,,,,,,,,,,,,,,,,
69,0,0.10668449848890305,0.183268740773201,10.65701675415039,9.871725082397461,19.258291244506836,20.26006317138672,0.886974036693573,0.8016866445541382,0.06103596091270447,0.07640783488750458,0.17795024812221527,0.13670986890792847,0.06904199719429016,0.08151821792125702,0.307153582572937,0.3286997377872467,18.95517921447754,19.25891876220703,0.09851323068141937,0.27416864037513733,17.076143264770508,18.141115188598633,0.11935717612504959,0.3400254249572754,0.9389640092849731,0.923592209815979,0.8220497369766235,0.8632901310920715,0.929136335849762,0.9178096055984497,0.6942394375801086,0.6655611991882324,,,,,,,,,,,,,,,,,,,,,,,,,,,,,,
70,0,0.11018361896276474,0.1842169463634491,10.74406623840332,9.809931755065918,19.488422393798828,20.28528594970703,0.883215069770813,0.8008735179901123,0.06300348043441772,0.07747382670640945,0.18470658361911774,0.14195582270622253,0.06858987361192703,0.08265829086303711,0.3031640946865082,0.33512598276138306,19.09449005126953,19.4339542388916,0.10028509795665741,0.27673715353012085,16.783422470092773,18.242311477661133,0.11934048682451248,0.3422783613204956,0.9369965195655823,0.9225261807441711,0.8152934312820435,0.8580441474914551,0.9296003580093384,0.9166601300239563,0.6982108354568481,0.6590226888656616,,,,,,,,,,,,,,,,,,,,,,,,,,,,,,
71,0,0.10572059452533722,0.1830579936504364,10.549675941467285,9.88544750213623,19.074588775634766,20.27048683166504,0.8879501819610596,0.8019901514053345,0.06024869531393051,0.07438396662473679,0.1769615113735199,0.1366051435470581,0.0695720911026001,0.08091235160827637,0.30572277307510376,0.3289719223976135,18.80133819580078,19.01856803894043,0.09834659099578857,0.27220502495765686,17.14057731628418,18.12140464782715,0.11685387790203094,0.3393756151199341,0.9397512674331665,0.9256160259246826,0.8230384588241577,0.8633948564529419,0.9285922646522522,0.9184204936027527,0.6956638097763062,0.665284276008606,,,,,,,,,,,,,,,,,,,,,,,,,,,,,,
72,0,0.10520747303962708,0.19073626399040222,10.504586219787598,9.922429084777832,19.06121826171875,20.226125717163086,0.888735830783844,0.7931224703788757,0.060910046100616455,0.07313014566898346,0.17274822294712067,0.1382681429386139,0.0680127814412117,0.08244148641824722,0.32523101568222046,0.34480521082878113,18.754907608032227,18.895296096801758,0.0972743034362793,0.2724231779575348,17.057510375976562,18.348045349121094,0.12307526916265488,0.35157665610313416,0.9390899538993835,0.9268698692321777,0.8272517919540405,0.8617318272590637,0.9301927089691162,0.9168787598609924,0.6762440204620361,0.6491745114326477,,,,,,,,,,,,,,,,,,,,,,,,,,,,,,
73,0,0.10421837121248245,0.18433056771755219,10.542402267456055,9.766901016235352,19.037311553955078,20.168670654296875,0.889678955078125,0.8001754283905029,0.05989193543791771,0.07428108155727386,0.17247185111045837,0.1346392035484314,0.06723881512880325,0.08255964517593384,0.31450963020324707,0.3282307982444763,18.75481605529785,19.048866271972656,0.09687593579292297,0.27036935091018677,16.621057510375977,18.264934539794922,0.11967020481824875,0.34238505363464355,0.940108060836792,0.9257189035415649,0.8275281190872192,0.8653607964515686,0.9309870600700378,0.9167596101760864,0.6869167685508728,0.6660383343696594,,,,,,,,,,,,,,,,,,,,,,,,,,,,,,
74,0,0.10428450256586075,0.1857227385044098,10.479158401489258,9.919437408447266,18.88453483581543,20.2587833404541,0.8893547058105469,0.7989330887794495,0.05883372575044632,0.07324851304292679,0.17608726024627686,0.1344117820262909,0.06778708845376968,0.08337941765785217,0.3110019862651825,0.33518120646476746,18.62636947631836,18.952659606933594,0.09770576655864716,0.26888754963874817,17.029281616210938,18.38199806213379,0.11833376437425613,0.3426187336444855,0.9411662817001343,0.9267514944076538,0.8239127397537231,0.8655881881713867,0.9304243326187134,0.9159330725669861,0.69040846824646,0.6589665412902832,,,,,,,,,,,,,,,,,,,,,,,,,,,,,,
75,0,0.10316421091556549,0.18105192482471466,10.440401077270508,9.58837890625,18.824647903442383,19.75832176208496,0.8907296657562256,0.8041276931762695,0.059414464980363846,0.07131551951169968,0.17204925417900085,0.13430215418338776,0.06517040729522705,0.07826939970254898,0.29823067784309387,0.33495819568634033,18.6893367767334,18.72262954711914,0.09657959640026093,0.26866069436073303,16.491722106933594,17.724149703979492,0.11731012910604477,0.3370852768421173,0.9405855536460876,0.9286844730377197,0.8279507756233215,0.8656978607177734,0.9331100583076477,0.9210852384567261,0.7031219005584717,0.6591934561729431,,,,,,,,,,,,,,,,,,,,,,,,,,,,,,
76,0,0.1012398973107338,0.18392334878444672,10.355562210083008,9.660512924194336,18.76508903503418,19.829395294189453,0.8928568363189697,0.801113486289978,0.05839967355132103,0.07185079902410507,0.16731104254722595,0.1310112476348877,0.06494368612766266,0.07987884432077408,0.299448162317276,0.34425055980682373,18.456682205200195,18.668333053588867,0.09539791196584702,0.26681479811668396,16.493425369262695,18.001562118530273,0.11702299863100052,0.3410744071006775,0.9416003227233887,0.9281492233276367,0.8326889872550964,0.8689887523651123,0.9333427548408508,0.9194625020027161,0.7019098997116089,0.6497388482093811,,,,,,,,,,,,,,,,,,,,,,,,,,,,,,
77,0,0.10161406546831131,0.18134014308452606,10.367725372314453,9.96851634979248,18.802257537841797,20.16953468322754,0.8923426866531372,0.8034902811050415,0.05769457668066025,0.07357937842607498,0.16913245618343353,0.13022282719612122,0.0685712993144989,0.08057457208633423,0.3105594217777252,0.31968650221824646,18.3837833404541,18.805307388305664,0.09618570655584335,0.26615282893180847,17.322406768798828,18.23402976989746,0.1169932410120964,0.33773356676101685,0.9423054456710815,0.9264206290245056,0.8308675289154053,0.8697771430015564,0.9296194314956665,0.9187610149383545,0.6908490657806396,0.6747317910194397,,,,,,,,,,,,,,,,,,,,,,,,,,,,,,
78,0,0.1008087769150734,0.18279720842838287,10.411858558654785,9.854548454284668,18.858848571777344,20.294811248779297,0.8934489488601685,0.8027350306510925,0.05919741094112396,0.07224339246749878,0.16513003408908844,0.12963327765464783,0.06814824044704437,0.08349630981683731,0.29397547245025635,0.33641281723976135,18.593677520751953,18.73090171813965,0.09482540935277939,0.26364627480506897,16.919694900512695,18.26764488220215,0.11489648371934891,0.3342007100582123,0.9408025741577148,0.9277566075325012,0.8348699808120728,0.8703666925430298,0.9300536513328552,0.9158152341842651,0.7073578238487244,0.6577134132385254,,,,,,,,,,,,,,,,,,,,,,,,,,,,,,
79,0,0.10027430206537247,0.18810665607452393,10.397594451904297,9.988492012023926,18.80463981628418,20.33167266845703,0.8939725160598755,0.7961207628250122,0.058794014155864716,0.07192666828632355,0.16489645838737488,0.12849277257919312,0.06925749778747559,0.08250532299280167,0.32042956352233887,0.3363967537879944,18.529624938964844,18.752965927124023,0.09432920813560486,0.2625914216041565,17.319652557373047,18.3100643157959,0.12178479135036469,0.3396748900413513,0.9412059783935547,0.9280733466148376,0.8351035714149475,0.8715072274208069,0.9289151430130005,0.916814386844635,0.6810237169265747,0.6577297449111938,,,,,,,,,,,,,,,,,,,,,,,,,,,,,,
80,0,0.10028595477342606,0.17884975671768188,10.32884693145752,9.590227127075195,18.694480895996094,19.788726806640625,0.8939245939254761,0.806503415107727,0.057904552668333054,0.07139810174703598,0.16475802659988403,0.1302407830953598,0.06421087682247162,0.08025552332401276,0.29528194665908813,0.3275030553340912,18.35904884338379,18.681583404541016,0.09476014226675034,0.2656228840351105,16.36359977722168,17.888940811157227,0.11505100876092911,0.3325271010398865,0.9420954585075378,0.9286019206047058,0.835241973400116,0.869759202003479,0.9340949058532715,0.9190827012062073,0.7060573101043701,0.6667787432670593,,,,,,,,,,,,,,,,,,,,,,,,,,,,,,
81,0,0.09712986648082733,0.18429259955883026,10.238734245300293,9.618046760559082,18.462404251098633,19.765464782714844,0.8971306085586548,0.8007063865661621,0.057071469724178314,0.06871919333934784,0.16277827322483063,0.12290870398283005,0.06405213475227356,0.0800752192735672,0.29898715019226074,0.3470066487789154,18.329256057739258,18.363527297973633,0.09378543496131897,0.26054587960243225,16.355552673339844,18.00151824951172,0.1162756159901619,0.3378474712371826,0.9429285526275635,0.9312808513641357,0.8372217416763306,0.8770912885665894,0.9342578649520874,0.9192644953727722,0.7023688554763794,0.6469346284866333,,,,,,,,,,,,,,,,,,,,,,,,,,,,,,
82,0,0.09952647984027863,0.1778506338596344,10.266227722167969,9.632076263427734,18.54399299621582,19.853254318237305,0.8946782350540161,0.8076754808425903,0.056783512234687805,0.07054956257343292,0.16378334164619446,0.13017074763774872,0.06552232801914215,0.07944037765264511,0.29353266954421997,0.32409152388572693,18.257217407226562,18.556655883789062,0.09401168674230576,0.26434552669525146,16.47809600830078,17.911489486694336,0.11608029901981354,0.33831557631492615,0.9432165026664734,0.9294504523277283,0.8362166881561279,0.8698292374610901,0.9327488541603088,0.9199045896530151,0.7077986001968384,0.6702498197555542,,,,,,,,,,,,,,,,,,,,,,,,,,,,,,
83,0,0.09584684669971466,0.18157339096069336,10.194367408752441,9.544150352478027,18.380495071411133,19.914653778076172,0.8983867764472961,0.8031781315803528,0.05620857700705528,0.06866234540939331,0.162298783659935,0.11928288638591766,0.0650644302368164,0.08123038709163666,0.3080499768257141,0.32625678181648254,18.212867736816406,18.331945419311523,0.09365081787109375,0.2560211420059204,16.197877883911133,17.90323257446289,0.11807825416326523,0.3308172821998596,0.943791389465332,0.9313376545906067,0.8377012014389038,0.8807170987129211,0.9332188367843628,0.9180998206138611,0.6933470964431763,0.668046772480011,,,,,,,,,,,,,,,,,,,,,,,,,,,,,,
84,0,0.09839984029531479,0.19084513187408447,10.200098991394043,9.879223823547363,18.419466018676758,20.381141662597656,0.8960505723953247,0.794176459312439,0.056247957050800323,0.06925875693559647,0.15889109671115875,0.1314001977443695,0.06906517595052719,0.08369927853345871,0.3006863296031952,0.36236798763275146,18.19173240661621,18.375425338745117,0.09238987416028976,0.2619885802268982,16.838598251342773,18.44178009033203,0.1159956306219101,0.35246819257736206,0.9437520503997803,0.9307412505149841,0.8411089181900024,0.8685997724533081,0.9291125535964966,0.9156105518341064,0.7006773948669434,0.6313050985336304,,,,,,,,,,,,,,,,,,,,,,,,,,,,,,
85,0,0.09420977532863617,0.17934715747833252,10.125752449035645,9.45405101776123,18.255348205566406,19.5926570892334,0.9001719951629639,0.8061331510543823,0.05448676645755768,0.06920839846134186,0.15793219208717346,0.11768494546413422,0.06319643557071686,0.07829209417104721,0.29034125804901123,0.3367614448070526,17.9553279876709,18.372272491455078,0.09230321645736694,0.2546534538269043,16.06938362121582,17.700023651123047,0.11416518688201904,0.3354767858982086,0.9455132484436035,0.9307916164398193,0.8420678377151489,0.8823150396347046,0.9351361393928528,0.9210623502731323,0.7109755277633667,0.657358705997467,,,,,,,,,,,,,,,,,,,,,,,,,,,,,,
86,0,0.09337056428194046,0.17940956354141235,10.074250221252441,9.63556957244873,18.20791244506836,19.734346389770508,0.9012988805770874,0.8057345747947693,0.05484461039304733,0.0678616613149643,0.15314047038555145,0.1189577654004097,0.0646463930606842,0.07863067835569382,0.2996816039085388,0.32739201188087463,17.963611602783203,18.156848907470703,0.09111980348825455,0.25518834590911865,16.590652465820312,17.794025421142578,0.1141529530286789,0.3379926085472107,0.9451553821563721,0.9321383237838745,0.8468595147132874,0.8810422420501709,0.9336479306221008,0.9207209348678589,0.7016775608062744,0.6668917536735535,,,,,,,,,,,,,,,,,,,,,,,,,,,,,,
87,0,0.09111093729734421,0.18232396245002747,10.058629989624023,9.5405855178833,18.103540420532227,19.64876365661621,0.9037463665008545,0.8023324012756348,0.054343510419130325,0.06689245998859406,0.14911781251430511,0.11466065794229507,0.06384345144033432,0.0783141478896141,0.3074198067188263,0.33431994915008545,18.002912521362305,18.05082893371582,0.08998916298151016,0.25208809971809387,16.414291381835938,17.625505447387695,0.11637654900550842,0.3405076265335083,0.9456564784049988,0.9331075549125671,0.8508821725845337,0.8853393197059631,0.9344720244407654,0.9210401177406311,0.6939744353294373,0.659842848777771,,,,,,,,,,,,,,,,,,,,,,,,,,,,,,
88,0,0.0939781591296196,0.17570573091506958,9.969099998474121,9.520668029785156,17.987272262573242,19.816312789916992,0.9005956649780273,0.8098570108413696,0.05336181819438934,0.0664745345711708,0.15362408757209778,0.12415691465139389,0.06661324948072433,0.0771409124135971,0.2950405180454254,0.31521809101104736,17.757341384887695,17.98598861694336,0.09101709723472595,0.255939245223999,16.4044132232666,17.5752010345459,0.114323191344738,0.3254145085811615,0.9466381669044495,0.9335255026817322,0.8463759422302246,0.8758431077003479,0.9316291809082031,0.9222230315208435,0.7062976360321045,0.6792782545089722,,,,,,,,,,,,,,,,,,,,,,,,,,,,,,
89,0,0.09295704960823059,0.1771763563156128,10.001415252685547,9.5240478515625,18.0788631439209,19.793601989746094,0.9017510414123535,0.8078651428222656,0.053247518837451935,0.06816986948251724,0.1509777009487152,0.12060071527957916,0.0643993467092514,0.08006174117326736,0.30367588996887207,0.31393906474113464,17.72032356262207,18.161972045898438,0.09033302217721939,0.2544576823711395,16.296815872192383,17.717798233032227,0.11573440581560135,0.32199767231941223,0.9467524886131287,0.9318301677703857,0.8490222692489624,0.879399299621582,0.9339014887809753,0.919278085231781,0.6977013945579529,0.6805795431137085,,,,,,,,,,,,,,,,,,,,,,,,,,,,,,
90,0,0.09030044078826904,0.17783506214618683,9.947990417480469,9.264762878417969,18.014141082763672,19.348012924194336,0.9043692350387573,0.8071697950363159,0.053290292620658875,0.0670318603515625,0.15134364366531372,0.11085716634988785,0.06242524832487106,0.07515133172273636,0.30038654804229736,0.3267483711242676,17.675994873046875,18.00921058654785,0.09002771228551865,0.24776260554790497,15.800293922424316,17.282730102539062,0.11672630161046982,0.3255881667137146,0.9467096924781799,0.9329681396484375,0.8486563563346863,0.8891428112983704,0.9359276294708252,0.9242290258407593,0.700975775718689,0.6675466299057007,,,,,,,,,,,,,,,,,,,,,,,,,,,,,,
91,0,0.0899316594004631,0.17494352161884308,9.898262023925781,9.278919219970703,17.93289566040039,19.505081176757812,0.9047822952270508,0.810663104057312,0.05295642465353012,0.06620368361473083,0.15024645626544952,0.11146437376737595,0.063282810151577,0.07661920040845871,0.2904302477836609,0.3204362690448761,17.62879180908203,17.868099212646484,0.09013327956199646,0.24730704724788666,15.863984107971191,17.26588249206543,0.11320400983095169,0.32546260952949524,0.9470435976982117,0.9337963461875916,0.8497535586357117,0.8885356187820435,0.935047447681427,0.9227490425109863,0.7108869552612305,0.6739689111709595,,,,,,,,,,,,,,,,,,,,,,,,,,,,,,
92,0,0.08824634552001953,0.17641466856002808,9.826135635375977,9.356157302856445,17.765575408935547,19.413816452026367,0.9067301154136658,0.809065580368042,0.052826859056949615,0.06365767866373062,0.14537762105464935,0.11121716350317001,0.06310649961233139,0.07527923583984375,0.2916357219219208,0.3270430862903595,17.547351837158203,17.67828941345215,0.08891352266073227,0.2485654652118683,16.094926834106445,17.296459197998047,0.1143316850066185,0.32420292496681213,0.9471731185913086,0.9363423585891724,0.8546223640441895,0.888782799243927,0.9352284669876099,0.9241000413894653,0.7096869349479675,0.6672467589378357,,,,,,,,,,,,,,,,,,,,,,,,,,,,,,
93,0,0.08958282321691513,0.17665164172649384,9.880873680114746,9.493789672851562,17.819232940673828,19.753480911254883,0.9053124189376831,0.8093282580375671,0.05278732255101204,0.06459575146436691,0.14692623913288116,0.11444126814603806,0.06490558385848999,0.07858218252658844,0.2832765281200409,0.3291008472442627,17.685400009155273,17.728559494018555,0.08904825150966644,0.24961429834365845,16.294147491455078,17.60123062133789,0.11217616498470306,0.3258717656135559,0.9472126960754395,0.9354042410850525,0.85307377576828,0.8855587244033813,0.9333818554878235,0.9207698702812195,0.7180082201957703,0.6651530265808105,,,,,,,,,,,,,,,,,,,,,,,,,,,,,,
94,0,0.08916202932596207,0.17214198410511017,9.889947891235352,9.297256469726562,17.823692321777344,19.441307067871094,0.9059154987335205,0.8134533166885376,0.05281628295779228,0.06462405622005463,0.14370307326316833,0.1151946410536766,0.06355186551809311,0.07509549707174301,0.29268690943717957,0.3084975481033325,17.670408248901367,17.784759521484375,0.08880548924207687,0.24803666770458221,15.995524406433105,17.18857765197754,0.11254165321588516,0.3196360170841217,0.9471837282180786,0.9353759288787842,0.8562968969345093,0.8848053216934204,0.9347712993621826,0.9242852926254272,0.7086405158042908,0.686116099357605,,,,,,,,,,,,,,,,,,,,,,,,,,,,,,
95,0,0.08937647938728333,0.1748441606760025,9.876806259155273,9.574992179870605,17.83949089050293,20.005739212036133,0.9056486487388611,0.8109486103057861,0.05249786004424095,0.06537377834320068,0.14434336125850677,0.11519027501344681,0.06734266132116318,0.07945142686367035,0.2919794023036957,0.3108958601951599,17.634822845458984,17.77374839782715,0.08870399743318558,0.24972407519817352,16.53107452392578,17.639760971069336,0.11325370520353317,0.32519689202308655,0.9475021362304688,0.9346262216567993,0.855656623840332,0.8848097324371338,0.9308804869651794,0.9198934435844421,0.7093448638916016,0.6836758852005005,,,,,,,,,,,,,,,,,,,,,,,,,,,,,,
96,0,0.08757662028074265,0.1814577579498291,9.805312156677246,9.347271919250488,17.645750045776367,19.527563095092773,0.9074228405952454,0.8035349249839783,0.05187981203198433,0.06316656619310379,0.14405474066734314,0.11120748519897461,0.06390972435474396,0.07606998085975647,0.30003783106803894,0.33897143602371216,17.508583068847656,17.644651412963867,0.08808469027280807,0.24664053320884705,16.002471923828125,17.367969512939453,0.11302284151315689,0.3282144069671631,0.9481201767921448,0.9368334412574768,0.8559452295303345,0.8887925148010254,0.9344040155410767,0.9233027696609497,0.7013229131698608,0.6551101207733154,,,,,,,,,,,,,,,,,,,,,,,,,,,,,,
97,0,0.08604362607002258,0.17295239865779877,9.641711235046387,9.614799499511719,17.435914993286133,19.977256774902344,0.909018337726593,0.8127719163894653,0.050413716584444046,0.06204211711883545,0.1414756178855896,0.10999512672424316,0.06801943480968475,0.07792193442583084,0.2953462600708008,0.30126693844795227,17.17621421813965,17.396623611450195,0.08737971633672714,0.2443014681339264,16.728912353515625,17.571134567260742,0.11520733684301376,0.31441786885261536,0.9495862722396851,0.9379578828811646,0.8585243821144104,0.8900048732757568,0.930185854434967,0.921435534954071,0.7059932351112366,0.6934729814529419,,,,,,,,,,,,,,,,,,,,,,,,,,,,,,
98,0,0.08554679900407791,0.17666828632354736,9.811713218688965,9.120455741882324,17.659635543823242,19.265348434448242,0.9097824692726135,0.8083207011222839,0.051960431039333344,0.06326840072870255,0.1380675733089447,0.1075737327337265,0.06237012892961502,0.0737936720252037,0.3011913299560547,0.32283711433410645,17.53815460205078,17.639495849609375,0.08624372631311417,0.24299634993076324,15.60727310180664,16.946945190429688,0.11296285688877106,0.3260870575904846,0.9480395913124084,0.9367315769195557,0.8619323968887329,0.8924262523651123,0.9359842538833618,0.9255978465080261,0.7001746892929077,0.6715261936187744,,,,,,,,,,,,,,,,,,,,,,,,,,,,,,
99,0,0.08493650704622269,0.18039551377296448,9.699165344238281,9.351698875427246,17.421253204345703,19.579755783081055,0.9102457761764526,0.8048047423362732,0.05034342780709267,0.061915963888168335,0.13915638625621796,0.10760122537612915,0.06372617185115814,0.07726780325174332,0.2962407171726227,0.33669278025627136,17.275466918945312,17.507606506347656,0.0867716446518898,0.24308617413043976,15.944266319274902,17.456043243408203,0.11279566586017609,0.3263951241970062,0.9496565461158752,0.938084065914154,0.8608435988426208,0.8923987746238708,0.9345924258232117,0.9220950603485107,0.705102801322937,0.6574285626411438,,,,,,,,,,,,,,,,,,,,,,,,,,,,,,
100,0,0.0858006402850151,0.17681661248207092,9.750645637512207,9.277953147888184,17.624963760375977,19.327356338500977,0.909608006477356,0.808512270450592,0.05248527601361275,0.06189678609371185,0.13722319900989532,0.1099625751376152,0.06091497093439102,0.07705984264612198,0.29250654578208923,0.32881247997283936,17.501401901245117,17.43744468688965,0.0865333303809166,0.24535077810287476,15.799577713012695,17.341781616210938,0.11196319013834,0.3227415978908539,0.9475147128105164,0.938103199005127,0.8627767562866211,0.8900374174118042,0.9374777674674988,0.9223047494888306,0.708820104598999,0.6654465198516846,,,,,,,,,,,,,,,,,,,,,,,,,,,,,,
101,0,0.0888289362192154,0.17714305222034454,9.885189056396484,9.296371459960938,17.87090301513672,19.49703025817871,0.9063742160797119,0.8086328506469727,0.052829962223768234,0.06537774950265884,0.14144831895828247,0.11484719067811966,0.06276604533195496,0.07725164294242859,0.28455090522766113,0.3340647518634796,17.576581954956055,17.879150390625,0.08729187399148941,0.24947388470172882,15.822265625,17.375749588012695,0.1131557822227478,0.33368736505508423,0.9471700191497803,0.9346222877502441,0.8585516810417175,0.8851528167724609,0.9355778694152832,0.9221113920211792,0.7167396545410156,0.6601024866104126,,,,,,,,,,,,,,,,,,,,,,,,,,,,,,
102,0,0.0880037471652031,0.17723537981510162,9.80819320678711,9.390439987182617,17.61406135559082,19.71217155456543,0.9071630835533142,0.8082211017608643,0.051009032875299454,0.06399398297071457,0.1403893381357193,0.11595501005649567,0.06519747525453568,0.07740836590528488,0.29464200139045715,0.32320237159729004,17.493350982666016,17.67326545715332,0.08733150362968445,0.24856407940387726,16.158567428588867,17.358606338500977,0.11231184750795364,0.3229236602783203,0.9489909410476685,0.9360060095787048,0.8596106767654419,0.8840449452400208,0.9330822825431824,0.9219533801078796,0.7066943049430847,0.6711544990539551,,,,,,,,,,,,,,,,,,,,,,,,,,,,,,
103,0,0.08626514673233032,0.18125443160533905,9.677648544311523,9.239023208618164,17.450565338134766,19.448368072509766,0.9087627530097961,0.8038249611854553,0.05019952356815338,0.06260709464550018,0.14189545810222626,0.11024685204029083,0.061940260231494904,0.07763539254665375,0.2962357699871063,0.3419867753982544,17.218425750732422,17.490131378173828,0.08740702271461487,0.2432141751050949,15.633355140686035,17.375789642333984,0.11260613799095154,0.3321833610534668,0.9498004913330078,0.9373928904533386,0.8581045866012573,0.8897531628608704,0.9364254474639893,0.9217244386672974,0.7051077485084534,0.6520421504974365,,,,,,,,,,,,,,,,,,,,,,,,,,,,,,
104,0,0.08617792278528214,0.17797020077705383,9.66568660736084,9.17639446258545,17.418903350830078,19.328248977661133,0.9089359641075134,0.8073890209197998,0.05012236163020134,0.06221825256943703,0.1403224915266037,0.11159291118383408,0.06112639233469963,0.07675673067569733,0.29116249084472656,0.33463039994239807,17.207050323486328,17.45267677307129,0.08730832487344742,0.2467118203639984,15.494429588317871,17.293237686157227,0.11194014549255371,0.33367517590522766,0.9498776197433472,0.9377817511558533,0.8596774935722351,0.8884070515632629,0.9372608065605164,0.922610342502594,0.7101580500602722,0.6595269441604614,,,,,,,,,,,,,,,,,,,,,,,,,,,,,,
105,0,0.08593583852052689,0.1733030080795288,9.690939903259277,9.148344039916992,17.531063079833984,19.406034469604492,0.9093739986419678,0.812322199344635,0.050853170454502106,0.06289415061473846,0.13749103248119354,0.11126569658517838,0.062412943691015244,0.07618710398674011,0.2900494635105133,0.3155919313430786,17.320388793945312,17.41934585571289,0.08603847771883011,0.2446126639842987,15.5677490234375,17.099990844726562,0.11434531956911087,0.32817795872688293,0.9491468071937561,0.9371058940887451,0.8625089526176453,0.8887342810630798,0.9359402656555176,0.9231846928596497,0.711266040802002,0.6788978576660156,,,,,,,,,,,,,,,,,,,,,,,,,,,,,,
106,0,0.07805648446083069,0.17302511632442474,9.31543254852295,8.875600814819336,16.793087005615234,18.94392967224121,0.9176710844039917,0.8127744197845459,0.04709069803357124,0.05705024674534798,0.12590138614177704,0.09927333891391754,0.059824369847774506,0.07207338511943817,0.28216928243637085,0.3282116949558258,16.713979721069336,16.666933059692383,0.08262888342142105,0.23422613739967346,15.18590259552002,16.4925537109375,0.11037971824407578,0.3192606270313263,0.9529092907905579,0.9429497718811035,0.8740985989570618,0.9007266759872437,0.9385971426963806,0.92733234167099,0.7191104888916016,0.6660577058792114,,,,,,,,,,,,,,,,,,,,,,,,,,,,,,
107,0,0.07157227396965027,0.17399609088897705,9.12972354888916,8.839381217956543,16.43209457397461,18.92997932434082,0.9245078563690186,0.8115360736846924,0.04498942568898201,0.05477741360664368,0.11701687425374985,0.0851849615573883,0.05936824530363083,0.07252024114131927,0.28700512647628784,0.3283660113811493,16.3764591217041,16.3475284576416,0.07953658699989319,0.22309070825576782,15.048163414001465,16.51854133605957,0.11073922365903854,0.313402384519577,0.9550105929374695,0.9452226161956787,0.8829831480979919,0.9148150682449341,0.9390653371810913,0.9268817901611328,0.7142965793609619,0.665900707244873,,,,,,,,,,,,,,,,,,,,,,,,,,,,,,
108,0,0.07050135731697083,0.1713028997182846,9.08031177520752,8.741839408874512,16.311426162719727,18.821645736694336,0.9256479740142822,0.8146712779998779,0.04427837207913399,0.054057106375694275,0.1150437742471695,0.08402867615222931,0.05816958472132683,0.07247534394264221,0.27760371565818787,0.3264924883842468,16.20226287841797,16.364215850830078,0.0790073499083519,0.22047358751296997,14.854545593261719,16.369766235351562,0.10737859457731247,0.3106979727745056,0.9557216167449951,0.9459428787231445,0.8849562406539917,0.9159713387489319,0.9402955770492554,0.9269270300865173,0.7236553430557251,0.6678069829940796,,,,,,,,,,,,,,,,,,,,,,,,,,,,,,
109,0,0.06853414326906204,0.16725970804691315,8.938682556152344,8.678196907043457,16.15043830871582,18.65142250061035,0.9276020526885986,0.818661630153656,0.04303354024887085,0.053573962301015854,0.113902747631073,0.07908141613006592,0.05736232176423073,0.07081113755702972,0.2803531885147095,0.31057795882225037,15.901419639587402,16.16864776611328,0.07853778451681137,0.21509771049022675,14.765824317932129,16.229822158813477,0.10802415013313293,0.30502721667289734,0.9569664597511292,0.9464260339736938,0.886097252368927,0.9209185838699341,0.9411241412162781,0.9286049604415894,0.7209182977676392,0.6839993596076965,,,,,,,,,,,,,,,,,,,,,,,,,,,,,,
110,0,0.06780427694320679,0.17033205926418304,8.976339340209961,8.774834632873535,16.142854690551758,18.788087844848633,0.9286304116249084,0.8154256343841553,0.04299107566475868,0.0535266250371933,0.10854286700487137,0.08041755110025406,0.05849838629364967,0.07141270488500595,0.2833036184310913,0.31867143511772156,16.01831817626953,16.174652099609375,0.0770639032125473,0.21902963519096375,15.005396842956543,16.323348999023438,0.10853836685419083,0.3073398470878601,0.9570088982582092,0.9464733600616455,0.8914571404457092,0.9195824265480042,0.9399581551551819,0.927998423576355,0.7179812788963318,0.6757645606994629,,,,,,,,,,,,,,,,,,,,,,,,,,,,,,
111,0,0.06753235310316086,0.1684243083000183,8.947197914123535,8.73215103149414,16.058181762695312,18.707611083984375,0.9287768602371216,0.8174681067466736,0.04288269951939583,0.05244051665067673,0.11063611507415771,0.0789332464337349,0.05773463845252991,0.07119879126548767,0.28069761395454407,0.31417348980903625,16.015140533447266,16.06562042236328,0.07764846086502075,0.21505394577980042,14.759696960449219,16.447551727294922,0.10794763267040253,0.3063679039478302,0.9571173191070557,0.9475594758987427,0.8893638849258423,0.9210667610168457,0.940742015838623,0.9282141327857971,0.7205754518508911,0.6803410649299622,,,,,,,,,,,,,,,,,,,,,,,,,,,,,,
112,0,0.0677175298333168,0.16878795623779297,8.945608139038086,8.688624382019043,16.070125579833984,18.664554595947266,0.9286552667617798,0.8171781301498413,0.04299549013376236,0.05244288966059685,0.1096499040722847,0.08029047399759293,0.057698171585798264,0.07052640616893768,0.27857130765914917,0.31809744238853455,16.055538177490234,16.008512496948242,0.07709819078445435,0.2172791212797165,14.784351348876953,16.24446678161621,0.10841149091720581,0.30925679206848145,0.9570044875144958,0.9475570917129517,0.8903501033782959,0.9197095036506653,0.940779447555542,0.9288920760154724,0.7226921319961548,0.6763485670089722,,,,,,,,,,,,,,,,,,,,,,,,,,,,,,
113,0,0.06631939113140106,0.16764408349990845,8.867216110229492,8.624826431274414,15.897810935974121,18.687366485595703,0.9300352334976196,0.8182088136672974,0.04200047627091408,0.051444485783576965,0.10891610383987427,0.07749798893928528,0.05774242430925369,0.07084593921899796,0.28207919001579285,0.3102518618106842,15.946949005126953,15.830657005310059,0.07691555470228195,0.21367093920707703,14.676228523254395,16.12774085998535,0.10751806944608688,0.3038855493068695,0.9579995274543762,0.9485555291175842,0.8910838961601257,0.9225019812583923,0.9407340288162231,0.9285699129104614,0.7192001342773438,0.6843311786651611,,,,,,,,,,,,,,,,,,,,,,,,,,,,,,
114,0,0.06591243296861649,0.16932010650634766,8.866169929504395,8.588080406188965,15.974254608154297,18.56218147277832,0.9304405450820923,0.8165661692619324,0.042520783841609955,0.051763202995061874,0.10934008657932281,0.07461392879486084,0.05718141794204712,0.06958163529634476,0.27910444140434265,0.32143908739089966,15.866328239440918,15.925557136535645,0.0769021213054657,0.21228881180286407,14.66135311126709,15.995615005493164,0.10704823583364487,0.30996325612068176,0.9574792385101318,0.9482368230819702,0.8906599283218384,0.9253860712051392,0.9413098692893982,0.9298446178436279,0.7221614122390747,0.6729485988616943,,,,,,,,,,,,,,,,,,,,,,,,,,,,,,
115,0,0.06541550904512405,0.17023587226867676,8.891297340393066,8.729061126708984,15.928398132324219,18.69743537902832,0.9309258460998535,0.8155863285064697,0.04201607406139374,0.05186869949102402,0.10901997983455658,0.07339177280664444,0.05816812068223953,0.07037428021430969,0.28126707673072815,0.3213943839073181,15.871349334716797,16.023048400878906,0.07639180123806,0.2095235288143158,14.955292701721191,16.20469093322754,0.10733012109994888,0.3064911663532257,0.9579839110374451,0.9481313228607178,0.8909800052642822,0.9266082048416138,0.9402971267700195,0.9290454387664795,0.7200086116790771,0.6729941368103027,,,,,,,,,,,,,,,,,,,,,,,,,,,,,,
116,0,0.0646691620349884,0.16807249188423157,8.78886604309082,8.648994445800781,15.791817665100098,18.607418060302734,0.9317290782928467,0.8178211450576782,0.04139912500977516,0.05082787945866585,0.10740387439727783,0.07345297187566757,0.05758114904165268,0.06974130868911743,0.28038033843040466,0.31469544768333435,15.752969741821289,15.756582260131836,0.07636240869760513,0.21019476652145386,14.79360294342041,16.082256317138672,0.10742354393005371,0.3056670129299164,0.9586008787155151,0.9491721391677856,0.8925961256027222,0.9265470504760742,0.9408995509147644,0.9296836256980896,0.7208912968635559,0.6798099875450134,,,,,,,,,,,,,,,,,,,,,,,,,,,,,,
117,0,0.06512335687875748,0.17102886736392975,8.776788711547852,8.713985443115234,15.759954452514648,18.783937454223633,0.9313480854034424,0.8147270679473877,0.04135512560606003,0.05043293535709381,0.10616164654493332,0.07665814459323883,0.059040263295173645,0.07052748650312424,0.28327038884162903,0.3217807710170746,15.680424690246582,15.79599666595459,0.07512717694044113,0.21137261390686035,14.994296073913574,16.097944259643555,0.10779464244842529,0.30767667293548584,0.9586448669433594,0.9495670795440674,0.8938383460044861,0.9233418703079224,0.9394019842147827,0.9288909435272217,0.7180143594741821,0.6726009845733643,,,,,,,,,,,,,,,,,,,,,,,,,,,,,,
118,0,0.06334268301725388,0.17120963335037231,8.726419448852539,8.637083053588867,15.637722969055176,18.637916564941406,0.9332053661346436,0.8145745992660522,0.04072783142328262,0.049636147916316986,0.10403569787740707,0.07277897000312805,0.057726070284843445,0.07003431022167206,0.2807812988758087,0.32663002610206604,15.677021026611328,15.600833892822266,0.07530494779348373,0.20930221676826477,14.751749038696289,16.08576774597168,0.10701936483383179,0.30516040325164795,0.9592721462249756,0.9503638744354248,0.8959643244743347,0.9272210001945496,0.9407508373260498,0.9293882250785828,0.7204921245574951,0.667667031288147,,,,,,,,,,,,,,,,,,,,,,,,,,,,,,
119,0,0.06437981128692627,0.168897807598114,8.775562286376953,8.683788299560547,15.760079383850098,18.728984832763672,0.932098388671875,0.816944420337677,0.041461486369371414,0.05027136206626892,0.10603689402341843,0.07383682578802109,0.05820338428020477,0.070855513215065,0.28196248412132263,0.314862459897995,15.742388725280762,15.717180252075195,0.07545066624879837,0.20997507870197296,14.840953826904297,16.163116455078125,0.10753683745861053,0.30529993772506714,0.9585385322570801,0.9497286677360535,0.893963098526001,0.9261631965637207,0.9402608871459961,0.9285602569580078,0.7193163633346558,0.6796400547027588,,,,,,,,,,,,,,,,,,,,,,,,,,,,,,
120,0,0.06401381641626358,0.17072558403015137,8.705604553222656,8.613825798034668,15.635961532592773,18.671829223632812,0.932611346244812,0.814426064491272,0.04052449390292168,0.049923501908779144,0.10259346663951874,0.07651328295469284,0.05730743706226349,0.07123703509569168,0.29510238766670227,0.3124327063560486,15.58648681640625,15.626025199890137,0.0749630555510521,0.21089376509189606,14.66934585571289,16.09452247619629,0.10936466604471207,0.3005326986312866,0.9594755172729492,0.9500765204429626,0.8974065184593201,0.9234867095947266,0.9411805272102356,0.9281755685806274,0.7062360048294067,0.6821122169494629,,,,,,,,,,,,,,,,,,,,,,,,,,,,,,
121,0,0.06036170944571495,0.17085358500480652,8.584184646606445,8.459102630615234,15.430831909179688,18.43062400817871,0.9364063739776611,0.8145124912261963,0.040093302726745605,0.04766017198562622,0.09925857931375504,0.06736215204000473,0.05602484568953514,0.06912209093570709,0.28811410069465637,0.322319895029068,15.441934585571289,15.325103759765625,0.07356279343366623,0.20299258828163147,14.393143653869629,15.812074661254883,0.1075306087732315,0.3036893904209137,0.9599066972732544,0.9523398280143738,0.900741457939148,0.9326378107070923,0.9424969553947449,0.9303079843521118,0.7131925821304321,0.6720523834228516,,,,,,,,,,,,,,,,,,,,,,,,,,,,,,
122,0,0.05927370861172676,0.1676502674818039,8.520790100097656,8.472298622131348,15.237322807312012,18.511821746826172,0.9375242590904236,0.8181291818618774,0.038453709334135056,0.04745885357260704,0.09713289886713028,0.06685759872198105,0.05640073120594025,0.06991326808929443,0.28185179829597473,0.3130647838115692,15.258041381835938,15.295751571655273,0.0731094554066658,0.2022256851196289,14.385148048400879,15.877758026123047,0.10662497580051422,0.2998062074184418,0.9615463018417358,0.952541172504425,0.9028670787811279,0.9331424236297607,0.9421111345291138,0.929510235786438,0.7194265127182007,0.6814690828323364,,,,,,,,,,,,,,,,,,,,,,,,,,,,,,
123,0,0.058611948043107986,0.1650480031967163,8.480891227722168,8.4065523147583,15.191649436950684,18.386404037475586,0.9382973313331604,0.8208450078964233,0.03804902732372284,0.047443654388189316,0.09473343193531036,0.06658466160297394,0.055511247366666794,0.06916175037622452,0.2799466848373413,0.30589407682418823,15.184880256652832,15.226297378540039,0.07182113081216812,0.20191986858844757,14.247910499572754,15.783051490783691,0.10702944546937943,0.29829615354537964,0.961950957775116,0.9525563716888428,0.9052665829658508,0.9334153532981873,0.9430240988731384,0.9302679896354675,0.7213229537010193,0.6887650489807129,,,,,,,,,,,,,,,,,,,,,,,,,,,,,,
124,0,0.05827176943421364,0.16645024716854095,8.450400352478027,8.393305778503418,15.149421691894531,18.341100692749023,0.93868088722229,0.8194608688354492,0.038607027381658554,0.04599488154053688,0.09446494281291962,0.06620939821004868,0.05512199550867081,0.06899407505989075,0.27799734473228455,0.31380176544189453,15.1818208694458,15.108407974243164,0.0717971920967102,0.20171281695365906,14.220703125,15.762186050415039,0.10637062788009644,0.2998886704444885,0.9613929986953735,0.9540051221847534,0.9055350422859192,0.9337905645370483,0.9434236288070679,0.9304370284080505,0.7232635021209717,0.680719256401062,,,,,,,,,,,,,,,,,,,,,,,,,,,,,,
125,0,0.058419741690158844,0.16452154517173767,8.485461235046387,8.385927200317383,15.205004692077637,18.38499641418457,0.9385772943496704,0.8213383555412292,0.038642577826976776,0.046715591102838516,0.0937209203839302,0.06661179661750793,0.05586673691868782,0.06860474497079849,0.28136980533599854,0.302755743265152,15.264922142028809,15.148858070373535,0.07134715467691422,0.20101398229599,14.277656555175781,15.669601440429688,0.10664229094982147,0.29588600993156433,0.9613574147224426,0.9532843828201294,0.9062790870666504,0.9333881735801697,0.9426591992378235,0.9308295845985413,0.7199063301086426,0.6919581890106201,,,,,,,,,,,,,,,,,,,,,,,,,,,,,,
126,0,0.056944482028484344,0.1664154827594757,8.462737083435059,8.382668495178223,15.117063522338867,18.3941707611084,0.9400275945663452,0.8197451233863831,0.037814486771821976,0.046766750514507294,0.0932103618979454,0.062098126858472824,0.05565284565091133,0.0690760612487793,0.2730972170829773,0.3168615400791168,15.180805206298828,15.162184715270996,0.07113806903362274,0.19899514317512512,14.271553039550781,15.658590316772461,0.10505744069814682,0.30277588963508606,0.9621855020523071,0.9532332420349121,0.9067896604537964,0.9379018545150757,0.9428787231445312,0.9303543567657471,0.7281413674354553,0.6776061058044434,,,,,,,,,,,,,,,,,,,,,,,,,,,,,,
127,0,0.05626635625958443,0.16792140901088715,8.401450157165527,8.377132415771484,15.112215042114258,18.361717224121094,0.940890371799469,0.8180466890335083,0.038315292447805405,0.04592769220471382,0.09035471081733704,0.061840757727622986,0.05571717768907547,0.06844007968902588,0.27622705698013306,0.32104188203811646,15.129606246948242,14.981392860412598,0.07070372998714447,0.19730688631534576,14.246487617492676,15.666291236877441,0.10552085936069489,0.30260661244392395,0.9616847038269043,0.9540722966194153,0.9096453189849854,0.9381592273712158,0.9428127408027649,0.9309955835342407,0.7250257134437561,0.6733527183532715,,,,,,,,,,,,,,,,,,,,,,,,,,,,,,
128,0,0.057814713567495346,0.16489510238170624,8.475736618041992,8.340009689331055,15.210844039916992,18.353578567504883,0.9392256736755371,0.8213381171226501,0.038087163120508194,0.04765348508954048,0.09235435724258423,0.06500228494405746,0.05550965294241905,0.06861862540245056,0.27229729294776917,0.31197935342788696,15.084565162658691,15.332107543945312,0.07068117707967758,0.19796600937843323,14.146749496459961,15.64169692993164,0.10558121651411057,0.29920628666877747,0.9619128108024597,0.9523465037345886,0.9076456427574158,0.9349976778030396,0.9430257081985474,0.930815577507019,0.7289376258850098,0.6825735569000244,,,,,,,,,,,,,,,,,,,,,,,,,,,,,,
129,0,0.056500840932130814,0.16780199110507965,8.363314628601074,8.359509468078613,15.024568557739258,18.38007354736328,0.9405400156974792,0.8180239200592041,0.037675872445106506,0.045698679983615875,0.09185301512479782,0.06261225789785385,0.05606720224022865,0.06821920722723007,0.2798725366592407,0.3174304962158203,14.982129096984863,15.006234169006348,0.07097223401069641,0.1985684335231781,14.266958236694336,15.574618339538574,0.10613449662923813,0.30039075016975403,0.9623241424560547,0.9543012976646423,0.9081469774246216,0.9373877048492432,0.9424534440040588,0.9312182664871216,0.721396803855896,0.6770272254943848,,,,,,,,,,,,,,,,,,,,,,,,,,,,,,
130,0,0.05540788173675537,0.16465811431407928,8.424347877502441,8.296928405761719,15.104884147644043,18.24378204345703,0.9418976306915283,0.8213167190551758,0.03844156861305237,0.04563151299953461,0.08775244653224945,0.06058398261666298,0.05531614273786545,0.06709573417901993,0.27764540910720825,0.30853500962257385,15.17518138885498,15.019282341003418,0.06941458582878113,0.19668607413768768,14.119333267211914,15.506772994995117,0.10623840987682343,0.29688262939453125,0.96155846118927,0.9543684720993042,0.9122475385665894,0.9394159913063049,0.943224310874939,0.9323509931564331,0.7236137986183167,0.6860779523849487,,,,,,,,,,,,,,,,,,,,,,,,,,,,,,
131,0,0.05620245635509491,0.1655021756887436,8.363605499267578,8.271068572998047,15.029685020446777,18.17426300048828,0.940956711769104,0.8203769326210022,0.03757503628730774,0.045924704521894455,0.08964719623327255,0.0630265325307846,0.05481377989053726,0.0667068213224411,0.27846476435661316,0.3123205304145813,15.00098991394043,14.986315727233887,0.07016941159963608,0.19743084907531738,14.045930862426758,15.49206256866455,0.10636188834905624,0.29673710465431213,0.9624249935150146,0.9540753364562988,0.9103528261184692,0.9369734525680542,0.9437399506568909,0.9327431321144104,0.7227981686592102,0.6822263598442078,,,,,,,,,,,,,,,,,,,,,,,,,,,,,,
132,0,0.0560649074614048,0.16546078026294708,8.345785140991211,8.326764106750488,14.951078414916992,18.256153106689453,0.9410039186477661,0.8203085660934448,0.037159405648708344,0.04548192396759987,0.09085072576999664,0.06249236688017845,0.055285558104515076,0.06734554469585419,0.2816881835460663,0.3083266615867615,14.964378356933594,14.960206031799316,0.07051672786474228,0.19643697142601013,14.180673599243164,15.550942420959473,0.10607176274061203,0.29746493697166443,0.9628406167030334,0.9545180797576904,0.9091492891311646,0.9375076293945312,0.9432557225227356,0.9320991635322571,0.719589352607727,0.6862899661064148,,,,,,,,,,,,,,,,,,,,,,,,,,,,,,
133,0,0.055360134690999985,0.1674118936061859,8.32197380065918,8.328773498535156,14.914963722229004,18.22088050842285,0.9418312907218933,0.8183062076568604,0.03704892098903656,0.04515647143125534,0.0885181650519371,0.06195130571722984,0.054805267602205276,0.0674847885966301,0.28085580468177795,0.3173595368862152,14.937992095947266,14.897183418273926,0.06983016431331635,0.19682851433753967,14.172703742980957,15.564390182495117,0.10593380033969879,0.30155661702156067,0.9629510641098022,0.9548435211181641,0.9114818572998047,0.9380486607551575,0.9437487125396729,0.9319587349891663,0.7204179763793945,0.677099347114563,,,,,,,,,,,,,,,,,,,,,,,,,,,,,,
134,0,0.05529158189892769,0.16403263807296753,8.351187705993652,8.277666091918945,14.97046184539795,18.20599365234375,0.9418765902519226,0.8219996690750122,0.037494271993637085,0.04523288831114769,0.08930785953998566,0.06045859679579735,0.05478277429938316,0.0672755017876625,0.27621105313301086,0.30761340260505676,14.992755889892578,14.947235107421875,0.06981062889099121,0.19715270400047302,14.067109107971191,15.494192123413086,0.10622700303792953,0.2955387532711029,0.9625056982040405,0.954767107963562,0.9106921553611755,0.9395413994789124,0.9437717795372009,0.9321697950363159,0.7250416278839111,0.6870156526565552,,,,,,,,,,,,,,,,,,,,,,,,,,,,,,
135,0,0.05479723587632179,0.16575680673122406,8.363313674926758,8.291821479797363,14.994396209716797,18.24079132080078,0.9424517750740051,0.8200984001159668,0.037077005952596664,0.04620576649904251,0.08742403984069824,0.05948607623577118,0.0554313063621521,0.06687283515930176,0.27960577607154846,0.31151142716407776,14.959224700927734,15.038212776184082,0.06926152855157852,0.19568324089050293,14.139697074890137,15.461320877075195,0.10568616539239883,0.29871657490730286,0.962922990322113,0.9537942409515381,0.9125759601593018,0.9405139088630676,0.9431061148643494,0.9325757622718811,0.7216623425483704,0.6830495595932007,,,,,,,,,,,,,,,,,,,,,,,,,,,,,,
136,0,0.05521117523312569,0.16511374711990356,8.31813907623291,8.231921195983887,14.88315200805664,18.102807998657227,0.9419726729393005,0.8207908868789673,0.03685954958200455,0.045012567192316055,0.08846545219421387,0.061771709471940994,0.05398137494921684,0.06678729504346848,0.277182936668396,0.3127070367336273,14.915898323059082,14.910161018371582,0.06972869485616684,0.19538798928260803,13.953078269958496,15.447235107421875,0.10552546381950378,0.2983507812023163,0.9631404280662537,0.9549874663352966,0.9115345478057861,0.9382283091545105,0.9445943236351013,0.9326620101928711,0.7240741848945618,0.6818331480026245,,,,,,,,,,,,,,,,,,,,,,,,,,,,,,
137,1,0.05475117266178131,0.16218538582324982,8.304475784301758,8.244538307189941,14.883176803588867,18.188385009765625,0.9424110651016235,0.8236662149429321,0.036692630499601364,0.04527050629258156,0.08862238377332687,0.059770338237285614,0.0549318827688694,0.06676405668258667,0.2816717326641083,0.29607561230659485,14.86385440826416,14.918932914733887,0.06946983933448792,0.19528451561927795,14.017608642578125,15.426400184631348,0.10572060942649841,0.2920949459075928,0.9633073806762695,0.9547294974327087,0.9113776087760925,0.9402296543121338,0.9436187148094177,0.9326854348182678,0.7196057438850403,0.6987549066543579,,,,,,,,,,,,,,,,,,,,,,,,,,,,,,
138,0,0.05385725945234299,0.16527913510799408,8.307157516479492,8.215998649597168,14.902488708496094,18.13219451904297,0.9435328841209412,0.8206067085266113,0.037015192210674286,0.045038025826215744,0.084803007543087,0.05901222303509712,0.05425889045000076,0.06685108691453934,0.2778368890285492,0.3124481439590454,14.917015075683594,14.867303848266602,0.0689513310790062,0.19363446533679962,13.951605796813965,15.388689041137695,0.1053885668516159,0.2961879372596741,0.9629848003387451,0.9549619555473328,0.9151970148086548,0.940987765789032,0.9443094730377197,0.9325976967811584,0.723423182964325,0.682096540927887,,,,,,,,,,,,,,,,,,,,,,,,,,,,,,
139,0,0.05452639237046242,0.1642494797706604,8.3001127243042,8.26025104522705,14.8336763381958,18.207618713378906,0.9425724744796753,0.8218509554862976,0.036216095089912415,0.04532879590988159,0.08927277475595474,0.05889242887496948,0.05458277463912964,0.06760239601135254,0.2743658721446991,0.30988165736198425,14.845660209655762,14.925195693969727,0.06980597227811813,0.19339074194431305,13.995135307312012,15.513257026672363,0.10553157329559326,0.2936463952064514,0.9637839198112488,0.9546712040901184,0.9107272624969482,0.9411075711250305,0.9439770579338074,0.931840181350708,0.7268785238265991,0.6847078204154968,,,,,,,,,,,,,,,,,,,,,,,,,,,,,,
140,0,0.054117538034915924,0.16510438919067383,8.325992584228516,8.24783992767334,14.877204895019531,18.185192108154297,0.9431524872779846,0.820884108543396,0.03674137592315674,0.04511387646198273,0.08669467270374298,0.058840062469244,0.05467088147997856,0.06710103899240494,0.2762293219566345,0.3122673034667969,14.924105644226074,14.93509292602539,0.0688742995262146,0.1925744265317917,14.015787124633789,15.438054084777832,0.10521050542593002,0.2960788309574127,0.9632586240768433,0.9548861384391785,0.9133053421974182,0.9411599636077881,0.9438866376876831,0.9323456883430481,0.7250235080718994,0.6822805404663086,,,,,,,,,,,,,,,,,,,,,,,,,,,,,,
141,0,0.05452057719230652,0.16566768288612366,8.312891006469727,8.276490211486816,14.872127532958984,18.29121208190918,0.9426501989364624,0.8202385902404785,0.036733485758304596,0.04505652189254761,0.08848335593938828,0.05912603810429573,0.055314626544713974,0.06787995249032974,0.2786374092102051,0.31102776527404785,14.918648719787598,14.887913703918457,0.0696478933095932,0.19341422617435455,14.059783935546875,15.496816635131836,0.1054052785038948,0.29766151309013367,0.9632664918899536,0.9549434781074524,0.9115166664123535,0.9408739805221558,0.9432258605957031,0.9315603375434875,0.7226263284683228,0.6835416555404663,,,,,,,,,,,,,,,,,,,,,,,,,,,,,,
142,0,0.05315166339278221,0.16582857072353363,8.249727249145508,8.254612922668457,14.709897994995117,18.2630615234375,0.9440792202949524,0.8200912475585938,0.03635754436254501,0.043430160731077194,0.0869515985250473,0.05694366991519928,0.05506864935159683,0.06778468191623688,0.27789101004600525,0.31267961859703064,14.841604232788086,14.731025695800781,0.06909355521202087,0.1917363405227661,13.982101440429688,15.502060890197754,0.10555297881364822,0.29825761914253235,0.9636424779891968,0.9565698504447937,0.9130483865737915,0.9430563449859619,0.9434783458709717,0.9316564202308655,0.723369300365448,0.6818610429763794,,,,,,,,,,,,,,,,,,,,,,,,,,,,,,
143,0,0.052756167948246,0.16581961512565613,8.204849243164062,8.223408699035645,14.702725410461426,18.164609909057617,0.9446089863777161,0.8197427988052368,0.036077830940485,0.043764155358076096,0.0842902660369873,0.05743195861577988,0.05451129376888275,0.06700363755226135,0.2850334942340851,0.3083975315093994,14.76237678527832,14.648347854614258,0.06804821640253067,0.19191274046897888,13.996127128601074,15.368168830871582,0.10611989349126816,0.2924993336200714,0.9639221429824829,0.9562358856201172,0.9157097339630127,0.9425680637359619,0.9440504312515259,0.9324438571929932,0.716259241104126,0.6862179040908813,,,,,,,,,,,,,,,,,,,,,,,,,,,,,,
144,0,0.05273205414414406,0.16561828553676605,8.220785140991211,8.212309837341309,14.682978630065918,18.175891876220703,0.9444753527641296,0.820360004901886,0.03567294031381607,0.04412166774272919,0.08667401969432831,0.05562996491789818,0.05508146807551384,0.06633097678422928,0.276388943195343,0.31452038884162903,14.731682777404785,14.750653266906738,0.06879795342683792,0.18989576399326324,13.990206718444824,15.329437255859375,0.10510513931512833,0.2955554723739624,0.9643270373344421,0.9558783173561096,0.9133259654045105,0.9443700313568115,0.9434652328491211,0.9331220984458923,0.7248646020889282,0.6799880862236023,,,,,,,,,,,,,,,,,,,,,,,,,,,,,,
145,0,0.053350936621427536,0.16479623317718506,8.217846870422363,8.20776653289795,14.759716033935547,18.136714935302734,0.9439703226089478,0.8212057948112488,0.03624821454286575,0.04427330568432808,0.08527808636426926,0.05831922963261604,0.05442718416452408,0.06667225062847137,0.2757486402988434,0.31214362382888794,14.705926895141602,14.76750659942627,0.06867098808288574,0.19259242713451385,13.942469596862793,15.369016647338867,0.10493941605091095,0.294649213552475,0.9637517929077148,0.955726683139801,0.9147219061851501,0.9416807889938354,0.9441367387771606,0.932778000831604,0.7255020141601562,0.6824064254760742,,,,,,,,,,,,,,,,,,,,,,,,,,,,,,
146,0,0.052805185317993164,0.1649489551782608,8.228950500488281,8.27998161315918,14.702540397644043,18.229427337646484,0.9445704817771912,0.8209360241889954,0.035860978066921234,0.04409576207399368,0.08390963822603226,0.05785160884261131,0.05474262312054634,0.06772113591432571,0.278903067111969,0.3087600767612457,14.724949836730957,14.790365219116211,0.06824901700019836,0.1913851499557495,14.031967163085938,15.547375679016113,0.10568547993898392,0.29330915212631226,0.9641390442848206,0.9559042453765869,0.9160903692245483,0.9421483874320984,0.9438129663467407,0.9317204356193542,0.7223618626594543,0.6858490109443665,,,,,,,,,,,,,,,,,,,,,,,,,,,,,,
147,0,0.05279889702796936,0.1669463813304901,8.191920280456543,8.233981132507324,14.680764198303223,18.09561538696289,0.9445427656173706,0.8187157511711121,0.035874586552381516,0.04378068819642067,0.08452560752630234,0.05764808878302574,0.05380281060934067,0.06693725287914276,0.2810933291912079,0.3170708119869232,14.699849128723145,14.673088073730469,0.06845875084400177,0.19096694886684418,13.91504955291748,15.500018119812012,0.10513351112604141,0.29890498518943787,0.964125394821167,0.9562193155288696,0.9154744148254395,0.9423518776893616,0.9447776079177856,0.9325107932090759,0.7201815247535706,0.6773931384086609,,,,,,,,,,,,,,,,,,,,,,,,,,,,,,
148,0,0.0529717318713665,0.16577279567718506,8.177326202392578,8.16908073425293,14.663996696472168,18.048583984375,0.9443036317825317,0.8201019167900085,0.03615422546863556,0.04312357306480408,0.08597705513238907,0.05753049999475479,0.053810421377420425,0.0661584660410881,0.27700626850128174,0.3163841962814331,14.70924186706543,14.602335929870605,0.06883502751588821,0.19173036515712738,13.827458381652832,15.350090980529785,0.10443303734064102,0.29816487431526184,0.9638457894325256,0.9568764567375183,0.9140229225158691,0.9424694776535034,0.9447697997093201,0.9332960247993469,0.724250078201294,0.6780917644500732,,,,,,,,,,,,,,,,,,,,,,,,,,,,,,
149,0,0.051628462970256805,0.1653764545917511,8.17261791229248,8.137499809265137,14.62636661529541,18.052080154418945,0.9458640217781067,0.8205073475837708,0.03644552826881409,0.04216838255524635,0.08227751404047012,0.055652424693107605,0.05408424884080887,0.06580430269241333,0.27733898162841797,0.3145395517349243,14.786421775817871,14.492958068847656,0.06734643876552582,0.18995441496372223,13.809267044067383,15.249519348144531,0.10474859923124313,0.29599037766456604,0.9635544419288635,0.957831621170044,0.9177224636077881,0.9443475604057312,0.9444887638092041,0.9336531162261963,0.7239188551902771,0.6799685955047607,,,,,,,,,,,,,,,,,,,,,,,,,,,,,,
150,0,0.051343563944101334,0.1656951904296875,8.178611755371094,8.191006660461426,14.668732643127441,18.158275604248047,0.9461435079574585,0.8202418088912964,0.03536166995763779,0.04440939798951149,0.08130073547363281,0.05435409024357796,0.05502375215291977,0.06612870842218399,0.2771380841732025,0.31451085209846497,14.626096725463867,14.713253021240234,0.06748256832361221,0.18777206540107727,13.945470809936523,15.300732612609863,0.10408753901720047,0.2942700684070587,0.964638352394104,0.9555906057357788,0.9186992645263672,0.9456459283828735,0.9435244202613831,0.933326005935669,0.7241188287734985,0.6799978017807007,,,,,,,,,,,,,,,,,,,,,,,,,,,,,,
151,0,0.05064205452799797,0.16474489867687225,8.1388578414917,8.126726150512695,14.58556842803955,17.991994857788086,0.9469388127326965,0.8212248086929321,0.03584618493914604,0.04254448041319847,0.08004796504974365,0.05380604788661003,0.05376145988702774,0.06531156599521637,0.2753598392009735,0.3144691288471222,14.681041717529297,14.489256858825684,0.06684866547584534,0.18686632812023163,13.784525871276855,15.23785400390625,0.10414189100265503,0.2950407862663269,0.9641538262367249,0.9574555158615112,0.9199520349502563,0.9461939334869385,0.9448200464248657,0.9341499209403992,0.7258889675140381,0.6800402402877808,,,,,,,,,,,,,,,,,,,,,,,,,,,,,,
152,0,0.050487350672483444,0.16360820829868317,8.107392311096191,8.131548881530762,14.510912895202637,18.054710388183594,0.9470407366752625,0.822468101978302,0.03521909564733505,0.04251230135560036,0.08039359003305435,0.05371219292283058,0.05411685258150101,0.06579907983541489,0.27435827255249023,0.3097194731235504,14.556784629821777,14.512950897216797,0.0663302019238472,0.18839502334594727,13.78758430480957,15.254756927490234,0.10420210659503937,0.2933471202850342,0.9647809267044067,0.9574877023696899,0.9196064472198486,0.9462878108024597,0.9444552659988403,0.9336583614349365,0.7268860340118408,0.6848728656768799,,,,,,,,,,,,,,,,,,,,,,,,,,,,,,
153,0,0.04986375570297241,0.16278581321239471,8.100340843200684,8.11575698852539,14.490262985229492,18.04608726501465,0.9477142691612244,0.8233177065849304,0.03515741229057312,0.042332328855991364,0.0793818011879921,0.052271369844675064,0.05388226732611656,0.06601154804229736,0.27411916851997375,0.3066394627094269,14.544791221618652,14.502140998840332,0.06614074110984802,0.18573087453842163,13.739974021911621,15.250057220458984,0.10393133014440536,0.2925095558166504,0.9648425579071045,0.9576677083969116,0.9206181764602661,0.9477286338806152,0.9446960687637329,0.9334441423416138,0.7271240949630737,0.6880066394805908,,,,,,,,,,,,,,,,,,,,,,,,,,,,,,
154,0,0.049982547760009766,0.16459152102470398,7.993884086608887,8.106943130493164,14.294178009033203,18.042146682739258,0.9474142789840698,0.8213410377502441,0.033993858844041824,0.041530583053827286,0.0815586969256401,0.05325984209775925,0.05382965877652168,0.06602542847394943,0.2765654921531677,0.3120562732219696,14.35331916809082,14.306081771850586,0.06688742339611053,0.18786276876926422,13.738908767700195,15.21320629119873,0.10436546057462692,0.2958090901374817,0.9660061597824097,0.9584694504737854,0.9184412956237793,0.9467401504516602,0.9447500705718994,0.9334301352500916,0.7246888279914856,0.6824952363967896,,,,,,,,,,,,,,,,,,,,,,,,,,,,,,
155,0,0.049383264034986496,0.1654680073261261,8.048056602478027,8.126412391662598,14.403014183044434,18.04396629333496,0.9481359124183655,0.8204484581947327,0.03478650003671646,0.041745319962501526,0.08003096282482147,0.05089358612895012,0.053962331265211105,0.06585507094860077,0.2764039635658264,0.3157585859298706,14.513588905334473,14.33032512664795,0.0664704293012619,0.18620522320270538,13.784627914428711,15.235635757446289,0.10431378334760666,0.2958029508590698,0.9652134776115417,0.9582546949386597,0.9199690222740173,0.9491063952445984,0.9446138739585876,0.9336019158363342,0.7248495817184448,0.6787282824516296,,,,,,,,,,,,,,,,,,,,,,,,,,,,,,
156,0,0.0499880313873291,0.16536347568035126,8.063041687011719,8.106614112854004,14.399789810180664,18.06254768371582,0.9474599957466125,0.8205959796905518,0.03421633318066597,0.04258095845580101,0.08082935959100723,0.052533380687236786,0.054046422243118286,0.06603164225816727,0.2756612002849579,0.3156452178955078,14.46796989440918,14.445016860961914,0.0664634183049202,0.18665683269500732,13.764174461364746,15.181780815124512,0.10407805442810059,0.2963314652442932,0.9657836556434631,0.9574190378189087,0.919170618057251,0.9474666118621826,0.9445275664329529,0.9334238767623901,0.7255890369415283,0.67884361743927,,,,,,,,,,,,,,,,,,,,,,,,,,,,,,
157,0,0.04939315840601921,0.16508667171001434,8.07784366607666,8.11142349243164,14.450675964355469,18.045835494995117,0.948222279548645,0.8208061456680298,0.034506045281887054,0.04280954226851463,0.07806859910488129,0.05172691121697426,0.053710538893938065,0.06626425683498383,0.2770079970359802,0.3136098384857178,14.467876434326172,14.50663948059082,0.065436951816082,0.18509580194950104,13.741792678833008,15.228528022766113,0.1046813577413559,0.2943704128265381,0.9654939770698547,0.9571904540061951,0.9219313859939575,0.9482730627059937,0.9448723196983337,0.933189332485199,0.7242483496665955,0.6809145212173462,,,,,,,,,,,,,,,,,,,,,,,,,,,,,,
158,0,0.048975858837366104,0.16470573842525482,7.987088203430176,8.12859058380127,14.342623710632324,18.097492218017578,0.9486385583877563,0.8213324546813965,0.034234948456287384,0.04179714620113373,0.077814981341362,0.05159842595458031,0.05421670898795128,0.06634669750928879,0.27466681599617004,0.31323912739753723,14.338285446166992,14.29992389678955,0.06569554656744003,0.1860216110944748,13.783424377441406,15.246954917907715,0.10420577973127365,0.29449501633644104,0.9657650589942932,0.9582028388977051,0.9221850037574768,0.9484015703201294,0.9443528056144714,0.9331062436103821,0.7265788912773132,0.6812917590141296,,,,,,,,,,,,,,,,,,,,,,,,,,,,,,
159,0,0.04892651364207268,0.1648794561624527,8.034730911254883,8.155402183532715,14.394376754760742,18.12253761291504,0.9487015008926392,0.8210039138793945,0.034770868718624115,0.04165509715676308,0.07805223017930984,0.050715938210487366,0.05461329594254494,0.06616073846817017,0.2784471809864044,0.3106163740158081,14.444191932678223,14.363280296325684,0.06568128615617752,0.18472015857696533,13.850484848022461,15.273716926574707,0.10428591072559357,0.29362115263938904,0.9652291536331177,0.9583449363708496,0.9219477772712708,0.9492840766906738,0.9439457058906555,0.9332937002182007,0.7228156328201294,0.6839603185653687,,,,,,,,,,,,,,,,,,,,,,,,,,,,,,
160,0,0.04838801547884941,0.16460619866847992,8.009214401245117,8.082813262939453,14.299192428588867,18.015810012817383,0.949230432510376,0.8213772773742676,0.033916957676410675,0.04171561449766159,0.07738266885280609,0.05006316304206848,0.053838346153497696,0.06558334827423096,0.2753147780895233,0.3135669529438019,14.330831527709961,14.398643493652344,0.0658000260591507,0.18466252088546753,13.688193321228027,15.17977523803711,0.10400854051113129,0.29471343755722046,0.9660830497741699,0.9582843780517578,0.9226173162460327,0.9499368071556091,0.9447411298751831,0.9338758587837219,0.725933849811554,0.6809582114219666,,,,,,,,,,,,,,,,,,,,,,,,,,,,,,
161,0,0.04814142361283302,0.1653522253036499,7.9807844161987305,8.097094535827637,14.277371406555176,18.046672821044922,0.949489414691925,0.8205969929695129,0.03402477875351906,0.0412629209458828,0.07724021375179291,0.04951449856162071,0.0538710318505764,0.06603635102510452,0.2756872773170471,0.3157880902290344,14.331053733825684,14.28583812713623,0.06555070728063583,0.18381397426128387,13.702473640441895,15.218382835388184,0.10374047607183456,0.29550743103027344,0.9659752249717712,0.9587370753288269,0.9227597713470459,0.9504854679107666,0.9447075724601746,0.9334191083908081,0.7255630493164062,0.6786983013153076,,,,,,,,,,,,,,,,,,,,,,,,,,,,,,
162,0,0.047841787338256836,0.16483937203884125,7.950228691101074,8.095131874084473,14.251863479614258,18.0090274810791,0.9498422145843506,0.8210933208465576,0.03419202193617821,0.04067069664597511,0.07643379271030426,0.04933454096317291,0.0536588579416275,0.06574266403913498,0.27610328793525696,0.3139350712299347,14.340126991271973,14.154881477355957,0.0651775449514389,0.1819998174905777,13.702079772949219,15.21143627166748,0.1040339544415474,0.29496994614601135,0.9658079743385315,0.9593293070793152,0.9235662221908569,0.9506654739379883,0.9449253678321838,0.9337152242660522,0.7251489162445068,0.680583655834198,,,,,,,,,,,,,,,,,,,,,,,,,,,,,,
163,0,0.04778530076146126,0.16531498730182648,7.99049186706543,8.045830726623535,14.255752563476562,17.977622985839844,0.9500056505203247,0.8206010460853577,0.034170616418123245,0.04075445979833603,0.07453534007072449,0.05051716789603233,0.053425174206495285,0.06558310985565186,0.2758025825023651,0.31655824184417725,14.393199920654297,14.24915885925293,0.06464903056621552,0.18466971814632416,13.605169296264648,15.13315486907959,0.10377643257379532,0.29447248578071594,0.9658293724060059,0.9592455625534058,0.9254646897315979,0.949482798576355,0.94516521692276,0.933876097202301,0.7254482507705688,0.6779146790504456,,,,,,,,,,,,,,,,,,,,,,,,,,,,,,
164,0,0.04775216057896614,0.16441114246845245,7.960092067718506,8.052459716796875,14.200505256652832,18.009395599365234,0.9499331116676331,0.8215555548667908,0.0335288941860199,0.04102075845003128,0.07579940557479858,0.04991845414042473,0.053623054176568985,0.06580273061990738,0.275627076625824,0.31256037950515747,14.26170539855957,14.288190841674805,0.06495612859725952,0.18327811360359192,13.645125389099121,15.113142013549805,0.10379339754581451,0.2932335436344147,0.9664710760116577,0.9589792490005493,0.9242005944252014,0.9500815272331238,0.9449620842933655,0.9336546659469604,0.7256230115890503,0.6819823384284973,,,,,,,,,,,,,,,,,,,,,,,,,,,,,,
165,0,0.04736369475722313,0.1656915694475174,7.931972980499268,8.065821647644043,14.122977256774902,17.995403289794922,0.9502829313278198,0.820234477519989,0.033419713377952576,0.04017976298928261,0.07634925842285156,0.048919662833213806,0.05358957499265671,0.06562457978725433,0.2755138874053955,0.31807515025138855,14.252409934997559,14.18798542022705,0.06508264690637589,0.18230833113193512,13.680380821228027,15.121980667114258,0.10372964292764664,0.2952948808670044,0.9665802717208862,0.9598202705383301,0.9236507415771484,0.951080322265625,0.9449964761734009,0.9338343143463135,0.7257356643676758,0.6763712763786316,,,,,,,,,,,,,,,,,,,,,,,,,,,,,,
166,0,0.04717528447508812,0.1645231992006302,7.902512073516846,8.069787979125977,14.149205207824707,17.99697494506836,0.9505041837692261,0.8214794397354126,0.03325943648815155,0.04076772928237915,0.07558657974004745,0.04836936667561531,0.053807999938726425,0.06532261520624161,0.27484527230262756,0.3139137923717499,14.18967056274414,14.146313667297363,0.06483814120292664,0.18247932195663452,13.707589149475098,15.107208251953125,0.10393435508012772,0.29325827956199646,0.9667405486106873,0.9592322707176208,0.9244134426116943,0.9516306519508362,0.9447722434997559,0.9341387748718262,0.7264012098312378,0.6806052923202515,,,,,,,,,,,,,,,,,,,,,,,,,,,,,,
167,0,0.04714442417025566,0.16559389233589172,7.965520858764648,8.06493091583252,14.271708488464355,17.99245834350586,0.9506412148475647,0.8202698230743408,0.03417481854557991,0.040957726538181305,0.07453399151563644,0.04776865243911743,0.05360439792275429,0.06555473059415817,0.2769818603992462,0.3165539503097534,14.359657287597656,14.192484855651855,0.06467520445585251,0.18221762776374817,13.675443649291992,15.124817848205566,0.10388297587633133,0.2946535050868988,0.9658252000808716,0.9590423107147217,0.925466001033783,0.9522313475608826,0.9449812173843384,0.9339047074317932,0.7242743372917175,0.6779190301895142,35775.0,35774.0,1.0,1.0,1.0,0.0,1.0,0.0,0.0,0.0,8943.0,8943.0,0.0,0.0,0.0,0.0,1.0,0.0,0.0,0.0,4968.0,4968.0,0.0,0.0,0.0,0.0,1.0,0.0,0.0,0.0
