epoch,is_best_epoch,train_loss,val_loss,train_mae,val_mae,train_rmse,val_rmse,train_r2,val_r2,train_abs_loss,train_emi_loss,train_plqy_loss,train_em_loss,val_abs_loss,val_emi_loss,val_plqy_loss,val_em_loss,train_abs_mae,train_emi_mae,train_plqy_mae,train_em_mae,val_abs_mae,val_emi_mae,val_plqy_mae,val_em_mae,train_abs_r2,train_emi_r2,train_plqy_r2,train_em_r2,val_abs_r2,val_emi_r2,val_plqy_r2,val_em_r2,train_total_rows_before,train_kept_rows,train_dropped_total_rows,train_solute_skipped_rows,train_solute_invalid_count,train_solute_missing_count,train_solvent_smiles_required,train_solvent_skipped_rows,train_solvent_invalid_count,train_solvent_missing_count,val_total_rows_before,val_kept_rows,val_dropped_total_rows,val_solute_skipped_rows,val_solute_invalid_count,val_solute_missing_count,val_solvent_smiles_required,val_solvent_skipped_rows,val_solvent_invalid_count,val_solvent_missing_count,test_total_rows_before,test_kept_rows,test_dropped_total_rows,test_solute_skipped_rows,test_solute_invalid_count,test_solute_missing_count,test_solvent_smiles_required,test_solvent_skipped_rows,test_solvent_invalid_count,test_solvent_missing_count
1,0,1.1543020009994507,0.5424256324768066,40.345394134521484,23.94169807434082,71.8088150024414,42.845008850097656,-0.18603894114494324,0.4404495358467102,0.8991519212722778,0.9967395663261414,1.480488896369934,1.3677749633789062,0.30011388659477234,0.3905084729194641,0.8890604376792908,0.7121509909629822,73.577880859375,70.46297454833984,0.3086230754852295,1.018414855003357,41.452850341796875,44.86853790283203,0.2511006295681,0.7100144624710083,0.10084795951843262,0.0032602548599243164,-0.4804891347885132,-0.3677748441696167,0.7022658586502075,0.620518684387207,0.13535308837890625,0.3036605715751648,,,,,,,,,,,,,,,,,,,,,,,,,,,,,,
2,0,0.5807238221168518,0.5068093538284302,25.75690269470215,22.997331619262695,45.607872009277344,41.19534683227539,0.3888314962387085,0.4770296812057495,0.34796178340911865,0.42468753457069397,0.9048610925674438,0.7671636343002319,0.27228522300720215,0.36889517307281494,0.8269649147987366,0.6739843487739563,45.363677978515625,46.80747604370117,0.2527832090854645,0.7261703014373779,39.827964782714844,43.111392974853516,0.24705247581005096,0.6526384949684143,0.6520381569862366,0.5753124952316284,0.0951387882232666,0.23283648490905762,0.729873776435852,0.641521692276001,0.19574350118637085,0.34097981452941895,,,,,,,,,,,,,,,,,,,,,,,,,,,,,,
3,0,0.5202645063400269,0.4497522711753845,23.167144775390625,19.511987686157227,41.337528228759766,35.739601135253906,0.4491986632347107,0.5326213240623474,0.2847561836242676,0.3505474328994751,0.8433005809783936,0.7246010303497314,0.20518898963928223,0.2772451937198639,0.765811026096344,0.6665535569190979,40.67683410644531,42.19890594482422,0.24279043078422546,0.6952967047691345,33.31826400756836,37.03881072998047,0.23133835196495056,0.6431630849838257,0.7152438163757324,0.6494525671005249,0.1566992998123169,0.27539902925491333,0.7964380383491516,0.730583667755127,0.2552180886268616,0.34824562072753906,,,,,,,,,,,,,,,,,,,,,,,,,,,,,,
4,0,0.4797930419445038,0.4298039972782135,21.668418884277344,18.59309196472168,38.802398681640625,34.494991302490234,0.49105268716812134,0.5532339811325073,0.24994388222694397,0.3103289008140564,0.7834045886993408,0.6921119093894958,0.18533648550510406,0.2671358585357666,0.7250709533691406,0.6529412865638733,37.92951202392578,39.574546813964844,0.23147469758987427,0.6812692880630493,31.31861114501953,35.78368377685547,0.22601300477981567,0.6356289982795715,0.7500560879707336,0.6896710991859436,0.21659529209136963,0.3078882694244385,0.8161331415176392,0.7404075264930725,0.2948395013809204,0.36155563592910767,,,,,,,,,,,,,,,,,,,,,,,,,,,,,,
5,0,0.4458564221858978,0.4209570288658142,20.650325775146484,19.583831787109375,36.985557556152344,36.00515365600586,0.5263075828552246,0.5659472942352295,0.22683867812156677,0.2823237180709839,0.7361297011375427,0.6494773626327515,0.21411217749118805,0.2724412679672241,0.6701890826225281,0.6210516095161438,36.106224060058594,37.753021240234375,0.2226024717092514,0.6595320701599121,34.5311279296875,35.84862518310547,0.2145906537771225,0.6782369613647461,0.7731612920761108,0.7176762819290161,0.26387012004852295,0.35052263736724854,0.7875856161117554,0.7352519035339355,0.3482142686843872,0.39273732900619507,,,,,,,,,,,,,,,,,,,,,,,,,,,,,,
6,0,0.4171573221683502,0.37162554264068604,19.86155891418457,17.649089813232422,35.66523361206055,32.29035568237305,0.5574178099632263,0.615440845489502,0.2117498517036438,0.26126742362976074,0.6771650910377502,0.6201464533805847,0.17715129256248474,0.21156436204910278,0.6077601313591003,0.5786768198013306,34.82838439941406,36.18412399291992,0.21147504448890686,0.6410104036331177,31.222135543823242,32.200523376464844,0.19673237204551697,0.5923599004745483,0.7882501482963562,0.7387325763702393,0.322834849357605,0.37985366582870483,0.8242534399032593,0.7944098114967346,0.40892893075942993,0.43417125940322876,,,,,,,,,,,,,,,,,,,,,,,,,,,,,,
7,0,0.39462295174598694,0.3510622978210449,19.09116554260254,16.477113723754883,34.47385025024414,30.600244522094727,0.5815141797065735,0.6348206400871277,0.1990872472524643,0.24218341708183289,0.6359965801239014,0.5966761112213135,0.14985230565071106,0.2040976583957672,0.5958715081214905,0.5463401675224304,33.396095275878906,34.870452880859375,0.20324508845806122,0.6245602369308472,28.187904357910156,31.185298919677734,0.19682808220386505,0.5720946192741394,0.8009127378463745,0.7578165531158447,0.36400341987609863,0.4033239483833313,0.8513359427452087,0.8016656637191772,0.420491099357605,0.4657899737358093,,,,,,,,,,,,,,,,,,,,,,,,,,,,,,
8,0,0.36864420771598816,0.34484124183654785,18.431884765625,16.859769821166992,33.27055740356445,31.08035659790039,0.6087305545806885,0.6429449319839478,0.18342341482639313,0.22865737974643707,0.5977177023887634,0.5552793741226196,0.16046470403671265,0.2015916109085083,0.5647756457328796,0.5357569456100464,32.12089157104492,33.820987701416016,0.1953815072774887,0.5960482358932495,29.94040298461914,30.600868225097656,0.18713119626045227,0.5884758234024048,0.8165765404701233,0.7713426351547241,0.402282178401947,0.44472068548202515,0.8408076763153076,0.8041009306907654,0.4507330656051636,0.476138174533844,,,,,,,,,,,,,,,,,,,,,,,,,,,,,,
9,0,0.3556978404521942,0.31289058923721313,18.051206588745117,15.191280364990234,32.56161117553711,28.62969398498535,0.6228463053703308,0.6755670309066772,0.17631177604198456,0.21805855631828308,0.5693541169166565,0.5448902249336243,0.13268162310123444,0.17635013163089752,0.5103569626808167,0.5097059011459351,31.523578643798828,33.03703308105469,0.18922550976276398,0.591079592704773,26.057411193847656,28.64626121520996,0.17543768882751465,0.5544611811637878,0.8236882090568542,0.7819414138793945,0.43064582347869873,0.4551098346710205,0.8683704733848572,0.8286296129226685,0.5036574006080627,0.5016108751296997,,,,,,,,,,,,,,,,,,,,,,,,,,,,,,
10,0,0.33543291687965393,0.3018108010292053,17.46145248413086,14.985980987548828,31.627304077148438,28.204559326171875,0.6440266370773315,0.686652660369873,0.16571228206157684,0.206687793135643,0.5419042110443115,0.5095891952514648,0.13027332723140717,0.16885924339294434,0.5019286870956421,0.4826277494430542,30.48515510559082,31.97013282775879,0.1839003562927246,0.5689098834991455,26.111574172973633,27.777063369750977,0.1776755005121231,0.5381316542625427,0.834287703037262,0.7933121919631958,0.4580957293510437,0.49041086435317993,0.8707596659660339,0.8359090089797974,0.5118542313575745,0.528087854385376,,,,,,,,,,,,,,,,,,,,,,,,,,,,,,
11,0,0.3212229013442993,0.2930907905101776,17.072813034057617,15.063209533691406,30.91985511779785,28.099384307861328,0.6595077514648438,0.6962237358093262,0.16013744473457336,0.1948462724685669,0.513090968132019,0.4938942492008209,0.12875358760356903,0.16844409704208374,0.47941967844963074,0.46781644225120544,29.853897094726562,31.20524787902832,0.1783164143562317,0.5536929368972778,25.7974853515625,28.48917579650879,0.1719176173210144,0.515398383140564,0.8398625254631042,0.8051537275314331,0.4869089722633362,0.5061057806015015,0.8722673654556274,0.8363124132156372,0.5337451696395874,0.5425702333450317,,,,,,,,,,,,,,,,,,,,,,,,,,,,,,
12,0,0.3080601096153259,0.28134724497795105,16.750192642211914,14.393511772155762,30.398639678955078,27.424840927124023,0.6734417080879211,0.7088801264762878,0.1546081006526947,0.18860436975955963,0.49339017271995544,0.46963053941726685,0.12633156776428223,0.15482524037361145,0.4531635642051697,0.4581489562988281,29.400697708129883,30.487262725830078,0.173183873295784,0.5389904975891113,25.178630828857422,26.59331512451172,0.16195136308670044,0.49021297693252563,0.8453918695449829,0.8113956451416016,0.5066097378730774,0.5303695201873779,0.874670147895813,0.8495467305183411,0.559280276298523,0.5520231127738953,,,,,,,,,,,,,,,,,,,,,,,,,,,,,,
13,0,0.29636961221694946,0.27880021929740906,16.46753692626953,14.237130165100098,29.912416458129883,26.979167938232422,0.6859492063522339,0.7112802267074585,0.15022015571594238,0.18182373046875,0.47400251030921936,0.45015662908554077,0.11850818991661072,0.15555712580680847,0.44797199964523315,0.46070384979248047,28.8901424407959,29.997831344604492,0.16976535320281982,0.5226353406906128,24.605710983276367,26.641019821166992,0.16190488636493683,0.5058518052101135,0.8497797846794128,0.81817626953125,0.5259974598884583,0.549843430519104,0.8824315071105957,0.8488354682922363,0.5643292665481567,0.5495249032974243,,,,,,,,,,,,,,,,,,,,,,,,,,,,,,
14,0,0.28248828649520874,0.2649657130241394,16.09245491027832,13.76005744934082,29.33409309387207,26.32669448852539,0.7002972960472107,0.7252767086029053,0.14494282007217407,0.17413318157196045,0.45993760228157043,0.41979721188545227,0.11396084725856781,0.14642228186130524,0.4331870675086975,0.43184444308280945,28.20754623413086,29.350296020507812,0.16645890474319458,0.5041995644569397,24.01350975036621,25.4903507232666,0.15642766654491425,0.46836236119270325,0.8550571203231812,0.8258668184280396,0.5400623083114624,0.5802028179168701,0.8869428038597107,0.8577123880386353,0.5787082314491272,0.577743649482727,,,,,,,,,,,,,,,,,,,,,,,,,,,,,,
15,0,0.2731693983078003,0.25904107093811035,15.805379867553711,13.375402450561523,28.79737663269043,25.483213424682617,0.7102616429328918,0.731937825679779,0.13867998123168945,0.16936632990837097,0.44199272990226746,0.40891432762145996,0.10513294488191605,0.13969026505947113,0.40825125575065613,0.4450438916683197,27.60527229309082,28.9471435546875,0.1627814918756485,0.4948990046977997,23.160785675048828,24.95496368408203,0.1504468023777008,0.49677491188049316,0.8613200187683105,0.8306336402893066,0.5580072402954102,0.59108567237854,0.8957006931304932,0.8642542958259583,0.6029592752456665,0.5648372173309326,,,,,,,,,,,,,,,,,,,,,,,,,,,,,,
16,0,0.26545578241348267,0.25777244567871094,15.632819175720215,13.382203102111816,28.454090118408203,25.56169891357422,0.7184968590736389,0.7324797511100769,0.13496097922325134,0.16601726412773132,0.42875275015830994,0.39628154039382935,0.10520339757204056,0.14143826067447662,0.42154839634895325,0.4277927875518799,27.297910690307617,28.644405364990234,0.15908046066761017,0.48488491773605347,23.028776168823242,25.171222686767578,0.155121311545372,0.4624522924423218,0.8650389909744263,0.8339827060699463,0.5712472200393677,0.6037185192108154,0.8956307768821716,0.8625556826591492,0.5900273323059082,0.5817053318023682,,,,,,,,,,,,,,,,,,,,,,,,,,,,,,
17,0,0.25596967339515686,0.2570197582244873,15.39155387878418,13.478943824768066,28.049301147460938,25.413040161132812,0.728879451751709,0.7325173616409302,0.13337551057338715,0.15790626406669617,0.41066789627075195,0.38253253698349,0.10380053520202637,0.14007757604122162,0.43364956974983215,0.418378621339798,27.122547149658203,27.909984588623047,0.15549185872077942,0.47378256916999817,22.6408748626709,26.00435447692871,0.1549365073442459,0.480478972196579,0.8666244745254517,0.8420937061309814,0.5893320441246033,0.6174675226211548,0.897022545337677,0.8638779520988464,0.5782583951950073,0.5909104347229004,,,,,,,,,,,,,,,,,,,,,,,,,,,,,,
18,0,0.24655765295028687,0.25027966499328613,15.101195335388184,12.941153526306152,27.53761863708496,24.825626373291016,0.7386139035224915,0.740661084651947,0.1283382773399353,0.15252934396266937,0.3996492028236389,0.36502766609191895,0.10196958482265472,0.1292252540588379,0.4013122320175171,0.42987048625946045,26.661264419555664,27.32505989074707,0.1529906690120697,0.46209925413131714,22.45850944519043,24.097299575805664,0.15342146158218384,0.46246403455734253,0.8716617226600647,0.8474706411361694,0.6003507375717163,0.6349723935127258,0.898838996887207,0.8744238018989563,0.6097078323364258,0.5796737670898438,,,,,,,,,,,,,,,,,,,,,,,,,,,,,,
19,0,0.2430235892534256,0.2507823705673218,14.954510688781738,13.5685396194458,27.367176055908203,25.83852195739746,0.7425386905670166,0.7406823635101318,0.12627214193344116,0.15138790011405945,0.3905300199985504,0.3616550862789154,0.11154625564813614,0.13833707571029663,0.3996746838092804,0.41264039278030396,26.222814559936523,27.278358459472656,0.15145497024059296,0.4555475413799286,23.41573143005371,25.453100204467773,0.1486101746559143,0.4648134112358093,0.8737278580665588,0.8486120700836182,0.6094698905944824,0.638344943523407,0.8893382549285889,0.8655692934989929,0.6113003492355347,0.596521258354187,,,,,,,,,,,,,,,,,,,,,,,,,,,,,,
20,0,0.2318461835384369,0.24109485745429993,14.74365520477295,12.95186710357666,26.93644905090332,24.874164581298828,0.7544007301330566,0.7505549788475037,0.1225886419415474,0.1462627649307251,0.3742210865020752,0.33932459354400635,0.10295423120260239,0.12884190678596497,0.3833714425563812,0.4066225588321686,25.91048240661621,26.832204818725586,0.1474350094795227,0.44282469153404236,22.499910354614258,24.12813949584961,0.1450282782316208,0.43142664432525635,0.8774113059043884,0.8537372350692749,0.6257789134979248,0.6606754064559937,0.8978621363639832,0.8747963309288025,0.6271559000015259,0.6024055480957031,,,,,,,,,,,,,,,,,,,,,,,,,,,,,,
21,0,0.22594639658927917,0.24069537222385406,14.475873947143555,12.917028427124023,26.4761905670166,24.694713592529297,0.7604584097862244,0.7508682012557983,0.11821912229061127,0.14163827896118164,0.3669499456882477,0.33135899901390076,0.10181417316198349,0.1264689564704895,0.3838234841823578,0.4084065556526184,25.47036361694336,26.305788040161133,0.145530566573143,0.43647950887680054,22.41427993774414,24.0946044921875,0.14556533098220825,0.42828914523124695,0.8817808628082275,0.8583617210388184,0.6330499649047852,0.6686410307884216,0.8989931344985962,0.877102255821228,0.6267162561416626,0.6006611585617065,,,,,,,,,,,,,,,,,,,,,,,,,,,,,,
22,0,0.21876254677772522,0.23322516679763794,14.148762702941895,12.78123950958252,25.873523712158203,24.469377517700195,0.7679110169410706,0.7577102780342102,0.11305670440196991,0.13501909375190735,0.3568628132343292,0.32341718673706055,0.10236378759145737,0.12051275372505188,0.39208295941352844,0.37756356596946716,24.94363784790039,25.650592803955078,0.14354629814624786,0.4274445176124573,22.48101806640625,23.47600555419922,0.1490156501531601,0.42255136370658875,0.8869432806968689,0.8649808764457703,0.6431370973587036,0.6765828132629395,0.8984478712081909,0.8828902840614319,0.6186835765838623,0.6308193206787109,,,,,,,,,,,,,,,,,,,,,,,,,,,,,,
23,0,0.2180081307888031,0.2372533679008484,14.340089797973633,12.189851760864258,26.181371688842773,23.68523406982422,0.7686117887496948,0.7532357573509216,0.11472699046134949,0.13984648883342743,0.35941869020462036,0.31156060099601746,0.09515834599733353,0.1140478253364563,0.39679601788520813,0.40491586923599243,25.096435546875,26.233243942260742,0.1437399834394455,0.4214310050010681,21.14771842956543,22.70648956298828,0.1463318020105362,0.4343649446964264,0.8852729797363281,0.8601534962654114,0.6405812501907349,0.6884394288063049,0.9055961966514587,0.8891726732254028,0.6140999794006348,0.6040742993354797,,,,,,,,,,,,,,,,,,,,,,,,,,,,,,
24,0,0.20702654123306274,0.2318858504295349,13.966778755187988,12.51827621459961,25.535755157470703,24.24248504638672,0.7805429100990295,0.7600672841072083,0.11089368909597397,0.1303376406431198,0.3381809890270233,0.298415869474411,0.10081739723682404,0.11776021122932434,0.3704889714717865,0.39370375871658325,24.638200759887695,25.314422607421875,0.13980033993721008,0.4110506772994995,22.086057662963867,22.90809440612793,0.13953816890716553,0.4227180778980255,0.889106273651123,0.869662344455719,0.6618189811706543,0.7015841603279114,0.8999820351600647,0.8855651021003723,0.6396846175193787,0.6150374412536621,,,,,,,,,,,,,,,,,,,,,,,,,,,,,,
25,0,0.20769912004470825,0.22471359372138977,13.975048065185547,12.152908325195312,25.6435489654541,23.544235229492188,0.7802801132202148,0.7667621374130249,0.11229315400123596,0.13073131442070007,0.332197904586792,0.30365708470344543,0.09398825466632843,0.11275994777679443,0.3698265850543976,0.3788732588291168,24.667970657348633,25.31138801574707,0.137642502784729,0.41272127628326416,21.098398208618164,22.648561477661133,0.1403733640909195,0.40888309478759766,0.8877068161964417,0.8692686557769775,0.667802095413208,0.696342945098877,0.9067569971084595,0.8904241919517517,0.6403288245201111,0.6295386552810669,,,,,,,,,,,,,,,,,,,,,,,,,,,,,,
26,0,0.19892816245555878,0.22211390733718872,13.784968376159668,11.899846076965332,25.083019256591797,23.26967430114746,0.7894183993339539,0.7691861987113953,0.10550491511821747,0.1280481070280075,0.3187904357910156,0.2899828255176544,0.0922214463353157,0.10951493680477142,0.3702211380004883,0.37358200550079346,24.253156661987305,25.0682315826416,0.1345960795879364,0.40260833501815796,20.921310424804688,21.849367141723633,0.13959288597106934,0.4116857051849365,0.8944950699806213,0.8719518780708313,0.6812095046043396,0.710017204284668,0.9085097908973694,0.8935775756835938,0.6399451494216919,0.6347124576568604,,,,,,,,,,,,,,,,,,,,,,,,,,,,,,
27,0,0.19725652039051056,0.22864602506160736,13.68449878692627,12.00839900970459,24.989194869995117,23.172889709472656,0.7909879088401794,0.7618393301963806,0.10630325227975845,0.12465576827526093,0.32125118374824524,0.28383806347846985,0.0906296893954277,0.10986393690109253,0.3881848156452179,0.38703784346580505,24.270170211791992,24.65275764465332,0.13493405282497406,0.397530198097229,20.844736099243164,22.372472763061523,0.14482058584690094,0.4093133509159088,0.8936967253684998,0.8753442168235779,0.6787487268447876,0.7161619663238525,0.9100889563560486,0.8932384252548218,0.622474730014801,0.6215553283691406,,,,,,,,,,,,,,,,,,,,,,,,,,,,,,
28,0,0.19090646505355835,0.21665151417255402,13.53958797454834,11.544930458068848,24.761716842651367,22.68804168701172,0.7976119518280029,0.7750639319419861,0.10405302792787552,0.12289566546678543,0.3139092028141022,0.2686942219734192,0.0870949849486351,0.1049811840057373,0.3548358380794525,0.3745471239089966,23.917158126831055,24.513113021850586,0.13387425243854523,0.38747844099998474,19.925708770751953,21.627063751220703,0.13626743853092194,0.4150297939777374,0.8959469795227051,0.8771043419837952,0.6860907673835754,0.7313058376312256,0.9135956168174744,0.8979832530021667,0.6549079418182373,0.6337687969207764,,,,,,,,,,,,,,,,,,,,,,,,,,,,,,
29,0,0.1853807419538498,0.22157102823257446,13.313495635986328,11.789904594421387,24.417390823364258,23.09455680847168,0.8036567568778992,0.7700669169425964,0.10076745599508286,0.12013397365808487,0.3012317717075348,0.26323968172073364,0.0937146246433258,0.10347983986139297,0.3646448254585266,0.3800084590911865,23.470659255981445,24.159923553466797,0.13024300336837769,0.3828200101852417,20.951902389526367,21.377599716186523,0.13996818661689758,0.40796807408332825,0.8992325067520142,0.8798660039901733,0.698768138885498,0.7367603778839111,0.9070284962654114,0.899442195892334,0.6453683376312256,0.6284286975860596,,,,,,,,,,,,,,,,,,,,,,,,,,,,,,
30,0,0.18192879855632782,0.21690751612186432,13.303659439086914,11.642877578735352,24.30670928955078,23.013017654418945,0.8073051571846008,0.7750360369682312,0.10107862949371338,0.11717010289430618,0.29780903458595276,0.25472140312194824,0.09278356283903122,0.10316475480794907,0.3553745448589325,0.3701588809490204,23.613927841186523,23.954429626464844,0.12951543927192688,0.37680816650390625,20.802268981933594,20.97832489013672,0.13516464829444885,0.4040504992008209,0.8989213705062866,0.8828299045562744,0.7021908760070801,0.7452785968780518,0.9079521298408508,0.8997483849525452,0.6543840169906616,0.6380596160888672,,,,,,,,,,,,,,,,,,,,,,,,,,,,,,
31,0,0.1797105371952057,0.2180599868297577,13.17728328704834,11.740591049194336,24.079368591308594,22.955808639526367,0.8095669150352478,0.7733904123306274,0.09905955195426941,0.1151987686753273,0.29500290751457214,0.2524709403514862,0.09005395323038101,0.10611612349748611,0.3632082939147949,0.3689354360103607,23.412172317504883,23.70183753967285,0.12841691076755524,0.37092170119285583,20.65488624572754,21.544328689575195,0.1363143026828766,0.40365925431251526,0.9009404182434082,0.8848012089729309,0.7049970626831055,0.7475290894508362,0.9106601476669312,0.8968803882598877,0.6467653512954712,0.6392558813095093,,,,,,,,,,,,,,,,,,,,,,,,,,,,,,
32,0,0.1772550344467163,0.20945705473423004,13.070585250854492,11.29123592376709,23.880849838256836,22.209402084350586,0.8120434284210205,0.782406210899353,0.09637311100959778,0.1149352416396141,0.2919800579547882,0.2485375553369522,0.0845484659075737,0.09893441945314407,0.34576353430747986,0.36212754249572754,23.096267700195312,23.658557891845703,0.12807892262935638,0.37123098969459534,19.954017639160156,20.60934066772461,0.13239213824272156,0.39004939794540405,0.9036268591880798,0.8850647211074829,0.7080198526382446,0.751462459564209,0.9161219596862793,0.9038592576980591,0.6637310981750488,0.6459126472473145,,,,,,,,,,,,,,,,,,,,,,,,,,,,,,
33,0,0.17467552423477173,0.2128133475780487,12.987030029296875,11.481399536132812,23.818038940429688,22.435209274291992,0.8150842189788818,0.7792356014251709,0.09610802680253983,0.1139611303806305,0.283340722322464,0.24625329673290253,0.08585720509290695,0.10159612447023392,0.34521356225013733,0.37167221307754517,22.894594192504883,23.57448959350586,0.12558183073997498,0.3681933581829071,20.162443161010742,21.095027923583984,0.1342582404613495,0.411319762468338,0.903891921043396,0.8860388994216919,0.7166593074798584,0.753746747970581,0.914823591709137,0.9012727737426758,0.6642659902572632,0.6365798711776733,,,,,,,,,,,,,,,,,,,,,,,,,,,,,,
34,0,0.16957464814186096,0.22158829867839813,12.865638732910156,11.907112121582031,23.567527770996094,22.93340301513672,0.8203388452529907,0.7689380049705505,0.09447664767503738,0.11099440604448318,0.278778076171875,0.23439553380012512,0.08713021129369736,0.11010413616895676,0.3804893493652344,0.3689645230770111,22.76235580444336,23.25953483581543,0.12513206899166107,0.3600992262363434,20.800674438476562,22.026119232177734,0.14300355315208435,0.40595340728759766,0.9055233001708984,0.8890056014060974,0.721221923828125,0.7656044960021973,0.913560688495636,0.8930050134658813,0.6299588680267334,0.6392273902893066,,,,,,,,,,,,,,,,,,,,,,,,,,,,,,
35,0,0.16871926188468933,0.21097338199615479,12.845048904418945,11.056802749633789,23.521953582763672,21.844146728515625,0.8214191198348999,0.7802077531814575,0.09322158247232437,0.11193258315324783,0.2735426723957062,0.23562687635421753,0.08099929243326187,0.09691167622804642,0.3566981256008148,0.3658566474914551,22.684024810791016,23.272689819335938,0.12337511777877808,0.360927015542984,19.340538024902344,20.402435302734375,0.13301916420459747,0.3971315026283264,0.9067783951759338,0.888067364692688,0.7264572978019714,0.7643731832504272,0.919642984867096,0.9058248996734619,0.6530967950820923,0.6422662734985352,,,,,,,,,,,,,,,,,,,,,,,,,,,,,,
36,0,0.1620926558971405,0.21223831176757812,12.593594551086426,11.513447761535645,22.928373336791992,22.633275985717773,0.8280691504478455,0.7790621519088745,0.08885469287633896,0.10592634230852127,0.2686295509338379,0.22431275248527527,0.08409471809864044,0.10841743648052216,0.35781654715538025,0.354855477809906,22.25812339782715,22.796356201171875,0.12211466580629349,0.35178953409194946,19.725725173950195,21.776958465576172,0.1314675360918045,0.3833233714103699,0.9111452698707581,0.8940736651420593,0.7313704490661621,0.7756872773170471,0.916572093963623,0.894644021987915,0.652009129524231,0.6530232429504395,,,,,,,,,,,,,,,,,,,,,,,,,,,,,,
37,0,0.161806121468544,0.21023914217948914,12.627257347106934,11.051778793334961,23.067352294921875,21.8914737701416,0.8284617066383362,0.7822372913360596,0.08960426598787308,0.10772376507520676,0.26744550466537476,0.22137956321239471,0.08225512504577637,0.09594891965389252,0.332491010427475,0.3813137114048004,22.239953994750977,22.954614639282227,0.12152959406375885,0.3498423993587494,19.424808502197266,20.27528953552246,0.12972089648246765,0.4057198166847229,0.9103957414627075,0.8922762274742126,0.7325544357299805,0.7786204814910889,0.9183971285820007,0.9067604541778564,0.676639199256897,0.6271524429321289,,,,,,,,,,,,,,,,,,,,,,,,,,,,,,
38,0,0.16010193526744843,0.20859931409358978,12.510254859924316,10.782376289367676,22.909894943237305,21.610736846923828,0.8304413557052612,0.7833379507064819,0.0889100432395935,0.1054510697722435,0.2617521286010742,0.22212116420269012,0.0800551250576973,0.09366181492805481,0.3400420546531677,0.3738059997558594,22.171449661254883,22.572763442993164,0.12089359015226364,0.3493468761444092,18.924551010131836,19.815998077392578,0.12967602908611298,0.39054691791534424,0.9110899567604065,0.8945489525794983,0.738247811794281,0.7778788805007935,0.9205796718597412,0.9089829921722412,0.6692954897880554,0.6344934701919556,,,,,,,,,,,,,,,,,,,,,,,,,,,,,,
39,0,0.154950350522995,0.20462433993816376,12.415278434753418,10.932918548583984,22.670692443847656,21.615663528442383,0.8359405994415283,0.78741055727005,0.08610320091247559,0.10473618656396866,0.252638041973114,0.2127603143453598,0.07965829223394394,0.09436846524477005,0.33560413122177124,0.36125972867012024,21.836589813232422,22.609373092651367,0.11793120950460434,0.34128934144973755,19.12039566040039,20.19236183166504,0.1279917061328888,0.3811213970184326,0.9138967990875244,0.8952637910842896,0.747361958026886,0.787239670753479,0.9209733605384827,0.9082963466644287,0.6736115217208862,0.6467611789703369,,,,,,,,,,,,,,,,,,,,,,,,,,,,,,
40,0,0.15217448770999908,0.20353572070598602,12.283415794372559,10.887862205505371,22.427467346191406,21.661163330078125,0.8387221097946167,0.7879524827003479,0.08481384813785553,0.10165863484144211,0.25115612149238586,0.2074829638004303,0.08017749339342117,0.09448861330747604,0.34591513872146606,0.34814125299453735,21.68678092956543,22.271242141723633,0.1175365224480629,0.335883229970932,19.04920196533203,20.096160888671875,0.1297021061182022,0.3816484212875366,0.9151861667633057,0.8983413577079773,0.748843789100647,0.7925170660018921,0.9204582571983337,0.9081795811653137,0.6635836958885193,0.6595883369445801,,,,,,,,,,,,,,,,,,,,,,,,,,,,,,
41,0,0.1511685699224472,0.2048214226961136,12.261722564697266,11.29061222076416,22.36354637145996,22.212993621826172,0.8396621346473694,0.7869877219200134,0.0837445929646492,0.10198139399290085,0.25128647685050964,0.20433904230594635,0.08247831463813782,0.10217167437076569,0.3424798250198364,0.34553465247154236,21.65833854675293,22.220598220825195,0.1172754243016243,0.33473801612854004,19.690683364868164,20.94150733947754,0.12847591936588287,0.3743695616722107,0.9162554144859314,0.8980185985565186,0.748713493347168,0.7956609725952148,0.9181756973266602,0.9007134437561035,0.6669247150421143,0.6621370911598206,,,,,,,,,,,,,,,,,,,,,,,,,,,,,,
42,0,0.14867003262043,0.20374053716659546,12.150378227233887,10.93321418762207,22.194700241088867,21.686513900756836,0.8423835635185242,0.7885091304779053,0.08301867544651031,0.0996270477771759,0.24646608531475067,0.2013537436723709,0.08198923617601395,0.09222888946533203,0.332931786775589,0.35918518900871277,21.501934051513672,21.97011947631836,0.11605331301689148,0.33192089200019836,19.471744537353516,19.778993606567383,0.12717512249946594,0.37494179606437683,0.9169812798500061,0.9003729224205017,0.7535338401794434,0.7986462712287903,0.9186608791351318,0.9103754758834839,0.6762105226516724,0.648789644241333,,,,,,,,,,,,,,,,,,,,,,,,,,,,,,
43,0,0.14401458203792572,0.20139552652835846,12.05553913116455,10.75123405456543,22.057048797607422,21.67812728881836,0.8473149538040161,0.790350079536438,0.08170022070407867,0.09884516894817352,0.2400578409433365,0.1901368796825409,0.08265599608421326,0.09104561805725098,0.34183210134506226,0.3433012068271637,21.34662437438965,21.789108276367188,0.11513836681842804,0.3237399160861969,19.21394157409668,19.365840911865234,0.12919144332408905,0.3698704242706299,0.9182997941970825,0.9011548161506653,0.7599421143531799,0.8098631501197815,0.9179993867874146,0.911525309085846,0.6675546169281006,0.6643209457397461,,,,,,,,,,,,,,,,,,,,,,,,,,,,,,
44,0,0.14391179382801056,0.19678980112075806,11.940053939819336,10.42085075378418,21.759897232055664,20.924457550048828,0.8474916219711304,0.795177698135376,0.07911697030067444,0.09680705517530441,0.2362751066684723,0.19783440232276917,0.07520211488008499,0.08757776767015457,0.3286888897418976,0.3476340174674988,21.054162979125977,21.682100296020508,0.1136367917060852,0.32541075348854065,18.390106201171875,19.028226852416992,0.12690986692905426,0.3795176148414612,0.9208829998970032,0.903192937374115,0.7637248635292053,0.8021656274795532,0.9253941774368286,0.914895236492157,0.6803368926048279,0.6600843667984009,,,,,,,,,,,,,,,,,,,,,,,,,,,,,,
45,0,0.14341677725315094,0.19893522560596466,11.89720630645752,10.564515113830566,21.730527877807617,21.073143005371094,0.8481740951538086,0.7923526763916016,0.07953229546546936,0.09557963907718658,0.2332720160484314,0.19891968369483948,0.07592874765396118,0.08935675024986267,0.3435543477535248,0.34189969301223755,21.042484283447266,21.523046493530273,0.11333649605512619,0.3283289670944214,18.617094039916992,19.338438034057617,0.1269986778497696,0.3700701892375946,0.9204676747322083,0.9044203758239746,0.7667279839515686,0.8010803461074829,0.924673318862915,0.9131665229797363,0.6658796072006226,0.6656913757324219,,,,,,,,,,,,,,,,,,,,,,,,,,,,,,
46,0,0.140876904129982,0.1948259174823761,11.799571990966797,10.619722366333008,21.543947219848633,21.0795955657959,0.850884199142456,0.7972791194915771,0.07865780591964722,0.09319968521595001,0.2292531132698059,0.19535253942012787,0.0742693692445755,0.09201636910438538,0.3241976201534271,0.34003978967666626,20.979116439819336,21.216169357299805,0.1121121272444725,0.3241617977619171,18.48965835571289,19.706968307495117,0.12684819102287292,0.3746853172779083,0.9213421940803528,0.9068003296852112,0.7707468271255493,0.8046474456787109,0.9263195395469666,0.9105820059776306,0.6847048401832581,0.667509913444519,,,,,,,,,,,,,,,,,,,,,,,,,,,,,,
47,0,0.13956503570079803,0.19424036145210266,11.832282066345215,10.386112213134766,21.541828155517578,20.779808044433594,0.8521283864974976,0.797722578048706,0.07802096754312515,0.09413702040910721,0.2298167496919632,0.18951192498207092,0.07342604547739029,0.08750089257955551,0.32584890723228455,0.3419265151023865,20.956758499145508,21.377668380737305,0.11261100322008133,0.319396436214447,18.16571617126465,19.17374610900879,0.12494558095932007,0.3661639988422394,0.9219790101051331,0.9058629870414734,0.7701832056045532,0.8104881048202515,0.9271561503410339,0.9149699807167053,0.6830989122390747,0.6656651496887207,,,,,,,,,,,,,,,,,,,,,,,,,,,,,,
48,0,0.13672101497650146,0.19479528069496155,11.73985767364502,10.418547630310059,21.423612594604492,20.921321868896484,0.8552021980285645,0.7973752021789551,0.0772198885679245,0.09302601218223572,0.22480076551437378,0.18414446711540222,0.07348193228244781,0.09014394134283066,0.3222475051879883,0.3442460298538208,20.832181930541992,21.16615867614746,0.11087273806333542,0.31486421823501587,18.116111755371094,19.358257293701172,0.12532545626163483,0.37020570039749146,0.9227800965309143,0.9069739580154419,0.7751991748809814,0.8158555626869202,0.9271007180213928,0.912401556968689,0.6866014003753662,0.6633970737457275,,,,,,,,,,,,,,,,,,,,,,,,,,,,,,
49,0,0.13432325422763824,0.19708077609539032,11.645959854125977,10.35827922821045,21.26455307006836,20.715681076049805,0.8577463626861572,0.7953778505325317,0.07653029263019562,0.09095441550016403,0.22139304876327515,0.18013669550418854,0.07326069474220276,0.0865195244550705,0.31779059767723083,0.360676109790802,20.66651725769043,20.996898651123047,0.10957442224025726,0.3114818334579468,18.153852462768555,19.070945739746094,0.12432670593261719,0.3726363182067871,0.9234697222709656,0.9090455770492554,0.7786068916320801,0.8198633193969727,0.9273202419281006,0.9159235954284668,0.6909359097480774,0.6473318338394165,,,,,,,,,,,,,,,,,,,,,,,,,,,,,,
50,0,0.13284125924110413,0.1934094876050949,11.570500373840332,10.520336151123047,21.101781845092773,20.82338523864746,0.8592972159385681,0.7992419004440308,0.07425945997238159,0.09126259386539459,0.21795903146266937,0.17933019995689392,0.0741131529211998,0.08728919178247452,0.31275203824043274,0.3482506275177002,20.43410873413086,20.97543716430664,0.10870390385389328,0.3138904273509979,18.617839813232422,19.166149139404297,0.12530997395515442,0.3665856719017029,0.9257405400276184,0.9087374210357666,0.7820409536361694,0.8206698298454285,0.9264745116233826,0.9151756763458252,0.695836067199707,0.659481406211853,,,,,,,,,,,,,,,,,,,,,,,,,,,,,,
51,0,0.1336083710193634,0.19566290080547333,11.580533027648926,10.41297435760498,21.049924850463867,20.738750457763672,0.8584541082382202,0.7967650890350342,0.07410304993391037,0.09049416333436966,0.2191973626613617,0.18238884210586548,0.0726902037858963,0.08783374726772308,0.31711265444755554,0.354948490858078,20.43709945678711,21.012859344482422,0.10963337868452072,0.31205594539642334,18.194461822509766,19.24325180053711,0.12376062572002411,0.3702344596385956,0.925896942615509,0.9095058441162109,0.7808026075363159,0.8176111578941345,0.9278861880302429,0.9146465063095093,0.6915952563285828,0.6529322862625122,,,,,,,,,,,,,,,,,,,,,,,,,,,,,,
52,0,0.12948673963546753,0.1929771453142166,11.41504955291748,10.387053489685059,20.870235443115234,20.701705932617188,0.8629692196846008,0.7991375923156738,0.07270640134811401,0.0891667902469635,0.21063116192817688,0.175618976354599,0.07099691033363342,0.08971134573221207,0.32019996643066406,0.3420240581035614,20.117109298706055,20.744779586791992,0.1068393886089325,0.31009742617607117,18.03513526916504,19.333539962768555,0.1241103932261467,0.3673860728740692,0.927293598651886,0.9108332395553589,0.7893688082695007,0.8243810534477234,0.9295660257339478,0.9128219485282898,0.6885926723480225,0.6655697822570801,,,,,,,,,,,,,,,,,,,,,,,,,,,,,,
53,0,0.12764963507652283,0.1960259974002838,11.436044692993164,10.389582633972168,20.89222526550293,20.607120513916016,0.8651021718978882,0.7962454557418823,0.07304295152425766,0.08907406032085419,0.205563485622406,0.17191089689731598,0.07264222204685211,0.08539019525051117,0.32025957107543945,0.35642144083976746,20.239299774169922,20.688142776489258,0.10549364238977432,0.3038153648376465,18.069826126098633,19.29498291015625,0.12182878702878952,0.3761780261993408,0.9269570112228394,0.9109259247779846,0.7944364547729492,0.8280891180038452,0.9279338121414185,0.9170210361480713,0.6885347366333008,0.6514919996261597,,,,,,,,,,,,,,,,,,,,,,,,,,,,,,
54,0,0.1229400709271431,0.19942772388458252,11.29839038848877,10.576554298400879,20.548660278320312,20.901094436645508,0.8698752522468567,0.7923825979232788,0.07115668058395386,0.08540689200162888,0.202385812997818,0.1615496277809143,0.07404203712940216,0.0888955295085907,0.3322210907936096,0.3554222583770752,19.97723388671875,20.461902618408203,0.10525844991207123,0.29884183406829834,18.447113037109375,19.59569549560547,0.12349927425384521,0.3674650192260742,0.9288433194160461,0.9145931005477905,0.7976141571998596,0.8384503722190857,0.9265450835227966,0.9136146903038025,0.6769016981124878,0.6524690389633179,,,,,,,,,,,,,,,,,,,,,,,,,,,,,,
55,0,0.123728908598423,0.19335711002349854,11.26562213897705,10.092273712158203,20.493879318237305,20.361953735351562,0.8687829971313477,0.7990910410881042,0.0704488456249237,0.08545725792646408,0.2071884721517563,0.16177323460578918,0.06988688558340073,0.08495250344276428,0.31304731965065,0.3551843464374542,19.880327224731445,20.449020385742188,0.10607240349054337,0.2976761758327484,17.767728805541992,18.475051879882812,0.12172503769397736,0.37266018986701965,0.9295511245727539,0.9145427346229553,0.7928115129470825,0.8382267951965332,0.9306672811508179,0.9174463748931885,0.695548951625824,0.6527016162872314,,,,,,,,,,,,,,,,,,,,,,,,,,,,,,
56,0,0.12421911954879761,0.1902465671300888,11.340248107910156,10.349152565002441,20.5806941986084,20.63035011291504,0.8687524795532227,0.8019788861274719,0.07141641527414322,0.08561438322067261,0.19989433884620667,0.1680648922920227,0.07186752557754517,0.08701974153518677,0.3172512948513031,0.335125207901001,20.178281784057617,20.382184982299805,0.10448813438415527,0.30304837226867676,18.101734161376953,19.1080322265625,0.12333284318447113,0.3624773323535919,0.928583562374115,0.9143856167793274,0.800105631351471,0.8319351077079773,0.9287023544311523,0.9154375195503235,0.691460371017456,0.6723154187202454,,,,,,,,,,,,,,,,,,,,,,,,,,,,,,
57,0,0.12135177850723267,0.192184180021286,11.274249076843262,10.032902717590332,20.43074607849121,20.18438148498535,0.8715946078300476,0.7996142506599426,0.07007324695587158,0.08484300971031189,0.19893857836723328,0.15976674854755402,0.06810243427753448,0.08434931188821793,0.32334253191947937,0.3452140986919403,19.998273849487305,20.3464412689209,0.10415450483560562,0.29369452595710754,17.39183235168457,18.701641082763672,0.12204932421445847,0.3598962724208832,0.9299267530441284,0.9151569604873657,0.8010613918304443,0.8402332663536072,0.9324375987052917,0.9180325269699097,0.6855364441871643,0.6624505519866943,,,,,,,,,,,,,,,,,,,,,,,,,,,,,,
58,0,0.1201414093375206,0.19115911424160004,11.180728912353516,10.061127662658691,20.380849838256836,20.320648193359375,0.8727879524230957,0.8013476729393005,0.07060415297746658,0.08308885991573334,0.1996656209230423,0.1554897129535675,0.0708220824599266,0.08274894952774048,0.3114553689956665,0.3487773835659027,19.937915802001953,20.049449920654297,0.10324449837207794,0.2921513020992279,17.63809585571289,18.50909996032715,0.12132661789655685,0.3701825439929962,0.929395854473114,0.9169111251831055,0.8003343939781189,0.8445103168487549,0.9297394752502441,0.9195877313613892,0.6970971822738647,0.6589663624763489,,,,,,,,,,,,,,,,,,,,,,,,,,,,,,
59,0,0.11934051662683487,0.1910495162010193,11.137045860290527,10.062704086303711,20.299509048461914,20.159542083740234,0.8735402226448059,0.8014773726463318,0.06875970214605331,0.08439663052558899,0.19877861440181732,0.1539042741060257,0.06891707330942154,0.08264105021953583,0.30940499901771545,0.3523261547088623,19.685325622558594,20.18337059020996,0.10309632122516632,0.28939783573150635,17.73759651184082,18.41054916381836,0.12282098084688187,0.354577898979187,0.9312403202056885,0.9156033992767334,0.8012213706970215,0.8460957407951355,0.9316294193267822,0.9196925759315491,0.6990912556648254,0.65549635887146,,,,,,,,,,,,,,,,,,,,,,,,,,,,,,
60,0,0.11909843981266022,0.19133873283863068,11.033169746398926,10.141009330749512,20.045106887817383,20.389856338500977,0.8738539218902588,0.8011462688446045,0.06775005161762238,0.08121281117200851,0.19649484753608704,0.1591264009475708,0.0689605101943016,0.08689387142658234,0.3104431927204132,0.34837770462036133,19.550050735473633,19.930574417114258,0.10382245481014252,0.2916148602962494,17.53299331665039,18.963878631591797,0.12165254354476929,0.359870970249176,0.9322499632835388,0.9187871813774109,0.8035051226615906,0.8408735990524292,0.9315863251686096,0.9155598282814026,0.6980816125869751,0.6593571901321411,,,,,,,,,,,,,,,,,,,,,,,,,,,,,,
61,0,0.11798396706581116,0.19363310933113098,11.027332305908203,10.08107852935791,20.076196670532227,20.41221046447754,0.8751457333564758,0.7982698678970337,0.06789231300354004,0.08157006651163101,0.1934068202972412,0.15654787421226501,0.06827285885810852,0.08836548030376434,0.32232871651649475,0.3475579023361206,19.627796173095703,19.81673812866211,0.10266564786434174,0.28927311301231384,17.235666275024414,19.077449798583984,0.124081090092659,0.3619380593299866,0.93210768699646,0.9184299111366272,0.806593120098114,0.8434521555900574,0.932268500328064,0.9141297936439514,0.6865224242210388,0.6601587533950806,,,,,,,,,,,,,,,,,,,,,,,,,,,,,,
62,0,0.11766520142555237,0.19300174713134766,11.021108627319336,9.953219413757324,20.00877571105957,20.056133270263672,0.875474214553833,0.7989264726638794,0.06674527376890182,0.08208568394184113,0.1921442747116089,0.15712779760360718,0.06696277856826782,0.0837014764547348,0.3203507661819458,0.35280367732048035,19.507902145385742,19.93691635131836,0.10168476402759552,0.28980591893196106,17.271217346191406,18.53125762939453,0.12340686470270157,0.3560657799243927,0.9332547187805176,0.9179143309593201,0.8078557252883911,0.8428722023963928,0.9335681796073914,0.9186620712280273,0.688446044921875,0.6550294160842896,,,,,,,,,,,,,,,,,,,,,,,,,,,,,,
63,0,0.11302729696035385,0.19699056446552277,10.857650756835938,10.255919456481934,19.66263771057129,20.328399658203125,0.8801950216293335,0.7952864766120911,0.06404095143079758,0.07990851998329163,0.18787112832069397,0.14739908277988434,0.06984776258468628,0.08437889069318771,0.31833475828170776,0.3660988211631775,19.211605072021484,19.6507625579834,0.10075785964727402,0.283933162689209,18.15292739868164,18.676511764526367,0.12009035050868988,0.3632616698741913,0.9359590411186218,0.920091450214386,0.8121288418769836,0.8526009321212769,0.9307060837745667,0.9180037975311279,0.6904066801071167,0.6420295238494873,,,,,,,,,,,,,,,,,,,,,,,,,,,,,,
64,0,0.1139943078160286,0.18850281834602356,10.853996276855469,9.739300727844238,19.724714279174805,19.753643035888672,0.8791534900665283,0.8035628795623779,0.06510269641876221,0.07940486073493958,0.1902451366186142,0.1486334502696991,0.0648321881890297,0.08138742297887802,0.3133721947669983,0.3452393114566803,19.258209228515625,19.58116912841797,0.10162574052810669,0.2820514738559723,16.884071350097656,18.15032958984375,0.11845750361680984,0.3519691824913025,0.9348973035812378,0.9205951690673828,0.8097548484802246,0.8513665795326233,0.9356818795204163,0.9209107756614685,0.6952329874038696,0.6624258756637573,,,,,,,,,,,,,,,,,,,,,,,,,,,,,,
65,0,0.11032071709632874,0.19003546237945557,10.683917045593262,9.966825485229492,19.416540145874023,20.109439849853516,0.8832584023475647,0.8022899627685547,0.06305012851953506,0.07699507474899292,0.18038882315158844,0.14653223752975464,0.06868024915456772,0.08207067847251892,0.31249532103538513,0.34673547744750977,18.943613052368164,19.287015914916992,0.09900341928005219,0.2812436521053314,17.44478988647461,18.379249572753906,0.12177176773548126,0.35544848442077637,0.9369498491287231,0.9230049252510071,0.819611132144928,0.8534677624702454,0.931864321231842,0.9202468395233154,0.6960858106613159,0.6609629392623901,,,,,,,,,,,,,,,,,,,,,,,,,,,,,,
66,0,0.11109872162342072,0.19861815869808197,10.790726661682129,9.971009254455566,19.579309463500977,20.066680908203125,0.8822700381278992,0.7942349314689636,0.06391049176454544,0.07860147207975388,0.18502184748649597,0.14338617026805878,0.06972073763608932,0.07968083769083023,0.3080579340457916,0.3854200541973114,19.071910858154297,19.55898094177246,0.09959620237350464,0.27892810106277466,17.72787094116211,18.042800903320312,0.11821088194847107,0.3717944920063019,0.9360895156860352,0.9213985204696655,0.8149781227111816,0.85661381483078,0.9308320879936218,0.922569215297699,0.7004013061523438,0.6231372356414795,,,,,,,,,,,,,,,,,,,,,,,,,,,,,,
67,0,0.10957729071378708,0.1879078447818756,10.740165710449219,9.806781768798828,19.438867568969727,19.783477783203125,0.8840751051902771,0.8038846254348755,0.06279256194829941,0.07779134064912796,0.1788107007741928,0.1443050652742386,0.06603832542896271,0.08009275794029236,0.31928256154060364,0.3381076157093048,18.99513816833496,19.451602935791016,0.0984758511185646,0.2786675691604614,17.154268264770508,18.094758987426758,0.12032046169042587,0.3511798679828644,0.9372074007987976,0.9222086668014526,0.821189284324646,0.8556949496269226,0.9344853162765503,0.9221689105033875,0.6894849538803101,0.6693992614746094,,,,,,,,,,,,,,,,,,,,,,,,,,,,,,
68,0,0.10670825839042664,0.18895195424556732,10.679586410522461,9.662827491760254,19.33871841430664,19.72644805908203,0.8868206739425659,0.8032333254814148,0.0612105056643486,0.0784326121211052,0.17940573394298553,0.13366855680942535,0.06590129435062408,0.07925812155008316,0.31221434473991394,0.3487706780433655,18.76704978942871,19.493438720703125,0.09797276556491852,0.2714614272117615,16.863590240478516,17.86817169189453,0.11900657415390015,0.35323259234428406,0.9387894868850708,0.9215673804283142,0.8205942511558533,0.8663314580917358,0.934621274471283,0.9229799509048462,0.6963590383529663,0.6589729189872742,,,,,,,,,,,,,,,,,,,,,,,,,,,,,,
69,0,0.10649418085813522,0.18908697366714478,10.607158660888672,9.639814376831055,19.112485885620117,19.5838680267334,0.887055516242981,0.8027242422103882,0.060518015176057816,0.07548348605632782,0.178334578871727,0.13744153082370758,0.06600683182477951,0.07650575041770935,0.31953102350234985,0.34620413184165955,18.764995574951172,19.206714630126953,0.09776995331048965,0.27265477180480957,17.05410385131836,17.547813415527344,0.12290838360786438,0.350247859954834,0.9394819736480713,0.924516499042511,0.8216654062271118,0.8625584840774536,0.9345165491104126,0.9256546497344971,0.6892433166503906,0.6614824533462524,,,,,,,,,,,,,,,,,,,,,,,,,,,,,,
70,0,0.10327477753162384,0.18902921676635742,10.497332572937012,9.682347297668457,19.006790161132812,19.728727340698242,0.8906204700469971,0.8028643131256104,0.059920549392700195,0.07454416155815125,0.17142462730407715,0.13162867724895477,0.06643575429916382,0.07848455011844635,0.31829634308815,0.3444575071334839,18.582590103149414,18.994443893432617,0.09633804857730865,0.26921719312667847,17.045469284057617,17.732114791870117,0.12181024253368378,0.3468295633792877,0.9400794506072998,0.9254558086395264,0.8285753726959229,0.8683713674545288,0.9340910315513611,0.9237316846847534,0.6904441118240356,0.6631903648376465,,,,,,,,,,,,,,,,,,,,,,,,,,,,,,
71,0,0.10446365922689438,0.18654434382915497,10.548585891723633,9.718480110168457,19.069095611572266,19.743160247802734,0.8893331289291382,0.8060058951377869,0.060370855033397675,0.07494619488716125,0.1736721396446228,0.1336783468723297,0.06541118025779724,0.08031205832958221,0.3034576177597046,0.34558814764022827,18.67025375366211,19.091188430786133,0.09632876515388489,0.27059900760650635,16.852081298828125,18.10860252380371,0.11754471808671951,0.34974405169487,0.9396291375160217,0.9250538349151611,0.8263278603553772,0.8663216829299927,0.9351074695587158,0.9219558238983154,0.7048753499984741,0.6620848178863525,,,,,,,,,,,,,,,,,,,,,,,,,,,,,,
72,0,0.10499178618192673,0.18983465433120728,10.602879524230957,10.014793395996094,19.1380672454834,19.942941665649414,0.8887406587600708,0.803031325340271,0.060421139001846313,0.07608438283205032,0.17490944266319275,0.13362228870391846,0.06747902184724808,0.08081912994384766,0.3009949028491974,0.35760387778282166,18.73105812072754,19.23424530029297,0.09725715965032578,0.2694508135318756,17.741775512695312,18.221712112426758,0.11762651056051254,0.351398766040802,0.9395788311958313,0.9239156246185303,0.8250905275344849,0.8663777112960815,0.9330560564994812,0.9214630126953125,0.7072703838348389,0.6503358483314514,,,,,,,,,,,,,,,,,,,,,,,,,,,,,,
73,0,0.1047249287366867,0.1882399618625641,10.555949211120605,9.789034843444824,19.071138381958008,19.903474807739258,0.8890435099601746,0.8044965267181396,0.05984391272068024,0.07579154521226883,0.17370593547821045,0.13448448479175568,0.06573784351348877,0.0827513188123703,0.3011331558227539,0.35131898522377014,18.67251968383789,19.117156982421875,0.0961843729019165,0.27130940556526184,17.028005599975586,18.17646026611328,0.11698070913553238,0.35273775458335876,0.940156102180481,0.9242084622383118,0.8262940645217896,0.8655155301094055,0.934783399105072,0.9195854067802429,0.7071359157562256,0.6564812064170837,,,,,,,,,,,,,,,,,,,,,,,,,,,,,,
74,0,0.10392801463603973,0.18803298473358154,10.519156455993652,9.688508033752441,18.99006462097168,19.66732406616211,0.8899986743927002,0.8043205738067627,0.05920209363102913,0.0753541886806488,0.1702268272638321,0.13522221148014069,0.06392144411802292,0.0812036395072937,0.30681857466697693,0.3497645854949951,18.558732986450195,19.109474182128906,0.0957520455121994,0.270264595746994,16.718767166137695,18.148143768310547,0.116817407310009,0.3511049747467041,0.9407978653907776,0.9246457815170288,0.8297731876373291,0.8647778034210205,0.9365854263305664,0.9210894107818604,0.7016066312789917,0.6580010652542114,,,,,,,,,,,,,,,,,,,,,,,,,,,,,,
75,0,0.10278449207544327,0.19079066812992096,10.466375350952148,9.883082389831543,18.86539649963379,19.992267608642578,0.8913030624389648,0.801742434501648,0.05953298509120941,0.07266909629106522,0.1675715297460556,0.1350141018629074,0.06779947876930237,0.08124113827943802,0.30818936228752136,0.3549761474132538,18.5711669921875,18.885971069335938,0.09501048922538757,0.2693288028240204,17.399227142333984,18.098955154418945,0.11984752118587494,0.35786545276641846,0.9404670000076294,0.9273309111595154,0.8324284553527832,0.8649859428405762,0.9327381253242493,0.9210529327392578,0.7002735137939453,0.6529052257537842,,,,,,,,,,,,,,,,,,,,,,,,,,,,,,
76,0,0.09999658167362213,0.18882790207862854,10.429058074951172,9.602153778076172,18.846052169799805,19.339141845703125,0.8943444490432739,0.8031513690948486,0.059499550610780716,0.07238534092903137,0.16286686062812805,0.12787018716335297,0.06316626816987991,0.07643656432628632,0.31377190351486206,0.35313576459884644,18.523683547973633,18.80100440979004,0.09363624453544617,0.2641874849796295,16.883033752441406,17.605627059936523,0.11930510401725769,0.3502196967601776,0.9405004382133484,0.9276146292686462,0.8371331095695496,0.8721297979354858,0.9373345971107483,0.9257218837738037,0.6948442459106445,0.654704749584198,,,,,,,,,,,,,,,,,,,,,,,,,,,,,,
77,0,0.09971671551465988,0.18855100870132446,10.384844779968262,9.67729663848877,18.766441345214844,19.61182403564453,0.8944814801216125,0.8038495779037476,0.05838913843035698,0.07271036505699158,0.16437184810638428,0.1266028732061386,0.06542862206697464,0.07789406925439835,0.30745115876197815,0.352822482585907,18.371074676513672,18.809728622436523,0.09419597685337067,0.2633073329925537,17.045515060424805,17.713010787963867,0.11730263382196426,0.3492606282234192,0.9416108727455139,0.927289605140686,0.8356281518936157,0.8733971118927002,0.935090184211731,0.9243054986000061,0.7009914517402649,0.6550110578536987,,,,,,,,,,,,,,,,,,,,,,,,,,,,,,
78,0,0.09837415814399719,0.19172616302967072,10.336567878723145,9.755457878112793,18.62300682067871,19.633214950561523,0.8957940340042114,0.8003906607627869,0.05754544213414192,0.07153350859880447,0.16403760015964508,0.12370739132165909,0.06501758098602295,0.07890848070383072,0.314341276884079,0.3595280647277832,18.266775131225586,18.74650764465332,0.09377099573612213,0.2606523931026459,16.920265197753906,18.171323776245117,0.11900100857019424,0.3515813648700714,0.9424545168876648,0.9284664988517761,0.8359624147415161,0.8762925863265991,0.9354979395866394,0.9233197569847107,0.6942905187606812,0.6484543681144714,,,,,,,,,,,,,,,,,,,,,,,,,,,,,,
79,0,0.09654896706342697,0.19124287366867065,10.253471374511719,9.592666625976562,18.547929763793945,19.49956703186035,0.8976480960845947,0.8012787103652954,0.05766165629029274,0.07006881386041641,0.16352607309818268,0.118150994181633,0.06438560038805008,0.07745375484228134,0.3057631552219391,0.36651408672332764,18.282419204711914,18.40194320678711,0.09389902651309967,0.255608469247818,16.710861206054688,17.771141052246094,0.11752904206514359,0.354737788438797,0.9423383474349976,0.9299311637878418,0.8364738821983337,0.8818489909172058,0.9361249208450317,0.9247334003448486,0.7026330828666687,0.6416234970092773,,,,,,,,,,,,,,,,,,,,,,,,,,,,,,
80,0,0.09653617441654205,0.18980954587459564,10.295275688171387,9.54492473602295,18.538339614868164,19.428871154785156,0.8978323936462402,0.802303671836853,0.05636646971106529,0.071894071996212,0.15925872325897217,0.12115112692117691,0.06380384415388107,0.07707108557224274,0.31229647994041443,0.35679346323013306,18.183639526367188,18.687305450439453,0.09255917370319366,0.2568374574184418,16.839811325073242,17.432920455932617,0.12115492671728134,0.3450685739517212,0.943633496761322,0.928105890750885,0.8407412767410278,0.8788489103317261,0.9367020726203918,0.9251052737236023,0.6962791681289673,0.6511282324790955,,,,,,,,,,,,,,,,,,,,,,,,,,,,,,
81,0,0.09777401387691498,0.18905802071094513,10.205585479736328,9.831801414489746,18.441160202026367,19.82660675048828,0.8965862989425659,0.8034893274307251,0.05609038472175598,0.07065951079130173,0.15918904542922974,0.12771570682525635,0.06519115716218948,0.0821734219789505,0.3047562837600708,0.3529646396636963,18.05792808532715,18.47869300842285,0.09274166077375412,0.2601957321166992,17.1442928314209,18.204362869262695,0.11848706007003784,0.3547513782978058,0.9439095854759216,0.9293404817581177,0.8408108949661255,0.8722842931747437,0.9353257417678833,0.9201470017433167,0.7036123275756836,0.6548720598220825,,,,,,,,,,,,,,,,,,,,,,,,,,,,,,
82,0,0.0965641438961029,0.19330722093582153,10.187884330749512,9.527790069580078,18.379745483398438,19.55398178100586,0.8977503180503845,0.7992547750473022,0.055020708590745926,0.07126057147979736,0.1589549332857132,0.1237625777721405,0.06513771414756775,0.07728695124387741,0.30678126215934753,0.37318381667137146,17.940832138061523,18.55118751525879,0.09219378232955933,0.2590235471725464,16.75178337097168,17.46038246154785,0.11823023110628128,0.35707974433898926,0.9449793100357056,0.9287394285202026,0.841045081615448,0.8762374520301819,0.9353787899017334,0.9248954653739929,0.7016429305076599,0.6351017951965332,,,,,,,,,,,,,,,,,,,,,,,,,,,,,,
83,0,0.08884573727846146,0.18374696373939514,9.850340843200684,9.145111083984375,17.908262252807617,18.984498977661133,0.9062188863754272,0.8086849451065063,0.05366618558764458,0.06545232981443405,0.14381760358810425,0.11218837648630142,0.0613788478076458,0.07288174331188202,0.3007018268108368,0.34884509444236755,17.439708709716797,17.825958251953125,0.08816047012805939,0.24919342994689941,15.977616310119629,16.881275177001953,0.11580491811037064,0.3402886390686035,0.9463338255882263,0.9345476627349854,0.856182336807251,0.8878116011619568,0.9391078352928162,0.9291762709617615,0.7075554132461548,0.6589001417160034,,,,,,,,,,,,,,,,,,,,,,,,,,,,,,
84,0,0.08274742215871811,0.18331682682037354,9.620335578918457,9.163204193115234,17.39875030517578,19.011655807495117,0.9125070571899414,0.8090182542800903,0.05061608925461769,0.06184304133057594,0.13721738755702972,0.10029499977827072,0.06192968785762787,0.07251854985952377,0.30277737975120544,0.3452192544937134,17.146501541137695,17.27637481689453,0.08611176162958145,0.23909811675548553,16.063716888427734,16.853971481323242,0.11631987243890762,0.3361075520515442,0.9493839144706726,0.9381569623947144,0.8627825975418091,0.8997049927711487,0.9385613799095154,0.9295292496681213,0.7055368423461914,0.6624454855918884,,,,,,,,,,,,,,,,,,,,,,,,,,,,,,
85,0,0.08026815205812454,0.18390679359436035,9.62883472442627,9.125174522399902,17.322025299072266,19.00063133239746,0.915186882019043,0.8089267015457153,0.04995699226856232,0.061627957969903946,0.13288962841033936,0.09477799385786057,0.06178430840373039,0.07254504412412643,0.2934284210205078,0.3550136983394623,17.111310958862305,17.359437942504883,0.08477972447872162,0.2333408147096634,15.942638397216797,16.84205436706543,0.11292357742786407,0.34418320655822754,0.9500430226325989,0.938372015953064,0.8671103715896606,0.9052219986915588,0.9387056231498718,0.9295035004615784,0.7146291136741638,0.6528685092926025,,,,,,,,,,,,,,,,,,,,,,,,,,,,,,
86,0,0.07928870618343353,0.18135952949523926,9.519410133361816,9.16752815246582,17.15764808654785,19.01917266845703,0.9163546562194824,0.8115683197975159,0.04885151609778404,0.06071188300848007,0.12842006981372833,0.09659789502620697,0.06246018409729004,0.07184065878391266,0.29074761271476746,0.3468877375125885,16.916942596435547,17.15840721130371,0.08355990797281265,0.23454619944095612,16.08660888671875,16.848466873168945,0.11366770416498184,0.3335026502609253,0.9511484503746033,0.9392881393432617,0.8715798854827881,0.9034020900726318,0.9380350708961487,0.930188000202179,0.7172362804412842,0.6608140468597412,,,,,,,,,,,,,,,,,,,,,,,,,,,,,,
87,0,0.07787325233221054,0.1822078824043274,9.481646537780762,9.020370483398438,17.043514251708984,18.68608856201172,0.9177326560020447,0.8105456829071045,0.04849530756473541,0.05945942923426628,0.12867435812950134,0.09244036674499512,0.05938766524195671,0.0707227885723114,0.2919759750366211,0.3540780544281006,16.8697509765625,17.068309783935547,0.08290117979049683,0.2318505048751831,15.723024368286133,16.69285774230957,0.11300555616617203,0.33870577812194824,0.9515047073364258,0.9405405521392822,0.8713256120681763,0.9075596332550049,0.9410832524299622,0.9312742948532104,0.7160416841506958,0.65378338098526,,,,,,,,,,,,,,,,,,,,,,,,,,,,,,
88,0,0.07755696773529053,0.18051613867282867,9.47890853881836,9.093835830688477,17.069961547851562,18.832111358642578,0.9182193279266357,0.812206506729126,0.04871928691864014,0.05953136086463928,0.1258196085691452,0.09305227547883987,0.059599753469228745,0.07293390482664108,0.291812926530838,0.34503334760665894,16.84470558166504,17.088102340698242,0.08240989595651627,0.2317710965871811,15.843962669372559,16.84573745727539,0.11111220717430115,0.33531445264816284,0.9512807130813599,0.9404686093330383,0.8741803765296936,0.9069477319717407,0.940872848033905,0.9291256070137024,0.7162002325057983,0.6626272797584534,,,,,,,,,,,,,,,,,,,,,,,,,,,,,,
89,0,0.07642940431833267,0.1827400177717209,9.407883644104004,8.965249061584473,16.94936752319336,18.711454391479492,0.9193652272224426,0.8099954128265381,0.04802148789167404,0.05871151387691498,0.12477252632379532,0.09103354811668396,0.059504251927137375,0.07098319381475449,0.29272109270095825,0.3552105724811554,16.777503967285156,16.889558792114258,0.08231586217880249,0.22890911996364594,15.650457382202148,16.561798095703125,0.1126159057021141,0.3372530937194824,0.9519785046577454,0.9412884712219238,0.8752274513244629,0.9089664816856384,0.9409675598144531,0.9310212135314941,0.7153170108795166,0.652675986289978,,,,,,,,,,,,,,,,,,,,,,,,,,,,,,
90,0,0.07713382691144943,0.18209126591682434,9.39818000793457,9.026137351989746,16.941328048706055,18.827560424804688,0.9185217022895813,0.8106838464736938,0.04752509295940399,0.05934823676943779,0.12683752179145813,0.09220249950885773,0.060097433626651764,0.07209373265504837,0.2921038568019867,0.3513028025627136,16.600915908813477,17.064010620117188,0.08263781666755676,0.2287260740995407,15.669024467468262,16.78254508972168,0.11264903843402863,0.33707672357559204,0.9524748921394348,0.9406517744064331,0.8731624484062195,0.9077975153923035,0.9403790831565857,0.9299420714378357,0.7159173488616943,0.6564970016479492,,,,,,,,,,,,,,,,,,,,,,,,,,,,,,
91,0,0.07592619210481644,0.18057285249233246,9.382296562194824,8.885584831237793,16.911834716796875,18.53510284423828,0.9198175072669983,0.8120502233505249,0.04719455912709236,0.05939612537622452,0.12489072978496552,0.08924847096204758,0.05802932009100914,0.07019878923892975,0.29241126775741577,0.34938910603523254,16.584211349487305,17.02190589904785,0.0818973109126091,0.2283758819103241,15.460763931274414,16.467985153198242,0.11223433166742325,0.34110450744628906,0.9528054594993591,0.9406038522720337,0.8751092553138733,0.9107515215873718,0.9424307942390442,0.9317834973335266,0.7156183123588562,0.6583682298660278,,,,,,,,,,,,,,,,,,,,,,,,,,,,,,
92,0,0.07554318755865097,0.18090097606182098,9.409189224243164,8.944002151489258,16.932641983032227,18.800537109375,0.9205344319343567,0.811646580696106,0.047766849398612976,0.0588412769138813,0.1194261759519577,0.0918278619647026,0.06094421073794365,0.0703321099281311,0.29649606347084045,0.3438873887062073,16.70952033996582,16.977567672729492,0.08080471307039261,0.2293132245540619,15.649280548095703,16.48101806640625,0.11151345074176788,0.3355744183063507,0.9522331357002258,0.9411587119102478,0.8805738091468811,0.9081721305847168,0.9395390152931213,0.9316539168357849,0.7116457223892212,0.6637477874755859,,,,,,,,,,,,,,,,,,,,,,,,,,,,,,
93,0,0.07495331764221191,0.1817578673362732,9.249585151672363,8.982677459716797,16.707857131958008,18.78203010559082,0.920817494392395,0.8107948303222656,0.046305034309625626,0.05759965628385544,0.12350153177976608,0.08932386338710785,0.060263339430093765,0.071049265563488,0.29631301760673523,0.3475319445133209,16.457481384277344,16.648181915283203,0.08158021420240402,0.2272733449935913,15.64942741394043,16.63439178466797,0.11346738040447235,0.334756463766098,0.9536949396133423,0.942400336265564,0.8764984607696533,0.910676121711731,0.9402145147323608,0.930957019329071,0.7118237018585205,0.6601841449737549,,,,,,,,,,,,,,,,,,,,,,,,,,,,,,
94,0,0.07377398014068604,0.1852835714817047,9.310047149658203,8.910476684570312,16.760135650634766,18.636621475219727,0.922260046005249,0.8075196146965027,0.04635709896683693,0.05832706391811371,0.11879199743270874,0.08748379349708557,0.05950440466403961,0.06968860328197479,0.2928428649902344,0.366504043340683,16.512454986572266,16.825763702392578,0.08010005205869675,0.22504068911075592,15.499176979064941,16.513402938842773,0.11265134066343307,0.3485375940799713,0.9536429047584534,0.9416729211807251,0.8812080025672913,0.9125162363052368,0.9409674406051636,0.9322792887687683,0.7151986360549927,0.6416332721710205,,,,,,,,,,,,,,,,,,,,,,,,,,,,,,
95,0,0.07419811934232712,0.1787193864583969,9.297574043273926,8.900015830993652,16.734773635864258,18.73671531677246,0.9218099117279053,0.8141688108444214,0.04612443223595619,0.05829235911369324,0.119057297706604,0.08928626030683517,0.061127617955207825,0.06894468516111374,0.2888796627521515,0.3423376679420471,16.4794864654541,16.815147399902344,0.08006750047206879,0.2258489727973938,15.656046867370605,16.302370071411133,0.11280699074268341,0.32966670393943787,0.9538755416870117,0.9417076110839844,0.880942702293396,0.9107137322425842,0.9393571019172668,0.9330021739006042,0.7190529108047485,0.6652631163597107,,,,,,,,,,,,,,,,,,,,,,,,,,,,,,
96,0,0.07288447767496109,0.17780190706253052,9.250486373901367,8.886499404907227,16.70476531982422,18.7135009765625,0.9232255816459656,0.8150485754013062,0.0460645891726017,0.057922061532735825,0.11710778623819351,0.08600311726331711,0.06007661297917366,0.07014776021242142,0.2882140874862671,0.3392716944217682,16.372377395629883,16.760332107543945,0.07966918498277664,0.2229020893573761,15.469879150390625,16.471935272216797,0.11102806776762009,0.3308647572994232,0.9539353847503662,0.9420779347419739,0.8828921914100647,0.9139968752861023,0.9403997659683228,0.9318330883979797,0.7197002172470093,0.6682609915733337,,,,,,,,,,,,,,,,,,,,,,,,,,,,,,
97,0,0.07098144292831421,0.1838386058807373,9.143939971923828,8.85571002960205,16.4598331451416,18.65167236328125,0.9249939322471619,0.8090357184410095,0.04498334228992462,0.0558374784886837,0.1183873862028122,0.08081600815057755,0.059741631150245667,0.06958673149347305,0.29086434841156006,0.36213040351867676,16.237735748291016,16.501855850219727,0.08009166270494461,0.21962609887123108,15.503752708435059,16.302494049072266,0.11194982379674911,0.3361212909221649,0.9550166726112366,0.9441624879837036,0.8816125988960266,0.9191839694976807,0.9407320618629456,0.9323782920837402,0.7171227931976318,0.6459097862243652,,,,,,,,,,,,,,,,,,,,,,,,,,,,,,
98,0,0.07246430963277817,0.18021467328071594,9.197033882141113,8.873634338378906,16.530439376831055,18.487770080566406,0.9236319065093994,0.8126969933509827,0.04571400582790375,0.05578818544745445,0.11698067933320999,0.08698949962854385,0.058695435523986816,0.06837088614702225,0.2872198224067688,0.35304737091064453,16.41997718811035,16.489572525024414,0.07945899665355682,0.2237004190683365,15.585592269897461,16.278974533081055,0.11020000278949738,0.3343592584133148,0.9542859792709351,0.9442118406295776,0.8830193281173706,0.9130105376243591,0.9417699575424194,0.933559775352478,0.7206672430038452,0.6547911763191223,,,,,,,,,,,,,,,,,,,,,,,,,,,,,,
99,0,0.07057934999465942,0.18026818335056305,9.14655590057373,8.833405494689941,16.472272872924805,18.503814697265625,0.9256839752197266,0.8125555515289307,0.044719718396663666,0.05643102526664734,0.11297357082366943,0.08313998579978943,0.05848248302936554,0.0689706951379776,0.28876230120658875,0.35171180963516235,16.191442489624023,16.568431854248047,0.07890459895133972,0.2202502340078354,15.461195945739746,16.26428985595703,0.11213567852973938,0.3362561762332916,0.9552803039550781,0.9435689449310303,0.8870264291763306,0.916860044002533,0.9419812560081482,0.9329769015312195,0.7191671133041382,0.6560970544815063,,,,,,,,,,,,,,,,,,,,,,,,,,,,,,
100,0,0.07082565128803253,0.18248844146728516,9.098501205444336,8.961718559265137,16.35970115661621,18.806411743164062,0.9252198338508606,0.8102735280990601,0.04439251124858856,0.05522904172539711,0.11656209081411362,0.0829370990395546,0.059339143335819244,0.07288302481174469,0.29194778203964233,0.35312145948410034,16.202787399291992,16.362590789794922,0.07936202734708786,0.2208547443151474,15.424241065979004,16.821125030517578,0.11123000830411911,0.3362535536289215,0.9556074738502502,0.9447709321975708,0.8834378719329834,0.9170629382133484,0.9411313533782959,0.9291750192642212,0.7160691022872925,0.6547187566757202,,,,,,,,,,,,,,,,,,,,,,,,,,,,,,
101,0,0.06939996778964996,0.18335244059562683,9.112260818481445,8.754472732543945,16.3393611907959,18.54414939880371,0.9267798662185669,0.8094750046730042,0.04404187202453613,0.05546160414814949,0.11376238614320755,0.07961462438106537,0.05874935910105705,0.06925234198570251,0.29065296053886414,0.3618827164173126,16.166664123535156,16.465206146240234,0.0782734826207161,0.21741068363189697,15.260393142700195,16.192218780517578,0.11055728048086166,0.33556291460990906,0.9559581279754639,0.944538414478302,0.886237621307373,0.9203853607177734,0.9417164921760559,0.9327031970024109,0.7173283100128174,0.6461520195007324,,,,,,,,,,,,,,,,,,,,,,,,,,,,,,
102,0,0.06951479613780975,0.18129794299602509,9.048040390014648,8.920208930969238,16.270038604736328,18.79914665222168,0.9266862273216248,0.8117870092391968,0.043766964226961136,0.05484091490507126,0.11312271654605865,0.0815245509147644,0.061234213411808014,0.06986354291439056,0.28665369749069214,0.353273868560791,16.09598731994629,16.292451858520508,0.07868248969316483,0.21965010464191437,15.651854515075684,16.38447380065918,0.11064507812261581,0.33480924367904663,0.956233024597168,0.9451590776443481,0.8868772983551025,0.9184754490852356,0.9392513036727905,0.9321092367172241,0.7212178111076355,0.6545697450637817,,,,,,,,,,,,,,,,,,,,,,,,,,,,,,
103,0,0.07018622756004333,0.17936921119689941,9.082879066467285,8.705127716064453,16.374799728393555,18.36438751220703,0.9260541200637817,0.8135770559310913,0.04479793459177017,0.05483419448137283,0.11341855674982071,0.08273255825042725,0.05771419405937195,0.06776650249958038,0.2852517068386078,0.3530011773109436,16.174299240112305,16.335777282714844,0.07854847609996796,0.22051894664764404,15.223282814025879,16.04327964782715,0.10944929718971252,0.3330734074115753,0.955202043056488,0.9451658129692078,0.8865814208984375,0.9172674417495728,0.9427434206008911,0.9341471195220947,0.7225812673568726,0.6548363566398621,,,,,,,,,,,,,,,,,,,,,,,,,,,,,,
104,0,0.07064491510391235,0.181868776679039,9.155722618103027,8.986326217651367,16.42751693725586,18.668249130249023,0.9254815578460693,0.8111907243728638,0.04450967162847519,0.05607472360134125,0.1152237057685852,0.08226558566093445,0.059133753180503845,0.07080166786909103,0.2857043147087097,0.3578563928604126,16.26089096069336,16.522329330444336,0.07863649725914001,0.21920961141586304,15.72728443145752,16.55711555480957,0.1114717423915863,0.33477404713630676,0.9554903507232666,0.9439252614974976,0.8847762942314148,0.9177344441413879,0.941335141658783,0.9311976432800293,0.7221411466598511,0.650088906288147,,,,,,,,,,,,,,,,,,,,,,,,,,,,,,
105,0,0.07064227014780045,0.18840442597866058,9.07546615600586,8.84412670135498,16.291725158691406,18.584997177124023,0.9253730177879333,0.8042082786560059,0.0441686175763607,0.054549261927604675,0.1168743222951889,0.08291558176279068,0.05906317010521889,0.06947197020053864,0.29787981510162354,0.37570351362228394,16.15992546081543,16.3243465423584,0.07934798300266266,0.2191813886165619,15.483357429504395,16.274152755737305,0.11240948736667633,0.34233608841896057,0.9558313488960266,0.9454507231712341,0.8831256628036499,0.9170844554901123,0.941405177116394,0.9324897527694702,0.7102999687194824,0.6326380968093872,,,,,,,,,,,,,,,,,,,,,,,,,,,,,,
106,0,0.06987953186035156,0.18079842627048492,9.06063461303711,8.744701385498047,16.238588333129883,18.415828704833984,0.9264366030693054,0.8118566870689392,0.04405723512172699,0.053922805935144424,0.11133988946676254,0.08493348956108093,0.05742422118782997,0.06908401846885681,0.29140591621398926,0.3529025614261627,16.162328720092773,16.262086868286133,0.07824720442295074,0.2203882485628128,15.233536720275879,16.189409255981445,0.10989167541265488,0.3321523070335388,0.9559427499771118,0.9460771679878235,0.8886600732803345,0.9150664806365967,0.9430311322212219,0.9328668117523193,0.7165960669517517,0.6549327373504639,,,,,,,,,,,,,,,,,,,,,,,,,,,,,,
107,0,0.06924612075090408,0.17865893244743347,9.009835243225098,8.80927562713623,16.203418731689453,18.497827529907227,0.9268723726272583,0.8143068552017212,0.04354912042617798,0.05417794734239578,0.11437424272298813,0.08040917664766312,0.058655593544244766,0.06860461086034775,0.28527551889419556,0.34820377826690674,16.036865234375,16.214221954345703,0.07819756120443344,0.21759513020515442,15.461528778076172,16.172203063964844,0.11085070669651031,0.33272257447242737,0.956450879573822,0.9458220601081848,0.8856257200241089,0.9195908308029175,0.9418095350265503,0.933332622051239,0.7225581407546997,0.6595271825790405,,,,,,,,,,,,,,,,,,,,,,,,,,,,,,
108,0,0.06389223039150238,0.17813128232955933,8.880558013916016,8.684765815734863,15.940103530883789,18.375900268554688,0.9327293634414673,0.8148046731948853,0.04231122136116028,0.05217774584889412,0.10392709821462631,0.07066644728183746,0.058487892150878906,0.06678178161382675,0.2853960692882538,0.3480292558670044,15.839705467224121,15.948282241821289,0.07518111914396286,0.20945070683956146,15.31778621673584,15.85610294342041,0.1090259701013565,0.32605302333831787,0.9576887488365173,0.9478222727775574,0.8960728645324707,0.9293335676193237,0.9419758915901184,0.9351040124893188,0.7224408984184265,0.6596978902816772,,,,,,,,,,,,,,,,,,,,,,,,,,,,,,
109,0,0.06290467083454132,0.17636743187904358,8.76571273803711,8.588736534118652,15.701920509338379,18.344575881958008,0.9336403012275696,0.8167179822921753,0.041021205484867096,0.050683602690696716,0.1040206253528595,0.06971336901187897,0.05841658636927605,0.06635946035385132,0.28147485852241516,0.3445945382118225,15.6603364944458,15.709044456481934,0.0753738284111023,0.20809483528137207,15.081554412841797,15.756470680236816,0.109248585999012,0.3258087635040283,0.9589787721633911,0.9493163824081421,0.8959793448448181,0.9302866458892822,0.9420466423034668,0.9355143904685974,0.7262544631958008,0.6630563139915466,,,,,,,,,,,,,,,,,,,,,,,,,,,,,,
110,0,0.06214021146297455,0.17876838147640228,8.770157814025879,8.607583045959473,15.75064468383789,18.305641174316406,0.9346043467521667,0.8142367601394653,0.04127828776836395,0.05099572241306305,0.10065795481204987,0.06865078955888748,0.05800080671906471,0.06633288413286209,0.2840143144130707,0.3526671528816223,15.605419158935547,15.795443534851074,0.07408906519412994,0.2066543847322464,15.105542182922363,15.802000045776367,0.10927734524011612,0.3266577124595642,0.9587216973304749,0.9490042924880981,0.8993420600891113,0.9313492178916931,0.9424591064453125,0.9355401992797852,0.7237846851348877,0.6551629304885864,,,,,,,,,,,,,,,,,,,,,,,,,,,,,,
111,0,0.062367767095565796,0.17845140397548676,8.743348121643066,8.607094764709473,15.65737247467041,18.342153549194336,0.9343827962875366,0.8144885301589966,0.04090963676571846,0.05021044611930847,0.10020315647125244,0.07114539295434952,0.05813528969883919,0.0667467787861824,0.2852035462856293,0.3499067723751068,15.555368423461914,15.747832298278809,0.07377027720212936,0.20826150476932526,15.141331672668457,15.756390571594238,0.10802730917930603,0.32836565375328064,0.9590903520584106,0.9497895240783691,0.8997968435287476,0.9288545846939087,0.9423257112503052,0.9351380467414856,0.722628116607666,0.6578620672225952,,,,,,,,,,,,,,,,,,,,,,,,,,,,,,
112,0,0.062172677367925644,0.17809362709522247,8.70313835144043,8.584014892578125,15.575072288513184,18.331497192382812,0.9344753623008728,0.8148393630981445,0.04071957990527153,0.04931699484586716,0.10183998942375183,0.07022183388471603,0.05753886699676514,0.06747681647539139,0.2846384346485138,0.34891292452812195,15.5752592086792,15.56391716003418,0.07423597574234009,0.20782218873500824,15.032670974731445,15.795975685119629,0.10817502439022064,0.3269387185573578,0.9592804312705994,0.9506829977035522,0.8981599807739258,0.9297781586647034,0.9429173469543457,0.9344285726547241,0.7231777310371399,0.6588338613510132,,,,,,,,,,,,,,,,,,,,,,,,,,,,,,
113,0,0.06091130152344704,0.17930074036121368,8.7100248336792,8.56082820892334,15.571796417236328,18.253639221191406,0.9359591007232666,0.8136434555053711,0.04048082232475281,0.0496370904147625,0.09757930785417557,0.06846631318330765,0.05707085505127907,0.06687308847904205,0.28470379114151,0.35481488704681396,15.557633399963379,15.61306381225586,0.07309602200984955,0.20822924375534058,14.9884614944458,15.753988265991211,0.10878267884254456,0.3289760649204254,0.9595191478729248,0.9503629207611084,0.902420699596405,0.931533694267273,0.943381667137146,0.9350152611732483,0.7231141328811646,0.6530629396438599,,,,,,,,,,,,,,,,,,,,,,,,,,,,,,
114,0,0.0605325773358345,0.1791229397058487,8.691843032836914,8.549703598022461,15.573827743530273,18.29474639892578,0.9362805485725403,0.8137551546096802,0.040100596845149994,0.0502508170902729,0.09823667258024216,0.06628959625959396,0.05780071020126343,0.06645402312278748,0.2864825129508972,0.3522648811340332,15.437830924987793,15.687965393066406,0.07329266518354416,0.2054266333580017,14.97747802734375,15.726682662963867,0.1084308996796608,0.32537156343460083,0.9598994255065918,0.9497491717338562,0.9017633199691772,0.9337103962898254,0.9426575899124146,0.9354225397109985,0.7213842868804932,0.655556321144104,,,,,,,,,,,,,,,,,,,,,,,,,,,,,,
115,0,0.060214124619960785,0.17679139971733093,8.655792236328125,8.570528984069824,15.545914649963379,18.31482696533203,0.9366915822029114,0.8162764310836792,0.04047781974077225,0.049270592629909515,0.09690756350755692,0.06657765060663223,0.057887084782123566,0.06666318327188492,0.2816070020198822,0.34650465846061707,15.459612846374512,15.52074909210205,0.07279723882675171,0.20329128205776215,15.032245635986328,15.745232582092285,0.10765401273965836,0.32481810450553894,0.9595221877098083,0.9507294297218323,0.9030924439430237,0.933422327041626,0.9425719380378723,0.9352192282676697,0.726125955581665,0.6611886024475098,,,,,,,,,,,,,,,,,,,,,,,,,,,,,,
116,0,0.05948282405734062,0.17714834213256836,8.640520095825195,8.561091423034668,15.454314231872559,18.320728302001953,0.9374696612358093,0.8160221576690674,0.039554573595523834,0.04937935993075371,0.09516795724630356,0.06601935625076294,0.057460080832242966,0.06741455942392349,0.279484361410141,0.34934237599372864,15.389503479003906,15.544978141784668,0.07199198752641678,0.20354564487934113,14.922967910766602,15.834293365478516,0.10846586525440216,0.3285209834575653,0.9604454040527344,0.9506206512451172,0.9048320055007935,0.9339806437492371,0.942995548248291,0.9344890713691711,0.7281903028488159,0.6584138870239258,,,,,,,,,,,,,,,,,,,,,,,,,,,,,,
117,0,0.059640444815158844,0.17797960340976715,8.648308753967285,8.578314781188965,15.500458717346191,18.29478645324707,0.9372330904006958,0.8150281310081482,0.03975918889045715,0.049724042415618896,0.09678558260202408,0.06479869782924652,0.05762872472405434,0.06671766936779022,0.283210426568985,0.3502243161201477,15.381645202636719,15.586494445800781,0.07250896096229553,0.20209947228431702,15.02363395690918,15.785351753234863,0.10769852995872498,0.32604098320007324,0.9602408409118652,0.9502759575843811,0.9032143950462341,0.9352012872695923,0.9428282380104065,0.9351662993431091,0.7245665192604065,0.6575515270233154,,,,,,,,,,,,,,,,,,,,,,,,,,,,,,
118,0,0.05837303400039673,0.1763182431459427,8.567359924316406,8.448088645935059,15.295356750488281,18.187572479248047,0.9385237097740173,0.8166117668151855,0.03900066763162613,0.047976333647966385,0.09557635337114334,0.06335184723138809,0.056745074689388275,0.0662589892745018,0.28301987051963806,0.34528788924217224,15.338656425476074,15.317144393920898,0.07215607911348343,0.20153477787971497,14.746098518371582,15.599639892578125,0.10762158781290054,0.32525280117988586,0.9609993100166321,0.9520236849784851,0.9044236540794373,0.9366481304168701,0.9437049031257629,0.9356120228767395,0.7247518301010132,0.6623783707618713,,,,,,,,,,,,,,,,,,,,,,,,,,,,,,
119,0,0.05877164751291275,0.17466041445732117,8.619290351867676,8.47964859008789,15.393957138061523,18.149280548095703,0.9381811618804932,0.8183928728103638,0.039507776498794556,0.048592809587717056,0.09507592767477036,0.06409884989261627,0.056148745119571686,0.0665266215801239,0.27922356128692627,0.34211668372154236,15.396293640136719,15.454712867736816,0.07207071781158447,0.2010764330625534,14.792634010314941,15.672277450561523,0.10811743140220642,0.32230144739151,0.9604922533035278,0.9514071941375732,0.9049240350723267,0.9359011650085449,0.9442964792251587,0.9353519678115845,0.7284439206123352,0.6654791831970215,,,,,,,,,,,,,,,,,,,,,,,,,,,,,,
120,0,0.05905089154839516,0.17604786157608032,8.547316551208496,8.511960983276367,15.245399475097656,18.245302200317383,0.9378276467323303,0.8168030977249146,0.038861051201820374,0.04748648777604103,0.09579671919345856,0.06654520332813263,0.0567488968372345,0.06722626835107803,0.2843942940235138,0.34217292070388794,15.321823120117188,15.255123138427734,0.07207981497049332,0.20418980717658997,14.837170600891113,15.74394702911377,0.1082475557923317,0.3259927034378052,0.9611389636993408,0.9525135159492493,0.9042032957077026,0.9334548115730286,0.9437010884284973,0.9346720576286316,0.7234151363372803,0.6654241681098938,,,,,,,,,,,,,,,,,,,,,,,,,,,,,,
121,0,0.05779704451560974,0.1757088005542755,8.562206268310547,8.482115745544434,15.270867347717285,18.20676040649414,0.9391513466835022,0.8169935941696167,0.038796521723270416,0.04794489964842796,0.0944318175315857,0.06222128868103027,0.05673566833138466,0.06659731268882751,0.28703799843788147,0.3394028842449188,15.270159721374512,15.381964683532715,0.07161077111959457,0.19929489493370056,14.764270782470703,15.715030670166016,0.10878035426139832,0.3228902518749237,0.9612034559249878,0.9520550966262817,0.9055681824684143,0.9377787113189697,0.9437142014503479,0.9352832436561584,0.720844030380249,0.6681327223777771,,,,,,,,,,,,,,,,,,,,,,,,,,,,,,
122,0,0.05852970853447914,0.17621734738349915,8.568602561950684,8.442315101623535,15.320662498474121,18.199722290039062,0.9384278059005737,0.8166504502296448,0.03914744406938553,0.04810798540711403,0.09463423490524292,0.0643988773226738,0.05703052878379822,0.06602788716554642,0.2843951880931854,0.34370186924934387,15.309834480285645,15.355857849121094,0.0723148062825203,0.2024293690919876,14.732767105102539,15.594344139099121,0.10770480334758759,0.32345348596572876,0.9608525633811951,0.9518920183181763,0.9053657650947571,0.9356011152267456,0.9434216618537903,0.9358366131782532,0.7234143018722534,0.6639291644096375,,,,,,,,,,,,,,,,,,,,,,,,,,,,,,
123,0,0.05697944387793541,0.17433181405067444,8.525757789611816,8.392149925231934,15.254849433898926,18.071125030517578,0.9401230812072754,0.8186646103858948,0.038634393364191055,0.04796864092350006,0.09148218482732773,0.06142248213291168,0.056087426841259,0.06531137973070145,0.2800678610801697,0.34143519401550293,15.219106674194336,15.29990291595459,0.07081332057714462,0.19857817888259888,14.625804901123047,15.523322105407715,0.10731745511293411,0.32297512888908386,0.9613655805587769,0.9520313739776611,0.9085177779197693,0.9385775327682495,0.9443573355674744,0.9365328550338745,0.7276228070259094,0.6661455631256104,,,,,,,,,,,,,,,,,,,,,,,,,,,,,,
124,0,0.05825860798358917,0.1770583838224411,8.592269897460938,8.463983535766602,15.374089241027832,18.231311798095703,0.9386844635009766,0.8159074187278748,0.03904219716787338,0.049026455730199814,0.09479320794343948,0.062400270253419876,0.057535696774721146,0.0657881572842598,0.283410906791687,0.34744611382484436,15.34012508392334,15.418301582336426,0.07157868891954422,0.1981543004512787,14.80505084991455,15.593358993530273,0.10743516683578491,0.3243815302848816,0.9609578251838684,0.9509735107421875,0.9052067995071411,0.9375997185707092,0.9429205060005188,0.9360695481300354,0.7243715524673462,0.6602680683135986,,,,,,,,,,,,,,,,,,,,,,,,,,,,,,
125,0,0.057243626564741135,0.17971563339233398,8.510607719421387,8.454950332641602,15.276463508605957,18.185632705688477,0.9397611021995544,0.8132386803627014,0.03932441025972366,0.04721304401755333,0.09388650953769684,0.06053190305829048,0.05695116147398949,0.0659094750881195,0.28463566303253174,0.35761788487434387,15.275725364685059,15.170641899108887,0.07169340550899506,0.19854053854942322,14.81795597076416,15.538949012756348,0.10751724243164062,0.3272053003311157,0.9606755971908569,0.9527869820594788,0.9061135053634644,0.9394680857658386,0.9435003995895386,0.9359516501426697,0.7231804132461548,0.6503221392631531,,,,,,,,,,,,,,,,,,,,,,,,,,,,,,
126,0,0.05746116861701012,0.1786721795797348,8.512249946594238,8.438353538513184,15.231048583984375,18.222131729125977,0.9396026134490967,0.8144129514694214,0.03871278837323189,0.047513198107481,0.09226672351360321,0.06309690326452255,0.057185668498277664,0.06616637855768204,0.281739741563797,0.3552013337612152,15.218611717224121,15.24504280090332,0.07118737697601318,0.19999870657920837,14.710586547851562,15.602113723754883,0.10725190490484238,0.3268269896507263,0.9612872004508972,0.9524868130683899,0.9077332615852356,0.9369031190872192,0.9432677626609802,0.9357020258903503,0.7259968519210815,0.6526850461959839,,,,,,,,,,,,,,,,,,,,,,,,,,,,,,
127,0,0.05761842057108879,0.17894788086414337,8.447945594787598,8.511303901672363,15.137349128723145,18.262832641601562,0.9393486380577087,0.8138421773910522,0.03822595626115799,0.046948522329330444,0.09353994578123093,0.06389091163873672,0.05758963152766228,0.06623701751232147,0.2878936529159546,0.35093533992767334,15.085064888000488,15.151851654052734,0.07127919793128967,0.19845455884933472,14.914392471313477,15.649068832397461,0.10814708471298218,0.32571378350257874,0.9617740511894226,0.9530514478683472,0.9064600467681885,0.9361090660095215,0.9428670406341553,0.9356333613395691,0.7200118899345398,0.6568562984466553,,,,,,,,,,,,,,,,,,,,,,,,,,,,,,
128,0,0.057691238820552826,0.17738431692123413,8.466094017028809,8.459980964660645,15.126932144165039,18.18146324157715,0.939293622970581,0.8154770135879517,0.03832998126745224,0.04664317145943642,0.0933188796043396,0.06453337520360947,0.05727245286107063,0.06535059958696365,0.2853749692440033,0.3479556143283844,15.118297576904297,15.181634902954102,0.0714602991938591,0.20063798129558563,14.845346450805664,15.528547286987305,0.10838690400123596,0.3241519331932068,0.9616700410842896,0.9533568024635315,0.9066811203956604,0.9354666471481323,0.9431816935539246,0.936494767665863,0.722461462020874,0.6597698926925659,,,,,,,,,,,,,,,,,,,,,,,,,,,,,,
129,0,0.05611110478639603,0.17535413801670074,8.42634105682373,8.372573852539062,15.097981452941895,18.14597511291504,0.9410980343818665,0.8177390098571777,0.037740398198366165,0.04714585468173027,0.08868087083101273,0.06204064562916756,0.05702700838446617,0.06512980163097382,0.27957674860954285,0.3449373245239258,14.971128463745117,15.204809188842773,0.06963087618350983,0.19832827150821686,14.663250923156738,15.40207290649414,0.10764143615961075,0.32098516821861267,0.9622595906257629,0.9528541564941406,0.9113191366195679,0.9379593729972839,0.943425178527832,0.9367093443870544,0.7281004190444946,0.6627211570739746,,,,,,,,,,,,,,,,,,,,,,,,,,,,,,
130,1,0.05606918781995773,0.1738230288028717,8.440010070800781,8.449755668640137,15.148270606994629,18.233177185058594,0.9410476684570312,0.8191303610801697,0.03775829076766968,0.047820329666137695,0.09035547822713852,0.059874966740608215,0.056945979595184326,0.06672200560569763,0.2813408076763153,0.3359908163547516,15.008098602294922,15.215444564819336,0.07027462869882584,0.19695785641670227,14.739718437194824,15.61884880065918,0.10673080384731293,0.321067750453949,0.9622417092323303,0.9521796703338623,0.9096444845199585,0.940125048160553,0.943505585193634,0.9351620674133301,0.7263848185539246,0.6714690327644348,,,,,,,,,,,,,,,,,,,,,,,,,,,,,,
131,0,0.05693381652235985,0.17680199444293976,8.420775413513184,8.456705093383789,15.070366859436035,18.215742111206055,0.9401686787605286,0.8160701990127563,0.037927333265542984,0.046474017202854156,0.09079646319150925,0.06412740051746368,0.05693318694829941,0.06644592434167862,0.28456148505210876,0.3455936014652252,15.02565860748291,15.113234519958496,0.07053010910749435,0.20125684142112732,14.80392074584961,15.566908836364746,0.1071309745311737,0.32339730858802795,0.9620726704597473,0.953525960445404,0.9092035293579102,0.9358726143836975,0.9435182809829712,0.9354304075241089,0.723252534866333,0.6620794534683228,,,,,,,,,,,,,,,,,,,,,,,,,,,,,,
132,0,0.0557483546435833,0.17738667130470276,8.407551765441895,8.390058517456055,15.008532524108887,18.15507698059082,0.941400408744812,0.8152851462364197,0.03728392720222473,0.0466051809489727,0.0893084928393364,0.061200644820928574,0.05684405937790871,0.0655616968870163,0.2886509299278259,0.3457068204879761,14.912900924682617,15.200061798095703,0.07001519948244095,0.19830098748207092,14.671804428100586,15.461141586303711,0.1078278198838234,0.32124897837638855,0.9627160429954529,0.9533948302268982,0.910691499710083,0.9387993812561035,0.9436066746711731,0.9362896680831909,0.7192754149436951,0.6619687676429749,,,,,,,,,,,,,,,,,,,,,,,,,,,,,,
133,0,0.05612405762076378,0.1768067330121994,8.455142974853516,8.38178825378418,15.06371784210205,18.149730682373047,0.9409704804420471,0.8158822059631348,0.03791767731308937,0.046397026628255844,0.09089159965515137,0.06091183423995972,0.05644902586936951,0.06607528030872345,0.287667840719223,0.3441323935985565,15.125222206115723,15.133829116821289,0.0706123635172844,0.19715958833694458,14.636883735656738,15.471677780151367,0.10702858120203018,0.32023999094963074,0.9620823264122009,0.9536029696464539,0.9091084003448486,0.9390881657600403,0.9439985752105713,0.9357905387878418,0.7202315330505371,0.6635082364082336,,,,,,,,,,,,,,,,,,,,,,,,,,,,,,
134,0,0.05491762235760689,0.1760370284318924,8.355976104736328,8.37298583984375,14.93370246887207,18.079927444458008,0.9422265291213989,0.8170040845870972,0.03712758421897888,0.04581232741475105,0.08919652551412582,0.05895756185054779,0.0559893436729908,0.06560705602169037,0.2800902724266052,0.3480115532875061,14.921477317810059,14.987205505371094,0.06971845775842667,0.19582529366016388,14.543445587158203,15.548890113830566,0.10702145844697952,0.3199877142906189,0.9628723859786987,0.9541876912117004,0.9108034372329712,0.941042423248291,0.9444546103477478,0.9362455606460571,0.7276009917259216,0.6597151756286621,,,,,,,,,,,,,,,,,,,,,,,,,,,,,,
135,0,0.05600304156541824,0.17692001163959503,8.407565116882324,8.390116691589355,15.082430839538574,18.220508575439453,0.9410431385040283,0.8161072731018066,0.03733216971158981,0.04755697771906853,0.09121392667293549,0.059724222868680954,0.057478491216897964,0.06569327414035797,0.2821047902107239,0.34807997941970825,14.895329475402832,15.222740173339844,0.07031361758708954,0.1966480016708374,14.707510948181152,15.420442581176758,0.10692398250102997,0.3200712203979492,0.9626678228378296,0.95244300365448,0.9087860584259033,0.9402757883071899,0.942977249622345,0.9361617565155029,0.7256417870521545,0.6596482992172241,,,,,,,,,,,,,,,,,,,,,,,,,,,,,,
136,0,0.05487828329205513,0.17648173868656158,8.353235244750977,8.452909469604492,14.900237083435059,18.193124771118164,0.9421230554580688,0.8164961338043213,0.036775339394807816,0.04589325934648514,0.09142014384269714,0.05741894617676735,0.05716091766953468,0.06571733206510544,0.2825413942337036,0.3463536500930786,14.917752265930176,14.981023788452148,0.07036435604095459,0.1950945109128952,14.833296775817871,15.518736839294434,0.10745944082736969,0.32094451785087585,0.9632246494293213,0.9541067481040955,0.9085798263549805,0.942581057548523,0.9432923197746277,0.936138391494751,0.7252172231674194,0.6613363027572632,,,,,,,,,,,,,,,,,,,,,,,,,,,,,,
137,0,0.05511098727583885,0.1781819760799408,8.371603012084961,8.368932723999023,14.986361503601074,18.122163772583008,0.9420121908187866,0.8146820664405823,0.037215761840343475,0.04640362784266472,0.08967136591672897,0.0586606040596962,0.056498222053050995,0.06553642451763153,0.2851204574108124,0.35206136107444763,14.913755416870117,15.060189247131348,0.06997298449277878,0.19413362443447113,14.648309707641602,15.404123306274414,0.10682114958763123,0.32296374440193176,0.9627842307090759,0.9535963535308838,0.9103286266326904,0.941339373588562,0.9439497590065002,0.9363142251968384,0.7227089405059814,0.6557552814483643,,,,,,,,,,,,,,,,,,,,,,,,,,,,,,
138,0,0.055553633719682693,0.1754145324230194,8.339617729187012,8.383644104003906,14.890722274780273,18.10334014892578,0.941638708114624,0.8176689743995667,0.03667140752077103,0.04592122137546539,0.08793523907661438,0.0629173144698143,0.056607361882925034,0.06505567580461502,0.27944281697273254,0.34585660696029663,14.834573745727539,15.023590087890625,0.06940850615501404,0.1994888037443161,14.641013145446777,15.471430778503418,0.10728669166564941,0.3227245509624481,0.9633285999298096,0.9540787935256958,0.9120647311210632,0.9370827078819275,0.9438415169715881,0.9367813467979431,0.7282307147979736,0.6618223190307617,,,,,,,,,,,,,,,,,,,,,,,,,,,,,,
139,0,0.05385076254606247,0.17590895295143127,8.316429138183594,8.373539924621582,14.84327220916748,18.13076400756836,0.9432146549224854,0.8171731233596802,0.03663334250450134,0.04533032700419426,0.09008509665727615,0.0550926998257637,0.05634552240371704,0.06591463834047318,0.2795337438583374,0.34720635414123535,14.834393501281738,14.93705940246582,0.07027308642864227,0.19329430162906647,14.659969329833984,15.410819053649902,0.10704430937767029,0.3204973340034485,0.9633666276931763,0.9546696543693542,0.9099149107933044,0.9449073076248169,0.9441012740135193,0.9359466433525085,0.728142261505127,0.660502552986145,,,,,,,,,,,,,,,,,,,,,,,,,,,,,,
140,0,0.05466868728399277,0.1772233098745346,8.343000411987305,8.463861465454102,14.893301010131836,18.273223876953125,0.9424431324005127,0.8159188032150269,0.03627141937613487,0.046571966260671616,0.08896657079458237,0.05841745436191559,0.05794643238186836,0.06586813181638718,0.28046852350234985,0.34982991218566895,14.75343132019043,15.138558387756348,0.06963711977005005,0.19573241472244263,14.842811584472656,15.550002098083496,0.10720450431108475,0.32215526700019836,0.9637285470962524,0.9534280300140381,0.9110333919525146,0.9415825605392456,0.9425130486488342,0.9359918832778931,0.7272331714630127,0.6579371690750122,,,,,,,,,,,,,,,,,,,,,,,,,,,,,,
141,0,0.05406841263175011,0.1792575567960739,8.306443214416504,8.386115074157715,14.852078437805176,18.16263771057129,0.9431174397468567,0.813880205154419,0.0362236350774765,0.04607996344566345,0.08756135404109955,0.05766508728265762,0.0574539415538311,0.06475519388914108,0.28127244114875793,0.3589755892753601,14.721096992492676,15.033523559570312,0.06886705011129379,0.19493353366851807,14.834458351135254,15.245092391967773,0.10719272494316101,0.3269602954387665,0.9637763500213623,0.9539200067520142,0.9124386310577393,0.9423348903656006,0.9430016279220581,0.9370733499526978,0.7264512777328491,0.6489945650100708,,,,,,,,,,,,,,,,,,,,,,,,,,,,,,
142,0,0.05212859436869621,0.1783428192138672,8.235523223876953,8.312349319458008,14.693426132202148,18.104246139526367,0.9452559351921082,0.8147004842758179,0.03618183359503746,0.043982647359371185,0.08384936302900314,0.054962385445833206,0.05690306797623634,0.06461761891841888,0.2821066975593567,0.3554861545562744,14.726899147033691,14.748710632324219,0.06811505556106567,0.19114676117897034,14.63542652130127,15.193459510803223,0.10689740628004074,0.3233286142349243,0.9638181924819946,0.9560173749923706,0.9161506295204163,0.9450376033782959,0.9435481429100037,0.937207043170929,0.7256399393081665,0.6524065732955933,,,,,,,,,,,,,,,,,,,,,,,,,,,,,,
143,0,0.05248473584651947,0.17681530117988586,8.212322235107422,8.31917667388916,14.672630310058594,18.061111450195312,0.944820761680603,0.8163102269172668,0.036080386489629745,0.04385669156908989,0.08518341928720474,0.05559627711772919,0.0563356839120388,0.06476309895515442,0.27919358015060425,0.35222920775413513,14.727232933044434,14.655762672424316,0.06805305182933807,0.19143417477607727,14.617822647094727,15.243967056274414,0.10598751902580261,0.32188254594802856,0.9639195799827576,0.956143319606781,0.9148165583610535,0.9444037079811096,0.9441110491752625,0.9370656609535217,0.7284730672836304,0.6555911898612976,,,,,,,,,,,,,,,,,,,,,,,,,,,,,,
144,0,0.05251114070415497,0.1770402044057846,8.263721466064453,8.303848266601562,14.737009048461914,18.092859268188477,0.9448305368423462,0.8160488605499268,0.03618400916457176,0.04457085207104683,0.08464408665895462,0.05527893081307411,0.05679815635085106,0.06458786875009537,0.28040608763694763,0.3517972528934479,14.78108024597168,14.795595169067383,0.06816365569829941,0.1910272091627121,14.566802024841309,15.243221282958984,0.10636983811855316,0.32238173484802246,0.9638159871101379,0.9554291367530823,0.915355920791626,0.9447211027145386,0.9436522126197815,0.937235951423645,0.727293848991394,0.6560134887695312,,,,,,,,,,,,,,,,,,,,,,,,,,,,,,
145,0,0.05093683302402496,0.1756586730480194,8.200218200683594,8.285150527954102,14.65778923034668,18.020023345947266,0.9464566707611084,0.8173317909240723,0.03547847270965576,0.04458148777484894,0.0829780176281929,0.05113522335886955,0.056195538491010666,0.06429252028465271,0.2810109853744507,0.34685230255126953,14.641850471496582,14.714165687561035,0.06760244071483612,0.18826672434806824,14.553316116333008,15.189045906066895,0.10616494715213776,0.31832921504974365,0.9645215272903442,0.9554185271263123,0.9170219898223877,0.948864758014679,0.9442500472068787,0.9375229477882385,0.7267055511474609,0.6608487367630005,,,,,,,,,,,,,,,,,,,,,,,,,,,,,,
146,0,0.05180061608552933,0.17551743984222412,8.24419116973877,8.238622665405273,14.722765922546387,17.9617862701416,0.945565938949585,0.8175089359283447,0.03607246279716492,0.04454910382628441,0.08405967801809311,0.05305492505431175,0.05581606924533844,0.06390270590782166,0.27992182970046997,0.34798362851142883,14.743009567260742,14.765522956848145,0.06795908510684967,0.189494788646698,14.476417541503906,15.094917297363281,0.10585077852010727,0.3193475306034088,0.9639275074005127,0.9554508924484253,0.9159402847290039,0.946945071220398,0.94462651014328,0.9379017949104309,0.7277648448944092,0.6597424745559692,,,,,,,,,,,,,,,,,,,,,,,,,,,,,,
147,0,0.05128799006342888,0.17519725859165192,8.22251033782959,8.260385513305664,14.642476081848145,17.997623443603516,0.9460879564285278,0.8179061412811279,0.03560362383723259,0.04418203607201576,0.08342128247022629,0.05244103819131851,0.05617833137512207,0.06394564360380173,0.2785690426826477,0.34729379415512085,14.702615737915039,14.72884464263916,0.06741415709257126,0.18908359110355377,14.508766174316406,15.141806602478027,0.1057024747133255,0.32057201862335205,0.9643963575363159,0.9558179378509521,0.9165787100791931,0.9475589990615845,0.9442671537399292,0.9378600716590881,0.7290804386138916,0.6604169607162476,,,,,,,,,,,,,,,,,,,,,,,,,,,,,,
148,0,0.050397854298353195,0.17554371058940887,8.187320709228516,8.273286819458008,14.636969566345215,18.044227600097656,0.9471641778945923,0.8175029158592224,0.03571435064077377,0.043937742710113525,0.08015038073062897,0.051540859043598175,0.05654314160346985,0.06416548788547516,0.28016170859336853,0.3467707633972168,14.65172290802002,14.652188301086426,0.06632456183433533,0.18799911439418793,14.553305625915527,15.139902114868164,0.10561549663543701,0.3205825686454773,0.964285671710968,0.9560622572898865,0.9198496341705322,0.9484591484069824,0.943905234336853,0.9376463890075684,0.7275315523147583,0.6609284281730652,,,,,,,,,,,,,,,,,,,,,,,,,,,,,,
149,0,0.04974641650915146,0.17681089043617249,8.13114070892334,8.312479972839355,14.464920997619629,18.035228729248047,0.947796642780304,0.8162562847137451,0.03508900851011276,0.04258912056684494,0.07985461503267288,0.051280707120895386,0.05611536279320717,0.06466751545667648,0.28012382984161377,0.35184305906295776,14.613896369934082,14.473455429077148,0.06646691262722015,0.18875375390052795,14.593204498291016,15.246716499328613,0.10626564174890518,0.3217298090457916,0.9649109840393066,0.9574108719825745,0.9201453924179077,0.948719322681427,0.9443296194076538,0.9371585845947266,0.7275683879852295,0.6559687256813049,,,,,,,,,,,,,,,,,,,,,,,,,,,,,,
150,0,0.05089973285794258,0.17626942694187164,8.162522315979004,8.244144439697266,14.554356575012207,17.951051712036133,0.9466156959533691,0.8167427778244019,0.03504247963428497,0.043857134878635406,0.08037389814853668,0.05426349863409996,0.0554753914475441,0.06424404680728912,0.2803320586681366,0.3507160246372223,14.527018547058105,14.702683448791504,0.06665216386318207,0.18910092115402222,14.442138671875,15.158025741577148,0.10661876946687698,0.31876593828201294,0.9649575352668762,0.9561428427696228,0.9196261167526245,0.9457365274429321,0.9449644684791565,0.9375700950622559,0.7273658514022827,0.6570707559585571,,,,,,,,,,,,,,,,,,,,,,,,,,,,,,
151,0,0.050031062215566635,0.1770130693912506,8.120638847351074,8.312267303466797,14.492438316345215,18.07103729248047,0.9473447203636169,0.8162596225738525,0.03476620092988014,0.043452829122543335,0.08256839215755463,0.04983345791697502,0.05663181096315384,0.06447640806436539,0.27672886848449707,0.3548721373081207,14.49283218383789,14.579699516296387,0.06729873269796371,0.18619391322135925,14.61514949798584,15.221572875976562,0.10588466376066208,0.3200159966945648,0.9652338027954102,0.9565471410751343,0.9174315929412842,0.9501665234565735,0.9438172578811646,0.9373443126678467,0.7308701276779175,0.653006911277771,,,,,,,,,,,,,,,,,,,,,,,,,,,,,,
152,0,0.05026531592011452,0.17749106884002686,8.175566673278809,8.241181373596191,14.56820011138916,17.962568283081055,0.9472517967224121,0.8153996467590332,0.03567523881793022,0.04307149350643158,0.0808999165892601,0.05134595185518265,0.055923398584127426,0.06375089287757874,0.28372257947921753,0.3528739809989929,14.632551193237305,14.628654479980469,0.06665927171707153,0.1876428872346878,14.500903129577637,15.075324058532715,0.10620959848165512,0.3194880783557892,0.9643247723579407,0.9569284915924072,0.9191000461578369,0.948654055595398,0.9445200562477112,0.93804931640625,0.7240684032440186,0.6549607515335083,,,,,,,,,,,,,,,,,,,,,,,,,,,,,,
153,0,0.04979058355093002,0.17706917226314545,8.074539184570312,8.23604679107666,14.382794380187988,17.991920471191406,0.9476330280303955,0.8159372806549072,0.03417802229523659,0.04289592429995537,0.08114220947027206,0.051251884549856186,0.05603790655732155,0.0640641450881958,0.2813642621040344,0.35259270668029785,14.420733451843262,14.4828519821167,0.066600002348423,0.18719135224819183,14.462448120117188,15.101693153381348,0.10626059025526047,0.31873002648353577,0.9658219814300537,0.9571040868759155,0.9188578128814697,0.9487481117248535,0.9444064497947693,0.9377449154853821,0.7263619899749756,0.655235767364502,,,,,,,,,,,,,,,,,,,,,,,,,,,,,,
154,0,0.04973885789513588,0.17732420563697815,8.104275703430176,8.1860933303833,14.505213737487793,17.893651962280273,0.94776451587677,0.8156703114509583,0.03480805456638336,0.043559323996305466,0.08031134307384491,0.05026303604245186,0.05533324554562569,0.06350885331630707,0.281139075756073,0.35517558455467224,14.442277908325195,14.575861930847168,0.06661053746938705,0.18647615611553192,14.355745315551758,15.030149459838867,0.10576486587524414,0.31938067078590393,0.9651919603347778,0.9564406871795654,0.9196886420249939,0.9497369527816772,0.9451054930686951,0.9382845163345337,0.7265809774398804,0.6527101993560791,,,,,,,,,,,,,,,,,,,,,,,,,,,,,,
155,0,0.04960036650300026,0.1755043864250183,8.048526763916016,8.215365409851074,14.367606163024902,17.92687225341797,0.9479610919952393,0.8174828290939331,0.03457149863243103,0.042089805006980896,0.07902423292398453,0.052469901740550995,0.055555932223796844,0.0637204572558403,0.2804447412490845,0.34801527857780457,14.386823654174805,14.420069694519043,0.06582747399806976,0.18800275027751923,14.420256614685059,15.071369171142578,0.10585833340883255,0.3174838125705719,0.9654284715652466,0.9579101800918579,0.9209757447242737,0.9475300908088684,0.9448845982551575,0.9380788803100586,0.7272562980651855,0.6597115993499756,,,,,,,,,,,,,,,,,,,,,,,,,,,,,,
156,0,0.04949820041656494,0.17628242075443268,8.113673210144043,8.237464904785156,14.418525695800781,17.952463150024414,0.9481160640716553,0.8166286945343018,0.034388333559036255,0.043047357350587845,0.07791504263877869,0.05218517780303955,0.05568976327776909,0.06394046545028687,0.28245672583580017,0.3491538465023041,14.450594902038574,14.60377025604248,0.06549365818500519,0.18678633868694305,14.444966316223145,15.129727363586426,0.10601300001144409,0.3175131678581238,0.9656116366386414,0.9569526314735413,0.9220849275588989,0.9478148221969604,0.9447517991065979,0.9378650784492493,0.7252995371818542,0.6585983037948608,,,,,,,,,,,,,,,,,,,,,,,,,,,,,,
157,0,0.04856240376830101,0.17579296231269836,8.07834529876709,8.170985221862793,14.369757652282715,17.884689331054688,0.9490407705307007,0.8171893358230591,0.03427254781126976,0.04257824271917343,0.07795387506484985,0.04903213679790497,0.0553264282643795,0.06337197124958038,0.2805044651031494,0.3497355878353119,14.421052932739258,14.50086784362793,0.06559363752603531,0.18470309674739838,14.340893745422363,14.989936828613281,0.1057756319642067,0.3171480596065521,0.9657274484634399,0.9574217796325684,0.9220461249351501,0.9509678483009338,0.9451122879981995,0.9384175539016724,0.7271981835365295,0.6580294370651245,,,,,,,,,,,,,,,,,,,,,,,,,,,,,,
158,0,0.04876294732093811,0.1752549409866333,8.074565887451172,8.197911262512207,14.331790924072266,17.938995361328125,0.9487120509147644,0.8177782297134399,0.03397877514362335,0.04252701252698898,0.07998226583003998,0.048663925379514694,0.05566989630460739,0.06374760717153549,0.2795182764530182,0.34758543968200684,14.385254859924316,14.527384757995605,0.06626138091087341,0.18584124743938446,14.389730453491211,15.039660453796387,0.10566145926713943,0.31634947657585144,0.9660212397575378,0.9574729800224304,0.9200177192687988,0.9513360857963562,0.9447715282440186,0.9380524754524231,0.7281572818756104,0.6601318120956421,,,,,,,,,,,,,,,,,,,,,,,,,,,,,,
159,0,0.04846693202853203,0.17496968805789948,8.040603637695312,8.206073760986328,14.3717041015625,17.927656173706055,0.9491117000579834,0.8180052042007446,0.0346531942486763,0.04201938956975937,0.07874085754156113,0.048139773309230804,0.055719178169965744,0.06348460167646408,0.2805151045322418,0.3458769619464874,14.386053085327148,14.392783164978027,0.06588996946811676,0.18464140594005585,14.40258502960205,15.057513236999512,0.10584104806184769,0.3154939115047455,0.9653468132019043,0.9579806327819824,0.9212591648101807,0.951860249042511,0.9447226524353027,0.93830806016922,0.7271878123283386,0.6618024110794067,,,,,,,,,,,,,,,,,,,,,,,,,,,,,,
160,0,0.04864402115345001,0.17543604969978333,8.073461532592773,8.220035552978516,14.380204200744629,17.93800163269043,0.948899507522583,0.8175752758979797,0.034824881702661514,0.04186834394931793,0.07953743636608124,0.04817136377096176,0.05564400553703308,0.06377057731151581,0.28001853823661804,0.34792184829711914,14.47933292388916,14.412233352661133,0.06604287773370743,0.18321457505226135,14.440296173095703,15.0653715133667,0.10596195608377457,0.31799381971359253,0.9651750922203064,0.9581316709518433,0.9204625487327576,0.95182865858078,0.9447972178459167,0.9380301833152771,0.7276707887649536,0.6598029136657715,35774.0,35773.0,1.0,1.0,1.0,0.0,1.0,0.0,0.0,0.0,8944.0,8944.0,0.0,0.0,0.0,0.0,1.0,0.0,0.0,0.0,4968.0,4968.0,0.0,0.0,0.0,0.0,1.0,0.0,0.0,0.0
