row_index,solute_max_tanimoto,solute_min_descriptor_distance,solute_scaffold_novel,solute_scaffold_similarity,solute_local_density,solute_scaffold_in_train_and_val,solute_scaffold_train_and_val_count,solute_top3_mean_tanimoto,solute_top5_mean_tanimoto,solute_neighbor_count_ge_0_5,solute_neighbor_count_ge_0_7,solute_neighbor_count_ge_0_8,solute_top1_top2_tanimoto_gap,solute_same_scaffold_neighbor_count_ge_0_5,solute_other_scaffold_neighbor_count_ge_0_5
0,1.0,999.0,0.0,1.0,0.0,1.0,37.0,0.9136106831022085,0.8617352782689032,7.0,6.0,3.0,0.07272727272727275,6.0,1.0
1,1.0,999.0,0.0,1.0,0.0,1.0,61.0,0.954954954954955,0.8059617757292177,10.0,3.0,3.0,0.0,3.0,7.0
2,1.0,999.0,0.0,1.0,0.0,1.0,65.0,0.8240740740740741,0.7598191214470285,12.0,4.0,1.0,0.25,4.0,8.0
3,0.6666666666666666,999.0,0.0,1.0,0.0,1.0,1.0,0.5674507707386617,0.5076945427107555,2.0,0.0,0.0,0.06201550387596899,1.0,1.0
4,0.9333333333333333,999.0,0.0,1.0,0.0,1.0,11.0,0.8367521367521368,0.792908424908425,27.0,8.0,2.0,0.12564102564102564,9.0,18.0
5,0.7222222222222222,999.0,0.0,1.0,0.0,1.0,1.0,0.6893593056383754,0.646173722917909,6.0,2.0,0.0,0.004273504273504258,1.0,5.0
6,0.5808823529411765,999.0,1.0,0.684931506849315,0.0,0.0,0.0,0.5715802068859039,0.559614790798209,15.0,0.0,0.0,0.013953219082908808,0.0,15.0
7,1.0,999.0,0.0,1.0,0.0,1.0,26.0,0.7966847498493067,0.7061650203401773,5.0,2.0,1.0,0.24285714285714288,4.0,1.0
8,0.3283582089552239,999.0,1.0,0.525,0.0,0.0,0.0,0.3248029598653528,0.3215317341481173,0.0,0.0,0.0,0.0004893564962075159,0.0,0.0
9,1.0,999.0,0.0,1.0,0.0,1.0,5.0,0.9481481481481482,0.857997799779978,14.0,6.0,3.0,0.0,5.0,9.0
10,0.7380952380952381,999.0,1.0,0.6382978723404256,0.0,0.0,0.0,0.6808217189314751,0.6453263646922184,7.0,1.0,0.0,0.07955865272938445,0.0,7.0
11,0.8611111111111112,999.0,1.0,0.7551020408163265,0.0,0.0,0.0,0.7733285233285233,0.7235209235209235,71.0,2.0,1.0,0.06890331890331891,0.0,71.0
12,1.0,999.0,0.0,1.0,0.0,1.0,5.0,0.8046296296296296,0.673931623931624,3.0,2.0,1.0,0.275,3.0,0.0
13,0.6829268292682927,999.0,1.0,0.7567567567567568,0.0,0.0,0.0,0.669839782320978,0.6597960020002068,11.0,0.0,0.0,0.008508224617129967,0.0,11.0
14,0.5384615384615384,999.0,0.0,1.0,0.0,1.0,2.0,0.5131185754136575,0.48227208037385194,2.0,0.0,0.0,0.029370629370629397,0.0,2.0
15,0.42696629213483145,999.0,1.0,0.4714285714285714,0.0,0.0,0.0,0.40184974096389176,0.3854970152541656,0.0,0.0,0.0,0.02881814398668331,0.0,0.0
16,1.0,999.0,0.0,1.0,0.0,1.0,14.0,0.7925571504518873,0.7125875818071826,16.0,2.0,1.0,0.23636363636363633,2.0,14.0
17,0.5765765765765766,999.0,1.0,0.58,0.0,0.0,0.0,0.5679473800041176,0.5550074457813113,5.0,0.0,0.0,0.0025025025025025016,0.0,5.0
18,0.9,999.0,1.0,0.8166666666666667,0.0,0.0,0.0,0.8727699530516432,0.8468549542871262,30.0,18.0,7.0,0.04084507042253527,0.0,30.0
19,0.34523809523809523,999.0,1.0,0.4074074074074074,0.0,0.0,0.0,0.3174638219530772,0.3062902589838122,0.0,0.0,0.0,0.028782399035563566,0.0,0.0
20,1.0,999.0,0.0,1.0,0.0,1.0,1098.0,0.8286524822695035,0.7652187002460559,35.0,3.0,1.0,0.23404255319148937,21.0,14.0
21,0.5161290322580645,999.0,1.0,0.6041666666666666,0.0,0.0,0.0,0.4952753339850114,0.47169077794876263,2.0,0.0,0.0,0.0009775171065493637,0.0,2.0
22,0.25301204819277107,999.0,1.0,0.2903225806451613,0.0,0.0,0.0,0.24590101980957538,0.23967146953384427,0.0,0.0,0.0,0.005821036956816017,0.0,0.0
23,1.0,999.0,0.0,1.0,0.0,1.0,1.0,0.795313881520778,0.7389920424403182,5.0,2.0,1.0,0.2692307692307693,1.0,4.0
24,0.8148148148148148,999.0,0.0,1.0,0.0,1.0,37.0,0.7192239858906525,0.6730381509328878,11.0,2.0,1.0,0.10052910052910047,5.0,6.0
25,0.6833333333333333,999.0,1.0,0.475,0.0,0.0,0.0,0.5593806921675775,0.4529744297933001,2.0,0.0,0.0,0.0,0.0,2.0
26,0.5192307692307693,999.0,1.0,0.7647058823529411,0.0,0.0,0.0,0.5158508158508158,0.5130830572935837,12.0,0.0,0.0,0.0,0.0,12.0
27,1.0,999.0,0.0,1.0,0.0,1.0,5.0,0.9367274250995181,0.8569570899803457,22.0,4.0,3.0,0.027027027027026973,3.0,19.0
28,1.0,999.0,0.0,1.0,0.0,1.0,5.0,0.98989898989899,0.9103573043871551,327.0,18.0,3.0,0.0,1.0,326.0
29,0.7142857142857143,999.0,1.0,0.5573770491803278,0.0,0.0,0.0,0.6904761904761904,0.6522539682539682,54.0,1.0,0.0,0.0357142857142857,0.0,54.0
30,0.6568627450980392,999.0,1.0,0.5306122448979592,0.0,0.0,0.0,0.6426435687543627,0.6228593683004461,22.0,0.0,0.0,0.0168627450980392,0.0,22.0
31,0.7894736842105263,999.0,0.0,1.0,0.0,1.0,1073.0,0.7662367124708324,0.7512674512113129,58.0,8.0,0.0,0.021616541353383423,43.0,15.0
32,1.0,999.0,0.0,1.0,0.0,1.0,1073.0,0.9610256410256411,0.9064183402804092,638.0,56.0,20.0,0.040000000000000036,349.0,289.0
33,0.8,999.0,0.0,1.0,0.0,1.0,646.0,0.7409749670619236,0.7111857707509881,47.0,2.0,1.0,0.07272727272727275,44.0,3.0
34,1.0,999.0,0.0,1.0,0.0,1.0,150.0,0.8159486016628875,0.6936507936507936,5.0,2.0,2.0,0.16326530612244894,5.0,0.0
35,0.5294117647058824,999.0,1.0,0.5294117647058824,0.0,0.0,0.0,0.47722246793454226,0.45386594829319293,1.0,0.0,0.0,0.055727554179566596,0.0,1.0
36,0.625,999.0,0.0,1.0,0.0,1.0,15.0,0.5843567251461989,0.5687609649122807,14.0,0.0,0.0,0.05833333333333335,4.0,10.0
37,0.75,999.0,0.0,1.0,0.0,1.0,3.0,0.7083333333333334,0.658091349062311,5.0,2.0,0.0,0.0,3.0,2.0
38,0.3058823529411765,999.0,1.0,0.42857142857142855,0.0,0.0,0.0,0.28628428521387783,0.269542273110555,0.0,0.0,0.0,0.02877391920623673,0.0,0.0
39,0.6521739130434783,999.0,1.0,0.7777777777777778,0.0,0.0,0.0,0.6353807223372441,0.6236526758265889,62.0,0.0,0.0,0.017253278122843385,0.0,62.0
40,0.6363636363636364,999.0,1.0,0.6363636363636364,0.0,0.0,0.0,0.5854545454545454,0.5613951762523192,6.0,0.0,0.0,0.0763636363636363,0.0,6.0
41,1.0,999.0,0.0,1.0,0.0,1.0,2.0,0.8469422043010754,0.7056256400409626,4.0,4.0,2.0,0.19354838709677424,1.0,3.0
42,1.0,999.0,1.0,1.0,0.0,0.0,0.0,1.0,0.9140546006066735,259.0,12.0,4.0,0.0,0.0,259.0
43,1.0,999.0,1.0,1.0,0.0,0.0,0.0,0.8051282051282053,0.7661538461538463,12.0,6.0,1.0,0.29230769230769227,0.0,12.0
44,1.0,999.0,0.0,1.0,0.0,1.0,670.0,0.6666666666666666,0.5622807017543859,2.0,1.0,1.0,0.4864864864864865,1.0,1.0
45,0.7894736842105263,999.0,0.0,1.0,0.0,1.0,1.0,0.4428401609824159,0.36932065432365435,1.0,1.0,0.0,0.5178687459389214,1.0,0.0
46,1.0,999.0,0.0,1.0,0.0,1.0,3.0,0.9292929292929294,0.8714015151515152,27.0,5.0,2.0,0.0,2.0,25.0
47,0.64,999.0,1.0,0.6933333333333334,0.0,0.0,0.0,0.6217350716240141,0.6122933794230067,10.0,0.0,0.0,0.025321100917431227,0.0,10.0
48,0.6349206349206349,999.0,1.0,1.0,0.0,0.0,0.0,0.6294973544973544,0.6201226551226551,16.0,0.0,0.0,0.006349206349206327,0.0,16.0
49,1.0,999.0,1.0,1.0,0.0,0.0,0.0,0.8731518817204301,0.8074918420447359,152.0,6.0,2.0,0.17741935483870963,0.0,152.0
50,0.65,999.0,1.0,0.7777777777777778,0.0,0.0,0.0,0.6188057040998217,0.6022235934000639,13.0,0.0,0.0,0.03181818181818186,0.0,13.0
51,0.7288135593220338,999.0,1.0,0.7391304347826086,0.0,0.0,0.0,0.6700492637093213,0.6331472929498849,6.0,1.0,0.0,0.03238498789346245,0.0,6.0
52,0.6428571428571429,999.0,0.0,1.0,0.0,1.0,1.0,0.4657881966478779,0.4199620484235094,1.0,0.0,0.0,0.25913621262458475,1.0,0.0
53,0.6571428571428571,999.0,1.0,0.6571428571428571,0.0,0.0,0.0,0.5970963995354239,0.4932426728860674,3.0,0.0,0.0,0.022996515679442497,0.0,3.0
54,1.0,999.0,1.0,1.0,0.0,0.0,0.0,0.8250000000000001,0.7295153664302602,6.0,2.0,2.0,0.15000000000000002,0.0,6.0
55,1.0,999.0,0.0,1.0,0.0,1.0,10.0,0.7093301435406699,0.634688995215311,9.0,1.0,1.0,0.39473684210526316,1.0,8.0
56,0.7303370786516854,999.0,1.0,1.0,0.0,0.0,0.0,0.6498404336578381,0.5507081046682721,3.0,1.0,0.0,0.07816316560820713,0.0,3.0
57,0.7076923076923077,999.0,1.0,1.0,0.0,0.0,0.0,0.6734578223708659,0.6546878483835006,61.0,1.0,0.0,0.03269230769230769,0.0,61.0
58,0.9545454545454546,999.0,0.0,1.0,0.0,1.0,153.0,0.8527272727272727,0.8084639498432603,207.0,7.0,2.0,0.11454545454545462,18.0,189.0
59,0.8823529411764706,999.0,0.0,1.0,0.0,1.0,74.0,0.8249352571217167,0.8090072758663214,60.0,17.0,2.0,0.08235294117647052,44.0,16.0
60,0.8985507246376812,999.0,1.0,0.859375,0.0,0.0,0.0,0.7360339046610637,0.6650748317683685,11.0,2.0,1.0,0.18622195751439352,0.0,11.0
61,0.38235294117647056,999.0,1.0,0.40625,0.0,0.0,0.0,0.3623716153127918,0.34488912005808126,0.0,0.0,0.0,0.01092436974789912,0.0,0.0
62,0.7843137254901961,999.0,0.0,1.0,0.0,1.0,28.0,0.7712418300653594,0.7582616672399953,21.0,8.0,0.0,0.019607843137254943,8.0,13.0
63,0.64,999.0,1.0,0.6363636363636364,0.0,0.0,0.0,0.601111111111111,0.5887785547785548,38.0,0.0,0.0,0.05666666666666664,0.0,38.0
64,1.0,999.0,0.0,1.0,0.0,1.0,47.0,0.8057692307692307,0.750128205128205,16.0,2.0,1.0,0.275,10.0,6.0
65,0.6857142857142857,999.0,1.0,0.6857142857142857,0.0,0.0,0.0,0.6305916305916307,0.5711540492028297,3.0,0.0,0.0,0.07965367965367964,0.0,3.0
66,0.9134615384615384,999.0,1.0,1.0,0.0,0.0,0.0,0.6407075651621107,0.5523131021471198,2.0,1.0,1.0,0.392800381436745,0.0,2.0
67,0.7692307692307693,999.0,1.0,0.6571428571428571,0.0,0.0,0.0,0.7642825011246064,0.7476655458725039,71.0,5.0,0.0,0.0,0.0,71.0
68,1.0,999.0,0.0,1.0,0.0,1.0,7.0,0.945578231292517,0.8878853669127225,13.0,7.0,4.0,0.0,1.0,12.0
69,1.0,999.0,0.0,1.0,0.0,1.0,8.0,0.6530054644808744,0.5710147482225748,2.0,1.0,1.0,0.5,1.0,1.0
70,0.6521739130434783,999.0,1.0,0.5735294117647058,0.0,0.0,0.0,0.603028498204198,0.5643487444921391,6.0,0.0,0.0,0.015810276679841917,0.0,6.0
71,1.0,999.0,0.0,1.0,0.0,1.0,81.0,0.8811764705882353,0.8472244008714597,31.0,7.0,3.0,0.17647058823529416,14.0,17.0
72,0.75,999.0,1.0,0.7692307692307693,0.0,0.0,0.0,0.7096546863988724,0.6485200845665962,4.0,2.0,0.0,0.045454545454545414,0.0,4.0
73,0.4827586206896552,999.0,0.0,1.0,0.0,1.0,1.0,0.45539353550175266,0.43023892242149975,0.0,0.0,0.0,0.0035919540229885083,0.0,0.0
74,0.47368421052631576,999.0,1.0,0.6571428571428571,0.0,0.0,0.0,0.44539473684210523,0.4044917440660475,0.0,0.0,0.0,0.007017543859649089,0.0,0.0
75,0.5,999.0,1.0,0.36363636363636365,0.0,0.0,0.0,0.47814407814407817,0.4263864468864469,1.0,0.0,0.0,0.01428571428571429,0.0,1.0
76,1.0,999.0,0.0,1.0,0.0,1.0,1.0,0.8364779874213837,0.7989840348330915,97.0,5.0,1.0,0.24528301886792447,1.0,96.0
77,0.6181818181818182,999.0,1.0,0.6,0.0,0.0,0.0,0.6108225108225108,0.5751434188254761,4.0,0.0,0.0,0.01103896103896107,0.0,4.0
78,0.6153846153846154,999.0,1.0,0.5833333333333334,0.0,0.0,0.0,0.4843679712100765,0.4491922112974745,1.0,0.0,0.0,0.19433198380566807,0.0,1.0
79,0.926829268292683,999.0,0.0,1.0,0.0,1.0,646.0,0.8017940799563035,0.7539446650280456,30.0,3.0,1.0,0.15938740782756666,30.0,0.0
80,0.574468085106383,999.0,1.0,0.574468085106383,0.0,0.0,0.0,0.5442025399967013,0.5227479390923604,3.0,0.0,0.0,0.016328550222662108,0.0,3.0
81,0.5154639175257731,999.0,1.0,0.43209876543209874,0.0,0.0,0.0,0.47247490061316616,0.44123558779668254,1.0,0.0,0.0,0.05467960380028297,0.0,1.0
82,0.7872340425531915,999.0,0.0,1.0,0.0,1.0,12.0,0.7681788719187953,0.7479171270728459,14.0,5.0,0.0,0.0046253469010175685,12.0,2.0
83,0.5833333333333334,999.0,1.0,0.5833333333333334,0.0,0.0,0.0,0.5187687687687688,0.5058558558558558,1.0,0.0,0.0,0.09684684684684686,0.0,1.0
84,0.6923076923076923,999.0,1.0,0.6071428571428571,0.0,0.0,0.0,0.6849358974358974,0.6776282051282051,13.0,0.0,0.0,0.004807692307692291,0.0,13.0
85,1.0,999.0,0.0,1.0,0.0,1.0,9.0,0.8139443791617705,0.7440847846786341,24.0,3.0,1.0,0.26086956521739135,4.0,20.0
86,0.9,999.0,0.0,1.0,0.0,1.0,123.0,0.7555555555555555,0.6446376811594202,4.0,2.0,1.0,0.20000000000000007,4.0,0.0
87,1.0,999.0,1.0,1.0,0.0,0.0,0.0,0.7747747747747747,0.6362934362934362,3.0,2.0,1.0,0.29729729729729726,0.0,3.0
88,0.6451612903225806,999.0,0.0,1.0,0.0,1.0,1.0,0.6124762643116369,0.5817714728726964,5.0,0.0,0.0,0.03910068426197455,1.0,4.0
89,0.3333333333333333,999.0,1.0,0.3333333333333333,0.0,0.0,0.0,0.32151835093011566,0.31337612683713917,0.0,0.0,0.0,0.009803921568627416,0.0,0.0
90,0.6842105263157895,999.0,1.0,0.5128205128205128,0.0,0.0,0.0,0.6608406569895658,0.6067608044501498,6.0,0.0,0.0,0.0012836970474967568,0.0,6.0
91,1.0,999.0,0.0,1.0,0.0,1.0,65.0,0.8049155145929339,0.7249504393380102,6.0,2.0,1.0,0.2142857142857143,5.0,1.0
92,0.9230769230769231,999.0,1.0,0.9,0.0,0.0,0.0,0.6388647106468889,0.4883433361920549,2.0,2.0,1.0,0.19688644688644696,0.0,2.0
93,0.6111111111111112,999.0,1.0,0.6206896551724138,0.0,0.0,0.0,0.5033253067308795,0.44790161678706564,2.0,0.0,0.0,0.08479532163742698,0.0,2.0
94,0.9166666666666666,999.0,1.0,0.9047619047619048,0.0,0.0,0.0,0.5361904761904762,0.4383809523809524,1.0,1.0,1.0,0.57,0.0,1.0
95,1.0,999.0,0.0,1.0,0.0,1.0,1.0,1.0,1.0,187.0,27.0,12.0,0.0,1.0,186.0
96,1.0,999.0,0.0,1.0,0.0,1.0,9.0,0.8472222222222223,0.8071798284531203,5.0,5.0,1.0,0.22916666666666663,5.0,0.0
97,0.7605633802816901,999.0,0.0,1.0,0.0,1.0,3.0,0.63756049347002,0.5716539431408355,3.0,1.0,0.0,0.18161601186063747,0.0,3.0
98,0.42696629213483145,999.0,1.0,0.4714285714285714,0.0,0.0,0.0,0.39690194604414736,0.3720805615658823,0.0,0.0,0.0,0.02881814398668331,0.0,0.0
99,0.84,999.0,1.0,0.84,0.0,0.0,0.0,0.7599533799533799,0.7288556258556258,10.0,4.0,1.0,0.10923076923076924,0.0,10.0
100,1.0,999.0,0.0,1.0,0.0,1.0,3.0,0.8875028875028875,0.7801207801207801,21.0,3.0,2.0,0.08108108108108103,1.0,20.0
101,0.746268656716418,999.0,0.0,1.0,0.0,1.0,1.0,0.6431163324436683,0.5785725021689038,4.0,1.0,0.0,0.11113352158128287,1.0,3.0
102,0.625,999.0,1.0,0.8,0.0,0.0,0.0,0.548217435122197,0.49153639327670806,2.0,0.0,0.0,0.012755102040816313,0.0,2.0
103,1.0,999.0,0.0,1.0,0.0,1.0,8.0,0.8193570929419987,0.7619846261355695,16.0,3.0,1.0,0.26415094339622647,3.0,13.0
104,0.7428571428571429,999.0,0.0,1.0,0.0,1.0,1073.0,0.723099816849817,0.7140650183150183,24.0,4.0,0.0,0.024107142857142883,21.0,3.0
105,1.0,999.0,0.0,1.0,0.0,1.0,9.0,0.6945026787794083,0.6079868737253252,3.0,1.0,1.0,0.42592592592592593,1.0,2.0
106,0.7317073170731707,999.0,0.0,1.0,0.0,1.0,29.0,0.6814486326681449,0.6154348361665436,4.0,2.0,0.0,0.0044345898004434225,4.0,0.0
107,0.5333333333333333,999.0,1.0,0.5,0.0,0.0,0.0,0.4704980842911877,0.41348164627363737,2.0,0.0,0.0,0.0,0.0,2.0
108,0.34375,999.0,1.0,0.3269230769230769,0.0,0.0,0.0,0.33502073906485674,0.3299135423400129,0.0,0.0,0.0,0.005514705882352922,0.0,0.0
109,0.4782608695652174,999.0,1.0,0.5945945945945946,0.0,0.0,0.0,0.4566425120772947,0.44090062111801237,0.0,0.0,0.0,0.01992753623188409,0.0,0.0
110,0.6486486486486487,999.0,1.0,0.7674418604651163,0.0,0.0,0.0,0.6407657657657658,0.6244829681282811,28.0,0.0,0.0,0.0,0.0,28.0
111,0.7468354430379747,999.0,1.0,0.2765957446808511,0.0,0.0,0.0,0.4541611886037791,0.3588809598263431,1.0,1.0,0.0,0.38728488124022187,0.0,1.0
112,0.6458333333333334,999.0,1.0,0.9090909090909091,0.0,0.0,0.0,0.6241221665971354,0.6061503185918216,27.0,0.0,0.0,0.007535460992907805,0.0,27.0
113,0.5172413793103449,999.0,1.0,0.5897435897435898,0.0,0.0,0.0,0.398366606170599,0.36260536825021766,1.0,0.0,0.0,0.15517241379310348,0.0,1.0
114,1.0,999.0,0.0,1.0,0.0,1.0,670.0,0.9166666666666666,0.8891705069124424,373.0,39.0,8.0,0.125,288.0,85.0
115,1.0,999.0,0.0,1.0,0.0,1.0,1098.0,0.8187531422825541,0.7546731159307225,27.0,3.0,1.0,0.2692307692307693,18.0,9.0
116,1.0,999.0,0.0,1.0,0.0,1.0,220.0,0.6833333333333332,0.6027027027027028,4.0,1.0,1.0,0.475,4.0,0.0
117,1.0,999.0,0.0,1.0,0.0,1.0,17.0,0.832033788174139,0.7220153882369121,4.0,3.0,1.0,0.2407407407407407,3.0,1.0
118,0.56,999.0,1.0,1.0,0.0,0.0,0.0,0.5274074074074074,0.4942403628117914,2.0,0.0,0.0,0.026666666666666727,0.0,2.0
119,0.5294117647058824,999.0,1.0,0.5961538461538461,0.0,0.0,0.0,0.4817763935410994,0.4476208443348403,1.0,0.0,0.0,0.05505279034690802,0.0,1.0
120,0.6666666666666666,999.0,1.0,0.65,0.0,0.0,0.0,0.6501182033096926,0.6293053717465811,96.0,0.0,0.0,0.0,0.0,96.0
121,1.0,999.0,0.0,1.0,0.0,1.0,175.0,0.8431372549019608,0.8030252100840336,33.0,14.0,1.0,0.23529411764705888,25.0,8.0
122,0.3617021276595745,999.0,1.0,0.47368421052631576,0.0,0.0,0.0,0.3470631023822513,0.3364375049231119,0.0,0.0,0.0,0.015548281505728345,0.0,0.0
123,0.6363636363636364,999.0,1.0,0.75,0.0,0.0,0.0,0.6363636363636364,0.6219702369381628,41.0,0.0,0.0,0.0,0.0,41.0
124,1.0,999.0,0.0,1.0,0.0,1.0,15.0,0.7552182163187856,0.6750607543526749,6.0,1.0,1.0,0.32258064516129037,1.0,5.0
125,0.8723404255319149,999.0,0.0,1.0,0.0,1.0,701.0,0.8533796497322333,0.8312870490985993,113.0,26.0,4.0,0.021276595744680882,105.0,8.0
126,0.7391304347826086,999.0,1.0,0.6785714285714286,0.0,0.0,0.0,0.6942091724700421,0.6720810590375808,32.0,1.0,0.0,0.05797101449275355,0.0,32.0
127,0.5808823529411765,999.0,1.0,0.684931506849315,0.0,0.0,0.0,0.5715802068859039,0.5542828698942542,11.0,0.0,0.0,0.013953219082908808,0.0,11.0
128,0.5384615384615384,999.0,1.0,0.5384615384615384,0.0,0.0,0.0,0.4747648131145796,0.45320995169853495,1.0,0.0,0.0,0.09165302782324058,0.0,1.0
129,0.5660377358490566,999.0,1.0,0.5384615384615384,0.0,0.0,0.0,0.5311034877072612,0.5169671773701194,4.0,0.0,0.0,0.03876500857632936,0.0,4.0
130,0.24528301886792453,999.0,1.0,0.3695652173913043,0.0,0.0,0.0,0.242254833449802,0.24150104821802937,0.0,0.0,0.0,0.004542278127183802,0.0,0.0
131,1.0,999.0,0.0,1.0,0.0,1.0,4.0,0.9791666666666666,0.9282813871817384,264.0,14.0,6.0,0.03125,4.0,260.0
132,0.9565217391304348,999.0,1.0,0.9565217391304348,0.0,0.0,0.0,0.8387639513576546,0.7439726565288785,7.0,3.0,1.0,0.1634182908545727,0.0,7.0
133,1.0,999.0,0.0,1.0,0.0,1.0,9.0,0.7699346405228757,0.647947480544324,3.0,2.0,2.0,0.19999999999999996,1.0,2.0
134,0.8714285714285714,999.0,0.0,1.0,0.0,1.0,4.0,0.805700871898055,0.7482092555331992,16.0,3.0,2.0,0.0686116700201207,2.0,14.0
135,0.8118811881188119,999.0,1.0,0.8111111111111111,0.0,0.0,0.0,0.7677891598683678,0.7352660885136133,17.0,4.0,1.0,0.04420442044204431,0.0,17.0
136,1.0,999.0,0.0,1.0,0.0,1.0,13.0,0.9334055615745758,0.8914579113476849,156.0,16.0,6.0,0.03076923076923077,2.0,154.0
137,0.75,999.0,1.0,0.6323529411764706,0.0,0.0,0.0,0.6926605504587156,0.6368530379089492,6.0,2.0,0.0,0.0,0.0,6.0
138,0.7872340425531915,999.0,0.0,1.0,0.0,1.0,5.0,0.6632049983113814,0.6036559452858128,5.0,1.0,0.0,0.12056737588652489,4.0,1.0
139,0.7666666666666667,999.0,1.0,0.7674418604651163,0.0,0.0,0.0,0.7059534335396404,0.6861653437058738,46.0,1.0,0.0,0.07701149425287357,0.0,46.0
140,0.9487179487179487,999.0,1.0,0.9487179487179487,0.0,0.0,0.0,0.8643874643874643,0.8386324786324785,12.0,9.0,5.0,0.10427350427350424,0.0,12.0
141,0.4423076923076923,999.0,1.0,0.5616438356164384,0.0,0.0,0.0,0.4083293682262754,0.37071190665005094,0.0,0.0,0.0,0.019627279936558273,0.0,0.0
142,0.5555555555555556,999.0,1.0,0.6,0.0,0.0,0.0,0.5227920227920227,0.5025297028393003,3.0,0.0,0.0,0.042735042735042805,0.0,3.0
143,0.391304347826087,999.0,1.0,1.0,0.0,0.0,0.0,0.38164251207729466,0.36516256962062227,0.0,0.0,0.0,0.0,0.0,0.0
144,1.0,999.0,1.0,0.9024390243902439,0.0,0.0,0.0,1.0,0.9161290322580644,23.0,9.0,3.0,0.0,0.0,23.0
145,1.0,999.0,0.0,1.0,0.0,1.0,4.0,0.8728956228956228,0.8025252525252526,38.0,3.0,2.0,0.13888888888888884,1.0,37.0
146,0.9072164948453608,999.0,1.0,0.8208955223880597,0.0,0.0,0.0,0.8662489050603059,0.7930166697688569,93.0,3.0,2.0,0.0,0.0,93.0
147,1.0,999.0,1.0,0.8787878787878788,0.0,0.0,0.0,1.0,0.9140546006066735,259.0,12.0,4.0,0.0,0.0,259.0
148,1.0,999.0,0.0,1.0,0.0,1.0,4.0,0.7333333333333334,0.6677676950998186,5.0,1.0,1.0,0.4,4.0,1.0
149,0.4107142857142857,999.0,1.0,0.4666666666666667,0.0,0.0,0.0,0.3627073636472133,0.3466566762528441,0.0,0.0,0.0,0.05983709273182958,0.0,0.0
150,1.0,999.0,0.0,1.0,0.0,1.0,2.0,0.658974358974359,0.5822380636604775,2.0,1.0,1.0,0.5,1.0,1.0
151,0.5692307692307692,999.0,1.0,0.7391304347826086,0.0,0.0,0.0,0.382051282051282,0.3240852818068008,1.0,0.0,0.0,0.2358974358974359,0.0,1.0
152,0.7169811320754716,999.0,0.0,1.0,0.0,1.0,7.0,0.7133526850507983,0.6737870120999977,18.0,3.0,0.0,0.005442670537010086,4.0,14.0
153,0.4722222222222222,999.0,1.0,0.5806451612903226,0.0,0.0,0.0,0.4554878799064846,0.44411339663689986,0.0,0.0,0.0,0.019841269841269826,0.0,0.0
154,0.7538461538461538,999.0,1.0,0.5,0.0,0.0,0.0,0.7538461538461538,0.6955509355509355,15.0,3.0,0.0,0.0,0.0,15.0
155,0.4057971014492754,999.0,1.0,0.47619047619047616,0.0,0.0,0.0,0.39309702578429667,0.3755500922212783,0.0,0.0,0.0,0.005797101449275366,0.0,0.0
156,1.0,999.0,1.0,1.0,0.0,0.0,0.0,0.8765079365079366,0.7968342279561792,5.0,4.0,2.0,0.15714285714285714,0.0,5.0
157,0.8656716417910447,999.0,0.0,1.0,0.0,1.0,55.0,0.8614281533508925,0.8413482848117875,46.0,14.0,6.0,0.0,42.0,4.0
158,0.543859649122807,999.0,1.0,0.5641025641025641,0.0,0.0,0.0,0.53414450103754,0.523934976484593,6.0,0.0,0.0,0.01160158460667804,0.0,6.0
159,0.5972222222222222,999.0,1.0,0.6271186440677966,0.0,0.0,0.0,0.5769662683278244,0.5605680043323064,21.0,0.0,0.0,0.003019323671497598,0.0,21.0
160,0.6875,999.0,1.0,0.6428571428571429,0.0,0.0,0.0,0.661553414469236,0.6387170385395537,23.0,0.0,0.0,0.011029411764705843,0.0,23.0
161,0.3380281690140845,999.0,1.0,0.6829268292682927,0.0,0.0,0.0,0.32874657891540005,0.3239939790952718,0.0,0.0,0.0,0.009261045726413286,0.0,0.0
162,0.6896551724137931,999.0,1.0,0.4479166666666667,0.0,0.0,0.0,0.6799871321994607,0.6696632286911605,67.0,0.0,0.0,0.003214494447691507,0.0,67.0
163,0.525,999.0,1.0,0.5333333333333333,0.0,0.0,0.0,0.525,0.525,11.0,0.0,0.0,0.0,0.0,11.0
164,0.7708333333333334,999.0,0.0,1.0,0.0,1.0,974.0,0.7502777777777778,0.6943045977011495,30.0,3.0,0.0,0.03083333333333338,23.0,7.0
165,0.5813953488372093,999.0,0.0,1.0,0.0,1.0,1.0,0.4280577088716624,0.3791541914473195,1.0,0.0,0.0,0.20361757105943157,1.0,0.0
166,1.0,999.0,0.0,1.0,0.0,1.0,4.0,0.7366522366522367,0.6680782985130811,25.0,1.0,1.0,0.38095238095238093,1.0,24.0
167,0.7959183673469388,999.0,0.0,1.0,0.0,1.0,1.0,0.6522108843537415,0.5877749212892704,4.0,1.0,0.0,0.1768707482993197,1.0,3.0
168,0.7288135593220338,999.0,0.0,1.0,0.0,1.0,701.0,0.6891184086629001,0.6522428380678936,8.0,1.0,0.0,0.056938559322033844,8.0,0.0
169,0.92,999.0,1.0,1.0,0.0,0.0,0.0,0.8871428571428571,0.8200667504538472,23.0,4.0,3.0,0.0,0.0,23.0
170,0.24193548387096775,999.0,1.0,0.3,0.0,0.0,0.0,0.2380239022603948,0.23539675893865447,0.0,0.0,0.0,0.0050933786078098675,0.0,0.0
171,1.0,999.0,0.0,1.0,0.0,1.0,7.0,0.9407407407407407,0.8933333333333332,350.0,34.0,10.0,0.0,5.0,345.0
172,0.7333333333333333,999.0,1.0,0.7073170731707317,0.0,0.0,0.0,0.7059829059829058,0.6926068376068375,82.0,1.0,0.0,0.04102564102564099,0.0,82.0
173,0.8666666666666667,999.0,0.0,1.0,0.0,1.0,59.0,0.8289855072463768,0.7848999309868875,36.0,4.0,2.0,0.0,6.0,30.0
174,0.7093023255813954,999.0,1.0,0.6785714285714286,0.0,0.0,0.0,0.6657270378200612,0.6384606129359391,36.0,1.0,0.0,0.03253464881371859,0.0,36.0
175,1.0,999.0,0.0,1.0,0.0,1.0,60.0,0.7936507936507936,0.7266142050040355,14.0,2.0,1.0,0.2857142857142857,10.0,4.0
176,0.6666666666666666,999.0,0.0,1.0,0.0,1.0,2.0,0.5651434788521692,0.48844597351329294,2.0,0.0,0.0,0.0852713178294573,2.0,0.0
177,1.0,999.0,0.0,1.0,0.0,1.0,47.0,0.8132278620083498,0.7547546411982033,9.0,2.0,1.0,0.2432432432432432,5.0,4.0
178,1.0,999.0,0.0,1.0,0.0,1.0,1.0,0.9071729957805909,0.8886075949367089,107.0,35.0,17.0,0.1392405063291139,1.0,106.0
179,0.9032258064516129,999.0,1.0,0.896551724137931,0.0,0.0,0.0,0.8282642089093702,0.784359754493998,25.0,7.0,2.0,0.06451612903225801,0.0,25.0
180,1.0,999.0,0.0,1.0,0.0,1.0,10.0,0.812002376708259,0.7515692421169093,27.0,2.0,1.0,0.2549019607843137,1.0,26.0
181,0.79,999.0,1.0,0.6794871794871795,0.0,0.0,0.0,0.7331953522149601,0.7182726309687995,63.0,4.0,0.0,0.08411764705882352,0.0,63.0
182,0.78125,999.0,0.0,1.0,0.0,1.0,2.0,0.7137500000000001,0.6660385131508321,12.0,1.0,0.0,0.10124999999999995,2.0,10.0
183,0.375,999.0,1.0,0.4146341463414634,0.0,0.0,0.0,0.33325874209332856,0.31847376377451564,0.0,0.0,0.0,0.04846938775510207,0.0,0.0
184,1.0,999.0,0.0,1.0,0.0,1.0,14.0,0.8212962962962963,0.7379769392033543,11.0,3.0,1.0,0.24444444444444446,5.0,6.0
185,1.0,999.0,0.0,1.0,0.0,1.0,15.0,0.6145833333333334,0.49429112554112553,2.0,1.0,1.0,0.5,2.0,0.0
186,0.7093023255813954,999.0,1.0,0.5921052631578947,0.0,0.0,0.0,0.6408630129560362,0.5945910678468818,7.0,1.0,0.0,0.07293868921775903,0.0,7.0
187,0.35,999.0,1.0,0.45454545454545453,0.0,0.0,0.0,0.328525641025641,0.320632333767927,0.0,0.0,0.0,0.026923076923076883,0.0,0.0
188,0.6388888888888888,999.0,1.0,0.46153846153846156,0.0,0.0,0.0,0.5633903133903134,0.4856532356532357,2.0,0.0,0.0,0.04914529914529908,0.0,2.0
189,1.0,999.0,1.0,1.0,0.0,0.0,0.0,0.7047146401985112,0.52370501632064,2.0,2.0,2.0,0.19354838709677424,0.0,2.0
190,1.0,999.0,0.0,1.0,0.0,1.0,24.0,0.8711864406779662,0.8146934312270563,5.0,4.0,3.0,0.18644067796610164,5.0,0.0
191,0.6428571428571429,999.0,0.0,1.0,0.0,1.0,4.0,0.5552312271062271,0.5137838975540588,2.0,0.0,0.0,0.10439560439560447,1.0,1.0
192,0.8709677419354839,999.0,1.0,0.6451612903225806,0.0,0.0,0.0,0.6852474389846538,0.5770904923762995,2.0,1.0,1.0,0.17399804496578686,0.0,2.0
193,1.0,999.0,0.0,1.0,0.0,1.0,95.0,0.8646451329378158,0.817625639576859,6.0,6.0,2.0,0.16216216216216217,6.0,0.0
194,0.4528301886792453,999.0,1.0,0.6944444444444444,0.0,0.0,0.0,0.45283018867924535,0.4345971641135006,0.0,0.0,0.0,0.0,0.0,0.0
195,1.0,999.0,0.0,1.0,0.0,1.0,4.0,0.959349593495935,0.8796097560975609,10.0,5.0,3.0,0.0,1.0,9.0
196,1.0,999.0,0.0,1.0,0.0,1.0,33.0,0.8363636363636363,0.7198996435616154,10.0,3.0,1.0,0.23333333333333328,5.0,5.0
197,0.3953488372093023,999.0,1.0,0.3728813559322034,0.0,0.0,0.0,0.38753870149218983,0.38286556323765625,0.0,0.0,0.0,0.006459948320413411,0.0,0.0
198,0.6170212765957447,999.0,1.0,0.5384615384615384,0.0,0.0,0.0,0.5923404255319148,0.5700425531914893,6.0,0.0,0.0,0.03702127659574472,0.0,6.0
199,0.71875,999.0,1.0,0.6862745098039216,0.0,0.0,0.0,0.7088141025641027,0.653789790510042,19.0,3.0,0.0,0.011057692307692268,0.0,19.0
200,0.7910447761194029,999.0,1.0,0.7368421052631579,0.0,0.0,0.0,0.7419750562257207,0.6778005950331643,11.0,2.0,0.0,0.0,0.0,11.0
201,1.0,999.0,0.0,1.0,0.0,1.0,3.0,1.0,0.9695652173913043,40.0,10.0,7.0,0.0,3.0,37.0
202,0.8285714285714286,999.0,1.0,0.7777777777777778,0.0,0.0,0.0,0.6684016242155777,0.6283137018020739,12.0,1.0,1.0,0.2333333333333334,0.0,12.0
203,0.7045454545454546,999.0,0.0,1.0,0.0,1.0,1073.0,0.6792122971368254,0.6597152546369728,46.0,1.0,0.0,0.0253001715265867,40.0,6.0
204,0.6875,999.0,0.0,1.0,0.0,1.0,175.0,0.66390800506249,0.6442750355956337,6.0,0.0,0.0,0.034438775510204134,6.0,0.0
205,0.5471698113207547,999.0,1.0,0.3225806451612903,0.0,0.0,0.0,0.5339050886220696,0.5136763865065752,3.0,0.0,0.0,0.01989708404802748,0.0,3.0
206,0.5333333333333333,999.0,1.0,0.71875,0.0,0.0,0.0,0.4832850241545894,0.46495537972102136,1.0,0.0,0.0,0.0733333333333333,0.0,1.0
207,1.0,999.0,0.0,1.0,0.0,1.0,87.0,0.9267399267399267,0.8156930788509735,35.0,3.0,3.0,0.07692307692307687,12.0,23.0
208,0.7291666666666666,999.0,0.0,1.0,0.0,1.0,701.0,0.6660423603403626,0.6396834713566123,17.0,1.0,0.0,0.08765723270440251,16.0,1.0
209,0.40540540540540543,999.0,1.0,0.5769230769230769,0.0,0.0,0.0,0.3779421526789948,0.3688304336725389,0.0,0.0,0.0,0.0369843527738265,0.0,0.0
210,0.631578947368421,999.0,1.0,0.6714285714285714,0.0,0.0,0.0,0.6271658527762706,0.6173824676345455,25.0,0.0,0.0,0.0027129679869777323,0.0,25.0
211,0.7808219178082192,999.0,1.0,0.7058823529411765,0.0,0.0,0.0,0.7602739726027398,0.7396259220231822,15.0,4.0,0.0,0.03082191780821919,0.0,15.0
212,0.7111111111111111,999.0,0.0,1.0,0.0,1.0,70.0,0.6868698129567695,0.6298558779218448,6.0,1.0,0.0,0.01545893719806768,6.0,0.0
213,0.7906976744186046,999.0,1.0,0.9259259259259259,0.0,0.0,0.0,0.777322505229482,0.7562801244528818,19.0,4.0,0.0,0.004983388704318914,0.0,19.0
214,0.36923076923076925,999.0,1.0,0.45454545454545453,0.0,0.0,0.0,0.29717080305315596,0.2798176333470451,0.0,0.0,0.0,0.10452488687782807,0.0,0.0
215,0.543859649122807,999.0,0.0,1.0,0.0,1.0,5.0,0.5174447417979978,0.4467706203202385,3.0,0.0,0.0,0.035385072851620625,3.0,0.0
216,0.8571428571428571,999.0,1.0,0.5909090909090909,0.0,0.0,0.0,0.8265287061868737,0.8028813886884596,131.0,28.0,2.0,0.01376936316695343,0.0,131.0
217,0.35714285714285715,999.0,1.0,0.390625,0.0,0.0,0.0,0.3478852915472634,0.33055657175375486,0.0,0.0,0.0,0.008658008658008642,0.0,0.0
218,1.0,999.0,0.0,1.0,0.0,1.0,56.0,0.8031482442483999,0.7445828241000604,12.0,3.0,1.0,0.29268292682926833,10.0,2.0
219,1.0,999.0,0.0,1.0,0.0,1.0,24.0,0.8211382113821138,0.765410199556541,36.0,3.0,1.0,0.2682926829268293,17.0,19.0
220,0.6764705882352942,999.0,1.0,0.5068493150684932,0.0,0.0,0.0,0.5981065194956702,0.5628653536584691,5.0,0.0,0.0,0.11125319693094637,0.0,5.0
221,0.9411764705882353,999.0,0.0,1.0,0.0,1.0,2.0,0.9151222132688691,0.8681368731118232,473.0,27.0,4.0,0.0,2.0,471.0
222,0.582089552238806,999.0,1.0,0.6774193548387096,0.0,0.0,0.0,0.5593559977888336,0.5352520167523962,4.0,0.0,0.0,0.0,0.0,4.0
223,0.6896551724137931,999.0,1.0,0.6222222222222222,0.0,0.0,0.0,0.6180312250291966,0.5949212991200821,8.0,0.0,0.0,0.09874608150470221,0.0,8.0
224,1.0,999.0,0.0,1.0,0.0,1.0,9.0,0.8403936670945656,0.7841199211869719,12.0,4.0,1.0,0.21052631578947367,7.0,5.0
225,0.6984126984126984,999.0,1.0,0.5609756097560976,0.0,0.0,0.0,0.666525368006066,0.6410980866440397,26.0,0.0,0.0,0.0262815508717148,0.0,26.0
226,0.711864406779661,999.0,1.0,0.6097560975609756,0.0,0.0,0.0,0.6850493296230712,0.6757927385914936,59.0,1.0,0.0,0.04022261573488484,0.0,59.0
227,0.5,999.0,1.0,0.5555555555555556,0.0,0.0,0.0,0.46643783371472153,0.43730017280452405,1.0,0.0,0.0,0.021739130434782594,0.0,1.0
228,0.6944444444444444,999.0,1.0,0.6944444444444444,0.0,0.0,0.0,0.6379855465221319,0.6011643994420309,6.0,0.0,0.0,0.08468834688346882,0.0,6.0
229,1.0,999.0,0.0,1.0,0.0,1.0,33.0,0.8333333333333334,0.747089947089947,6.0,3.0,1.0,0.2142857142857143,5.0,1.0
230,0.423728813559322,999.0,1.0,0.4716981132075472,0.0,0.0,0.0,0.4182030148131843,0.40784488581098743,0.0,0.0,0.0,0.0055469953775038605,0.0,0.0
231,1.0,999.0,0.0,1.0,0.0,1.0,37.0,0.7373737373737373,0.6629505582137162,13.0,1.0,1.0,0.36363636363636365,4.0,9.0
232,0.8275862068965517,999.0,0.0,1.0,0.0,1.0,8.0,0.8275862068965517,0.816891736281222,168.0,13.0,4.0,0.0,8.0,160.0
233,0.8307692307692308,999.0,0.0,1.0,0.0,1.0,1.0,0.7416250416250416,0.7003244267437088,9.0,2.0,1.0,0.09050949050949053,1.0,8.0
234,1.0,999.0,0.0,1.0,0.0,1.0,53.0,0.7640136927685067,0.6901473460958867,6.0,1.0,1.0,0.3421052631578947,5.0,1.0
235,0.9047619047619048,999.0,1.0,0.717391304347826,0.0,0.0,0.0,0.852751517273576,0.8280688208119068,235.0,16.0,2.0,0.04538690476190477,0.0,235.0
236,0.8208955223880597,999.0,1.0,0.8035714285714286,0.0,0.0,0.0,0.7947384290667873,0.7335594753505201,60.0,3.0,2.0,0.0,0.0,60.0
237,0.6229508196721312,999.0,1.0,0.5625,0.0,0.0,0.0,0.6162524237616781,0.6129670200532178,93.0,0.0,0.0,0.01004759386567955,0.0,93.0
238,0.3411764705882353,999.0,1.0,0.3263157894736842,0.0,0.0,0.0,0.33497786211258695,0.32946996241746396,0.0,0.0,0.0,0.0,0.0,0.0
239,0.9807692307692307,999.0,0.0,1.0,0.0,1.0,272.0,0.8965560583207642,0.8550764921353157,72.0,6.0,4.0,0.118024132730015,34.0,38.0
240,0.8125,999.0,1.0,0.5490196078431373,0.0,0.0,0.0,0.7725030921459494,0.68063933174708,4.0,3.0,1.0,0.01658163265306123,0.0,4.0
241,0.5652173913043478,999.0,1.0,0.4782608695652174,0.0,0.0,0.0,0.4600107353730542,0.4242004556717169,1.0,0.0,0.0,0.1578099838969404,0.0,1.0
242,0.4177215189873418,999.0,1.0,0.5,0.0,0.0,0.0,0.41187374711522096,0.3996708014816125,0.0,0.0,0.0,0.007465108730931536,0.0,0.0
243,0.4,999.0,1.0,0.3728813559322034,0.0,0.0,0.0,0.3901559454191033,0.37831297653416246,0.0,0.0,0.0,0.011111111111111127,0.0,0.0
244,0.358974358974359,999.0,1.0,0.3855421686746988,0.0,0.0,0.0,0.3480789503559902,0.34205714665283893,0.0,0.0,0.0,0.014888337468982604,0.0,0.0
245,0.5873015873015873,999.0,0.0,1.0,0.0,1.0,2.0,0.49968876439464677,0.46654136923586637,1.0,0.0,0.0,0.13141923436041086,0.0,1.0
246,1.0,999.0,0.0,1.0,0.0,1.0,13.0,0.8566239316239316,0.8058662508662507,12.0,6.0,1.0,0.20512820512820518,1.0,11.0
247,0.7192982456140351,999.0,0.0,1.0,0.0,1.0,7.0,0.7094172212139545,0.6885813672111313,7.0,2.0,0.0,0.0,7.0,0.0
248,0.684931506849315,999.0,1.0,0.6285714285714286,0.0,0.0,0.0,0.6464201703927731,0.6278521022356639,206.0,0.0,0.0,0.0539791258969341,0.0,206.0
249,0.7457627118644068,999.0,1.0,0.6590909090909091,0.0,0.0,0.0,0.710077469611368,0.6968798151001541,52.0,1.0,0.0,0.048793014894709774,0.0,52.0
250,0.8260869565217391,999.0,0.0,1.0,0.0,1.0,14.0,0.7574278723347047,0.6961233900674895,11.0,2.0,1.0,0.05335968379446643,6.0,5.0
251,1.0,999.0,0.0,1.0,0.0,1.0,17.0,0.8319209039548022,0.7637358757062146,9.0,3.0,1.0,0.25,4.0,5.0
252,0.7297297297297297,999.0,0.0,1.0,0.0,1.0,6.0,0.6449976292081555,0.60367811420443,9.0,1.0,0.0,0.12446657183499288,3.0,6.0
253,0.7727272727272727,999.0,0.0,1.0,0.0,1.0,1.0,0.6976144422952935,0.6738878143133462,9.0,1.0,0.0,0.09090909090909094,1.0,8.0
254,1.0,999.0,0.0,1.0,0.0,1.0,1.0,0.7921727395411606,0.6815325999536526,4.0,1.0,1.0,0.3076923076923077,1.0,3.0
255,0.7719298245614035,999.0,1.0,0.7346938775510204,0.0,0.0,0.0,0.7195101069464398,0.6061267820233841,3.0,2.0,0.0,0.06225240520656472,0.0,3.0
256,1.0,999.0,0.0,1.0,0.0,1.0,1.0,0.6666666666666666,0.5719444444444444,3.0,1.0,1.0,0.5,1.0,2.0
257,0.7049180327868853,999.0,1.0,0.8269230769230769,0.0,0.0,0.0,0.697562137582616,0.6906878201839782,58.0,1.0,0.0,0.006804825239715484,0.0,58.0
258,1.0,999.0,0.0,1.0,0.0,1.0,26.0,0.8644257703081233,0.7324172278453739,4.0,3.0,2.0,0.17142857142857137,4.0,0.0
259,0.7872340425531915,999.0,1.0,0.625,0.0,0.0,0.0,0.6798950076484495,0.6503389653733833,19.0,1.0,0.0,0.15978306216103466,0.0,19.0
260,0.7236842105263158,999.0,1.0,0.8,0.0,0.0,0.0,0.68262001156738,0.6440547655611176,17.0,2.0,0.0,0.018556005398110642,0.0,17.0
261,1.0,999.0,1.0,0.9736842105263158,0.0,0.0,0.0,0.9895833333333334,0.9440483802216539,395.0,31.0,7.0,0.015625,0.0,395.0
262,1.0,999.0,0.0,1.0,0.0,1.0,7.0,0.8136752136752138,0.7079152731326644,7.0,2.0,2.0,0.19999999999999996,1.0,6.0
263,0.6285714285714286,999.0,1.0,0.5945945945945946,0.0,0.0,0.0,0.4819047619047619,0.4313650793650794,1.0,0.0,0.0,0.16857142857142854,0.0,1.0
264,0.3925233644859813,999.0,1.0,0.4175824175824176,0.0,0.0,0.0,0.3851673626300789,0.3775825195001069,0.0,0.0,0.0,0.00954464108172598,0.0,0.0
265,0.8813559322033898,999.0,1.0,0.9393939393939394,0.0,0.0,0.0,0.8542372881355932,0.8234908506331123,139.0,13.0,3.0,0.0,0.0,139.0
266,1.0,999.0,0.0,1.0,0.0,1.0,8.0,0.7372677595628415,0.6133059293695456,2.0,2.0,1.0,0.28,1.0,1.0
267,0.7931034482758621,999.0,1.0,0.7777777777777778,0.0,0.0,0.0,0.7621107479047362,0.7481954104914756,107.0,10.0,0.0,0.039005087620124446,0.0,107.0
268,0.7333333333333333,999.0,0.0,1.0,0.0,1.0,272.0,0.7083720551071981,0.7000232330643189,111.0,2.0,0.0,0.031205673758865182,15.0,96.0
269,0.5677966101694916,999.0,1.0,0.5614035087719298,0.0,0.0,0.0,0.5510813230448791,0.532329466095835,7.0,0.0,0.0,0.011274871039056777,0.0,7.0
270,0.5846153846153846,999.0,1.0,0.6481481481481481,0.0,0.0,0.0,0.5226495726495727,0.4852845396516283,2.0,0.0,0.0,0.08461538461538465,0.0,2.0
271,0.7058823529411765,999.0,0.0,1.0,0.0,1.0,7.0,0.6878296773254756,0.6506848193822984,6.0,2.0,0.0,0.0013368983957219305,2.0,4.0
272,1.0,999.0,0.0,1.0,0.0,1.0,974.0,0.8367144977733796,0.7858399845104662,96.0,4.0,1.0,0.23404255319148937,34.0,62.0
273,0.75,999.0,0.0,1.0,0.0,1.0,108.0,0.7016921913405181,0.6503082440972401,6.0,2.0,0.0,0.029069767441860517,5.0,1.0
274,0.9864864864864865,999.0,1.0,0.9787234042553191,0.0,0.0,0.0,0.7952365599057235,0.7199702187717169,5.0,2.0,1.0,0.2786213179471607,0.0,5.0
275,1.0,999.0,0.0,1.0,0.0,1.0,3.0,0.8143580012650222,0.6969497419127852,5.0,2.0,2.0,0.14516129032258063,2.0,3.0
276,0.75,999.0,0.0,1.0,0.0,1.0,6.0,0.69668911335578,0.6702861952861953,12.0,2.0,0.0,0.04629629629629628,1.0,11.0
277,0.9154929577464789,999.0,1.0,0.8918918918918919,0.0,0.0,0.0,0.7596778422555,0.7091977978130265,72.0,1.0,1.0,0.22318526543878658,0.0,72.0
278,0.9661016949152542,999.0,1.0,0.9393939393939394,0.0,0.0,0.0,0.8980360505784235,0.8235673930589185,35.0,5.0,2.0,0.0,0.0,35.0
279,0.7727272727272727,999.0,0.0,1.0,0.0,1.0,1.0,0.6042424242424242,0.5557063228178304,3.0,1.0,0.0,0.23272727272727267,1.0,2.0
280,0.5301204819277109,999.0,1.0,0.49411764705882355,0.0,0.0,0.0,0.4873530023490578,0.4732606978440697,1.0,0.0,0.0,0.05885611411161895,0.0,1.0
281,0.6666666666666666,999.0,0.0,1.0,0.0,1.0,37.0,0.6280864197530863,0.6117003367003366,10.0,0.0,0.0,0.04166666666666663,5.0,5.0
282,0.28,999.0,1.0,0.38461538461538464,0.0,0.0,0.0,0.2772413793103448,0.27010826844642194,0.0,0.0,0.0,0.004137931034482789,0.0,0.0
283,0.4166666666666667,999.0,1.0,0.5161290322580645,0.0,0.0,0.0,0.3433429563185208,0.3159358437211824,0.0,0.0,0.0,0.1051912568306011,0.0,0.0
284,1.0,999.0,0.0,1.0,0.0,1.0,8.0,0.8596681096681097,0.7735786435786436,13.0,3.0,2.0,0.15909090909090906,3.0,10.0
285,0.7818181818181819,999.0,0.0,1.0,0.0,1.0,1.0,0.6794773128106462,0.609324892550699,4.0,1.0,0.0,0.09663299663299663,1.0,3.0
286,1.0,999.0,0.0,1.0,0.0,1.0,35.0,0.8228632478632479,0.7685146966854284,21.0,4.0,1.0,0.2564102564102564,17.0,4.0
287,0.5,999.0,1.0,0.5263157894736842,0.0,0.0,0.0,0.489795918367347,0.4816326530612245,2.0,0.0,0.0,0.0,0.0,2.0
288,0.7666666666666667,999.0,1.0,1.0,0.0,0.0,0.0,0.7108843537414966,0.6442376950780313,4.0,2.0,0.0,0.03333333333333344,0.0,4.0
289,1.0,999.0,0.0,1.0,0.0,1.0,11.0,0.8988872762457669,0.8198782714546562,14.0,4.0,2.0,0.07692307692307687,2.0,12.0
290,1.0,999.0,1.0,1.0,0.0,0.0,0.0,0.54,0.43105882352941177,1.0,1.0,1.0,0.6799999999999999,0.0,1.0
291,0.5609756097560976,999.0,1.0,0.6388888888888888,0.0,0.0,0.0,0.5279009608277901,0.4943467541028516,3.0,0.0,0.0,0.03824833702882491,0.0,3.0
292,0.8108108108108109,999.0,1.0,0.6617647058823529,0.0,0.0,0.0,0.7489027489027489,0.7101011430125354,14.0,3.0,1.0,0.0928620928620929,0.0,14.0
293,0.7692307692307693,999.0,0.0,1.0,0.0,1.0,2.0,0.7098027245086068,0.6441677345702114,5.0,1.0,0.0,0.0708180708180709,2.0,3.0
294,0.7543859649122807,999.0,0.0,1.0,0.0,1.0,15.0,0.7253235547886109,0.6951159315046426,14.0,3.0,0.0,0.03771929824561404,4.0,10.0
295,0.7808219178082192,999.0,1.0,0.7450980392156863,0.0,0.0,0.0,0.7738812785388127,0.7576370377999794,141.0,5.0,0.0,0.0,0.0,141.0
296,0.864406779661017,999.0,0.0,1.0,0.0,1.0,4.0,0.6688723081961845,0.620245722382927,6.0,1.0,1.0,0.2846966347334807,2.0,4.0
297,0.6461538461538462,999.0,1.0,0.8157894736842105,0.0,0.0,0.0,0.6176379176379176,0.5945683694836237,14.0,0.0,0.0,0.0,0.0,14.0
298,0.7681159420289855,999.0,1.0,0.6875,0.0,0.0,0.0,0.657427536231884,0.5811171661233521,4.0,1.0,0.0,0.10144927536231885,0.0,4.0
299,0.6338028169014085,999.0,1.0,0.8125,0.0,0.0,0.0,0.5785767234988882,0.5507604919306581,6.0,0.0,0.0,0.08117123795404002,0.0,6.0
300,0.575,999.0,1.0,0.575,0.0,0.0,0.0,0.4964285714285714,0.4717460317460317,1.0,0.0,0.0,0.11785714285714283,0.0,1.0
301,1.0,999.0,0.0,1.0,0.0,1.0,14.0,0.797588005215124,0.695691804478602,6.0,2.0,1.0,0.2033898305084746,2.0,4.0
302,0.5625,999.0,0.0,1.0,0.0,1.0,3.0,0.5097419402543626,0.4706143949218483,2.0,0.0,0.0,0.05229591836734693,0.0,2.0
303,1.0,999.0,0.0,1.0,0.0,1.0,22.0,0.873097904105656,0.7991275596676947,9.0,4.0,2.0,0.14814814814814814,4.0,5.0
304,0.3055555555555556,999.0,1.0,0.42857142857142855,0.0,0.0,0.0,0.27158803900964185,0.26051379901554117,0.0,0.0,0.0,0.04024943310657597,0.0,0.0
305,1.0,999.0,1.0,1.0,0.0,0.0,0.0,0.6384180790960453,0.5661016949152543,1.0,1.0,1.0,0.5423728813559322,0.0,1.0
306,0.2692307692307692,999.0,1.0,0.35714285714285715,0.0,0.0,0.0,0.2564102564102564,0.25155140626838735,0.0,0.0,0.0,0.019230769230769218,0.0,0.0
307,0.391304347826087,999.0,0.0,1.0,0.0,1.0,6.0,0.37081939799331104,0.3606879252681352,0.0,0.0,0.0,0.016304347826086973,0.0,0.0
308,0.7966101694915254,999.0,0.0,1.0,0.0,1.0,272.0,0.7667386462407649,0.7416212323413715,37.0,4.0,0.0,0.027379400260756137,23.0,14.0
309,0.5283018867924528,999.0,1.0,0.5952380952380952,0.0,0.0,0.0,0.48148148148148145,0.44834094368340943,1.0,0.0,0.0,0.05660377358490565,0.0,1.0
310,0.6909090909090909,999.0,1.0,0.5185185185185185,0.0,0.0,0.0,0.6242278133309956,0.5681461056988286,4.0,0.0,0.0,0.06795827123695974,0.0,4.0
311,0.7352941176470589,999.0,1.0,0.7419354838709677,0.0,0.0,0.0,0.7097445038621509,0.6854958251243082,10.0,1.0,0.0,0.03832442067736186,0.0,10.0
312,1.0,999.0,0.0,1.0,0.0,1.0,7.0,0.7175536881419234,0.610140056022409,3.0,1.0,1.0,0.3571428571428571,1.0,2.0
313,0.3,999.0,1.0,0.35714285714285715,0.0,0.0,0.0,0.28452380952380946,0.27481937602627254,0.0,0.0,0.0,0.01428571428571429,0.0,0.0
314,0.9574468085106383,999.0,1.0,1.0,0.0,0.0,0.0,0.8957974173448608,0.8427255303709776,22.0,7.0,3.0,0.04928354320451589,0.0,22.0
315,1.0,999.0,0.0,1.0,0.0,1.0,1073.0,0.9555555555555556,0.8946236559139784,467.0,36.0,5.0,0.0,286.0,181.0
316,1.0,999.0,0.0,1.0,0.0,1.0,3.0,0.7000000000000001,0.62,5.0,1.0,1.0,0.4,1.0,4.0
317,0.4126984126984127,999.0,0.0,1.0,0.0,1.0,3.0,0.38486312399355876,0.36954739246842444,0.0,0.0,0.0,0.03588681849551412,0.0,0.0
318,0.3023255813953488,999.0,1.0,0.325,0.0,0.0,0.0,0.28561179510563917,0.28117099863201095,0.0,0.0,0.0,0.022325581395348792,0.0,0.0
319,0.5769230769230769,999.0,1.0,0.36538461538461536,0.0,0.0,0.0,0.5432929139825692,0.4903636657186353,3.0,0.0,0.0,0.04120879120879117,0.0,3.0
320,0.8431372549019608,999.0,0.0,1.0,0.0,1.0,2.0,0.6808697838109602,0.5366743629551979,2.0,2.0,2.0,0.016214177978883915,2.0,0.0
321,1.0,999.0,0.0,1.0,0.0,1.0,27.0,0.8456349206349206,0.6744507198228128,3.0,3.0,1.0,0.22499999999999998,3.0,0.0
322,0.4153846153846154,999.0,1.0,0.825,0.0,0.0,0.0,0.4000438620538407,0.39487147207745926,0.0,0.0,0.0,0.021941992433795743,0.0,0.0
323,0.625,999.0,1.0,0.7647058823529411,0.0,0.0,0.0,0.5873169681309217,0.5439915246635474,4.0,0.0,0.0,0.043604651162790664,0.0,4.0
324,0.515625,999.0,1.0,0.7166666666666667,0.0,0.0,0.0,0.47612765791119455,0.4417329327748857,1.0,0.0,0.0,0.054086538461538436,0.0,1.0
325,0.7714285714285715,999.0,1.0,0.6981132075471698,0.0,0.0,0.0,0.7042821606254442,0.6718446586941071,197.0,2.0,0.0,0.05501066098081031,0.0,197.0
326,0.8888888888888888,999.0,0.0,1.0,0.0,1.0,1.0,0.7257959714100064,0.616609658317702,2.0,2.0,2.0,0.08187134502923976,1.0,1.0
327,1.0,999.0,0.0,1.0,0.0,1.0,974.0,0.8497150997150996,0.7935146966854283,152.0,9.0,2.0,0.19444444444444442,53.0,99.0
328,0.5657894736842105,999.0,1.0,0.515625,0.0,0.0,0.0,0.5457753579350676,0.5249652147610405,4.0,0.0,0.0,0.0,0.0,4.0
329,1.0,999.0,0.0,1.0,0.0,1.0,974.0,0.8355825461088618,0.7757681323164799,134.0,3.0,1.0,0.23684210526315785,47.0,87.0
330,0.6590909090909091,999.0,1.0,0.6190476190476191,0.0,0.0,0.0,0.6331923890063424,0.5737436981623028,3.0,0.0,0.0,0.0,0.0,3.0
331,0.5918367346938775,999.0,1.0,0.660377358490566,0.0,0.0,0.0,0.5832438238453276,0.5789433151612184,36.0,0.0,0.0,0.012889366272824887,0.0,36.0
332,1.0,999.0,1.0,1.0,0.0,0.0,0.0,0.9523657628920787,0.9423285486443381,282.0,65.0,28.0,0.07017543859649122,0.0,282.0
333,0.7258064516129032,999.0,1.0,0.8157894736842105,0.0,0.0,0.0,0.7086021505376344,0.6969896485315359,97.0,2.0,0.0,0.018114143920595516,0.0,97.0
334,0.9032258064516129,999.0,0.0,1.0,0.0,1.0,50.0,0.7787936288885056,0.7236041630728538,10.0,4.0,1.0,0.17595307917888559,10.0,0.0
335,0.782608695652174,999.0,1.0,0.782608695652174,0.0,0.0,0.0,0.7316387959866221,0.683121208626456,16.0,2.0,0.0,0.06260869565217397,0.0,16.0
336,1.0,999.0,0.0,1.0,0.0,1.0,5.0,0.7973207249802995,0.7507328605200947,110.0,2.0,1.0,0.28888888888888886,1.0,109.0
337,1.0,999.0,0.0,1.0,0.0,1.0,22.0,0.7542735042735043,0.6329402781126919,3.0,1.0,1.0,0.33333333333333337,3.0,0.0
338,0.5217391304347826,999.0,1.0,0.4507042253521127,0.0,0.0,0.0,0.47733184689706426,0.45019221158651446,1.0,0.0,0.0,0.06020066889632103,0.0,1.0
339,0.7746478873239436,999.0,1.0,0.6862745098039216,0.0,0.0,0.0,0.6966271312083024,0.6457208282136946,15.0,2.0,0.0,0.05096367679762781,0.0,15.0
340,0.7037037037037037,999.0,0.0,1.0,0.0,1.0,1.0,0.6170634920634921,0.5718774395003903,5.0,1.0,0.0,0.07407407407407407,1.0,4.0
341,0.25,999.0,1.0,0.2631578947368421,0.0,0.0,0.0,0.22692307692307692,0.2146153846153846,0.0,0.0,0.0,0.019230769230769218,0.0,0.0
342,0.7627118644067796,999.0,1.0,0.6595744680851063,0.0,0.0,0.0,0.7393839985420083,0.7102970657918716,71.0,3.0,0.0,0.016949152542372836,0.0,71.0
343,0.6551724137931034,999.0,1.0,0.6551724137931034,0.0,0.0,0.0,0.6281859070464768,0.6086849432426644,11.0,0.0,0.0,0.03448275862068961,0.0,11.0
344,0.7916666666666666,999.0,0.0,1.0,0.0,1.0,4.0,0.7608024691358025,0.6957671957671957,5.0,3.0,0.0,0.04166666666666663,4.0,1.0
345,0.4576271186440678,999.0,1.0,0.5416666666666666,0.0,0.0,0.0,0.37686103116227837,0.34912131353304776,0.0,0.0,0.0,0.11800447713463386,0.0,0.0
346,0.7297297297297297,999.0,1.0,0.7741935483870968,0.0,0.0,0.0,0.5965101313938522,0.5436903925618016,2.0,1.0,0.0,0.15830115830115832,0.0,2.0
347,0.8,999.0,0.0,1.0,0.0,1.0,67.0,0.7626984126984127,0.7330576441102756,13.0,4.0,1.0,0.050000000000000044,6.0,7.0
348,0.68,999.0,1.0,0.7777777777777778,0.0,0.0,0.0,0.6668376068376068,0.6569288052373159,151.0,0.0,0.0,0.01333333333333342,0.0,151.0
349,1.0,999.0,0.0,1.0,0.0,1.0,1.0,0.8710801393728224,0.8068341301353212,23.0,5.0,2.0,0.1428571428571429,1.0,22.0
350,1.0,999.0,0.0,1.0,0.0,1.0,31.0,0.808641975308642,0.7321548821548822,8.0,2.0,1.0,0.2592592592592593,4.0,4.0
351,0.6285714285714286,999.0,1.0,0.7837837837837838,0.0,0.0,0.0,0.5945003353454058,0.5826786087645985,16.0,0.0,0.0,0.051106639839034185,0.0,16.0
352,0.4838709677419355,999.0,1.0,0.6551724137931034,0.0,0.0,0.0,0.4598642976252085,0.4397144318446625,0.0,0.0,0.0,0.029325513196480968,0.0,0.0
353,1.0,999.0,0.0,1.0,0.0,1.0,9.0,0.7699346405228757,0.647947480544324,3.0,2.0,2.0,0.19999999999999996,1.0,2.0
354,1.0,999.0,0.0,1.0,0.0,1.0,22.0,0.855952380952381,0.7857036822826297,14.0,4.0,2.0,0.19999999999999996,5.0,9.0
355,0.7631578947368421,999.0,1.0,0.5652173913043478,0.0,0.0,0.0,0.679406850459482,0.5876384986034109,3.0,2.0,0.0,0.0,0.0,3.0
356,1.0,999.0,0.0,1.0,0.0,1.0,47.0,0.8127758420441348,0.696361157400394,5.0,2.0,2.0,0.17142857142857137,4.0,1.0
357,1.0,999.0,0.0,1.0,0.0,1.0,4.0,0.8193464052287581,0.7529411764705882,10.0,2.0,1.0,0.23529411764705888,1.0,9.0
358,1.0,999.0,0.0,1.0,0.0,1.0,21.0,0.8055555555555555,0.7277210884353742,13.0,2.0,1.0,0.25,7.0,6.0
359,0.5098039215686274,999.0,1.0,0.46153846153846156,0.0,0.0,0.0,0.4155486756105951,0.3913460120890462,1.0,0.0,0.0,0.1413828689370485,0.0,1.0
360,0.62,999.0,1.0,0.5098039215686274,0.0,0.0,0.0,0.49300342359165894,0.4259542789793514,2.0,0.0,0.0,0.11019607843137258,0.0,2.0
361,0.5,999.0,0.0,1.0,0.0,1.0,13.0,0.4937106918238994,0.4712184406126809,1.0,0.0,0.0,0.009433962264150941,0.0,1.0
362,1.0,999.0,0.0,1.0,0.0,1.0,10.0,0.833994708994709,0.7538123851691214,7.0,2.0,2.0,0.1964285714285714,4.0,3.0
363,0.8571428571428571,999.0,0.0,1.0,0.0,1.0,17.0,0.8557422969187675,0.8203522850581674,27.0,6.0,3.0,0.0,11.0,16.0
364,1.0,999.0,0.0,1.0,0.0,1.0,65.0,0.8240740740740741,0.7598191214470285,12.0,4.0,1.0,0.25,4.0,8.0
365,0.6666666666666666,999.0,0.0,1.0,0.0,1.0,670.0,0.6559586797682035,0.6482048374905517,47.0,0.0,0.0,0.013605442176870763,30.0,17.0
366,1.0,999.0,0.0,1.0,0.0,1.0,94.0,0.8596491228070176,0.8236842105263158,33.0,10.0,1.0,0.21052631578947367,25.0,8.0
367,0.8333333333333334,999.0,0.0,1.0,0.0,1.0,701.0,0.7679587558293758,0.7517066260466451,26.0,5.0,1.0,0.09748427672955984,26.0,0.0
368,0.6666666666666666,999.0,1.0,0.6666666666666666,0.0,0.0,0.0,0.6169590643274854,0.5987854251012145,10.0,0.0,0.0,0.06140350877192979,0.0,10.0
369,0.6363636363636364,999.0,1.0,0.5681818181818182,0.0,0.0,0.0,0.6303827751196173,0.6197220947761684,26.0,0.0,0.0,0.0,0.0,26.0
370,1.0,999.0,0.0,1.0,0.0,1.0,43.0,1.0,0.97006993006993,265.0,63.0,16.0,0.0,15.0,250.0
371,0.7547169811320755,999.0,0.0,1.0,0.0,1.0,93.0,0.7189868569585552,0.6858410937669699,12.0,2.0,0.0,0.025550314465408897,6.0,6.0
372,0.5737704918032787,999.0,1.0,0.7058823529411765,0.0,0.0,0.0,0.4853744776599164,0.45949318392623206,1.0,0.0,0.0,0.13259402121504338,0.0,1.0
373,0.673469387755102,999.0,0.0,1.0,0.0,1.0,15.0,0.6345346649298017,0.5863811763163715,6.0,0.0,0.0,0.035171515414676446,6.0,0.0
374,1.0,999.0,0.0,1.0,0.0,1.0,53.0,0.7139764996907854,0.6283858998144712,5.0,1.0,1.0,0.40909090909090906,5.0,0.0
375,0.4,999.0,1.0,0.5,0.0,0.0,0.0,0.3780982905982906,0.369745277686184,0.0,0.0,0.0,0.028205128205128216,0.0,0.0
376,0.18181818181818182,999.0,1.0,0.21428571428571427,0.0,0.0,0.0,0.1738437001594896,0.16537848116795484,0.0,0.0,0.0,0.0,0.0,0.0
377,0.42696629213483145,999.0,1.0,0.4714285714285714,0.0,0.0,0.0,0.40184974096389176,0.3854970152541656,0.0,0.0,0.0,0.02881814398668331,0.0,0.0
378,0.9558823529411765,999.0,1.0,0.8301886792452831,0.0,0.0,0.0,0.9158618671349137,0.8833479660520924,236.0,19.0,12.0,0.0,0.0,236.0
379,1.0,999.0,0.0,1.0,0.0,1.0,22.0,0.6974919693600198,0.6104436518253517,2.0,1.0,1.0,0.3943661971830986,1.0,1.0
380,0.9195402298850575,999.0,0.0,1.0,0.0,1.0,1.0,0.788092357330107,0.7416119891929306,30.0,2.0,1.0,0.16954022988505746,1.0,29.0
381,1.0,999.0,0.0,1.0,0.0,1.0,6.0,0.7210325185665875,0.6370971230802509,5.0,1.0,1.0,0.3731343283582089,1.0,4.0
382,0.7659574468085106,999.0,0.0,1.0,0.0,1.0,7.0,0.6974106522041441,0.6450947429708381,6.0,1.0,0.0,0.07968293700458906,2.0,4.0
383,0.8,999.0,1.0,0.6382978723404256,0.0,0.0,0.0,0.6972469795999207,0.6437551990493166,13.0,2.0,1.0,0.09411764705882353,0.0,13.0
384,1.0,999.0,0.0,1.0,0.0,1.0,13.0,0.5456349206349206,0.44556277056277055,1.0,1.0,1.0,0.6666666666666667,1.0,0.0
385,1.0,999.0,0.0,1.0,0.0,1.0,11.0,0.8167895632444697,0.7486658704518578,9.0,2.0,1.0,0.2325581395348837,2.0,7.0
386,0.9310344827586207,999.0,0.0,1.0,0.0,1.0,1.0,0.8101413273827066,0.7465112356620334,10.0,4.0,1.0,0.1618037135278514,1.0,9.0
387,0.7592592592592593,999.0,1.0,0.74,0.0,0.0,0.0,0.6157495177791822,0.5543068535246521,3.0,1.0,0.0,0.20188221007893148,0.0,3.0
388,0.8372093023255814,999.0,0.0,1.0,0.0,1.0,670.0,0.7923595277904444,0.7684389724882201,104.0,10.0,1.0,0.05289557683538537,79.0,25.0
389,0.7088607594936709,999.0,1.0,0.9259259259259259,0.0,0.0,0.0,0.6889618169505652,0.6685985861761489,21.0,1.0,0.0,0.017502734802312903,0.0,21.0
390,0.5476190476190477,999.0,1.0,0.5909090909090909,0.0,0.0,0.0,0.5141186299081036,0.5013783944397076,2.0,0.0,0.0,0.04761904761904767,0.0,2.0
391,0.7931034482758621,999.0,1.0,0.5714285714285714,0.0,0.0,0.0,0.641397242778915,0.5770461378751411,3.0,1.0,0.0,0.22365900383141768,0.0,3.0
392,0.9666666666666667,999.0,0.0,1.0,0.0,1.0,2.0,0.9309027777777779,0.8996474358974359,559.0,20.0,8.0,0.0,2.0,557.0
393,1.0,999.0,1.0,1.0,0.0,0.0,0.0,0.8051282051282053,0.7661538461538463,12.0,6.0,1.0,0.29230769230769227,0.0,12.0
394,0.6190476190476191,999.0,1.0,0.6727272727272727,0.0,0.0,0.0,0.585300603211051,0.5678607010023758,6.0,0.0,0.0,0.03443223443223442,0.0,6.0
395,0.9655172413793104,999.0,1.0,0.8571428571428571,0.0,0.0,0.0,0.8487208008898777,0.7825658138672599,150.0,4.0,2.0,0.12680756395995552,0.0,150.0
396,1.0,999.0,0.0,1.0,0.0,1.0,37.0,0.8625842901403317,0.8019103003794091,6.0,6.0,2.0,0.18644067796610164,6.0,0.0
397,1.0,999.0,0.0,1.0,0.0,1.0,7.0,0.7404401154401153,0.6622005772005771,13.0,1.0,1.0,0.3392857142857143,1.0,12.0
398,0.703125,999.0,1.0,0.5483870967741935,0.0,0.0,0.0,0.6788194444444443,0.6418311403508772,37.0,1.0,0.0,0.03645833333333337,0.0,37.0
399,0.5465116279069767,999.0,1.0,0.5818181818181818,0.0,0.0,0.0,0.5192917547568711,0.5061036312615481,3.0,0.0,0.0,0.03514799154334036,0.0,3.0
400,0.6666666666666666,999.0,1.0,0.618421052631579,0.0,0.0,0.0,0.6535947712418301,0.6509803921568628,44.0,0.0,0.0,0.019607843137254832,0.0,44.0
401,1.0,999.0,0.0,1.0,0.0,1.0,9.0,0.7380568974771874,0.6389380345902085,4.0,1.0,1.0,0.30434782608695654,2.0,2.0
402,1.0,999.0,0.0,1.0,0.0,1.0,6.0,0.8981481481481483,0.8072222222222223,7.0,2.0,2.0,0.0,1.0,6.0
403,0.6785714285714286,999.0,0.0,1.0,0.0,1.0,1098.0,0.6746031746031745,0.6646099468425593,17.0,0.0,0.0,0.0,9.0,8.0
404,0.7333333333333333,999.0,1.0,0.671875,0.0,0.0,0.0,0.6913725163725163,0.6555682364700874,16.0,1.0,0.0,0.06287878787878787,0.0,16.0
405,0.6415094339622641,999.0,1.0,0.7586206896551724,0.0,0.0,0.0,0.5499020517579132,0.5088412839368208,3.0,0.0,0.0,0.1333127126507887,0.0,3.0
406,1.0,999.0,1.0,1.0,0.0,0.0,0.0,0.9574468085106383,0.9066284779050736,118.0,12.0,4.0,0.0,0.0,118.0
407,1.0,999.0,0.0,1.0,0.0,1.0,7.0,0.6948860625331212,0.6278905416294618,11.0,1.0,1.0,0.4558823529411765,1.0,10.0
408,1.0,999.0,0.0,1.0,0.0,1.0,14.0,0.80083857442348,0.7083044538570145,9.0,2.0,1.0,0.26415094339622647,2.0,7.0
409,0.620253164556962,999.0,1.0,0.5833333333333334,0.0,0.0,0.0,0.5795241987098019,0.5557364685334327,13.0,0.0,0.0,0.0561506004543979,0.0,13.0
410,1.0,999.0,0.0,1.0,0.0,1.0,974.0,0.8033126293995859,0.7539875776397517,59.0,2.0,1.0,0.2857142857142857,32.0,27.0
411,0.48091603053435117,999.0,1.0,0.4845360824742268,0.0,0.0,0.0,0.48091603053435117,0.4690007461401596,0.0,0.0,0.0,0.0,0.0,0.0
412,0.5517241379310345,999.0,0.0,1.0,0.0,1.0,462.0,0.539463601532567,0.5069986242400036,3.0,0.0,0.0,0.01839080459770115,2.0,1.0
413,1.0,999.0,0.0,1.0,0.0,1.0,106.0,0.6785866326096212,0.600485312899106,4.0,1.0,1.0,0.4814814814814815,3.0,1.0
414,1.0,999.0,0.0,1.0,0.0,1.0,4.0,0.8636570907432741,0.7772197250993422,5.0,3.0,2.0,0.17647058823529416,4.0,1.0
415,0.8409090909090909,999.0,0.0,1.0,0.0,1.0,3.0,0.7402860017802547,0.6394072568058577,3.0,2.0,1.0,0.08164983164983164,3.0,0.0
416,0.6,999.0,1.0,0.5306122448979592,0.0,0.0,0.0,0.5506172839506173,0.5027513227513227,3.0,0.0,0.0,0.06666666666666665,0.0,3.0
417,0.42528735632183906,999.0,1.0,0.7241379310344828,0.0,0.0,0.0,0.3904737923134653,0.3703812141635894,0.0,0.0,0.0,0.05028735632183906,0.0,0.0
418,0.5517241379310345,999.0,1.0,0.45098039215686275,0.0,0.0,0.0,0.48358753315649866,0.4572512237822342,1.0,0.0,0.0,0.09018567639257291,0.0,1.0
419,0.6571428571428571,999.0,1.0,0.65625,0.0,0.0,0.0,0.516644076985633,0.4568413884250126,1.0,0.0,0.0,0.2055299539170507,0.0,1.0
420,0.3508771929824561,999.0,1.0,0.37681159420289856,0.0,0.0,0.0,0.34923844396925036,0.3433846797607927,0.0,0.0,0.0,0.002253339771446927,0.0,0.0
421,0.4782608695652174,999.0,1.0,0.4647887323943662,0.0,0.0,0.0,0.45086797260710304,0.435351701438658,0.0,0.0,0.0,0.03870043000477785,0.0,0.0
422,0.8,999.0,0.0,1.0,0.0,1.0,2.0,0.7517157674059362,0.7013492898678688,7.0,4.0,1.0,0.06415094339622651,2.0,5.0
423,0.57,999.0,1.0,0.6438356164383562,0.0,0.0,0.0,0.5237909842764211,0.4930891946436146,2.0,0.0,0.0,0.03464646464646459,0.0,2.0
424,0.42857142857142855,999.0,1.0,0.4339622641509434,0.0,0.0,0.0,0.42296918767507,0.41848739495798315,0.0,0.0,0.0,0.0,0.0,0.0
425,0.5797101449275363,999.0,1.0,0.6538461538461539,0.0,0.0,0.0,0.5740447957839262,0.5669958507855977,26.0,0.0,0.0,0.0039525691699604515,0.0,26.0
426,0.2288135593220339,999.0,1.0,0.21,0.0,0.0,0.0,0.2285657646942214,0.2276398689888052,0.0,0.0,0.0,0.0,0.0,0.0
427,0.7037037037037037,999.0,1.0,0.5111111111111111,0.0,0.0,0.0,0.5281639603478684,0.41153894690562975,2.0,1.0,0.0,0.06577266922094505,0.0,2.0
428,1.0,999.0,0.0,1.0,0.0,1.0,123.0,0.7631535543460334,0.6751635404450655,6.0,1.0,1.0,0.34883720930232553,6.0,0.0
429,1.0,999.0,0.0,1.0,0.0,1.0,1.0,0.5845543345543346,0.48014436543848316,1.0,1.0,1.0,0.6153846153846154,1.0,0.0
430,0.8493150684931506,999.0,1.0,0.9148936170212766,0.0,0.0,0.0,0.8053291717241778,0.762970230307234,17.0,4.0,1.0,0.0547945205479452,0.0,17.0
431,0.8048780487804879,999.0,0.0,1.0,0.0,1.0,5.0,0.7865853658536586,0.7529294803817603,5.0,4.0,2.0,0.0,5.0,0.0
432,0.625,999.0,1.0,0.6923076923076923,0.0,0.0,0.0,0.46198698698698704,0.4070233366574831,1.0,0.0,0.0,0.21959459459459457,0.0,1.0
433,0.6911764705882353,999.0,0.0,1.0,0.0,1.0,4.0,0.6898516163222045,0.6814548294424455,201.0,0.0,0.0,0.001987281399046137,4.0,197.0
434,0.7407407407407407,999.0,1.0,0.6,0.0,0.0,0.0,0.6269511485529246,0.5667956891317547,2.0,1.0,0.0,0.08500303582270796,0.0,2.0
435,0.5087719298245614,999.0,1.0,0.3157894736842105,0.0,0.0,0.0,0.49022295321637427,0.4458698830409357,2.0,0.0,0.0,0.0,0.0,2.0
436,0.6379310344827587,999.0,1.0,0.6363636363636364,0.0,0.0,0.0,0.5977707867377786,0.5775848095078835,9.0,0.0,0.0,0.04776710005652918,0.0,9.0
437,0.547945205479452,999.0,1.0,0.43636363636363634,0.0,0.0,0.0,0.5388127853881278,0.5283247082699137,9.0,0.0,0.0,0.0,0.0,9.0
438,0.7,999.0,1.0,0.5416666666666666,0.0,0.0,0.0,0.6720238095238095,0.6524579831932773,28.0,1.0,0.0,0.012499999999999956,0.0,28.0
439,1.0,999.0,0.0,1.0,0.0,1.0,2.0,0.7626262626262627,0.6940769682295107,44.0,1.0,1.0,0.34545454545454546,1.0,43.0
440,0.5614035087719298,999.0,1.0,0.6938775510204082,0.0,0.0,0.0,0.5258202002180592,0.4894315140702295,2.0,0.0,0.0,0.019030627415997592,0.0,2.0
441,0.703125,999.0,1.0,0.5483870967741935,0.0,0.0,0.0,0.6788194444444443,0.6418311403508772,37.0,1.0,0.0,0.03645833333333337,0.0,37.0
442,0.9213483146067416,999.0,0.0,1.0,0.0,1.0,17.0,0.8410423235777413,0.7942910476420856,23.0,5.0,2.0,0.08043922369765066,10.0,13.0
443,1.0,999.0,0.0,1.0,0.0,1.0,11.0,0.8746411483253588,0.8190173380665741,5.0,4.0,2.0,0.1578947368421053,3.0,2.0
444,0.6363636363636364,999.0,0.0,1.0,0.0,1.0,50.0,0.6204545454545455,0.5862631883220117,11.0,0.0,0.0,0.011363636363636354,11.0,0.0
445,1.0,999.0,0.0,1.0,0.0,1.0,23.0,0.75,0.6690072639225181,5.0,1.0,1.0,0.33333333333333337,1.0,4.0
446,0.7547169811320755,999.0,1.0,0.6,0.0,0.0,0.0,0.697106096107206,0.651910274205677,8.0,2.0,0.0,0.029226785053644178,0.0,8.0
447,0.8524590163934426,999.0,1.0,0.7631578947368421,0.0,0.0,0.0,0.6992489049353803,0.6287888596634315,8.0,1.0,1.0,0.1540463179807442,0.0,8.0
448,0.8596491228070176,999.0,0.0,1.0,0.0,1.0,60.0,0.8382396669640202,0.8242552755882482,98.0,22.0,6.0,0.029140648230746358,60.0,38.0
449,1.0,999.0,0.0,1.0,0.0,1.0,6.0,0.8704402515723272,0.7989308176100629,16.0,4.0,3.0,0.18867924528301883,2.0,14.0
450,1.0,999.0,0.0,1.0,0.0,1.0,1073.0,0.8873106060606061,0.8419686732186733,186.0,9.0,4.0,0.15625,137.0,49.0
451,0.6986301369863014,999.0,0.0,1.0,0.0,1.0,1.0,0.5811354187964288,0.5531149650618784,8.0,0.0,0.0,0.1762420772848089,1.0,7.0
452,0.41935483870967744,999.0,1.0,0.46,0.0,0.0,0.0,0.37788855617561207,0.3608770377693246,0.0,0.0,0.0,0.05226623111474071,0.0,0.0
453,0.2765957446808511,999.0,0.0,1.0,0.0,1.0,3.0,0.2043579107007449,0.18782594717982043,0.0,0.0,0.0,0.1067844239261341,0.0,0.0
454,0.5952380952380952,999.0,1.0,0.5757575757575758,0.0,0.0,0.0,0.566005291005291,0.5478614328614329,7.0,0.0,0.0,0.020238095238095277,0.0,7.0
455,1.0,999.0,0.0,1.0,0.0,1.0,47.0,0.8127758420441348,0.696361157400394,5.0,2.0,2.0,0.17142857142857137,4.0,1.0
456,0.7727272727272727,999.0,1.0,0.8076923076923077,0.0,0.0,0.0,0.6981981981981983,0.6487685429790693,11.0,2.0,0.0,0.045454545454545414,0.0,11.0
457,0.3023255813953488,999.0,1.0,0.42105263157894735,0.0,0.0,0.0,0.2957532861476238,0.2806062768889153,0.0,0.0,0.0,0.0,0.0,0.0
458,0.46153846153846156,999.0,1.0,0.5263157894736842,0.0,0.0,0.0,0.4226455655027084,0.3432691709995138,0.0,0.0,0.0,0.002079002079002079,0.0,0.0
459,0.6415094339622641,999.0,0.0,1.0,0.0,1.0,156.0,0.6322980164489599,0.6155632797156511,5.0,0.0,0.0,0.0015094339622641062,5.0,0.0
460,0.6166666666666667,999.0,1.0,0.717391304347826,0.0,0.0,0.0,0.5388888888888889,0.4994444444444445,2.0,0.0,0.0,0.06872146118721467,0.0,2.0
461,1.0,999.0,0.0,1.0,0.0,1.0,8.0,0.8083333333333332,0.6913888888888888,6.0,2.0,1.0,0.25,3.0,3.0
462,0.547945205479452,999.0,1.0,0.5263157894736842,0.0,0.0,0.0,0.5382671784978923,0.4718176431365988,3.0,0.0,0.0,0.007404664938911454,0.0,3.0
463,0.5233644859813084,999.0,1.0,0.44329896907216493,0.0,0.0,0.0,0.4697735409856894,0.4537322564595455,1.0,0.0,0.0,0.07988622511174315,0.0,1.0
464,0.6341463414634146,999.0,1.0,0.6190476190476191,0.0,0.0,0.0,0.6240805265195509,0.6043637493155362,5.0,0.0,0.0,0.015098722415795574,0.0,5.0
465,0.7674418604651163,999.0,0.0,1.0,0.0,1.0,462.0,0.573225355645537,0.49778136723347605,2.0,1.0,0.0,0.2219873150105709,2.0,0.0
466,0.7857142857142857,999.0,0.0,1.0,0.0,1.0,12.0,0.7857142857142857,0.7757535275945562,70.0,11.0,0.0,0.0,12.0,58.0
467,1.0,999.0,0.0,1.0,0.0,1.0,2.0,0.7928921568627452,0.7345588235294118,7.0,1.0,1.0,0.3088235294117647,1.0,6.0
468,1.0,999.0,0.0,1.0,0.0,1.0,2.0,0.7921617677715239,0.7145148196481153,6.0,2.0,1.0,0.28205128205128205,1.0,5.0
469,1.0,999.0,0.0,1.0,0.0,1.0,16.0,0.8666666666666667,0.8138775510204083,17.0,6.0,3.0,0.19999999999999996,9.0,8.0
470,0.5147058823529411,999.0,1.0,0.47368421052631576,0.0,0.0,0.0,0.5049019607843137,0.5029411764705882,5.0,0.0,0.0,0.014705882352941124,0.0,5.0
471,1.0,999.0,0.0,1.0,0.0,1.0,3.0,0.7814393939393939,0.6836384111384112,8.0,2.0,1.0,0.21818181818181814,1.0,7.0
472,0.5517241379310345,999.0,1.0,0.7441860465116279,0.0,0.0,0.0,0.5489954115684094,0.5457906895639965,22.0,0.0,0.0,0.0033370411568409697,0.0,22.0
473,0.3559322033898305,999.0,1.0,0.3793103448275862,0.0,0.0,0.0,0.3517128508653933,0.34656625617259845,0.0,0.0,0.0,0.005932203389830526,0.0,0.0
474,1.0,999.0,0.0,1.0,0.0,1.0,5.0,0.8742804814233386,0.7713437990580847,5.0,3.0,2.0,0.17307692307692313,1.0,4.0
475,0.5333333333333333,999.0,1.0,0.5294117647058824,0.0,0.0,0.0,0.4954545454545454,0.47797773654916514,1.0,0.0,0.0,0.04999999999999999,0.0,1.0
476,0.5694444444444444,999.0,1.0,0.5507246376811594,0.0,0.0,0.0,0.5398027898027898,0.5036796536796537,2.0,0.0,0.0,0.0,0.0,2.0
477,1.0,999.0,0.0,1.0,0.0,1.0,10.0,0.7197278911564626,0.6049659863945578,3.0,1.0,1.0,0.37142857142857144,2.0,1.0
478,0.8571428571428571,999.0,0.0,1.0,0.0,1.0,701.0,0.7868651540967925,0.7579053827806561,88.0,6.0,1.0,0.09443099273607747,83.0,5.0
479,0.5526315789473685,999.0,1.0,0.4722222222222222,0.0,0.0,0.0,0.5298895386614685,0.5234224450013923,16.0,0.0,0.0,0.034113060428849984,0.0,16.0
480,1.0,999.0,0.0,1.0,0.0,1.0,272.0,0.8627999068250641,0.8167059181210125,59.0,6.0,2.0,0.18518518518518523,37.0,22.0
481,0.5,999.0,0.0,1.0,0.0,1.0,21.0,0.4954954954954955,0.47163940256045517,2.0,0.0,0.0,0.0,2.0,0.0
482,0.2926829268292683,999.0,1.0,0.3829787234042553,0.0,0.0,0.0,0.28355732536917205,0.2749197576423336,0.0,0.0,0.0,0.0,0.0,0.0
483,0.525,999.0,1.0,0.5333333333333333,0.0,0.0,0.0,0.5048226164079822,0.48425914594720754,2.0,0.0,0.0,0.0128048780487805,0.0,2.0
484,0.7,999.0,1.0,0.6440677966101694,0.0,0.0,0.0,0.6633793043629109,0.6406505334374187,30.0,1.0,0.0,0.04920634920634914,0.0,30.0
485,1.0,999.0,1.0,1.0,0.0,0.0,0.0,0.7714285714285714,0.6981954887218045,8.0,1.0,1.0,0.34285714285714286,0.0,8.0
486,0.78,999.0,0.0,1.0,0.0,1.0,4.0,0.7397344514325646,0.7045549565738244,5.0,3.0,0.0,0.05777777777777782,4.0,1.0
487,0.2765957446808511,999.0,1.0,0.3076923076923077,0.0,0.0,0.0,0.2588652482269504,0.24627522128759144,0.0,0.0,0.0,0.026595744680851074,0.0,0.0
488,0.6551724137931034,999.0,1.0,0.8484848484848485,0.0,0.0,0.0,0.637152188932856,0.6286814823305277,8.0,0.0,0.0,0.02183908045977012,0.0,8.0
489,0.4583333333333333,999.0,1.0,0.4583333333333333,0.0,0.0,0.0,0.4404700854700854,0.4297582417582418,0.0,0.0,0.0,0.018333333333333313,0.0,0.0
490,0.6767676767676768,999.0,1.0,0.5764705882352941,0.0,0.0,0.0,0.6567416191791001,0.6383340157965043,22.0,0.0,0.0,0.016973862334687118,0.0,22.0
491,0.9850746268656716,999.0,0.0,1.0,0.0,1.0,123.0,0.9182173638848012,0.8579666656656355,9.0,6.0,4.0,0.05549716207693922,9.0,0.0
492,0.5,999.0,1.0,0.4426229508196721,0.0,0.0,0.0,0.43869535519125685,0.4107496806472216,1.0,0.0,0.0,0.0901639344262295,0.0,1.0
493,1.0,999.0,0.0,1.0,0.0,1.0,4.0,1.0,0.9090909090909092,12.0,5.0,4.0,0.0,2.0,10.0
494,0.7,999.0,0.0,1.0,0.0,1.0,30.0,0.6321937321937322,0.5884071484071484,5.0,1.0,0.0,0.058974358974358876,3.0,2.0
495,1.0,999.0,0.0,1.0,0.0,1.0,10.0,0.6669182389937108,0.5168176100628931,2.0,1.0,1.0,0.31999999999999995,1.0,1.0
496,1.0,999.0,0.0,1.0,0.0,1.0,13.0,0.6722222222222222,0.578974358974359,2.0,1.0,1.0,0.44999999999999996,1.0,1.0
497,0.7857142857142857,999.0,0.0,1.0,0.0,1.0,70.0,0.7288188002473718,0.6780868398153981,8.0,2.0,0.0,0.058441558441558406,6.0,2.0
498,1.0,999.0,0.0,1.0,0.0,1.0,44.0,0.8443544759334234,0.7960571300044985,12.0,5.0,1.0,0.21052631578947367,12.0,0.0
499,1.0,999.0,0.0,1.0,0.0,1.0,28.0,0.8358543417366947,0.7986554621848739,19.0,9.0,1.0,0.23529411764705888,12.0,7.0
500,1.0,999.0,1.0,1.0,0.0,0.0,0.0,0.7267025089605735,0.6621716264417195,23.0,1.0,1.0,0.4032258064516129,0.0,23.0
501,0.9122807017543859,999.0,1.0,0.723404255319149,0.0,0.0,0.0,0.9122807017543858,0.8570458404074703,21.0,11.0,3.0,0.0,0.0,21.0
502,1.0,999.0,0.0,1.0,0.0,1.0,106.0,0.6991552956465238,0.591946881091618,4.0,1.0,1.0,0.42105263157894735,4.0,0.0
503,0.8333333333333334,999.0,0.0,1.0,0.0,1.0,6.0,0.7995563621697923,0.7465857206083494,24.0,3.0,1.0,0.04385964912280704,6.0,18.0
504,0.3875,999.0,1.0,0.48148148148148145,0.0,0.0,0.0,0.38123667509544346,0.3613427376579986,0.0,0.0,0.0,0.004783950617283983,0.0,0.0
505,1.0,999.0,0.0,1.0,0.0,1.0,1098.0,0.8526328770501911,0.8134003154389859,109.0,6.0,1.0,0.21568627450980393,49.0,60.0
506,0.6764705882352942,999.0,1.0,0.6764705882352942,0.0,0.0,0.0,0.6465428276573787,0.6289783281733746,14.0,0.0,0.0,0.04489164086687314,0.0,14.0
507,0.8217821782178217,999.0,1.0,0.7526881720430108,0.0,0.0,0.0,0.7354658542777356,0.7030976943848231,18.0,1.0,1.0,0.12947448591012944,0.0,18.0
508,0.5263157894736842,999.0,1.0,0.8,0.0,0.0,0.0,0.5207734784114758,0.5164656876871416,7.0,0.0,0.0,0.0025062656641603454,0.0,7.0
509,1.0,999.0,0.0,1.0,0.0,1.0,670.0,1.0,1.0,174.0,35.0,17.0,0.0,50.0,124.0
510,0.9056603773584906,999.0,1.0,0.96875,0.0,0.0,0.0,0.7685534591194969,0.7411320754716982,11.0,5.0,1.0,0.20566037735849063,0.0,11.0
511,1.0,999.0,0.0,1.0,0.0,1.0,974.0,0.7948717948717948,0.7538461538461538,126.0,1.0,1.0,0.3076923076923077,34.0,92.0
512,1.0,999.0,0.0,1.0,0.0,1.0,11.0,0.8210470085470085,0.7364112739112739,5.0,2.0,1.0,0.22916666666666663,2.0,3.0
513,0.3333333333333333,999.0,0.0,1.0,0.0,1.0,3.0,0.32604735883424407,0.3135729942620745,0.0,0.0,0.0,0.0,0.0,0.0
514,0.6341463414634146,999.0,1.0,0.6153846153846154,0.0,0.0,0.0,0.6260646535036779,0.6205367512858804,57.0,0.0,0.0,0.009146341463414642,0.0,57.0
515,0.6590909090909091,999.0,1.0,0.6170212765957447,0.0,0.0,0.0,0.6282692792868556,0.6129864122926103,13.0,0.0,0.0,0.04206963249516438,0.0,13.0
516,1.0,999.0,0.0,1.0,0.0,1.0,17.0,0.832033788174139,0.7220153882369121,4.0,3.0,1.0,0.2407407407407407,3.0,1.0
517,0.7647058823529411,999.0,1.0,0.7555555555555555,0.0,0.0,0.0,0.7449019607843136,0.7223034953111679,76.0,4.0,0.0,0.014705882352941124,0.0,76.0
518,0.6808510638297872,999.0,0.0,1.0,0.0,1.0,1.0,0.6369451217475534,0.5245808661519803,3.0,0.0,0.0,0.02778983933999135,1.0,2.0
519,1.0,999.0,0.0,1.0,0.0,1.0,1098.0,0.8498095711210466,0.7072541637252596,4.0,2.0,2.0,0.14754098360655743,4.0,0.0
520,1.0,999.0,0.0,1.0,0.0,1.0,462.0,0.7266666666666667,0.6282962962962964,3.0,1.0,1.0,0.31999999999999995,3.0,0.0
521,0.7037037037037037,999.0,1.0,0.6666666666666666,0.0,0.0,0.0,0.6081430821246462,0.5851331889354147,13.0,1.0,0.0,0.14230019493177393,0.0,13.0
522,0.76,999.0,0.0,1.0,0.0,1.0,17.0,0.6866666666666666,0.6533306451612904,11.0,1.0,0.0,0.09333333333333338,1.0,10.0
523,0.8372093023255814,999.0,1.0,0.825,0.0,0.0,0.0,0.8062015503875969,0.7476665084638505,52.0,3.0,2.0,0.0,0.0,52.0
524,1.0,999.0,0.0,1.0,0.0,1.0,61.0,0.7471264367816092,0.6777382276603634,9.0,1.0,1.0,0.3448275862068966,4.0,5.0
525,0.9696969696969697,999.0,1.0,0.8813559322033898,0.0,0.0,0.0,0.8396642481149522,0.8023900981647459,99.0,12.0,1.0,0.1950490823730261,0.0,99.0
526,0.65,999.0,1.0,0.6724137931034483,0.0,0.0,0.0,0.5810741375091754,0.5650379251284561,20.0,0.0,0.0,0.09776119402985073,0.0,20.0
527,0.5974025974025974,999.0,1.0,0.40625,0.0,0.0,0.0,0.47076969601722074,0.39591535436484004,2.0,0.0,0.0,0.06962481962481959,0.0,2.0
528,0.6833333333333333,999.0,0.0,1.0,0.0,1.0,12.0,0.6588122605363985,0.6398775202562653,25.0,0.0,0.0,0.028160919540229923,5.0,20.0
529,0.9230769230769231,999.0,0.0,1.0,0.0,1.0,158.0,0.923076923076923,0.9230769230769231,269.0,32.0,11.0,0.0,40.0,229.0
530,0.5,999.0,1.0,0.46875,0.0,0.0,0.0,0.43385358602749907,0.41662180166952173,1.0,0.0,0.0,0.08974358974358976,0.0,1.0
531,0.7727272727272727,999.0,0.0,1.0,0.0,1.0,244.0,0.7213438735177865,0.6643618796662274,9.0,2.0,0.0,0.055335968379446654,9.0,0.0
532,0.6666666666666666,999.0,1.0,0.5862068965517241,0.0,0.0,0.0,0.6590038314176245,0.6515426497277677,38.0,0.0,0.0,0.011494252873563204,0.0,38.0
533,1.0,999.0,0.0,1.0,0.0,1.0,64.0,0.8893954745018574,0.8442755825734549,31.0,11.0,2.0,0.11904761904761907,30.0,1.0
534,0.775,999.0,1.0,0.7333333333333333,0.0,0.0,0.0,0.7392135642135642,0.6954430321451598,6.0,3.0,0.0,0.036904761904761885,0.0,6.0
535,0.3829787234042553,999.0,1.0,0.5283018867924528,0.0,0.0,0.0,0.37232848580366307,0.3661663222514286,0.0,0.0,0.0,0.012608353033884967,0.0,0.0
536,0.7076923076923077,999.0,1.0,0.6538461538461539,0.0,0.0,0.0,0.6762393162393163,0.6348753422841497,10.0,2.0,0.0,0.0,0.0,10.0
537,0.8493150684931506,999.0,0.0,1.0,0.0,1.0,8.0,0.819901559627587,0.7817723964507095,8.0,4.0,3.0,0.0441202632983454,8.0,0.0
538,0.6486486486486487,999.0,1.0,0.7368421052631579,0.0,0.0,0.0,0.6389804438584927,0.6365333240814628,89.0,0.0,0.0,0.014502307185234042,0.0,89.0
539,1.0,999.0,0.0,1.0,0.0,1.0,27.0,0.8456349206349206,0.6744507198228128,3.0,3.0,1.0,0.22499999999999998,3.0,0.0
540,0.9072164948453608,999.0,1.0,0.8208955223880597,0.0,0.0,0.0,0.8662489050603059,0.7930166697688569,93.0,3.0,2.0,0.0,0.0,93.0
541,0.6551724137931034,999.0,1.0,0.8076923076923077,0.0,0.0,0.0,0.491202077408974,0.43499151671565467,1.0,0.0,0.0,0.19571295433364394,0.0,1.0
542,0.7636363636363637,999.0,0.0,1.0,0.0,1.0,5.0,0.7590938626026346,0.7332724095156038,5.0,4.0,0.0,0.004377104377104368,5.0,0.0
543,1.0,999.0,0.0,1.0,0.0,1.0,10.0,0.8629107981220657,0.7393427230046948,4.0,4.0,2.0,0.19999999999999996,4.0,0.0
544,0.9,999.0,0.0,1.0,0.0,1.0,42.0,0.860308972073678,0.8434581105169341,83.0,20.0,5.0,0.03725490196078429,38.0,45.0
545,0.48214285714285715,999.0,1.0,1.0,0.0,0.0,0.0,0.4580627705627706,0.4414966749668242,0.0,0.0,0.0,0.02759740259740262,0.0,0.0
546,0.3037974683544304,999.0,1.0,0.3389830508474576,0.0,0.0,0.0,0.27696863402979005,0.25329888199340694,0.0,0.0,0.0,0.026689034619490626,0.0,0.0
547,0.6666666666666666,999.0,1.0,0.6666666666666666,0.0,0.0,0.0,0.6513409961685824,0.6255040512530621,32.0,0.0,0.0,0.0,0.0,32.0
548,0.8571428571428571,999.0,0.0,1.0,0.0,1.0,2.0,0.7091377091377091,0.6285129285129285,5.0,2.0,1.0,0.15444015444015435,2.0,3.0
549,0.47368421052631576,999.0,1.0,0.576271186440678,0.0,0.0,0.0,0.46966035217914914,0.46492874142797136,0.0,0.0,0.0,0.004296455424274925,0.0,0.0
550,1.0,999.0,0.0,1.0,0.0,1.0,974.0,0.7926716141001856,0.7229875838447267,26.0,2.0,1.0,0.2954545454545454,20.0,6.0
551,0.5555555555555556,999.0,0.0,1.0,0.0,1.0,15.0,0.4884259259259259,0.46672152922152926,1.0,0.0,0.0,0.08333333333333337,1.0,0.0
552,0.9692307692307692,999.0,0.0,1.0,0.0,1.0,1.0,0.9205033936651583,0.8689687028657616,422.0,16.0,3.0,0.00048076923076922906,1.0,421.0
553,1.0,999.0,0.0,1.0,0.0,1.0,33.0,0.8506787330316743,0.7348081112786995,7.0,3.0,2.0,0.15384615384615385,4.0,3.0
554,0.6197183098591549,999.0,1.0,0.7692307692307693,0.0,0.0,0.0,0.5960825031902542,0.5773210722186342,19.0,0.0,0.0,0.016978583831757654,0.0,19.0
555,0.660377358490566,999.0,0.0,1.0,0.0,1.0,1.0,0.6058400718778078,0.5248676794903211,3.0,0.0,0.0,0.060377358490566024,1.0,2.0
556,0.5818181818181818,999.0,1.0,0.6744186046511628,0.0,0.0,0.0,0.5323792027181858,0.4865360551851782,2.0,0.0,0.0,0.02412587412587408,0.0,2.0
557,0.7551020408163265,999.0,0.0,1.0,0.0,1.0,4.0,0.7336983573917372,0.7167757909918189,33.0,3.0,0.0,0.023394723743155765,4.0,29.0
558,1.0,999.0,0.0,1.0,0.0,1.0,4.0,0.8154761904761904,0.7535281385281385,13.0,2.0,1.0,0.25,1.0,12.0
559,0.7115384615384616,999.0,1.0,0.6481481481481481,0.0,0.0,0.0,0.7000678235137636,0.673805637440039,19.0,2.0,0.0,0.005116443189837727,0.0,19.0
560,1.0,999.0,0.0,1.0,0.0,1.0,15.0,0.6870748299319728,0.5930070141264052,2.0,1.0,1.0,0.4285714285714286,1.0,1.0
561,1.0,999.0,0.0,1.0,0.0,1.0,4.0,0.8617424242424242,0.8183968058968059,66.0,9.0,2.0,0.1875,1.0,65.0
562,0.7096774193548387,999.0,0.0,1.0,0.0,1.0,70.0,0.6455207329570657,0.6241800766418764,16.0,1.0,0.0,0.08805579773321714,7.0,9.0
563,0.6981132075471698,999.0,1.0,0.4594594594594595,0.0,0.0,0.0,0.6372436583115542,0.5730720014385454,4.0,0.0,0.0,0.087943716021746,0.0,4.0
564,0.75,999.0,0.0,1.0,0.0,1.0,4.0,0.7306201550387597,0.712386248736097,20.0,3.0,0.0,0.029069767441860517,4.0,16.0
565,0.25287356321839083,999.0,1.0,0.3220338983050847,0.0,0.0,0.0,0.24861134203068827,0.2463868824384902,0.0,0.0,0.0,0.005814739688979054,0.0,0.0
566,0.704225352112676,999.0,1.0,0.5952380952380952,0.0,0.0,0.0,0.6694752980393653,0.6418182165176325,138.0,1.0,0.0,0.009780907668231587,0.0,138.0
567,0.6976744186046512,999.0,1.0,0.6756756756756757,0.0,0.0,0.0,0.6174787744555187,0.5870327192187658,6.0,0.0,0.0,0.11434108527131781,0.0,6.0
568,1.0,999.0,1.0,1.0,0.0,0.0,0.0,0.7714285714285714,0.6981954887218045,8.0,1.0,1.0,0.34285714285714286,0.0,8.0
569,0.6744186046511628,999.0,1.0,0.6491228070175439,0.0,0.0,0.0,0.4987966335188694,0.4584350851422131,1.0,0.0,0.0,0.2505055611729019,0.0,1.0
570,0.725,999.0,0.0,1.0,0.0,1.0,1.0,0.6430272108843537,0.5735509948660316,2.0,2.0,0.0,0.010714285714285676,1.0,1.0
571,0.34210526315789475,999.0,1.0,0.4,0.0,0.0,0.0,0.3219753392916253,0.3111770027548932,0.0,0.0,0.0,0.029605263157894746,0.0,0.0
572,0.84,999.0,0.0,1.0,0.0,1.0,2.0,0.6188904325275538,0.5381583773270353,3.0,1.0,1.0,0.33152542372881355,1.0,2.0
573,0.7540983606557377,999.0,1.0,0.58,0.0,0.0,0.0,0.7148721482407363,0.7029270840108556,7.0,1.0,0.0,0.05712866368604064,0.0,7.0
574,0.43859649122807015,999.0,1.0,0.4186046511627907,0.0,0.0,0.0,0.4118072960178223,0.40417250021605733,0.0,0.0,0.0,0.03859649122807013,0.0,0.0
575,0.896551724137931,999.0,1.0,0.7083333333333334,0.0,0.0,0.0,0.896551724137931,0.8540600667408231,22.0,11.0,3.0,0.0,0.0,22.0
576,0.6341463414634146,999.0,1.0,0.5714285714285714,0.0,0.0,0.0,0.6111700247437257,0.588836402198014,7.0,0.0,0.0,0.0,0.0,7.0
577,1.0,999.0,0.0,1.0,0.0,1.0,4.0,0.7693920335429768,0.7102715837621497,11.0,1.0,1.0,0.33333333333333337,1.0,10.0
578,0.4166666666666667,999.0,1.0,0.5081967213114754,0.0,0.0,0.0,0.3686787339571509,0.3399215260885763,0.0,0.0,0.0,0.038617886178861804,0.0,0.0
579,0.5740740740740741,999.0,1.0,0.7428571428571429,0.0,0.0,0.0,0.5044135802469135,0.48484422657952064,1.0,0.0,0.0,0.09490740740740738,0.0,1.0
580,0.8275862068965517,999.0,1.0,0.7368421052631579,0.0,0.0,0.0,0.7806822395253986,0.6822619556555376,5.0,3.0,1.0,0.03726362625139046,0.0,5.0
581,1.0,999.0,0.0,1.0,0.0,1.0,14.0,0.8044250645994833,0.717881303178501,7.0,2.0,1.0,0.2325581395348837,2.0,5.0
582,1.0,999.0,0.0,1.0,0.0,1.0,11.0,0.7978114478114477,0.704926184926185,4.0,2.0,1.0,0.2954545454545454,4.0,0.0
583,0.875,999.0,0.0,1.0,0.0,1.0,3.0,0.7931074405680766,0.7504231642567888,132.0,3.0,1.0,0.09018987341772156,3.0,129.0
584,0.6326530612244898,999.0,1.0,0.7837837837837838,0.0,0.0,0.0,0.5808477237048666,0.5590349500123936,8.0,0.0,0.0,0.061224489795918435,0.0,8.0
585,0.6296296296296297,999.0,0.0,1.0,0.0,1.0,5.0,0.6269475225450069,0.6074293982361647,12.0,0.0,0.0,0.0010582010582010914,5.0,7.0
586,0.7192982456140351,999.0,1.0,0.6896551724137931,0.0,0.0,0.0,0.715164347650736,0.7094609697827268,307.0,4.0,0.0,0.0,0.0,307.0
587,0.8103448275862069,999.0,0.0,1.0,0.0,1.0,74.0,0.8057666082213131,0.7961790152436979,45.0,14.0,2.0,0.0,32.0,13.0
588,1.0,999.0,0.0,1.0,0.0,1.0,47.0,0.8899572649572649,0.8485042735042734,29.0,10.0,2.0,0.125,7.0,22.0
589,1.0,999.0,0.0,1.0,0.0,1.0,3.0,0.6377851004716676,0.5528966847793744,1.0,1.0,1.0,0.5194805194805194,1.0,0.0
590,0.819672131147541,999.0,0.0,1.0,0.0,1.0,13.0,0.7224567534068287,0.6945851631552082,22.0,1.0,1.0,0.143615793119372,8.0,14.0
591,0.5909090909090909,999.0,1.0,0.46511627906976744,0.0,0.0,0.0,0.49312623086207985,0.4282140469749593,2.0,0.0,0.0,0.07979797979797987,0.0,2.0
592,0.4838709677419355,999.0,1.0,0.35555555555555557,0.0,0.0,0.0,0.42505843852267416,0.3903409991866639,0.0,0.0,0.0,0.08387096774193548,0.0,0.0
593,0.21818181818181817,999.0,1.0,0.25,0.0,0.0,0.0,0.21442006269592476,0.20378024274575995,0.0,0.0,0.0,0.0,0.0,0.0
594,0.6091954022988506,999.0,1.0,0.6428571428571429,0.0,0.0,0.0,0.4589298367728302,0.4235603965611303,1.0,0.0,0.0,0.22458001768346597,0.0,1.0
595,0.627906976744186,999.0,0.0,1.0,0.0,1.0,1.0,0.3835176194512078,0.32967222594936013,1.0,0.0,0.0,0.3605802440709187,1.0,0.0
596,0.35714285714285715,999.0,1.0,0.5862068965517241,0.0,0.0,0.0,0.31965093729799615,0.30523163451123764,0.0,0.0,0.0,0.04945054945054944,0.0,0.0
597,1.0,999.0,0.0,1.0,0.0,1.0,5.0,0.7572905131044666,0.665485418973791,5.0,1.0,1.0,0.30952380952380953,2.0,3.0
598,0.8363636363636363,999.0,0.0,1.0,0.0,1.0,6.0,0.7431306993826982,0.7062487899999892,22.0,1.0,1.0,0.13825042881646654,2.0,20.0
599,1.0,999.0,1.0,1.0,0.0,0.0,0.0,0.8142150247413404,0.7167797764288992,7.0,2.0,1.0,0.23684210526315785,0.0,7.0
600,0.43103448275862066,999.0,1.0,0.5111111111111111,0.0,0.0,0.0,0.39478211127161084,0.3743692667629665,0.0,0.0,0.0,0.04506957047791893,0.0,0.0
601,0.5666666666666667,999.0,1.0,0.6363636363636364,0.0,0.0,0.0,0.5425965411040038,0.5273123106273145,6.0,0.0,0.0,0.02935323383084576,0.0,6.0
602,0.7073170731707317,999.0,1.0,0.6410256410256411,0.0,0.0,0.0,0.6801853036248294,0.6538943147050181,77.0,1.0,0.0,0.03672883787661407,0.0,77.0
603,0.5714285714285714,999.0,0.0,1.0,0.0,1.0,11.0,0.5345622119815668,0.5191988656504785,4.0,0.0,0.0,0.03917050691244239,0.0,4.0
604,0.7,999.0,0.0,1.0,0.0,1.0,1098.0,0.6582617746552173,0.6187918105558422,6.0,1.0,0.0,0.04426229508196722,6.0,0.0
605,0.6046511627906976,999.0,0.0,1.0,0.0,1.0,2.0,0.47458351389089515,0.375659199243628,2.0,0.0,0.0,0.01769464105156715,2.0,0.0
606,1.0,999.0,0.0,1.0,0.0,1.0,13.0,0.8956589147286822,0.8009302325581394,6.0,3.0,2.0,0.09302325581395354,3.0,3.0
607,1.0,999.0,0.0,1.0,0.0,1.0,54.0,0.6953775480907264,0.5788591819156603,2.0,1.0,1.0,0.39534883720930236,2.0,0.0
608,0.4857142857142857,999.0,1.0,0.53125,0.0,0.0,0.0,0.4473912052859421,0.42795853269537476,0.0,0.0,0.0,0.03834586466165413,0.0,0.0
609,0.6428571428571429,999.0,1.0,0.6078431372549019,0.0,0.0,0.0,0.5788873117920459,0.552992764433718,5.0,0.0,0.0,0.08353510895883787,0.0,5.0
610,0.49206349206349204,999.0,1.0,0.8125,0.0,0.0,0.0,0.48887513048055725,0.4729802507021274,0.0,0.0,0.0,0.0002602133749674551,0.0,0.0
611,1.0,999.0,0.0,1.0,0.0,1.0,646.0,0.7569444444444445,0.6845814132104454,16.0,1.0,1.0,0.3125,14.0,2.0
612,0.4268292682926829,999.0,1.0,0.7241379310344828,0.0,0.0,0.0,0.38451244760894815,0.3607973680894302,0.0,0.0,0.0,0.057264050901378594,0.0,0.0
613,0.7659574468085106,999.0,0.0,1.0,0.0,1.0,701.0,0.729606977275053,0.6979482599944836,15.0,3.0,0.0,0.048976314733038984,15.0,0.0
614,0.5238095238095238,999.0,1.0,0.68,0.0,0.0,0.0,0.5104240701255627,0.47042179915901616,3.0,0.0,0.0,0.016346837242359635,0.0,3.0
615,0.625,999.0,0.0,1.0,0.0,1.0,22.0,0.5413780663780664,0.5026046176046176,2.0,0.0,0.0,0.11071428571428577,2.0,0.0
616,1.0,999.0,0.0,1.0,0.0,1.0,11.0,0.7436392914653784,0.67435484338663,10.0,1.0,1.0,0.37777777777777777,4.0,6.0
617,1.0,999.0,0.0,1.0,0.0,1.0,8.0,0.7556329849012776,0.6911204841371722,5.0,1.0,1.0,0.34285714285714286,3.0,2.0
618,0.7213114754098361,999.0,1.0,0.90625,0.0,0.0,0.0,0.7117015262860372,0.7077226701575873,81.0,6.0,0.0,0.014414923685698189,0.0,81.0
619,0.8448275862068966,999.0,0.0,1.0,0.0,1.0,670.0,0.7816091954022989,0.7621123703882325,321.0,13.0,1.0,0.09482758620689657,247.0,74.0
620,1.0,999.0,0.0,1.0,0.0,1.0,24.0,0.7777777777777777,0.7333333333333332,9.0,1.0,1.0,0.33333333333333337,6.0,3.0
621,1.0,999.0,0.0,1.0,0.0,1.0,26.0,0.8516260162601625,0.7588243095196909,11.0,3.0,2.0,0.19512195121951215,5.0,6.0
622,0.9130434782608695,999.0,0.0,1.0,0.0,1.0,7.0,0.8360296595888103,0.792567219000846,13.0,4.0,2.0,0.10869565217391297,7.0,6.0
623,0.6842105263157895,999.0,1.0,0.7297297297297297,0.0,0.0,0.0,0.6468315597737513,0.6130989358642507,9.0,0.0,0.0,0.05087719298245619,0.0,9.0
624,1.0,999.0,0.0,1.0,0.0,1.0,2.0,0.8060224089635853,0.7344083579377696,22.0,2.0,1.0,0.2142857142857143,2.0,20.0
625,0.725,999.0,1.0,0.7058823529411765,0.0,0.0,0.0,0.6968161683277962,0.6785548172757476,156.0,2.0,0.0,0.010714285714285676,0.0,156.0
626,1.0,999.0,0.0,1.0,0.0,1.0,9.0,0.6666666666666666,0.5980392156862745,4.0,1.0,1.0,0.5,1.0,3.0
627,0.7183098591549296,999.0,1.0,0.8387096774193549,0.0,0.0,0.0,0.6909944515578319,0.6501924477069465,60.0,2.0,0.0,0.0,0.0,60.0
628,1.0,999.0,0.0,1.0,0.0,1.0,9.0,0.8084821428571428,0.6810892857142857,4.0,2.0,1.0,0.203125,2.0,2.0
629,1.0,999.0,0.0,1.0,0.0,1.0,67.0,0.8176638176638177,0.7607737291947818,14.0,3.0,1.0,0.2692307692307693,5.0,9.0
630,0.6060606060606061,999.0,1.0,0.5686274509803921,0.0,0.0,0.0,0.5634659851527322,0.5523653053773535,7.0,0.0,0.0,0.06389193136181093,0.0,7.0
631,0.8333333333333334,999.0,1.0,1.0,0.0,0.0,0.0,0.8166666666666668,0.8099999999999999,307.0,24.0,5.0,0.01666666666666672,0.0,307.0
632,0.7464788732394366,999.0,1.0,0.7450980392156863,0.0,0.0,0.0,0.6049206632198253,0.564214113865565,4.0,1.0,0.0,0.19718309859154926,0.0,4.0
633,0.75,999.0,1.0,0.7538461538461538,0.0,0.0,0.0,0.6825833537132143,0.5471500122279285,3.0,2.0,0.0,0.03735632183908044,0.0,3.0
634,0.6486486486486487,999.0,1.0,0.6486486486486487,0.0,0.0,0.0,0.5759480410643202,0.5455688246385921,5.0,0.0,0.0,0.08108108108108114,0.0,5.0
635,1.0,999.0,0.0,1.0,0.0,1.0,46.0,0.8636363636363636,0.7965742531699979,20.0,4.0,1.0,0.20454545454545459,20.0,0.0
636,1.0,999.0,0.0,1.0,0.0,1.0,1.0,0.6884057971014492,0.604880212954747,3.0,1.0,1.0,0.4347826086956522,1.0,2.0
637,0.5638297872340425,999.0,1.0,0.4714285714285714,0.0,0.0,0.0,0.4791310018749491,0.44890874413927084,1.0,0.0,0.0,0.1270481780386402,0.0,1.0
638,1.0,999.0,0.0,1.0,0.0,1.0,81.0,0.8580246913580246,0.8204089889293463,28.0,6.0,1.0,0.20370370370370372,13.0,15.0
639,0.6739130434782609,999.0,1.0,0.6590909090909091,0.0,0.0,0.0,0.5628202660213221,0.47769215961279327,2.0,0.0,0.0,0.04646206308610401,0.0,2.0
640,0.7222222222222222,999.0,1.0,0.5853658536585366,0.0,0.0,0.0,0.6604938271604938,0.6380116959064328,18.0,1.0,0.0,0.09259259259259256,0.0,18.0
641,1.0,999.0,0.0,1.0,0.0,1.0,11.0,0.8544973544973544,0.8156223893065997,21.0,5.0,1.0,0.2142857142857143,4.0,17.0
642,0.8450704225352113,999.0,0.0,1.0,0.0,1.0,16.0,0.8350037284052334,0.7989516560451906,10.0,5.0,3.0,0.00945398417904686,10.0,0.0
643,0.4012738853503185,999.0,1.0,0.5194805194805194,0.0,0.0,0.0,0.38171387270181145,0.3713687491530018,0.0,0.0,0.0,0.019108280254777066,0.0,0.0
644,0.5365853658536586,999.0,1.0,1.0,0.0,0.0,0.0,0.470848148379182,0.4505421012745253,1.0,0.0,0.0,0.09540889526542329,0.0,1.0
645,1.0,999.0,0.0,1.0,0.0,1.0,7.0,1.0,0.97,575.0,71.0,35.0,0.0,5.0,570.0
646,0.4,999.0,1.0,0.72,0.0,0.0,0.0,0.39183673469387753,0.38365066200645714,0.0,0.0,0.0,0.01224489795918371,0.0,0.0
647,1.0,999.0,0.0,1.0,0.0,1.0,220.0,0.7026515151515151,0.6315909090909091,5.0,1.0,1.0,0.4375,1.0,4.0
648,1.0,999.0,0.0,1.0,0.0,1.0,7.0,0.6822377933489046,0.5908354739141878,3.0,1.0,1.0,0.45945945945945943,1.0,2.0
649,0.7777777777777778,999.0,1.0,0.6875,0.0,0.0,0.0,0.6731481481481482,0.6052740138512496,4.0,1.0,0.0,0.11111111111111116,0.0,4.0
650,0.2553191489361702,999.0,1.0,0.1958762886597938,0.0,0.0,0.0,0.24017533456836046,0.23569104608832953,0.0,0.0,0.0,0.019470092332396605,0.0,0.0
651,0.5454545454545454,999.0,1.0,0.47058823529411764,0.0,0.0,0.0,0.5279568737015544,0.510107457554266,4.0,0.0,0.0,0.017676767676767624,0.0,4.0
652,0.86,999.0,0.0,1.0,0.0,1.0,7.0,0.8437735849056605,0.8164668064290707,7.0,7.0,3.0,0.0,7.0,0.0
653,0.8571428571428571,999.0,1.0,0.7636363636363637,0.0,0.0,0.0,0.7090191695454853,0.6165635283223557,3.0,2.0,1.0,0.1003861003861003,0.0,3.0
654,0.4074074074074074,999.0,1.0,0.425,0.0,0.0,0.0,0.33706033077102254,0.32181066654771995,0.0,0.0,0.0,0.10552061495457721,0.0,0.0
655,0.65625,999.0,1.0,0.48484848484848486,0.0,0.0,0.0,0.61875,0.6079166666666668,18.0,0.0,0.0,0.05625000000000002,0.0,18.0
656,0.8125,999.0,0.0,1.0,0.0,1.0,4.0,0.8000283446712019,0.7127756274923762,4.0,4.0,1.0,0.01658163265306123,4.0,0.0
657,0.34615384615384615,999.0,1.0,0.5,0.0,0.0,0.0,0.3400684179141951,0.3315920711566803,0.0,0.0,0.0,0.008944543828264762,0.0,0.0
658,0.6962025316455697,999.0,1.0,0.7384615384615385,0.0,0.0,0.0,0.6584240996958101,0.6140018282385387,6.0,0.0,0.0,0.05666764792463941,0.0,6.0
659,0.6078431372549019,999.0,1.0,0.5714285714285714,0.0,0.0,0.0,0.5696177460883343,0.5490650773612233,9.0,0.0,0.0,0.05228758169934633,0.0,9.0
660,0.8285714285714286,999.0,0.0,1.0,0.0,1.0,646.0,0.7179248935346497,0.659257351579727,16.0,1.0,1.0,0.161904761904762,16.0,0.0
661,0.7878787878787878,999.0,1.0,0.7272727272727273,0.0,0.0,0.0,0.6404259991216512,0.587557973054002,4.0,1.0,0.0,0.2196969696969696,0.0,4.0
662,1.0,999.0,0.0,1.0,0.0,1.0,14.0,0.8036111111111112,0.7199025157232705,11.0,2.0,1.0,0.22916666666666663,5.0,6.0
663,0.96,999.0,0.0,1.0,0.0,1.0,6.0,0.9215384615384615,0.854820610129908,26.0,9.0,3.0,0.039999999999999925,6.0,20.0
664,1.0,999.0,0.0,1.0,0.0,1.0,20.0,0.7719680464778503,0.6888513259710014,5.0,1.0,1.0,0.3137254901960784,2.0,3.0
665,0.684931506849315,999.0,1.0,0.8666666666666667,0.0,0.0,0.0,0.5405118402888394,0.43024943891310674,2.0,0.0,0.0,0.0273972602739726,0.0,2.0
666,0.7093023255813954,999.0,0.0,1.0,0.0,1.0,2.0,0.6356935569438836,0.6106120200943339,14.0,1.0,0.0,0.1070295983086681,2.0,12.0
667,0.5353535353535354,999.0,1.0,0.4375,0.0,0.0,0.0,0.48107310731073105,0.461024816767391,1.0,0.0,0.0,0.06313131313131315,0.0,1.0
668,0.686046511627907,999.0,1.0,0.6779661016949152,0.0,0.0,0.0,0.6297781341887196,0.5836961087562531,5.0,0.0,0.0,0.0,0.0,5.0
669,0.7297297297297297,999.0,0.0,1.0,0.0,1.0,7.0,0.7027949001633211,0.6835062083906757,13.0,1.0,0.0,0.035285285285285295,7.0,6.0
670,0.5074626865671642,999.0,1.0,0.5,0.0,0.0,0.0,0.48254708599857854,0.4645234281378313,1.0,0.0,0.0,0.03603411513859278,0.0,1.0
671,1.0,999.0,0.0,1.0,0.0,1.0,17.0,0.8601694915254238,0.8026096314231908,9.0,4.0,2.0,0.1694915254237288,4.0,5.0
672,1.0,999.0,0.0,1.0,0.0,1.0,19.0,0.8179844961240311,0.7127701746687913,6.0,2.0,2.0,0.18604651162790697,5.0,1.0
673,0.926829268292683,999.0,1.0,0.8823529411764706,0.0,0.0,0.0,0.7367886178861789,0.6846263622210691,10.0,1.0,1.0,0.2682926829268293,0.0,10.0
674,1.0,999.0,1.0,1.0,0.0,0.0,0.0,0.8446455505279035,0.8006055121349238,192.0,10.0,1.0,0.23076923076923073,0.0,192.0
675,0.5571428571428572,999.0,1.0,0.6944444444444444,0.0,0.0,0.0,0.4929752893588049,0.46895191465350994,1.0,0.0,0.0,0.07438423645320197,0.0,1.0
676,1.0,999.0,0.0,1.0,0.0,1.0,97.0,0.8707850707850708,0.8242277992277993,9.0,6.0,2.0,0.17142857142857137,9.0,0.0
677,0.8409090909090909,999.0,0.0,1.0,0.0,1.0,1.0,0.8198836892675146,0.7777635468938421,23.0,5.0,2.0,0.01164079822616415,1.0,22.0
678,0.7142857142857143,999.0,0.0,1.0,0.0,1.0,15.0,0.7142857142857143,0.704883034294799,11.0,4.0,0.0,0.0,11.0,0.0
679,0.971830985915493,999.0,1.0,0.896551724137931,0.0,0.0,0.0,0.7834888116578257,0.6457949710363955,3.0,2.0,2.0,0.11267605633802824,0.0,3.0
680,1.0,999.0,0.0,1.0,0.0,1.0,46.0,0.7169811320754716,0.6373315363881401,6.0,1.0,1.0,0.41509433962264153,2.0,4.0
681,0.6440677966101694,999.0,1.0,0.38333333333333336,0.0,0.0,0.0,0.597202926738909,0.499270522646761,3.0,0.0,0.0,0.021116976938038268,0.0,3.0
682,0.3269230769230769,999.0,1.0,0.3902439024390244,0.0,0.0,0.0,0.26638176638176636,0.24732905982905978,0.0,0.0,0.0,0.07692307692307693,0.0,0.0
683,0.6410256410256411,999.0,1.0,0.7333333333333333,0.0,0.0,0.0,0.6297313797313797,0.6107502202438911,16.0,0.0,0.0,0.0,0.0,16.0
684,0.45098039215686275,999.0,1.0,0.696969696969697,0.0,0.0,0.0,0.445604431013021,0.43154705577093316,0.0,0.0,0.0,0.004171881518564902,0.0,0.0
685,1.0,999.0,0.0,1.0,0.0,1.0,4.0,0.7537878787878788,0.6725517970401691,5.0,1.0,1.0,0.36363636363636365,1.0,4.0
686,0.5172413793103449,999.0,0.0,1.0,0.0,1.0,5.0,0.4959432048681542,0.4858012170385396,2.0,0.0,0.0,0.017241379310344862,0.0,2.0
687,0.47058823529411764,999.0,1.0,0.5833333333333334,0.0,0.0,0.0,0.45652604476133885,0.4469149762387161,0.0,0.0,0.0,0.01604278074866311,0.0,0.0
688,1.0,999.0,0.0,1.0,0.0,1.0,10.0,0.8510558069381599,0.8135768803893109,19.0,6.0,1.0,0.21153846153846156,1.0,18.0
689,0.7073170731707317,999.0,0.0,1.0,0.0,1.0,17.0,0.5970449675426986,0.5386191373883643,2.0,1.0,0.0,0.10266591038003403,1.0,1.0
690,1.0,999.0,0.0,1.0,0.0,1.0,2.0,0.8005847953216373,0.68804318488529,5.0,3.0,1.0,0.29824561403508776,1.0,4.0
691,1.0,999.0,0.0,1.0,0.0,1.0,4.0,0.831081081081081,0.6990743617180398,4.0,3.0,1.0,0.25,1.0,3.0
692,0.8117647058823529,999.0,1.0,0.8043478260869565,0.0,0.0,0.0,0.7132380480282,0.6578353925413776,24.0,1.0,1.0,0.12426470588235294,0.0,24.0
693,0.5686274509803921,999.0,1.0,0.3333333333333333,0.0,0.0,0.0,0.5543223578739672,0.529260081391047,4.0,0.0,0.0,0.02145763965963743,0.0,4.0
694,0.5333333333333333,999.0,1.0,0.627906976744186,0.0,0.0,0.0,0.5222222222222223,0.511638418079096,4.0,0.0,0.0,0.0,0.0,4.0
695,0.32608695652173914,999.0,1.0,0.2608695652173913,0.0,0.0,0.0,0.2950971322849214,0.2854622341732127,0.0,0.0,0.0,0.043478260869565244,0.0,0.0
696,0.7017543859649122,999.0,0.0,1.0,0.0,1.0,974.0,0.6496887379739671,0.6130343966305342,7.0,1.0,0.0,0.03508771929824561,7.0,0.0
697,0.32,999.0,1.0,0.85,0.0,0.0,0.0,0.3090402476780186,0.30003827011748435,0.0,0.0,0.0,0.002352941176470613,0.0,0.0
698,0.5428571428571428,999.0,1.0,0.7297297297297297,0.0,0.0,0.0,0.5253605145762008,0.5179989174413727,7.0,0.0,0.0,0.024338624338624326,0.0,7.0
699,0.813953488372093,999.0,0.0,1.0,0.0,1.0,42.0,0.8029996629592181,0.7719393326592519,13.0,4.0,2.0,0.009605662285136485,12.0,1.0
700,1.0,999.0,0.0,1.0,0.0,1.0,1.0,0.8933333333333332,0.8494246575342466,191.0,10.0,4.0,0.16000000000000003,1.0,190.0
701,1.0,999.0,0.0,1.0,0.0,1.0,974.0,0.8107723577235774,0.7682815964523282,36.0,5.0,1.0,0.275,24.0,12.0
702,1.0,999.0,0.0,1.0,0.0,1.0,29.0,0.7249417249417248,0.6493240093240092,11.0,1.0,1.0,0.36363636363636365,3.0,8.0
703,0.4936708860759494,999.0,1.0,0.5476190476190477,0.0,0.0,0.0,0.4767364492048037,0.47065725413826687,0.0,0.0,0.0,0.01867088607594941,0.0,0.0
704,1.0,999.0,0.0,1.0,0.0,1.0,1.0,0.9233268356075373,0.8616658905916887,276.0,15.0,3.0,0.03703703703703709,1.0,275.0
705,1.0,999.0,1.0,1.0,0.0,0.0,0.0,0.9353233830845772,0.8797651088818205,92.0,14.0,4.0,0.0,0.0,92.0
706,0.5526315789473685,999.0,1.0,0.5294117647058824,0.0,0.0,0.0,0.44478135084010234,0.4021069057421567,1.0,0.0,0.0,0.15728274173806617,0.0,1.0
707,1.0,999.0,0.0,1.0,0.0,1.0,32.0,0.866715045960329,0.8283118558590257,16.0,12.0,2.0,0.1923076923076923,7.0,9.0
708,0.7692307692307693,999.0,0.0,1.0,0.0,1.0,176.0,0.7564102564102564,0.7389830508474576,17.0,4.0,0.0,0.019230769230769273,15.0,2.0
709,1.0,999.0,0.0,1.0,0.0,1.0,11.0,0.7382478632478633,0.6477106227106227,5.0,1.0,1.0,0.32692307692307687,2.0,3.0
710,0.5555555555555556,999.0,1.0,0.4,0.0,0.0,0.0,0.5371243660706063,0.5232411989346312,4.0,0.0,0.0,0.013499480789200491,0.0,4.0
711,0.5348837209302325,999.0,0.0,1.0,0.0,1.0,25.0,0.47804851777425467,0.4204263397590605,2.0,0.0,0.0,0.002968827313211242,2.0,0.0
712,1.0,999.0,0.0,1.0,0.0,1.0,25.0,0.6199074074074075,0.5196035080698946,1.0,1.0,1.0,0.5625,1.0,0.0
713,0.7901234567901234,999.0,1.0,0.39436619718309857,0.0,0.0,0.0,0.7177648309982892,0.6943452122852872,24.0,1.0,0.0,0.10473019836315711,0.0,24.0
714,1.0,999.0,0.0,1.0,0.0,1.0,974.0,0.9069767441860465,0.834137737332884,86.0,4.0,3.0,0.11627906976744184,35.0,51.0
715,0.8867924528301887,999.0,1.0,1.0,0.0,0.0,0.0,0.8660487697230498,0.8478748758689175,163.0,16.0,5.0,0.0,0.0,163.0
716,1.0,999.0,0.0,1.0,0.0,1.0,65.0,0.8182051282051281,0.7423391989274342,9.0,2.0,2.0,0.18000000000000005,7.0,2.0
717,0.6976744186046512,999.0,1.0,0.4444444444444444,0.0,0.0,0.0,0.6428640976669288,0.5942290968980297,4.0,0.0,0.0,0.07545219638242895,0.0,4.0
718,1.0,999.0,0.0,1.0,0.0,1.0,27.0,0.7874097007223941,0.7033758099841158,8.0,1.0,1.0,0.3088235294117647,4.0,4.0
719,0.58,999.0,0.0,1.0,0.0,1.0,2.0,0.540327868852459,0.502982943290699,3.0,0.0,0.0,0.039016393442622865,2.0,1.0
720,0.34545454545454546,999.0,1.0,0.5263157894736842,0.0,0.0,0.0,0.3355661881977672,0.3229415612051447,0.0,0.0,0.0,0.0,0.0,0.0
721,0.8421052631578947,999.0,0.0,1.0,0.0,1.0,244.0,0.6746411483253588,0.6364617076287556,7.0,1.0,1.0,0.25119617224880375,7.0,0.0
722,1.0,999.0,0.0,1.0,0.0,1.0,25.0,0.765022137887413,0.7037548157092749,6.0,1.0,1.0,0.32258064516129037,3.0,3.0
723,0.4166666666666667,999.0,1.0,0.4864864864864865,0.0,0.0,0.0,0.39705882352941174,0.38821679615242327,0.0,0.0,0.0,0.02450980392156865,0.0,0.0
724,0.37735849056603776,999.0,1.0,0.423728813559322,0.0,0.0,0.0,0.3705562082920573,0.3641326667741762,0.0,0.0,0.0,0.008127721335268512,0.0,0.0
725,0.3026315789473684,999.0,1.0,0.35555555555555557,0.0,0.0,0.0,0.29325875508232807,0.2878376059905733,0.0,0.0,0.0,0.0071770334928229484,0.0,0.0
726,1.0,999.0,0.0,1.0,0.0,1.0,5.0,0.8434090617379028,0.7907207617180664,122.0,6.0,1.0,0.22448979591836737,2.0,120.0
727,0.8888888888888888,999.0,1.0,0.8524590163934426,0.0,0.0,0.0,0.7295725520040589,0.6687294466953931,16.0,2.0,1.0,0.1765601217656012,0.0,16.0
728,0.76,999.0,0.0,1.0,0.0,1.0,10.0,0.7433333333333333,0.7181153846153846,32.0,3.0,0.0,0.010000000000000009,8.0,24.0
729,0.7391304347826086,999.0,0.0,1.0,0.0,1.0,6.0,0.6564645308924485,0.6235490482057987,7.0,1.0,0.0,0.11413043478260865,4.0,3.0
730,0.5588235294117647,999.0,1.0,0.6,0.0,0.0,0.0,0.5543672014260249,0.5438944521297462,6.0,0.0,0.0,0.0,0.0,6.0
731,0.6372549019607843,999.0,1.0,0.6307692307692307,0.0,0.0,0.0,0.6360294117647057,0.6283466190214402,70.0,0.0,0.0,0.0018382352941176405,0.0,70.0
732,1.0,999.0,0.0,1.0,0.0,1.0,42.0,0.8169934640522877,0.7671191553544496,7.0,3.0,1.0,0.27450980392156865,4.0,3.0
733,0.9583333333333334,999.0,0.0,1.0,0.0,1.0,4.0,0.916588955345467,0.8800561129333075,241.0,20.0,4.0,0.05422374429223753,4.0,237.0
734,0.6176470588235294,999.0,0.0,1.0,0.0,1.0,244.0,0.5812489218561324,0.5655325698968963,13.0,0.0,0.0,0.03700189753320682,12.0,1.0
735,0.30434782608695654,999.0,1.0,0.6756756756756757,0.0,0.0,0.0,0.2912147337844937,0.28373619321187266,0.0,0.0,0.0,0.018633540372670843,0.0,0.0
736,0.8269230769230769,999.0,0.0,1.0,0.0,1.0,1073.0,0.7547762694821518,0.7126008078554895,79.0,2.0,1.0,0.08182503770739058,37.0,42.0
737,0.8421052631578947,999.0,0.0,1.0,0.0,1.0,14.0,0.8185548617305978,0.805293660614083,57.0,8.0,3.0,0.028545941123996332,9.0,48.0
738,1.0,999.0,0.0,1.0,0.0,1.0,5.0,0.8066964285714286,0.7379494810744811,6.0,2.0,1.0,0.265625,1.0,5.0
739,1.0,999.0,1.0,1.0,0.0,0.0,0.0,0.8461313441567939,0.7227899176051875,5.0,2.0,2.0,0.046511627906976716,0.0,5.0
740,0.78,999.0,1.0,0.6944444444444444,0.0,0.0,0.0,0.7310515112813963,0.6945732837196181,7.0,2.0,0.0,0.03925925925925933,0.0,7.0
741,0.76,999.0,1.0,0.8055555555555556,0.0,0.0,0.0,0.7253665910808768,0.6950294784580499,14.0,2.0,0.0,0.0377777777777778,0.0,14.0
742,1.0,999.0,0.0,1.0,0.0,1.0,2.0,0.8566239316239316,0.8058662508662507,12.0,6.0,1.0,0.20512820512820518,2.0,10.0
743,0.5714285714285714,999.0,1.0,0.49206349206349204,0.0,0.0,0.0,0.5372110832637148,0.5235031205464642,6.0,0.0,0.0,0.045112781954887216,0.0,6.0
744,1.0,999.0,0.0,1.0,0.0,1.0,1098.0,0.8723404255319149,0.8346038571110853,157.0,13.0,3.0,0.19148936170212771,52.0,105.0
745,1.0,999.0,0.0,1.0,0.0,1.0,17.0,0.8730043541364297,0.819823832641009,10.0,4.0,4.0,0.18867924528301883,3.0,7.0
746,0.7777777777777778,999.0,0.0,1.0,0.0,1.0,701.0,0.751899951899952,0.7020857466759106,28.0,3.0,0.0,0.014141414141414121,25.0,3.0
747,0.6354166666666666,999.0,1.0,0.6764705882352942,0.0,0.0,0.0,0.6274793144208037,0.5880423705042939,4.0,0.0,0.0,0.005416666666666625,0.0,4.0
748,0.8695652173913043,999.0,0.0,1.0,0.0,1.0,670.0,0.8126509661835749,0.775090579710145,304.0,13.0,2.0,0.025815217391304324,256.0,48.0
749,0.8160919540229885,999.0,1.0,0.6842105263157895,0.0,0.0,0.0,0.7679656106905896,0.7343286063350412,28.0,3.0,1.0,0.07218951499859827,0.0,28.0
750,0.5777777777777777,999.0,1.0,0.65,0.0,0.0,0.0,0.49743250324039595,0.471545921697324,1.0,0.0,0.0,0.11895424836601304,0.0,1.0
751,1.0,999.0,0.0,1.0,0.0,1.0,13.0,0.7894736842105262,0.7300944669365721,12.0,1.0,1.0,0.3157894736842105,10.0,2.0
752,1.0,999.0,0.0,1.0,0.0,1.0,2.0,0.8461538461538461,0.7892049127343245,19.0,4.0,1.0,0.23076923076923073,1.0,18.0
753,1.0,999.0,0.0,1.0,0.0,1.0,1098.0,0.813103699653727,0.7579515055065219,34.0,2.0,1.0,0.2542372881355932,20.0,14.0
754,0.7894736842105263,999.0,0.0,1.0,0.0,1.0,13.0,0.7716324710080285,0.7623959282281593,22.0,10.0,0.0,0.0267618198037467,13.0,9.0
755,0.6101694915254238,999.0,1.0,0.4,0.0,0.0,0.0,0.6001111419838844,0.5904814317341094,16.0,0.0,0.0,0.01016949152542379,0.0,16.0
756,0.74,999.0,1.0,0.7586206896551724,0.0,0.0,0.0,0.649090909090909,0.584,4.0,1.0,0.0,0.05999999999999994,0.0,4.0
757,0.45098039215686275,999.0,1.0,0.4883720930232558,0.0,0.0,0.0,0.3949206021781399,0.34423205479347396,0.0,0.0,0.0,0.010302426055167846,0.0,0.0
758,1.0,999.0,0.0,1.0,0.0,1.0,137.0,0.7726190476190476,0.707700983227299,13.0,1.0,1.0,0.32499999999999996,8.0,5.0
759,0.375,999.0,1.0,0.39285714285714285,0.0,0.0,0.0,0.36155913978494625,0.35609514773651396,0.0,0.0,0.0,0.020161290322580627,0.0,0.0
760,0.6481481481481481,999.0,1.0,0.5675675675675675,0.0,0.0,0.0,0.5330744723217842,0.5069414575866189,1.0,0.0,0.0,0.1648148148148148,0.0,1.0
761,0.9,999.0,0.0,1.0,0.0,1.0,1.0,0.9,0.8974193548387097,572.0,51.0,21.0,0.0,1.0,571.0
762,0.6634615384615384,999.0,1.0,0.5740740740740741,0.0,0.0,0.0,0.6561441702951137,0.6422846330181897,17.0,0.0,0.0,0.0,0.0,17.0
763,0.6226415094339622,999.0,1.0,0.56,0.0,0.0,0.0,0.6173114795756306,0.5975271427544858,5.0,0.0,0.0,0.004459691252144071,0.0,5.0
764,0.7746478873239436,999.0,0.0,1.0,0.0,1.0,1.0,0.5849283736607681,0.5424996090684084,1.0,1.0,0.0,0.2816901408450704,1.0,0.0
765,0.9583333333333334,999.0,1.0,1.0,0.0,0.0,0.0,0.9365615615615616,0.911936936936937,520.0,48.0,12.0,0.012387387387387427,0.0,520.0
766,1.0,999.0,0.0,1.0,0.0,1.0,8.0,0.7397194000967585,0.6373800271548293,4.0,1.0,1.0,0.3846153846153846,3.0,1.0
767,0.5409836065573771,999.0,1.0,0.6829268292682927,0.0,0.0,0.0,0.5280307630034407,0.49384293991129224,3.0,0.0,0.0,0.016393442622950838,0.0,3.0
768,1.0,999.0,0.0,1.0,0.0,1.0,4.0,0.8537842190016103,0.7692402283706631,16.0,3.0,2.0,0.1777777777777778,1.0,15.0
769,0.8421052631578947,999.0,0.0,1.0,0.0,1.0,1.0,0.8147519335974346,0.7920769666100738,20.0,8.0,2.0,0.003395585738539819,1.0,19.0
770,0.43636363636363634,999.0,1.0,0.47058823529411764,0.0,0.0,0.0,0.42042080726291253,0.4067411207213839,0.0,0.0,0.0,0.015311004784688997,0.0,0.0
771,0.6086956521739131,999.0,1.0,0.575,0.0,0.0,0.0,0.5336901266142527,0.5011231668776426,2.0,0.0,0.0,0.07928388746803072,0.0,2.0
772,0.6909090909090909,999.0,1.0,0.6428571428571429,0.0,0.0,0.0,0.6826839826839827,0.6786580086580087,105.0,0.0,0.0,0.012337662337662314,0.0,105.0
773,0.3448275862068966,999.0,1.0,0.4807692307692308,0.0,0.0,0.0,0.3244663382594417,0.31847012553631016,0.0,0.0,0.0,0.030541871921182295,0.0,0.0
774,0.3125,999.0,1.0,0.45454545454545453,0.0,0.0,0.0,0.29817019400352734,0.28608160358160356,0.0,0.0,0.0,0.01620370370370372,0.0,0.0
775,0.8108108108108109,999.0,0.0,1.0,0.0,1.0,1073.0,0.7856804172593647,0.7726277625507407,130.0,9.0,1.0,0.02133712660028453,90.0,40.0
776,0.5945945945945946,999.0,1.0,0.5294117647058824,0.0,0.0,0.0,0.5018683842213254,0.4422246341363989,2.0,0.0,0.0,0.05613305613305619,0.0,2.0
777,0.5370370370370371,999.0,1.0,0.38461538461538464,0.0,0.0,0.0,0.41475032246176524,0.33508568269762296,1.0,0.0,0.0,0.05370370370370375,0.0,1.0
778,1.0,999.0,0.0,1.0,0.0,1.0,35.0,0.8184323858742464,0.7679369749947661,6.0,3.0,1.0,0.2558139534883721,3.0,3.0
779,1.0,999.0,0.0,1.0,0.0,1.0,9.0,0.7577999753360464,0.6323452304041864,3.0,2.0,1.0,0.2549019607843137,2.0,1.0
780,0.4918032786885246,999.0,1.0,0.8928571428571429,0.0,0.0,0.0,0.46975381413844836,0.45614172785725415,0.0,0.0,0.0,0.022106308991554857,0.0,0.0
781,0.4528301886792453,999.0,1.0,0.46808510638297873,0.0,0.0,0.0,0.4350851230926002,0.41175364996797226,0.0,0.0,0.0,0.02145763965963743,0.0,0.0
782,0.8666666666666667,999.0,1.0,0.8,0.0,0.0,0.0,0.8497354497354498,0.8463492063492064,247.0,50.0,12.0,0.025396825396825418,0.0,247.0
783,0.7627118644067796,999.0,1.0,0.75,0.0,0.0,0.0,0.6384180790960452,0.6097175141242938,8.0,1.0,0.0,0.18644067796610164,0.0,8.0
784,0.7297297297297297,999.0,1.0,0.7297297297297297,0.0,0.0,0.0,0.7114864864864865,0.6637339971550499,9.0,2.0,0.0,0.0,0.0,9.0
785,1.0,999.0,0.0,1.0,0.0,1.0,4.0,0.9293478260869565,0.9070767807585568,146.0,42.0,13.0,0.08695652173913049,1.0,145.0
786,0.4626865671641791,999.0,0.0,1.0,0.0,1.0,2.0,0.4527363184079602,0.4383084577114428,0.0,0.0,0.0,0.014925373134328346,0.0,0.0
787,1.0,999.0,0.0,1.0,0.0,1.0,3.0,0.8875028875028875,0.7801207801207801,21.0,3.0,2.0,0.08108108108108103,1.0,20.0
788,0.6333333333333333,999.0,1.0,0.46296296296296297,0.0,0.0,0.0,0.5555366911903414,0.5063404856050162,2.0,0.0,0.0,0.052688172043010684,0.0,2.0
789,0.7794117647058824,999.0,1.0,0.7073170731707317,0.0,0.0,0.0,0.744248366013072,0.7166788897377133,56.0,3.0,0.0,0.03274509803921566,0.0,56.0
790,1.0,999.0,0.0,1.0,0.0,1.0,9.0,0.8174603174603176,0.7430568356374808,11.0,3.0,1.0,0.26190476190476186,4.0,7.0
791,1.0,999.0,1.0,1.0,0.0,0.0,0.0,0.805297557619539,0.6918899683285292,8.0,2.0,1.0,0.21568627450980393,0.0,8.0
792,0.7894736842105263,999.0,1.0,0.6666666666666666,0.0,0.0,0.0,0.7698245614035087,0.7618947368421052,371.0,18.0,0.0,0.02947368421052632,0.0,371.0
793,0.3333333333333333,999.0,1.0,0.3076923076923077,0.0,0.0,0.0,0.3157349896480331,0.30735543229149365,0.0,0.0,0.0,0.02380952380952378,0.0,0.0
794,0.8333333333333334,999.0,1.0,0.6511627906976745,0.0,0.0,0.0,0.7445173725061207,0.6973492156058791,25.0,2.0,1.0,0.12447257383966248,0.0,25.0
795,1.0,999.0,0.0,1.0,0.0,1.0,8.0,0.7549814251941912,0.6648521691074882,4.0,1.0,1.0,0.30952380952380953,1.0,3.0
796,0.8225806451612904,999.0,0.0,1.0,0.0,1.0,670.0,0.810563604884272,0.7996714962638964,208.0,7.0,2.0,0.01008064516129037,188.0,20.0
797,0.3584905660377358,999.0,1.0,0.5833333333333334,0.0,0.0,0.0,0.34734619180180576,0.3381991101267158,0.0,0.0,0.0,0.014228270955768618,0.0,0.0
798,0.7704918032786885,999.0,1.0,0.7192982456140351,0.0,0.0,0.0,0.7488940931563882,0.7385672251246022,13.0,8.0,0.0,0.024460057246942446,0.0,13.0
799,0.75,999.0,1.0,0.47540983606557374,0.0,0.0,0.0,0.7252287581699347,0.7178565531475749,110.0,7.0,0.0,0.03431372549019607,0.0,110.0
800,0.896551724137931,999.0,1.0,0.9772727272727273,0.0,0.0,0.0,0.7327044025157233,0.6432984978168692,4.0,1.0,1.0,0.19843851659076128,0.0,4.0
801,0.38461538461538464,999.0,1.0,0.5454545454545454,0.0,0.0,0.0,0.3333581072711507,0.3163057503582446,0.0,0.0,0.0,0.07350427350427352,0.0,0.0
802,0.5,999.0,1.0,0.4883720930232558,0.0,0.0,0.0,0.47225538071984086,0.4647965274009767,1.0,0.0,0.0,0.0368421052631579,0.0,1.0
803,1.0,999.0,0.0,1.0,0.0,1.0,26.0,0.7114718614718614,0.6177922077922078,2.0,1.0,1.0,0.34285714285714286,2.0,0.0
804,0.3132530120481928,999.0,1.0,0.3983050847457627,0.0,0.0,0.0,0.308491698753778,0.30202590067268537,0.0,0.0,0.0,0.0,0.0,0.0
805,1.0,999.0,0.0,1.0,0.0,1.0,7.0,0.8312925170068027,0.7763265306122449,8.0,2.0,2.0,0.19999999999999996,2.0,6.0
806,0.48214285714285715,999.0,1.0,0.42857142857142855,0.0,0.0,0.0,0.4513392857142857,0.4395535714285714,0.0,0.0,0.0,0.03214285714285714,0.0,0.0
807,1.0,999.0,1.0,1.0,0.0,0.0,0.0,0.9190022915564957,0.8451513749338975,110.0,7.0,3.0,0.06557377049180324,0.0,110.0
808,0.6571428571428571,999.0,1.0,0.6170212765957447,0.0,0.0,0.0,0.5890250594475946,0.5333384975466845,3.0,0.0,0.0,0.07967806841046277,0.0,3.0
809,0.7868852459016393,999.0,1.0,0.5714285714285714,0.0,0.0,0.0,0.7595628415300547,0.7311475409836066,103.0,3.0,0.0,0.0,0.0,103.0
810,1.0,999.0,1.0,1.0,0.0,0.0,0.0,0.8765079365079366,0.7968342279561792,5.0,4.0,2.0,0.15714285714285714,0.0,5.0
811,0.4696969696969697,999.0,1.0,0.5384615384615384,0.0,0.0,0.0,0.4580588493631972,0.4487483530961792,0.0,0.0,0.0,0.0,0.0,0.0
812,1.0,999.0,0.0,1.0,0.0,1.0,7.0,0.5861635220125786,0.4863627927902595,1.0,1.0,1.0,0.6,1.0,0.0
813,0.7868852459016393,999.0,0.0,1.0,0.0,1.0,153.0,0.7864949258391881,0.774119177725735,79.0,8.0,0.0,0.0,36.0,43.0
814,1.0,999.0,0.0,1.0,0.0,1.0,9.0,0.7826086956521738,0.7069278547539417,7.0,1.0,1.0,0.30434782608695654,5.0,2.0
815,0.765625,999.0,0.0,1.0,0.0,1.0,670.0,0.7287377450980393,0.7059926470588236,116.0,3.0,0.0,0.04503676470588236,91.0,25.0
816,0.38095238095238093,999.0,1.0,0.55,0.0,0.0,0.0,0.37063492063492065,0.35268398268398266,0.0,0.0,0.0,0.0,0.0,0.0
817,0.7647058823529411,999.0,0.0,1.0,0.0,1.0,12.0,0.6225935517463449,0.5462647844016216,3.0,1.0,0.0,0.19866814650388454,1.0,2.0
818,0.675,999.0,1.0,0.5272727272727272,0.0,0.0,0.0,0.6573170731707317,0.6315995462280205,11.0,0.0,0.0,0.0,0.0,11.0
819,1.0,999.0,0.0,1.0,0.0,1.0,13.0,0.8561584840654608,0.7917253934695795,13.0,4.0,1.0,0.2093023255813954,3.0,10.0
820,1.0,999.0,0.0,1.0,0.0,1.0,3.0,0.7815442561205272,0.6801878149335776,4.0,1.0,1.0,0.3220338983050848,1.0,3.0
821,1.0,999.0,0.0,1.0,0.0,1.0,6.0,0.7225164500080243,0.6321014193005892,4.0,1.0,1.0,0.3548387096774194,2.0,2.0
822,0.5813953488372093,999.0,1.0,1.0,0.0,0.0,0.0,0.5682903195311023,0.5600218107662804,7.0,0.0,0.0,0.018895348837209336,0.0,7.0
823,0.7,999.0,1.0,0.5416666666666666,0.0,0.0,0.0,0.6720238095238095,0.6524579831932773,28.0,1.0,0.0,0.012499999999999956,0.0,28.0
824,1.0,999.0,0.0,1.0,0.0,1.0,20.0,0.8838028169014085,0.8267983241917257,15.0,11.0,2.0,0.09859154929577463,1.0,14.0
825,1.0,999.0,0.0,1.0,0.0,1.0,48.0,0.7396969696969697,0.661017020715134,7.0,1.0,1.0,0.34090909090909094,4.0,3.0
826,1.0,999.0,0.0,1.0,0.0,1.0,220.0,0.8011145942180424,0.6564263322884012,3.0,2.0,2.0,0.1724137931034483,3.0,0.0
827,0.6,999.0,1.0,0.6538461538461539,0.0,0.0,0.0,0.5582887700534759,0.5249732620320856,4.0,0.0,0.0,0.054545454545454564,0.0,4.0
828,0.7564102564102564,999.0,1.0,0.765625,0.0,0.0,0.0,0.6764715636666857,0.6311836652323974,5.0,1.0,0.0,0.08567854909318318,0.0,5.0
829,1.0,999.0,0.0,1.0,0.0,1.0,25.0,0.765022137887413,0.7037548157092749,6.0,1.0,1.0,0.32258064516129037,3.0,3.0
830,0.7804878048780488,999.0,0.0,1.0,0.0,1.0,701.0,0.688061152350654,0.6519856275806052,38.0,1.0,0.0,0.10548780487804876,38.0,0.0
831,0.42696629213483145,999.0,1.0,0.47692307692307695,0.0,0.0,0.0,0.4159120465897179,0.40998678839339114,0.0,0.0,0.0,0.013173188686555592,0.0,0.0
832,1.0,999.0,1.0,1.0,0.0,0.0,0.0,0.9346405228758169,0.8726487205051512,17.0,6.0,3.0,0.0,0.0,17.0
833,0.6326530612244898,999.0,1.0,0.6326530612244898,0.0,0.0,0.0,0.5676664605236034,0.5402579959722817,4.0,0.0,0.0,0.08503401360544216,0.0,4.0
834,0.7833333333333333,999.0,1.0,0.5588235294117647,0.0,0.0,0.0,0.7075505247636396,0.6518299149277369,11.0,1.0,0.0,0.09480874316939891,0.0,11.0
835,0.7857142857142857,999.0,1.0,0.4722222222222222,0.0,0.0,0.0,0.771262276857492,0.7587744358157754,10.0,7.0,0.0,0.01106639839034207,0.0,10.0
836,0.4583333333333333,999.0,1.0,0.42105263157894735,0.0,0.0,0.0,0.44675925925925924,0.429594017094017,0.0,0.0,0.0,0.013888888888888895,0.0,0.0
837,1.0,999.0,0.0,1.0,0.0,1.0,4.0,1.0,0.9345522898154476,233.0,12.0,5.0,0.0,4.0,229.0
838,0.375,999.0,1.0,0.5087719298245614,0.0,0.0,0.0,0.37115384615384617,0.36000574052812856,0.0,0.0,0.0,0.005769230769230749,0.0,0.0
839,0.5306122448979592,999.0,0.0,1.0,0.0,1.0,1.0,0.4790929705215419,0.46123029211684674,1.0,0.0,0.0,0.06394557823129254,1.0,0.0
840,0.41025641025641024,999.0,1.0,0.47368421052631576,0.0,0.0,0.0,0.4068376068376069,0.3992865105908584,0.0,0.0,0.0,0.0,0.0,0.0
841,0.6428571428571429,999.0,1.0,0.631578947368421,0.0,0.0,0.0,0.41684981684981687,0.3650781618530779,1.0,0.0,0.0,0.3351648351648352,0.0,1.0
842,0.725,999.0,0.0,1.0,0.0,1.0,2.0,0.5444489907255865,0.5028235493932002,1.0,1.0,0.0,0.2634615384615384,1.0,0.0
843,0.9069767441860465,999.0,1.0,1.0,0.0,0.0,0.0,0.8599245596839822,0.8307421223369061,25.0,5.0,4.0,0.056402031542368336,0.0,25.0
844,1.0,999.0,0.0,1.0,0.0,1.0,4.0,0.7956989247311829,0.7322782890079886,13.0,1.0,1.0,0.30645161290322576,1.0,12.0
845,0.7166666666666667,999.0,1.0,0.5333333333333333,0.0,0.0,0.0,0.5547690871220283,0.4289634012987043,2.0,2.0,0.0,0.010784313725490158,0.0,2.0
846,0.29310344827586204,999.0,1.0,0.29545454545454547,0.0,0.0,0.0,0.26308576480990276,0.25329788745737025,0.0,0.0,0.0,0.043103448275862044,0.0,0.0
847,0.5357142857142857,999.0,0.0,1.0,0.0,1.0,69.0,0.5238095238095238,0.5110599078341014,4.0,0.0,0.0,0.0,1.0,3.0
848,0.864406779661017,999.0,0.0,1.0,0.0,1.0,2.0,0.6707593854908703,0.5747110818058091,3.0,1.0,1.0,0.22378177966101698,1.0,2.0
849,1.0,999.0,0.0,1.0,0.0,1.0,12.0,0.6555465877499776,0.5736267388311257,1.0,1.0,1.0,0.5079365079365079,1.0,0.0
850,1.0,999.0,0.0,1.0,0.0,1.0,3.0,0.8433536276002029,0.7618485647522885,7.0,2.0,2.0,0.1643835616438356,1.0,6.0
851,1.0,999.0,0.0,1.0,0.0,1.0,35.0,0.8853886853886855,0.7918615969320195,6.0,4.0,3.0,0.16923076923076918,4.0,2.0
852,1.0,999.0,0.0,1.0,0.0,1.0,12.0,0.7429854096520763,0.6606264106264106,9.0,1.0,1.0,0.36363636363636365,1.0,8.0
853,0.6301369863013698,999.0,0.0,1.0,0.0,1.0,19.0,0.6136814407362352,0.5944714907043673,9.0,0.0,0.0,0.008515364679748227,3.0,6.0
854,0.7884615384615384,999.0,0.0,1.0,0.0,1.0,3.0,0.7647297670882577,0.6957059921210865,5.0,3.0,0.0,0.014876632801161027,3.0,2.0
855,0.8846153846153846,999.0,1.0,0.8723404255319149,0.0,0.0,0.0,0.7138604429626101,0.6560624778987781,36.0,1.0,1.0,0.2354925775978407,0.0,36.0
856,1.0,999.0,0.0,1.0,0.0,1.0,94.0,0.8157958393807451,0.7646122745179349,15.0,3.0,1.0,0.26415094339622647,15.0,0.0
857,0.3710691823899371,999.0,1.0,0.38596491228070173,0.0,0.0,0.0,0.34928957980735076,0.34288308560551284,0.0,0.0,0.0,0.029983911072107627,0.0,0.0
858,1.0,999.0,0.0,1.0,0.0,1.0,1.0,0.9147913736521333,0.8515775268939827,132.0,8.0,2.0,0.02777777777777779,1.0,131.0
859,0.3898305084745763,999.0,1.0,0.5365853658536586,0.0,0.0,0.0,0.3855700657590071,0.37512714324050805,0.0,0.0,0.0,0.0,0.0,0.0
860,1.0,999.0,0.0,1.0,0.0,1.0,69.0,0.6798088410991637,0.6004778972520908,2.0,1.0,1.0,0.4444444444444444,1.0,1.0
861,0.803921568627451,999.0,0.0,1.0,0.0,1.0,43.0,0.7462347257743677,0.7346973572037511,25.0,7.0,1.0,0.08653026427962496,18.0,7.0
862,0.6666666666666666,999.0,1.0,0.6842105263157895,0.0,0.0,0.0,0.6315245478036177,0.6189147286821706,8.0,0.0,0.0,0.03875968992248058,0.0,8.0
863,0.7647058823529411,999.0,0.0,1.0,0.0,1.0,11.0,0.7275515334338865,0.701682435211847,29.0,3.0,0.0,0.04675716440422317,6.0,23.0
864,0.8181818181818182,999.0,1.0,0.7678571428571429,0.0,0.0,0.0,0.7676767676767677,0.7046536796536798,20.0,2.0,2.0,0.0,0.0,20.0
865,0.578125,999.0,1.0,1.0,0.0,0.0,0.0,0.552496693121693,0.5382952508960572,5.0,0.0,0.0,0.03844246031746035,0.0,5.0
866,0.5675675675675675,999.0,1.0,1.0,0.0,0.0,0.0,0.5066495066495067,0.49062998108025324,1.0,0.0,0.0,0.09137709137709138,0.0,1.0
867,0.41025641025641024,999.0,1.0,0.47058823529411764,0.0,0.0,0.0,0.3964630671947745,0.3879721206437031,0.0,0.0,0.0,0.02001250781738584,0.0,0.0
868,0.7058823529411765,999.0,1.0,0.6923076923076923,0.0,0.0,0.0,0.6990622335890878,0.6944373401534527,121.0,1.0,0.0,0.010230179028133057,0.0,121.0
869,1.0,999.0,0.0,1.0,0.0,1.0,462.0,0.7166666666666668,0.6481081081081081,12.0,1.0,1.0,0.4,4.0,8.0
870,0.5161290322580645,999.0,1.0,0.4915254237288136,0.0,0.0,0.0,0.4952753339850114,0.47456077778658423,1.0,0.0,0.0,0.03128054740957964,0.0,1.0
871,1.0,999.0,0.0,1.0,0.0,1.0,196.0,0.9294117647058823,0.9013252197430696,103.0,17.0,6.0,0.10588235294117643,99.0,4.0
872,0.6513761467889908,999.0,1.0,0.6346153846153846,0.0,0.0,0.0,0.6346037372413519,0.6248026463852152,22.0,0.0,0.0,0.015012510425354453,0.0,22.0
873,0.9166666666666666,999.0,1.0,0.9047619047619048,0.0,0.0,0.0,0.5361904761904762,0.4383809523809524,1.0,1.0,1.0,0.57,0.0,1.0
874,1.0,999.0,0.0,1.0,0.0,1.0,60.0,0.8058842340901823,0.7411576590981772,7.0,2.0,1.0,0.2264150943396226,6.0,1.0
875,1.0,999.0,0.0,1.0,0.0,1.0,7.0,0.825925925925926,0.7681822836661547,15.0,3.0,1.0,0.2222222222222222,2.0,13.0
876,0.7413793103448276,999.0,1.0,0.7317073170731707,0.0,0.0,0.0,0.7209880032661266,0.7129436791526583,104.0,8.0,0.0,0.02471264367816095,0.0,104.0
877,0.5925925925925926,999.0,1.0,0.6086956521739131,0.0,0.0,0.0,0.5787759851967502,0.5589659738408495,5.0,0.0,0.0,0.0024286581663630624,0.0,5.0
878,0.9148936170212766,999.0,0.0,1.0,0.0,1.0,12.0,0.8965957446808511,0.8819574468085106,262.0,15.0,5.0,0.0,1.0,261.0
879,0.6973684210526315,999.0,1.0,0.5223880597014925,0.0,0.0,0.0,0.6829765341624102,0.6544166171972889,46.0,0.0,0.0,0.004035087719298169,0.0,46.0
880,0.3333333333333333,999.0,1.0,0.35135135135135137,0.0,0.0,0.0,0.32618974200842843,0.3180494461120865,0.0,0.0,0.0,0.00724637681159418,0.0,0.0
881,0.8767123287671232,999.0,0.0,1.0,0.0,1.0,1.0,0.7669681802877432,0.7306570986488363,13.0,3.0,1.0,0.15840246961219362,1.0,12.0
882,0.5576923076923077,999.0,1.0,0.5961538461538461,0.0,0.0,0.0,0.5544159544159545,0.5435586635586636,19.0,0.0,0.0,0.002136752136752129,0.0,19.0
883,0.7096774193548387,999.0,1.0,0.7101449275362319,0.0,0.0,0.0,0.6064276255273259,0.5760819215623603,9.0,1.0,0.0,0.15215529546103346,0.0,9.0
884,0.4222222222222222,999.0,1.0,0.6764705882352942,0.0,0.0,0.0,0.41154693555909366,0.40534011102099077,0.0,0.0,0.0,0.014058956916099763,0.0,0.0
885,0.6666666666666666,999.0,1.0,0.6129032258064516,0.0,0.0,0.0,0.525879917184265,0.4800999443729044,1.0,0.0,0.0,0.19047619047619047,0.0,1.0
886,1.0,999.0,0.0,1.0,0.0,1.0,57.0,0.9179487179487179,0.8671685177567531,20.0,10.0,3.0,0.10769230769230764,2.0,18.0
887,0.38461538461538464,999.0,1.0,0.5454545454545454,0.0,0.0,0.0,0.3333581072711507,0.3163057503582446,0.0,0.0,0.0,0.07350427350427352,0.0,0.0
888,1.0,999.0,0.0,1.0,0.0,1.0,4.0,0.6484582668793195,0.567936440203493,1.0,1.0,1.0,0.5151515151515151,1.0,0.0
889,0.7083333333333334,999.0,0.0,1.0,0.0,1.0,1.0,0.6734575484575483,0.654074529074529,23.0,1.0,0.0,0.03265765765765771,1.0,22.0
890,0.7045454545454546,999.0,1.0,0.7586206896551724,0.0,0.0,0.0,0.5012265512265512,0.4531168831168831,1.0,1.0,0.0,0.28636363636363643,0.0,1.0
891,1.0,999.0,0.0,1.0,0.0,1.0,8.0,0.7698412698412698,0.7046922183507549,18.0,1.0,1.0,0.33333333333333337,1.0,17.0
892,0.9367088607594937,999.0,1.0,0.9206349206349206,0.0,0.0,0.0,0.7516869735615291,0.6763357494604828,7.0,1.0,1.0,0.27004219409282704,0.0,7.0
893,1.0,999.0,1.0,1.0,0.0,0.0,0.0,0.8095012626262627,0.7381500819000819,35.0,2.0,1.0,0.21212121212121215,0.0,35.0
894,1.0,999.0,1.0,1.0,0.0,0.0,0.0,0.726851851851852,0.568797195253506,2.0,2.0,2.0,0.1527777777777778,0.0,2.0
895,0.647887323943662,999.0,1.0,0.6451612903225806,0.0,0.0,0.0,0.6275933704893428,0.6115070986145451,36.0,0.0,0.0,0.018257694314032347,0.0,36.0
896,0.41935483870967744,999.0,1.0,0.4523809523809524,0.0,0.0,0.0,0.41593352883675466,0.40862988474391326,0.0,0.0,0.0,0.0,0.0,0.0
897,1.0,999.0,0.0,1.0,0.0,1.0,17.0,0.870748299319728,0.7668491786958687,23.0,2.0,2.0,0.0,2.0,21.0
898,0.8115942028985508,999.0,1.0,0.7903225806451613,0.0,0.0,0.0,0.7270923238212665,0.6961385491126235,5.0,1.0,1.0,0.11296406591224939,0.0,5.0
899,0.6756756756756757,999.0,1.0,0.6756756756756757,0.0,0.0,0.0,0.5769160464812639,0.5461496278887583,4.0,0.0,0.0,0.14234234234234233,0.0,4.0
900,1.0,999.0,0.0,1.0,0.0,1.0,974.0,0.8107723577235774,0.7682815964523282,36.0,5.0,1.0,0.275,24.0,12.0
901,0.5566037735849056,999.0,1.0,0.4492753623188406,0.0,0.0,0.0,0.530989136649514,0.4849092714633926,3.0,0.0,0.0,0.020240137221269272,0.0,3.0
902,0.3888888888888889,999.0,1.0,0.4444444444444444,0.0,0.0,0.0,0.38708645851502993,0.37484011040313564,0.0,0.0,0.0,0.0011337868480725821,0.0,0.0
903,0.6571428571428571,999.0,1.0,0.6363636363636364,0.0,0.0,0.0,0.6283499446290145,0.6044035837986852,13.0,0.0,0.0,0.029235880398671088,0.0,13.0
904,0.5777777777777777,999.0,1.0,0.6119402985074627,0.0,0.0,0.0,0.5534702769996888,0.5271887922470333,3.0,0.0,0.0,0.018954248366013005,0.0,3.0
905,0.8860759493670886,999.0,0.0,1.0,0.0,1.0,1.0,0.7602709304907839,0.722829224961137,155.0,1.0,1.0,0.18870752831445703,1.0,154.0
906,0.8888888888888888,999.0,1.0,1.0,0.0,0.0,0.0,0.7129629629629629,0.6563492063492063,8.0,1.0,1.0,0.26388888888888884,0.0,8.0
907,0.38095238095238093,999.0,1.0,0.3953488372093023,0.0,0.0,0.0,0.35913900913900915,0.349049839049839,0.0,0.0,0.0,0.025396825396825362,0.0,0.0
908,0.5869565217391305,999.0,1.0,0.6153846153846154,0.0,0.0,0.0,0.5442492558434587,0.5301209820775038,7.0,0.0,0.0,0.05968379446640326,0.0,7.0
909,1.0,999.0,1.0,1.0,0.0,0.0,0.0,0.9692982456140351,0.9447368421052632,24.0,6.0,5.0,0.0,0.0,24.0
910,0.5072463768115942,999.0,1.0,0.47540983606557374,0.0,0.0,0.0,0.4042258514192323,0.3729602212762498,1.0,0.0,0.0,0.14903742158771366,0.0,1.0
911,0.7166666666666667,999.0,1.0,0.6923076923076923,0.0,0.0,0.0,0.575918458781362,0.4719311657665548,2.0,1.0,0.0,0.060416666666666674,0.0,2.0
912,0.68,999.0,1.0,0.6212121212121212,0.0,0.0,0.0,0.6349596291087148,0.6192659243541545,64.0,0.0,0.0,0.06271604938271613,0.0,64.0
913,0.6923076923076923,999.0,1.0,0.7272727272727273,0.0,0.0,0.0,0.5961083833424259,0.5534820234695078,3.0,0.0,0.0,0.1282051282051282,0.0,3.0
914,0.573170731707317,999.0,1.0,0.46774193548387094,0.0,0.0,0.0,0.4821138211382114,0.39828468612554974,2.0,0.0,0.0,0.0,0.0,2.0
915,0.3780487804878049,999.0,1.0,0.45161290322580644,0.0,0.0,0.0,0.3720828795814535,0.35298324808547793,0.0,0.0,0.0,0.004554804584190442,0.0,0.0
916,0.7407407407407407,999.0,0.0,1.0,0.0,1.0,701.0,0.7098765432098766,0.700925925925926,42.0,1.0,0.0,0.04629629629629628,38.0,4.0
917,0.8208955223880597,999.0,1.0,0.84,0.0,0.0,0.0,0.7612806503198294,0.7381477005367252,92.0,5.0,1.0,0.08652052238805974,0.0,92.0
918,0.6666666666666666,999.0,1.0,0.75,0.0,0.0,0.0,0.6460202991452991,0.6399198717948718,38.0,0.0,0.0,0.02604166666666663,0.0,38.0
919,0.7101449275362319,999.0,1.0,0.6923076923076923,0.0,0.0,0.0,0.6333055390113164,0.6093166567401231,11.0,1.0,0.0,0.09370657137184835,0.0,11.0
920,1.0,999.0,1.0,1.0,0.0,0.0,0.0,0.8362437938709126,0.7814387231791736,86.0,4.0,1.0,0.2033898305084746,0.0,86.0
921,0.6153846153846154,999.0,1.0,0.5106382978723404,0.0,0.0,0.0,0.5986937590711175,0.5899854862119012,28.0,0.0,0.0,0.011611030478955064,0.0,28.0
922,1.0,999.0,0.0,1.0,0.0,1.0,56.0,0.7466439780676878,0.6690298651014822,7.0,1.0,1.0,0.3414634146341463,6.0,1.0
923,0.6,999.0,1.0,0.53125,0.0,0.0,0.0,0.5608465608465608,0.5409523809523809,6.0,0.0,0.0,0.02857142857142858,0.0,6.0
924,0.3188405797101449,999.0,1.0,0.32142857142857145,0.0,0.0,0.0,0.28964217687999255,0.2824272814366375,0.0,0.0,0.0,0.04035956705191707,0.0,0.0
925,0.5697674418604651,999.0,1.0,0.5074626865671642,0.0,0.0,0.0,0.5613079578879853,0.5499859352743772,10.0,0.0,0.0,0.0050615595075239606,0.0,10.0
926,0.8108108108108109,999.0,0.0,1.0,0.0,1.0,1.0,0.7232238567681605,0.6903445704711527,16.0,2.0,1.0,0.10195005131713997,1.0,15.0
927,0.7027027027027027,999.0,0.0,1.0,0.0,1.0,47.0,0.6757547020704916,0.6589920747815485,7.0,1.0,0.0,0.03603603603603611,6.0,1.0
928,1.0,999.0,0.0,1.0,0.0,1.0,7.0,0.7592520954223082,0.6964393238583803,6.0,1.0,1.0,0.34042553191489366,4.0,2.0
929,0.5952380952380952,999.0,1.0,0.6756756756756757,0.0,0.0,0.0,0.587979094076655,0.583898567557104,62.0,0.0,0.0,0.009872241579558683,0.0,62.0
930,0.6415094339622641,999.0,1.0,0.56,0.0,0.0,0.0,0.6335895644071745,0.6048081165244891,5.0,0.0,0.0,0.01187980433263447,0.0,5.0
931,0.8846153846153846,999.0,0.0,1.0,0.0,1.0,14.0,0.8543956043956045,0.8425634710117469,70.0,15.0,6.0,0.04532967032967028,2.0,68.0
932,0.8604651162790697,999.0,0.0,1.0,0.0,1.0,74.0,0.8022394487510766,0.7749491114275167,69.0,8.0,1.0,0.06976744186046513,47.0,22.0
933,0.803921568627451,999.0,1.0,0.7777777777777778,0.0,0.0,0.0,0.7892977703902074,0.7775786622341243,15.0,5.0,1.0,0.015460030165912575,0.0,15.0
934,1.0,999.0,0.0,1.0,0.0,1.0,2.0,0.8319727891156462,0.7409419152276294,5.0,3.0,1.0,0.20408163265306123,1.0,4.0
935,0.75,999.0,1.0,0.6323529411764706,0.0,0.0,0.0,0.6926605504587156,0.6368530379089492,6.0,2.0,0.0,0.0,0.0,6.0
936,0.7708333333333334,999.0,1.0,0.8571428571428571,0.0,0.0,0.0,0.6660166940339355,0.6310501786921666,7.0,1.0,0.0,0.1329022988505747,0.0,7.0
937,0.4807692307692308,999.0,0.0,1.0,0.0,1.0,1.0,0.45057899090157155,0.41569801207692336,0.0,0.0,0.0,0.039909015715467344,0.0,0.0
938,0.7608695652173914,999.0,1.0,0.6333333333333333,0.0,0.0,0.0,0.7608695652173912,0.7173913043478262,72.0,3.0,0.0,0.0,0.0,72.0
939,0.4528301886792453,999.0,1.0,0.39655172413793105,0.0,0.0,0.0,0.4518867924528302,0.448020964360587,0.0,0.0,0.0,0.0,0.0,0.0
940,0.2698412698412698,999.0,1.0,0.24050632911392406,0.0,0.0,0.0,0.2599798768323358,0.25638162688680305,0.0,0.0,0.0,0.013841269841269821,0.0,0.0
941,0.48717948717948717,999.0,1.0,0.5277777777777778,0.0,0.0,0.0,0.4413919413919414,0.41300589654248193,0.0,0.0,0.0,0.034798534798534786,0.0,0.0
942,0.7021276595744681,999.0,0.0,1.0,0.0,1.0,48.0,0.6549609205384281,0.6156908380373427,7.0,1.0,0.0,0.028658271819366088,6.0,1.0
943,0.6721311475409836,999.0,1.0,0.6226415094339622,0.0,0.0,0.0,0.5152823003218804,0.42956076962561357,2.0,0.0,0.0,0.14088114754098358,0.0,2.0
944,1.0,999.0,0.0,1.0,0.0,1.0,462.0,0.7555555555555555,0.6736694677871148,9.0,1.0,1.0,0.3666666666666667,8.0,1.0
945,1.0,999.0,0.0,1.0,0.0,1.0,6.0,0.8628871838590508,0.7450172565519896,6.0,3.0,2.0,0.19565217391304346,1.0,5.0
946,0.576271186440678,999.0,0.0,1.0,0.0,1.0,176.0,0.5445494118736686,0.5222068067804653,3.0,0.0,0.0,0.018894137260350163,3.0,0.0
947,0.6037735849056604,999.0,1.0,0.6857142857142857,0.0,0.0,0.0,0.47295597484276736,0.4403316467268801,1.0,0.0,0.0,0.18867924528301883,0.0,1.0
948,1.0,999.0,0.0,1.0,0.0,1.0,1.0,0.6835232008891358,0.5957257996937477,3.0,1.0,1.0,0.4576271186440678,1.0,2.0
949,1.0,999.0,1.0,1.0,0.0,0.0,0.0,0.9213877909530085,0.8692505850195662,39.0,6.0,4.0,0.09090909090909094,0.0,39.0
950,1.0,999.0,0.0,1.0,0.0,1.0,974.0,0.8245989304812834,0.7501265899271881,8.0,3.0,1.0,0.23529411764705888,7.0,1.0
951,1.0,999.0,0.0,1.0,0.0,1.0,1.0,0.7649572649572649,0.7019132328075417,6.0,1.0,1.0,0.33333333333333337,1.0,5.0
952,0.75,999.0,0.0,1.0,0.0,1.0,5.0,0.7314814814814815,0.7234615858922185,315.0,6.0,0.0,0.02777777777777779,5.0,310.0
953,0.4418604651162791,999.0,1.0,0.5526315789473685,0.0,0.0,0.0,0.40206791859178637,0.3892278687074067,0.0,0.0,0.0,0.055895552835577345,0.0,0.0
954,0.46153846153846156,999.0,1.0,0.5714285714285714,0.0,0.0,0.0,0.38995726495726496,0.36371461871461874,0.0,0.0,0.0,0.08653846153846156,0.0,0.0
955,0.41025641025641024,999.0,1.0,0.47058823529411764,0.0,0.0,0.0,0.3964630671947745,0.3879721206437031,0.0,0.0,0.0,0.02001250781738584,0.0,0.0
956,0.7166666666666667,999.0,0.0,1.0,0.0,1.0,1.0,0.6726926523297491,0.6159443585211372,5.0,1.0,0.0,0.060416666666666674,1.0,4.0
957,1.0,999.0,0.0,1.0,0.0,1.0,70.0,0.8632478632478633,0.8016343548050866,21.0,5.0,2.0,0.15384615384615385,10.0,11.0
958,0.5428571428571428,999.0,1.0,0.5428571428571428,0.0,0.0,0.0,0.43412698412698414,0.40144393241167436,1.0,0.0,0.0,0.14999999999999997,0.0,1.0
959,0.7169811320754716,999.0,1.0,0.5714285714285714,0.0,0.0,0.0,0.6000840766365588,0.5229536717883869,2.0,1.0,0.0,0.05678695731819006,0.0,2.0
960,0.6160714285714286,999.0,1.0,0.725,0.0,0.0,0.0,0.5917207792207793,0.5798239411191218,33.0,0.0,0.0,0.03652597402597402,0.0,33.0
961,0.42857142857142855,999.0,1.0,0.4444444444444444,0.0,0.0,0.0,0.3986394557823129,0.3791596638655462,0.0,0.0,0.0,0.028571428571428525,0.0,0.0
962,0.3269230769230769,999.0,1.0,0.5945945945945946,0.0,0.0,0.0,0.31892290099837267,0.30899082369681896,0.0,0.0,0.0,0.006168359941944868,0.0,0.0
963,1.0,999.0,0.0,1.0,0.0,1.0,69.0,0.7418909592822637,0.6493898947182943,4.0,1.0,1.0,0.3695652173913043,3.0,1.0
964,0.8157894736842105,999.0,1.0,0.9393939393939394,0.0,0.0,0.0,0.6955732354141168,0.5846968824249406,3.0,2.0,1.0,0.09485924112607103,0.0,3.0
965,1.0,999.0,0.0,1.0,0.0,1.0,33.0,0.8305322128851541,0.7387155378947445,7.0,3.0,1.0,0.2142857142857143,6.0,1.0
966,0.7377049180327869,999.0,1.0,0.6739130434782609,0.0,0.0,0.0,0.5832032266458497,0.4978795165059702,2.0,1.0,0.0,0.15437158469945356,0.0,2.0
967,0.875,999.0,0.0,1.0,0.0,1.0,1.0,0.6906370656370656,0.6279358052976454,5.0,1.0,1.0,0.2321428571428571,1.0,4.0
968,0.325,999.0,1.0,0.5625,0.0,0.0,0.0,0.30530303030303035,0.2942490118577075,0.0,0.0,0.0,0.02954545454545454,0.0,0.0
969,0.5833333333333334,999.0,1.0,0.5094339622641509,0.0,0.0,0.0,0.5667388167388167,0.5594239094239094,12.0,0.0,0.0,0.024891774891774965,0.0,12.0
970,0.725,999.0,1.0,0.7647058823529411,0.0,0.0,0.0,0.6697368421052632,0.6511811857229282,44.0,1.0,0.0,0.08289473684210524,0.0,44.0
971,1.0,999.0,0.0,1.0,0.0,1.0,14.0,0.6621621621621622,0.5675100632547442,2.0,1.0,1.0,0.5,1.0,1.0
972,0.6792452830188679,999.0,1.0,0.36538461538461536,0.0,0.0,0.0,0.6359549372127988,0.5416947279288971,3.0,0.0,0.0,0.024699828473413343,0.0,3.0
973,1.0,999.0,0.0,1.0,0.0,1.0,6.0,0.983739837398374,0.9029288918681999,62.0,6.0,3.0,0.024390243902439046,1.0,61.0
974,0.7142857142857143,999.0,1.0,0.6862745098039216,0.0,0.0,0.0,0.6994828700711054,0.6456991117140248,16.0,2.0,0.0,0.00659340659340657,0.0,16.0
975,0.6835443037974683,999.0,1.0,0.6428571428571429,0.0,0.0,0.0,0.6547702766057196,0.6162387893400552,5.0,0.0,0.0,0.0,0.0,5.0
976,1.0,999.0,1.0,1.0,0.0,0.0,0.0,0.8709677419354839,0.7639112903225806,19.0,2.0,2.0,0.0,0.0,19.0
977,1.0,999.0,0.0,1.0,0.0,1.0,81.0,0.885578231292517,0.8407809010396612,34.0,11.0,3.0,0.16326530612244894,15.0,19.0
978,0.45,999.0,0.0,1.0,0.0,1.0,1.0,0.4175854148722366,0.4058097159465149,0.0,0.0,0.0,0.042592592592592626,0.0,0.0
979,1.0,999.0,0.0,1.0,0.0,1.0,10.0,0.8627903991785394,0.7752710617514136,25.0,3.0,1.0,0.20408163265306123,4.0,21.0
980,0.6666666666666666,999.0,0.0,1.0,0.0,1.0,1.0,0.5440613026819923,0.5080648200489918,2.0,0.0,0.0,0.16666666666666663,1.0,1.0
981,0.7906976744186046,999.0,0.0,1.0,0.0,1.0,7.0,0.7499836621138424,0.6899901972683055,11.0,3.0,0.0,0.05484861781483108,3.0,8.0
982,1.0,999.0,0.0,1.0,0.0,1.0,272.0,0.9498920752389762,0.9204033302497688,79.0,14.0,6.0,0.06521739130434778,39.0,40.0
983,1.0,999.0,0.0,1.0,0.0,1.0,21.0,0.9178743961352657,0.7558915693186792,4.0,3.0,2.0,0.0,3.0,1.0
984,0.8780487804878049,999.0,0.0,1.0,0.0,1.0,1073.0,0.835318585743997,0.8052727840994593,216.0,13.0,2.0,0.04083947816222344,137.0,79.0
985,0.7301587301587301,999.0,1.0,0.6721311475409836,0.0,0.0,0.0,0.4516028633675693,0.37605662311544663,1.0,1.0,0.0,0.3849206349206349,0.0,1.0
986,0.8085106382978723,999.0,0.0,1.0,0.0,1.0,6.0,0.7506382978723405,0.7144855428259683,11.0,3.0,1.0,0.0851063829787233,6.0,5.0
987,0.2808988764044944,999.0,1.0,0.2553191489361702,0.0,0.0,0.0,0.26262823644357597,0.24666424345344717,0.0,0.0,0.0,0.0,0.0,0.0
988,0.6923076923076923,999.0,0.0,1.0,0.0,1.0,1.0,0.6138632091013044,0.5700723114256949,7.0,0.0,0.0,0.0800627943485086,1.0,6.0
989,0.5737704918032787,999.0,1.0,0.49019607843137253,0.0,0.0,0.0,0.4882145025587648,0.4554677884645897,1.0,0.0,0.0,0.11345303148581837,0.0,1.0
990,0.30303030303030304,999.0,1.0,0.41818181818181815,0.0,0.0,0.0,0.283658502836585,0.2774475717460965,0.0,0.0,0.0,0.029057700290577027,0.0,0.0
991,0.8571428571428571,999.0,0.0,1.0,0.0,1.0,3.0,0.8218097031656354,0.7130858218993812,5.0,3.0,2.0,0.0266343825665859,3.0,2.0
992,0.5882352941176471,999.0,1.0,0.5,0.0,0.0,0.0,0.5882352941176471,0.5311981396332117,3.0,0.0,0.0,0.0,0.0,3.0
993,0.6304347826086957,999.0,1.0,0.8181818181818182,0.0,0.0,0.0,0.6142265601892931,0.597488793852416,6.0,0.0,0.0,0.01818988464951199,0.0,6.0
994,1.0,999.0,0.0,1.0,0.0,1.0,1.0,0.8933333333333332,0.776,7.0,3.0,2.0,0.07999999999999996,1.0,6.0
995,1.0,999.0,0.0,1.0,0.0,1.0,37.0,0.7405329593267882,0.6818197755960729,12.0,1.0,1.0,0.3870967741935484,5.0,7.0
996,0.8627450980392157,999.0,1.0,0.8409090909090909,0.0,0.0,0.0,0.5383112167425893,0.4637274707862943,1.0,1.0,1.0,0.4809269162210339,0.0,1.0
997,1.0,999.0,0.0,1.0,0.0,1.0,137.0,0.8494243851386708,0.7710361067503924,17.0,3.0,2.0,0.16326530612244894,5.0,12.0
998,0.7608695652173914,999.0,0.0,1.0,0.0,1.0,9.0,0.6739068763490595,0.6237299933640047,7.0,1.0,0.0,0.08001850138760414,3.0,4.0
999,0.8846153846153846,999.0,1.0,0.8846153846153846,0.0,0.0,0.0,0.6327096327096328,0.5524549112784407,3.0,1.0,1.0,0.3711018711018711,0.0,3.0
1000,0.7878787878787878,999.0,1.0,0.6363636363636364,0.0,0.0,0.0,0.719082719082719,0.5394128167237411,3.0,2.0,0.0,0.0851760851760851,0.0,3.0
1001,1.0,999.0,0.0,1.0,0.0,1.0,4.0,0.864406779661017,0.7906870785492983,10.0,3.0,1.0,0.2033898305084746,1.0,9.0
1002,1.0,999.0,0.0,1.0,0.0,1.0,150.0,0.8780487804878048,0.7895231458437033,16.0,3.0,3.0,0.1707317073170732,11.0,5.0
1003,0.4166666666666667,999.0,1.0,0.42,0.0,0.0,0.0,0.3426434676434677,0.323223163683876,0.0,0.0,0.0,0.10897435897435898,0.0,0.0
1004,0.7843137254901961,999.0,0.0,1.0,0.0,1.0,176.0,0.7337472083922388,0.6989184684512495,13.0,2.0,0.0,0.057040998217468775,11.0,2.0
1005,0.42857142857142855,999.0,1.0,0.40540540540540543,0.0,0.0,0.0,0.3913139329805997,0.37779231235752975,0.0,0.0,0.0,0.05357142857142855,0.0,0.0
1006,1.0,999.0,0.0,1.0,0.0,1.0,71.0,0.9459459459459459,0.8648648648648649,18.0,4.0,4.0,0.0,2.0,16.0
1007,0.7962962962962963,999.0,0.0,1.0,0.0,1.0,74.0,0.7832802636724204,0.7767554885201944,38.0,9.0,0.0,0.011982570806100212,26.0,12.0
1008,0.9285714285714286,999.0,1.0,0.9090909090909091,0.0,0.0,0.0,0.872679580306699,0.8347188592951305,320.0,23.0,2.0,0.0357142857142857,0.0,320.0
1009,0.75,999.0,1.0,0.673469387755102,0.0,0.0,0.0,0.7227477477477477,0.6643596043596043,5.0,2.0,0.0,0.006756756756756799,0.0,5.0
1010,0.5949367088607594,999.0,1.0,0.5777777777777777,0.0,0.0,0.0,0.5792793144762202,0.572067588685732,27.0,0.0,0.0,0.01993670886075949,0.0,27.0
1011,0.5652173913043478,999.0,1.0,0.484375,0.0,0.0,0.0,0.5625258799171843,0.5603726708074535,10.0,0.0,0.0,0.0,0.0,10.0
1012,1.0,999.0,0.0,1.0,0.0,1.0,6.0,0.6523809523809524,0.561281512605042,2.0,1.0,1.0,0.5,2.0,0.0
1013,0.5434782608695652,999.0,1.0,0.4883720930232558,0.0,0.0,0.0,0.48484848484848486,0.4676028578467603,1.0,0.0,0.0,0.08695652173913043,0.0,1.0
1014,0.8611111111111112,999.0,1.0,0.9166666666666666,0.0,0.0,0.0,0.6625004681121971,0.5704732538402912,3.0,1.0,1.0,0.2564599483204135,0.0,3.0
1015,1.0,999.0,0.0,1.0,0.0,1.0,974.0,0.8510520487264673,0.807297895902547,126.0,13.0,1.0,0.2142857142857143,44.0,82.0
1016,0.5405405405405406,999.0,1.0,0.5405405405405406,0.0,0.0,0.0,0.5182754182754182,0.4830281556831048,3.0,0.0,0.0,0.026254826254826336,0.0,3.0
1017,1.0,999.0,0.0,1.0,0.0,1.0,14.0,0.8212962962962963,0.7379769392033543,11.0,3.0,1.0,0.24444444444444446,5.0,6.0
1018,0.6585365853658537,999.0,1.0,0.6666666666666666,0.0,0.0,0.0,0.6388724644822207,0.6209443684378817,11.0,0.0,0.0,0.014092140921409202,0.0,11.0
1019,0.7425742574257426,999.0,1.0,0.8113207547169812,0.0,0.0,0.0,0.5756765367981399,0.5059302381883064,2.0,1.0,0.0,0.18822643133878603,0.0,2.0
1020,0.5111111111111111,999.0,1.0,0.3466666666666667,0.0,0.0,0.0,0.5038219769148214,0.4938637274088751,2.0,0.0,0.0,0.00549313358302117,0.0,2.0
1021,0.1864406779661017,999.0,1.0,0.16666666666666666,0.0,0.0,0.0,0.18644067796610173,0.18401494441406965,0.0,0.0,0.0,0.0,0.0,0.0
1022,0.6428571428571429,999.0,1.0,0.7317073170731707,0.0,0.0,0.0,0.6353383458646616,0.6273568536726433,54.0,0.0,0.0,0.011278195488721887,0.0,54.0
1023,1.0,999.0,0.0,1.0,0.0,1.0,4.0,0.9818181818181818,0.78,4.0,3.0,3.0,0.0,1.0,3.0
1024,1.0,999.0,0.0,1.0,0.0,1.0,12.0,0.7176245210727968,0.629036946926808,4.0,1.0,1.0,0.4137931034482759,1.0,3.0
1025,0.9183673469387755,999.0,0.0,1.0,0.0,1.0,6.0,0.866919094681898,0.8475324091900912,14.0,6.0,5.0,0.06931074316519059,6.0,8.0
1026,0.8289473684210527,999.0,1.0,0.7948717948717948,0.0,0.0,0.0,0.7986570206756749,0.7353224336499052,10.0,3.0,1.0,0.03407557354925783,0.0,10.0
1027,0.74,999.0,0.0,1.0,0.0,1.0,701.0,0.7135470085470086,0.694517094017094,40.0,2.0,0.0,0.03166666666666662,40.0,0.0
1028,1.0,999.0,0.0,1.0,0.0,1.0,8.0,0.6969696969696969,0.6081818181818182,4.0,1.0,1.0,0.4545454545454546,1.0,3.0
1029,0.6444444444444445,999.0,0.0,1.0,0.0,1.0,2.0,0.49572460612557084,0.4530471788494442,1.0,0.0,0.0,0.20358422939068105,1.0,0.0
1030,0.8775510204081632,999.0,1.0,0.8913043478260869,0.0,0.0,0.0,0.7550711193568337,0.7153942826938062,5.0,2.0,1.0,0.16846011131725414,0.0,5.0
1031,0.6944444444444444,999.0,0.0,1.0,0.0,1.0,15.0,0.6851851851851851,0.6682683691756272,21.0,0.0,0.0,0.0,5.0,16.0
1032,0.7065217391304348,999.0,1.0,0.6883116883116883,0.0,0.0,0.0,0.561357586512866,0.5136976687908364,2.0,1.0,0.0,0.18611357586512867,0.0,2.0
1033,1.0,999.0,0.0,1.0,0.0,1.0,13.0,0.8854166666666666,0.8299395161290322,19.0,7.0,3.0,0.171875,12.0,7.0
1034,0.4492753623188406,999.0,1.0,0.41304347826086957,0.0,0.0,0.0,0.3927376970855232,0.37170333650381304,0.0,0.0,0.0,0.07748049052396877,0.0,0.0
1035,1.0,999.0,0.0,1.0,0.0,1.0,5.0,0.8956639566395664,0.746052220137586,4.0,3.0,3.0,0.14634146341463417,1.0,3.0
1036,0.7272727272727273,999.0,0.0,1.0,0.0,1.0,3.0,0.674856674856675,0.6565479918421095,22.0,1.0,0.0,0.07862407862407861,2.0,20.0
1037,1.0,999.0,0.0,1.0,0.0,1.0,43.0,0.7960560456668396,0.7415792056313962,5.0,2.0,1.0,0.29268292682926833,4.0,1.0
1038,0.7169811320754716,999.0,1.0,0.7906976744186046,0.0,0.0,0.0,0.6897983083929734,0.6731382442950432,34.0,1.0,0.0,0.0369811320754716,0.0,34.0
1039,0.7555555555555555,999.0,1.0,0.8571428571428571,0.0,0.0,0.0,0.7555555555555555,0.7544444444444445,165.0,8.0,0.0,0.0,0.0,165.0
1040,0.40425531914893614,999.0,1.0,0.4107142857142857,0.0,0.0,0.0,0.38298810461931027,0.3699683013680774,0.0,0.0,0.0,0.011398176291793294,0.0,0.0
1041,0.631578947368421,999.0,1.0,0.7142857142857143,0.0,0.0,0.0,0.6058897243107769,0.5811528822055138,8.0,0.0,0.0,0.024436090225563922,0.0,8.0
1042,0.5,999.0,1.0,0.34615384615384615,0.0,0.0,0.0,0.3997385951597942,0.3741568825860726,1.0,0.0,0.0,0.1440677966101695,0.0,1.0
1043,0.7659574468085106,999.0,1.0,0.7,0.0,0.0,0.0,0.7245068240061983,0.6673707610703856,11.0,2.0,0.0,0.0012515644555695093,0.0,11.0
1044,0.3333333333333333,999.0,1.0,0.375,0.0,0.0,0.0,0.3095959595959596,0.29553201184780126,0.0,0.0,0.0,0.033333333333333326,0.0,0.0
1045,0.7758620689655172,999.0,0.0,1.0,0.0,1.0,4.0,0.7438423645320197,0.7096563495333268,6.0,3.0,0.0,0.03448275862068961,4.0,2.0
1046,0.8888888888888888,999.0,1.0,0.828125,0.0,0.0,0.0,0.8492975734355044,0.8176245210727968,82.0,5.0,2.0,0.0,0.0,82.0
1047,0.5172413793103449,999.0,1.0,0.4791666666666667,0.0,0.0,0.0,0.47491450353254744,0.4546629878338142,1.0,0.0,0.0,0.060719640179910106,0.0,1.0
1048,0.42857142857142855,999.0,1.0,0.4745762711864407,0.0,0.0,0.0,0.39551907719609575,0.3847624267098143,0.0,0.0,0.0,0.04813664596273287,0.0,0.0
1049,1.0,999.0,0.0,1.0,0.0,1.0,56.0,0.8095238095238096,0.7526984126984128,15.0,2.0,1.0,0.26190476190476186,13.0,2.0
1050,0.5037037037037037,999.0,1.0,0.6133333333333333,0.0,0.0,0.0,0.49753086419753084,0.49087283087283085,2.0,0.0,0.0,0.0037037037037036535,0.0,2.0
1051,0.9285714285714286,999.0,1.0,0.88,0.0,0.0,0.0,0.828042328042328,0.804188181296615,105.0,12.0,1.0,0.1507936507936508,0.0,105.0
1052,0.6041666666666666,999.0,1.0,0.525,0.0,0.0,0.0,0.563707729468599,0.5443470866607513,5.0,0.0,0.0,0.06068840579710144,0.0,5.0
1053,0.6181818181818182,999.0,1.0,0.5714285714285714,0.0,0.0,0.0,0.5982174688057041,0.583249139564345,30.0,0.0,0.0,0.029946524064171087,0.0,30.0
1054,1.0,999.0,1.0,1.0,0.0,0.0,0.0,0.9407407407407407,0.8452955082742315,19.0,5.0,3.0,0.0888888888888889,0.0,19.0
1055,1.0,999.0,0.0,1.0,0.0,1.0,1.0,0.9411764705882352,0.8489164086687305,8.0,5.0,3.0,0.08823529411764708,1.0,7.0
1056,0.5365853658536586,999.0,1.0,0.59375,0.0,0.0,0.0,0.49995955877226006,0.475975735263356,1.0,0.0,0.0,0.04601932811780951,0.0,1.0
1057,0.7884615384615384,999.0,0.0,1.0,0.0,1.0,6.0,0.7821763047826877,0.7693057828696126,17.0,5.0,0.0,0.0012274959083469206,5.0,12.0
1058,0.3673469387755102,999.0,1.0,0.4909090909090909,0.0,0.0,0.0,0.3568812140240712,0.34241444270015703,0.0,0.0,0.0,0.010204081632653073,0.0,0.0
1059,0.75,999.0,1.0,1.0,0.0,0.0,0.0,0.6645229345311011,0.6201887444743461,5.0,1.0,0.0,0.08870967741935487,0.0,5.0
1060,0.35294117647058826,999.0,1.0,0.48717948717948717,0.0,0.0,0.0,0.3422333472396051,0.3359522532417222,0.0,0.0,0.0,0.01251564455569465,0.0,0.0
1061,0.7209302325581395,999.0,1.0,0.9117647058823529,0.0,0.0,0.0,0.6791989664082686,0.6649796973052786,77.0,1.0,0.0,0.054263565891472854,0.0,77.0
1062,0.6666666666666666,999.0,1.0,0.6666666666666666,0.0,0.0,0.0,0.6222222222222222,0.6081481481481481,9.0,0.0,0.0,0.06666666666666665,0.0,9.0
1063,0.7894736842105263,999.0,0.0,1.0,0.0,1.0,1.0,0.7629142300194932,0.7401058953690534,93.0,4.0,0.0,0.02631578947368418,1.0,92.0
1064,0.875,999.0,0.0,1.0,0.0,1.0,158.0,0.8587848932676518,0.8450738916256156,113.0,6.0,5.0,0.012931034482758674,36.0,77.0
1065,1.0,999.0,0.0,1.0,0.0,1.0,7.0,1.0,0.9862068965517242,476.0,47.0,21.0,0.0,5.0,471.0
1066,0.9318181818181818,999.0,1.0,0.7678571428571429,0.0,0.0,0.0,0.8632757783787532,0.8037740478853378,7.0,4.0,3.0,0.09486166007905128,0.0,7.0
1067,0.5957446808510638,999.0,1.0,0.5714285714285714,0.0,0.0,0.0,0.5804157754512363,0.5762606697525345,45.0,0.0,0.0,0.02167060677698973,0.0,45.0
1068,0.896551724137931,999.0,1.0,1.0,0.0,0.0,0.0,0.7879867697311916,0.7466659357125888,23.0,4.0,1.0,0.13184584178498993,0.0,23.0
1069,0.9411764705882353,999.0,1.0,0.9411764705882353,0.0,0.0,0.0,0.7459893048128342,0.6828877005347593,11.0,2.0,1.0,0.23529411764705876,0.0,11.0
1070,0.6666666666666666,999.0,1.0,0.42105263157894735,0.0,0.0,0.0,0.6546897546897547,0.6432675733220197,20.0,0.0,0.0,0.012121212121212088,0.0,20.0
1071,0.574468085106383,999.0,1.0,0.6222222222222222,0.0,0.0,0.0,0.5311120032115616,0.5015243447840799,3.0,0.0,0.0,0.06503412284223209,0.0,3.0
1072,0.9736842105263158,999.0,0.0,1.0,0.0,1.0,11.0,0.8127347288913996,0.7663277060217085,14.0,4.0,1.0,0.2300944669365722,9.0,5.0
1073,1.0,999.0,1.0,1.0,0.0,0.0,0.0,0.9257334257334257,0.8807733887733887,28.0,15.0,5.0,0.09459459459459463,0.0,28.0
1074,1.0,999.0,1.0,1.0,0.0,0.0,0.0,1.0,0.9906976744186047,493.0,145.0,56.0,0.0,0.0,493.0
1075,0.8245614035087719,999.0,0.0,1.0,0.0,1.0,701.0,0.6328083466241361,0.5511329717753866,2.0,1.0,1.0,0.18819776714513559,2.0,0.0
1076,1.0,999.0,0.0,1.0,0.0,1.0,12.0,0.6220959595959596,0.5076661779081134,2.0,1.0,1.0,0.47916666666666663,2.0,0.0
1077,0.9152542372881356,999.0,1.0,0.8775510204081632,0.0,0.0,0.0,0.7718957125736786,0.7233592211796942,207.0,2.0,1.0,0.20313302516692344,0.0,207.0
1078,0.5,999.0,1.0,0.6071428571428571,0.0,0.0,0.0,0.4671717171717172,0.4324157063593684,1.0,0.0,0.0,0.015151515151515138,0.0,1.0
1079,1.0,999.0,0.0,1.0,0.0,1.0,17.0,0.9824561403508772,0.9008047084559495,18.0,7.0,3.0,0.02631578947368418,12.0,6.0
1080,0.23,999.0,1.0,0.2,0.0,0.0,0.0,0.2258666787647824,0.2240011489510203,0.0,0.0,0.0,0.005700934579439265,0.0,0.0
1081,0.3116883116883117,999.0,1.0,0.40384615384615385,0.0,0.0,0.0,0.30239323324429707,0.2933058586457652,0.0,0.0,0.0,0.01381597126277978,0.0,0.0
1082,0.40625,999.0,1.0,0.6153846153846154,0.0,0.0,0.0,0.39375,0.3843981481481481,0.0,0.0,0.0,0.006249999999999978,0.0,0.0
1083,0.5531914893617021,999.0,1.0,0.4864864864864865,0.0,0.0,0.0,0.5086395873629916,0.4800848264709323,2.0,0.0,0.0,0.05319148936170215,0.0,2.0
1084,0.5909090909090909,999.0,1.0,0.43902439024390244,0.0,0.0,0.0,0.5018019747083787,0.4743270864643715,1.0,0.0,0.0,0.1253918495297806,0.0,1.0
1085,0.5535714285714286,999.0,1.0,0.5135135135135135,0.0,0.0,0.0,0.5297619047619048,0.4892857142857143,2.0,0.0,0.0,0.0,0.0,2.0
1086,1.0,999.0,0.0,1.0,0.0,1.0,49.0,0.959349593495935,0.9089430894308943,80.0,11.0,6.0,0.0,14.0,66.0
1087,1.0,999.0,0.0,1.0,0.0,1.0,462.0,0.75,0.6781362007168459,5.0,1.0,1.0,0.375,5.0,0.0
1088,0.8367346938775511,999.0,0.0,1.0,0.0,1.0,1.0,0.7326930772308923,0.6543839353923386,5.0,2.0,1.0,0.12244897959183676,1.0,4.0
1089,0.88,999.0,1.0,0.9666666666666667,0.0,0.0,0.0,0.8342138364779874,0.8022826878517048,13.0,7.0,3.0,0.06867924528301883,0.0,13.0
1090,1.0,999.0,0.0,1.0,0.0,1.0,1098.0,0.8547712418300654,0.8118823529411765,127.0,11.0,1.0,0.21568627450980393,51.0,76.0
1091,0.7857142857142857,999.0,1.0,0.8536585365853658,0.0,0.0,0.0,0.76336379669713,0.7487091445288165,10.0,7.0,0.0,0.02207792207792203,0.0,10.0
1092,0.6111111111111112,999.0,1.0,0.5660377358490566,0.0,0.0,0.0,0.5704074486054463,0.5454702756148807,5.0,0.0,0.0,0.059386973180076685,0.0,5.0
1093,0.8113207547169812,999.0,1.0,0.8611111111111112,0.0,0.0,0.0,0.8063126019100862,0.8023060796645701,77.0,22.0,2.0,0.0,0.0,77.0
1094,0.5294117647058824,999.0,1.0,0.5689655172413793,0.0,0.0,0.0,0.4986304103951163,0.48805855511737867,1.0,0.0,0.0,0.035905271199388855,0.0,1.0
1095,0.5,999.0,1.0,0.5652173913043478,0.0,0.0,0.0,0.45861844248941025,0.43958547990806063,1.0,0.0,0.0,0.04838709677419356,0.0,1.0
1096,1.0,999.0,0.0,1.0,0.0,1.0,2.0,0.6929824561403509,0.6054720133667503,3.0,1.0,1.0,0.42105263157894735,1.0,2.0
1097,0.8152173913043478,999.0,1.0,0.76,0.0,0.0,0.0,0.6084057971014493,0.5468616600790513,2.0,1.0,1.0,0.29521739130434776,0.0,2.0
1098,0.6,999.0,1.0,0.5769230769230769,0.0,0.0,0.0,0.5555555555555555,0.5274509803921569,4.0,0.0,0.0,0.06666666666666665,0.0,4.0
1099,0.40816326530612246,999.0,1.0,0.40816326530612246,0.0,0.0,0.0,0.402827797785781,0.3862021731769631,0.0,0.0,0.0,0.0,0.0,0.0
1100,1.0,999.0,0.0,1.0,0.0,1.0,4.0,0.7992784992784993,0.7376550382520531,6.0,2.0,1.0,0.28787878787878785,1.0,5.0
1101,0.582089552238806,999.0,1.0,0.49206349206349204,0.0,0.0,0.0,0.582089552238806,0.582089552238806,74.0,0.0,0.0,0.0,0.0,74.0
1102,0.43333333333333335,999.0,1.0,0.6097560975609756,0.0,0.0,0.0,0.3963276836158192,0.37005467468562053,0.0,0.0,0.0,0.016666666666666663,0.0,0.0
1103,0.4696969696969697,999.0,1.0,0.7297297297297297,0.0,0.0,0.0,0.46237259472553593,0.45673562064389583,0.0,0.0,0.0,0.00815850815850816,0.0,0.0
1104,0.5303030303030303,999.0,1.0,0.5161290322580645,0.0,0.0,0.0,0.5289739500265815,0.5227937267410951,11.0,0.0,0.0,0.0,0.0,11.0
1105,0.25,999.0,1.0,0.24489795918367346,0.0,0.0,0.0,0.23622848200312987,0.22903867650346524,0.0,0.0,0.0,0.016666666666666663,0.0,0.0
1106,0.825,999.0,0.0,1.0,0.0,1.0,701.0,0.8149572649572648,0.7732949164656482,58.0,6.0,2.0,0.0,53.0,5.0
1107,1.0,999.0,0.0,1.0,0.0,1.0,81.0,0.8580246913580246,0.8204089889293463,28.0,6.0,1.0,0.20370370370370372,13.0,15.0
1108,0.5106382978723404,999.0,0.0,1.0,0.0,1.0,25.0,0.47347363552266414,0.45134551207541146,1.0,0.0,0.0,0.03563829787234041,1.0,0.0
1109,1.0,999.0,0.0,1.0,0.0,1.0,2.0,0.564167015779919,0.4710023108969231,1.0,1.0,1.0,0.6451612903225806,1.0,0.0
1110,0.4126984126984127,999.0,1.0,0.45098039215686275,0.0,0.0,0.0,0.38928256123349847,0.3736585952642721,0.0,0.0,0.0,0.03338806787082649,0.0,0.0
1111,0.5833333333333334,999.0,1.0,0.7,0.0,0.0,0.0,0.5508008008008008,0.5279163779163779,4.0,0.0,0.0,0.02777777777777779,0.0,4.0
1112,1.0,999.0,0.0,1.0,0.0,1.0,6.0,0.9214606283149736,0.8655613664181596,98.0,7.0,2.0,0.02631578947368418,1.0,97.0
1113,0.5666666666666667,999.0,1.0,0.6071428571428571,0.0,0.0,0.0,0.537689393939394,0.5103914141414141,3.0,0.0,0.0,0.03541666666666665,0.0,3.0
1114,0.6779661016949152,999.0,0.0,1.0,0.0,1.0,2.0,0.4895844797857509,0.39992729302624697,1.0,0.0,0.0,0.22484110169491522,1.0,0.0
1115,1.0,999.0,0.0,1.0,0.0,1.0,36.0,0.9411764705882352,0.8612576064908721,10.0,9.0,3.0,0.0,10.0,0.0
1116,0.6538461538461539,999.0,1.0,0.6538461538461539,0.0,0.0,0.0,0.5235042735042735,0.4886356710635148,1.0,0.0,0.0,0.19551282051282054,0.0,1.0
1117,0.5681818181818182,999.0,0.0,1.0,0.0,1.0,1.0,0.503030303030303,0.4549317349317349,1.0,0.0,0.0,0.07727272727272733,1.0,0.0
1118,0.4186046511627907,999.0,1.0,0.5714285714285714,0.0,0.0,0.0,0.4009220472820068,0.3918869954479288,0.0,0.0,0.0,0.02574750830564787,0.0,0.0
1119,0.8372093023255814,999.0,1.0,0.9230769230769231,0.0,0.0,0.0,0.7478170355597028,0.7198239582648256,99.0,2.0,1.0,0.12989222915484977,0.0,99.0
1120,0.631578947368421,999.0,1.0,0.68,0.0,0.0,0.0,0.5125651967757231,0.4708724513987672,1.0,0.0,0.0,0.15789473684210525,0.0,1.0
1121,0.6666666666666666,999.0,1.0,0.7073170731707317,0.0,0.0,0.0,0.6049382716049383,0.5665993265993265,6.0,0.0,0.0,0.03703703703703698,0.0,6.0
1122,1.0,999.0,0.0,1.0,0.0,1.0,10.0,0.9333333333333332,0.8798863636363636,11.0,7.0,4.0,0.09999999999999998,1.0,10.0
1123,0.7777777777777778,999.0,1.0,0.6666666666666666,0.0,0.0,0.0,0.6886377903327056,0.6590509905937905,28.0,1.0,0.0,0.1167608286252354,0.0,28.0
1124,0.7916666666666666,999.0,1.0,0.6486486486486487,0.0,0.0,0.0,0.7326998050682261,0.7054207488418014,52.0,2.0,0.0,0.06944444444444442,0.0,52.0
1125,0.8947368421052632,999.0,0.0,1.0,0.0,1.0,60.0,0.8036219581211093,0.7838125191349606,101.0,15.0,1.0,0.1366723259762309,60.0,41.0
1126,0.4634146341463415,999.0,1.0,0.3617021276595745,0.0,0.0,0.0,0.4495026006160683,0.43466319719828544,0.0,0.0,0.0,0.00689289501590673,0.0,0.0
1127,0.5671641791044776,999.0,1.0,0.4788732394366197,0.0,0.0,0.0,0.4709581149766668,0.4478470993833093,1.0,0.0,0.0,0.14250664485790226,0.0,1.0
1128,0.9302325581395349,999.0,1.0,0.8181818181818182,0.0,0.0,0.0,0.8268829464535421,0.7369460944027375,7.0,2.0,2.0,0.06066734074823055,0.0,7.0
1129,1.0,999.0,0.0,1.0,0.0,1.0,137.0,0.8494243851386708,0.7710361067503924,17.0,3.0,2.0,0.16326530612244894,5.0,12.0
1130,1.0,999.0,0.0,1.0,0.0,1.0,18.0,0.46281707453346743,0.35352977593486523,1.0,1.0,1.0,0.8026315789473684,1.0,0.0
1131,0.4878048780487805,999.0,1.0,0.4878048780487805,0.0,0.0,0.0,0.4729119363265705,0.45907577655832854,0.0,0.0,0.0,0.0013183915622939635,0.0,0.0
1132,1.0,999.0,1.0,1.0,0.0,0.0,0.0,0.8571428571428571,0.8008403361344538,36.0,4.0,1.0,0.2142857142857143,0.0,36.0
1133,1.0,999.0,0.0,1.0,0.0,1.0,53.0,0.734984984984985,0.655444772503596,15.0,1.0,1.0,0.3783783783783784,4.0,11.0
1134,0.7678571428571429,999.0,0.0,1.0,0.0,1.0,1.0,0.6245404296038881,0.587927720965796,21.0,1.0,0.0,0.21048009367681508,1.0,20.0
1135,1.0,999.0,0.0,1.0,0.0,1.0,4.0,0.8205128205128204,0.7377622377622377,11.0,2.0,1.0,0.20512820512820518,1.0,10.0
1136,0.3548387096774194,999.0,1.0,0.4897959183673469,0.0,0.0,0.0,0.3460118761033542,0.33890376745305734,0.0,0.0,0.0,0.0,0.0,0.0
1137,0.5192307692307693,999.0,0.0,1.0,0.0,1.0,60.0,0.506868131868132,0.4849419934903806,2.0,0.0,0.0,0.0,1.0,1.0
1138,0.971830985915493,999.0,1.0,0.9777777777777777,0.0,0.0,0.0,0.8831067211348902,0.8147594905035728,6.0,4.0,3.0,0.1276751417596489,0.0,6.0
1139,0.8,999.0,1.0,0.8,0.0,0.0,0.0,0.725925925925926,0.5986111111111112,3.0,2.0,1.0,0.022222222222222254,0.0,3.0
1140,1.0,999.0,0.0,1.0,0.0,1.0,1098.0,0.8715106732348111,0.8280915891260718,93.0,8.0,2.0,0.1785714285714286,40.0,53.0
1141,0.8288288288288288,999.0,1.0,0.7608695652173914,0.0,0.0,0.0,0.7841710131183816,0.7552483705828933,7.0,5.0,2.0,0.021811284969179723,0.0,7.0
1142,1.0,999.0,1.0,1.0,0.0,0.0,0.0,0.956989247311828,0.8843882205182443,135.0,8.0,3.0,0.0,0.0,135.0
1143,0.8,999.0,1.0,0.7307692307692307,0.0,0.0,0.0,0.7054852320675105,0.675797914308257,45.0,1.0,1.0,0.14177215189873427,0.0,45.0
1144,0.7619047619047619,999.0,1.0,0.75,0.0,0.0,0.0,0.5397344122834319,0.4831813067107184,1.0,1.0,0.0,0.330532212885154,0.0,1.0
1145,0.8431372549019608,999.0,1.0,0.6153846153846154,0.0,0.0,0.0,0.7424676630558983,0.6847629980809872,11.0,2.0,1.0,0.13159879336349922,0.0,11.0
1146,0.7910447761194029,999.0,0.0,1.0,0.0,1.0,1.0,0.44308868283929687,0.3659025274744149,1.0,1.0,0.0,0.512563763461175,1.0,0.0
1147,0.9,999.0,0.0,1.0,0.0,1.0,1.0,0.8970149253731344,0.8805006218905472,37.0,10.0,5.0,0.004477611940298498,1.0,36.0
1148,1.0,999.0,0.0,1.0,0.0,1.0,462.0,1.0,0.9283088235294118,9.0,7.0,4.0,0.0,9.0,0.0
1149,0.6851851851851852,999.0,1.0,0.5384615384615384,0.0,0.0,0.0,0.47442680776014107,0.4148864994026284,1.0,0.0,0.0,0.3042328042328043,0.0,1.0
1150,1.0,999.0,0.0,1.0,0.0,1.0,7.0,0.7373015873015873,0.6614786967418547,10.0,1.0,1.0,0.37142857142857144,1.0,9.0
1151,1.0,999.0,0.0,1.0,0.0,1.0,5.0,0.7777777777777777,0.659256541941795,4.0,1.0,1.0,0.33333333333333337,1.0,3.0
1152,0.6346153846153846,999.0,1.0,0.5,0.0,0.0,0.0,0.6266328011611031,0.5976190249589569,6.0,0.0,0.0,0.011973875181422344,0.0,6.0
1153,0.6410256410256411,999.0,0.0,1.0,0.0,1.0,1.0,0.6069953630929241,0.5919478953625295,21.0,0.0,0.0,0.04643104643104645,1.0,20.0
1154,0.7,999.0,1.0,0.5454545454545454,0.0,0.0,0.0,0.6777777777777777,0.661951219512195,9.0,1.0,0.0,0.033333333333333326,0.0,9.0
1155,1.0,999.0,0.0,1.0,0.0,1.0,12.0,0.8888888888888888,0.8322705314009662,24.0,7.0,2.0,0.1282051282051282,2.0,22.0
1156,1.0,999.0,0.0,1.0,0.0,1.0,24.0,0.8300000000000001,0.7842222222222223,105.0,5.0,1.0,0.25,4.0,101.0
1157,0.31746031746031744,999.0,1.0,0.3076923076923077,0.0,0.0,0.0,0.3085978835978836,0.3011587301587302,0.0,0.0,0.0,0.009126984126984095,0.0,0.0
1158,0.6153846153846154,999.0,1.0,0.5909090909090909,0.0,0.0,0.0,0.5582897548358075,0.5349738529014845,5.0,0.0,0.0,0.07152496626180838,0.0,5.0
1159,0.8297872340425532,999.0,0.0,1.0,0.0,1.0,7.0,0.8140107106672456,0.7864456420866219,12.0,5.0,2.0,0.013460703430308252,7.0,5.0
1160,0.4642857142857143,999.0,1.0,0.43636363636363634,0.0,0.0,0.0,0.45790998093757523,0.4419490536966448,0.0,0.0,0.0,0.006454388984509507,0.0,0.0
1161,1.0,999.0,0.0,1.0,0.0,1.0,1.0,0.7817460317460317,0.6929452008399377,7.0,2.0,1.0,0.23809523809523814,1.0,6.0
1162,0.6296296296296297,999.0,0.0,1.0,0.0,1.0,462.0,0.6074074074074074,0.5729961685823756,4.0,0.0,0.0,0.029629629629629672,3.0,1.0
1163,0.5901639344262295,999.0,1.0,0.5853658536585366,0.0,0.0,0.0,0.5278225019516003,0.4537470725995316,2.0,0.0,0.0,0.0187353629976581,0.0,2.0
1164,0.8292682926829268,999.0,1.0,0.86,0.0,0.0,0.0,0.7585473811837199,0.7023045084444512,6.0,3.0,1.0,0.1019955654101995,0.0,6.0
1165,1.0,999.0,0.0,1.0,0.0,1.0,3.0,0.9459459459459459,0.845005875440658,14.0,4.0,3.0,0.0,3.0,11.0
1166,0.9,999.0,1.0,0.9,0.0,0.0,0.0,0.7449388209121245,0.6985761957730812,6.0,1.0,1.0,0.21034482758620687,0.0,6.0
1167,0.7714285714285715,999.0,1.0,0.7714285714285715,0.0,0.0,0.0,0.7214285714285714,0.6552961672473867,8.0,2.0,0.0,0.02857142857142858,0.0,8.0
1168,0.85,999.0,0.0,1.0,0.0,1.0,670.0,0.8302631578947368,0.8244736842105264,196.0,14.0,5.0,0.025000000000000022,156.0,40.0
1169,0.5714285714285714,999.0,1.0,0.6153846153846154,0.0,0.0,0.0,0.5422670056816398,0.5099978845684041,2.0,0.0,0.0,0.0038610038610038533,0.0,2.0
1170,0.5362318840579711,999.0,1.0,0.5818181818181818,0.0,0.0,0.0,0.5232484658571616,0.5165806584616653,5.0,0.0,0.0,0.016231884057971047,0.0,5.0
1171,1.0,999.0,0.0,1.0,0.0,1.0,81.0,0.8341328216608037,0.7836877130466076,20.0,5.0,1.0,0.2264150943396226,13.0,7.0
1172,0.8837209302325582,999.0,0.0,1.0,0.0,1.0,670.0,0.7910275441200726,0.7352225870781041,55.0,3.0,1.0,0.1390400791687284,54.0,1.0
1173,0.9130434782608695,999.0,1.0,0.9130434782608695,0.0,0.0,0.0,0.609026188660056,0.5386299989103193,1.0,1.0,1.0,0.44637681159420284,0.0,1.0
1174,1.0,999.0,0.0,1.0,0.0,1.0,21.0,0.7847222222222222,0.6797144522144521,4.0,2.0,1.0,0.25,2.0,2.0
1175,1.0,999.0,0.0,1.0,0.0,1.0,3.0,0.7805555555555556,0.6710360360360361,5.0,2.0,2.0,0.19999999999999996,1.0,4.0
1176,0.9827586206896551,999.0,1.0,0.972972972972973,0.0,0.0,0.0,0.8275862068965517,0.7802818828680899,13.0,4.0,1.0,0.23275862068965514,0.0,13.0
1177,0.7215189873417721,999.0,1.0,0.7424242424242424,0.0,0.0,0.0,0.6838348800464922,0.6621527798797472,75.0,1.0,0.0,0.03859215807347938,0.0,75.0
1178,1.0,999.0,0.0,1.0,0.0,1.0,3.0,0.9818181818181818,0.78,4.0,3.0,3.0,0.0,1.0,3.0
1179,1.0,999.0,1.0,1.0,0.0,0.0,0.0,0.7819683908045977,0.706828093306288,12.0,1.0,1.0,0.31034482758620685,0.0,12.0
1180,0.6097560975609756,999.0,1.0,0.46808510638297873,0.0,0.0,0.0,0.586825099020221,0.5707907115860456,9.0,0.0,0.0,0.02001250781738584,0.0,9.0
1181,1.0,999.0,0.0,1.0,0.0,1.0,4.0,0.657889237199582,0.5801880877742948,1.0,1.0,1.0,0.509090909090909,1.0,0.0
1182,1.0,999.0,0.0,1.0,0.0,1.0,974.0,0.8207407407407407,0.7684444444444444,17.0,4.0,1.0,0.26,14.0,3.0
1183,0.6333333333333333,999.0,1.0,0.6521739130434783,0.0,0.0,0.0,0.5532679738562092,0.45991777356103736,2.0,0.0,0.0,0.033333333333333326,0.0,2.0
1184,0.5384615384615384,999.0,1.0,0.4716981132075472,0.0,0.0,0.0,0.5287856797290759,0.4750455485903097,3.0,0.0,0.0,0.0,0.0,3.0
1185,1.0,999.0,1.0,1.0,0.0,0.0,0.0,0.8783292978208234,0.7082292502467462,3.0,3.0,3.0,0.1785714285714286,0.0,3.0
1186,0.696969696969697,999.0,0.0,1.0,0.0,1.0,1.0,0.5936135549038775,0.5497165200391007,2.0,0.0,0.0,0.09696969696969704,1.0,1.0
1187,1.0,999.0,0.0,1.0,0.0,1.0,22.0,0.8761904761904762,0.8334883720930233,22.0,7.0,2.0,0.1428571428571429,16.0,6.0
1188,1.0,999.0,0.0,1.0,0.0,1.0,10.0,0.7333333333333334,0.6532258064516129,7.0,1.0,1.0,0.3666666666666667,3.0,4.0
1189,0.7407407407407407,999.0,1.0,0.6341463414634146,0.0,0.0,0.0,0.6512264631943154,0.6193649101746538,10.0,1.0,0.0,0.12102243088158582,0.0,10.0
1190,1.0,999.0,0.0,1.0,0.0,1.0,1098.0,0.8954203691045796,0.8658885850991114,23.0,14.0,7.0,0.1558441558441559,5.0,18.0
1191,1.0,999.0,0.0,1.0,0.0,1.0,26.0,0.8238615664845174,0.7730266173100653,18.0,4.0,1.0,0.23333333333333328,6.0,12.0
1192,1.0,999.0,1.0,1.0,0.0,0.0,0.0,0.836734693877551,0.7538926681783825,5.0,3.0,1.0,0.24489795918367352,0.0,5.0
1193,1.0,999.0,0.0,1.0,0.0,1.0,4.0,0.8608058608058607,0.7800494079563846,11.0,3.0,2.0,0.17948717948717952,2.0,9.0
1194,0.4305555555555556,999.0,0.0,1.0,0.0,1.0,22.0,0.4100710299340436,0.38929204587804633,0.0,0.0,0.0,0.005898021308980261,0.0,0.0
1195,0.41935483870967744,999.0,0.0,1.0,0.0,1.0,3.0,0.39089184060721066,0.3751080815226694,0.0,0.0,0.0,0.03700189753320687,0.0,0.0
1196,0.808695652173913,999.0,1.0,0.6710526315789473,0.0,0.0,0.0,0.670799785292539,0.633129221824874,35.0,1.0,1.0,0.1883252818035427,0.0,35.0
1197,1.0,999.0,0.0,1.0,0.0,1.0,14.0,0.9459459459459459,0.8648648648648649,18.0,4.0,4.0,0.0,2.0,16.0
1198,0.782608695652174,999.0,1.0,0.8055555555555556,0.0,0.0,0.0,0.7034505109429912,0.6561389340167751,27.0,1.0,0.0,0.08449548810500418,0.0,27.0
1199,0.42105263157894735,999.0,1.0,0.6538461538461539,0.0,0.0,0.0,0.41416040100250634,0.4031215635989199,0.0,0.0,0.0,0.00438596491228066,0.0,0.0
1200,1.0,999.0,0.0,1.0,0.0,1.0,701.0,0.7211111111111111,0.647733746130031,7.0,1.0,1.0,0.41666666666666663,7.0,0.0
1201,0.9818181818181818,999.0,1.0,0.8292682926829268,0.0,0.0,0.0,0.9588516746411483,0.9038824333561175,121.0,14.0,11.0,0.034449760765550286,0.0,121.0
1202,0.631578947368421,999.0,1.0,0.5686274509803921,0.0,0.0,0.0,0.585006648376618,0.5499012321337402,4.0,0.0,0.0,0.05530776092774303,0.0,4.0
1203,1.0,999.0,0.0,1.0,0.0,1.0,462.0,0.7777777777777777,0.7269489247311827,18.0,1.0,1.0,0.33333333333333337,5.0,13.0
1204,0.7333333333333333,999.0,1.0,0.5428571428571428,0.0,0.0,0.0,0.7166666666666667,0.6968253968253968,69.0,2.0,0.0,0.0,0.0,69.0
1205,0.5714285714285714,999.0,1.0,0.5666666666666667,0.0,0.0,0.0,0.5307195708956854,0.47465022993236927,2.0,0.0,0.0,0.01446654611211573,0.0,2.0
1206,0.8461538461538461,999.0,1.0,0.6875,0.0,0.0,0.0,0.8390133073677378,0.7951295961422544,137.0,9.0,3.0,0.01071080817916259,0.0,137.0
1207,0.6842105263157895,999.0,0.0,1.0,0.0,1.0,1.0,0.6181269936204147,0.5396674049634576,3.0,0.0,0.0,0.02966507177033495,1.0,2.0
1208,0.75,999.0,1.0,0.717948717948718,0.0,0.0,0.0,0.6711358962189528,0.6358890849011829,5.0,1.0,0.0,0.09883720930232553,0.0,5.0
1209,0.8412698412698413,999.0,1.0,0.5416666666666666,0.0,0.0,0.0,0.5053730796200676,0.4357996053477981,1.0,1.0,1.0,0.5037698412698413,0.0,1.0
1210,0.6507936507936508,999.0,1.0,0.4897959183673469,0.0,0.0,0.0,0.5816035816035816,0.5517790503705997,11.0,0.0,0.0,0.09523809523809523,0.0,11.0
1211,1.0,999.0,0.0,1.0,0.0,1.0,40.0,0.9375,0.8849598930481284,12.0,5.0,4.0,0.09375,6.0,6.0
1212,0.8,999.0,1.0,0.8064516129032258,0.0,0.0,0.0,0.7974842767295597,0.7560767729342877,86.0,4.0,2.0,0.0,0.0,86.0
1213,1.0,999.0,0.0,1.0,0.0,1.0,1098.0,0.8568600046587468,0.8049890186682639,97.0,6.0,2.0,0.18867924528301883,47.0,50.0
1214,1.0,999.0,0.0,1.0,0.0,1.0,2.0,0.7955874534821903,0.6254585326953748,2.0,2.0,2.0,0.06060606060606055,1.0,1.0
1215,1.0,999.0,0.0,1.0,0.0,1.0,11.0,0.8288582486695694,0.7089220920588846,4.0,2.0,1.0,0.21153846153846156,2.0,2.0
1216,1.0,999.0,0.0,1.0,0.0,1.0,65.0,0.830952380952381,0.770952380952381,11.0,4.0,1.0,0.25,4.0,7.0
1217,0.7971014492753623,999.0,1.0,0.6739130434782609,0.0,0.0,0.0,0.766907726552552,0.7546458900314732,197.0,8.0,0.0,0.03995859213250519,0.0,197.0
1218,0.5740740740740741,999.0,0.0,1.0,0.0,1.0,1.0,0.41184413580246915,0.3692510036260036,1.0,0.0,0.0,0.24074074074074076,1.0,0.0
1219,1.0,999.0,0.0,1.0,0.0,1.0,12.0,0.4772321428571429,0.3672916666666667,1.0,1.0,1.0,0.7714285714285715,1.0,0.0
1220,1.0,999.0,0.0,1.0,0.0,1.0,1.0,0.9037846187796535,0.8720953326713008,6.0,5.0,5.0,0.1132075471698113,1.0,5.0
1221,0.7258064516129032,999.0,0.0,1.0,0.0,1.0,701.0,0.6311089811387273,0.6011117947361997,6.0,1.0,0.0,0.13205645161290325,6.0,0.0
1222,1.0,999.0,0.0,1.0,0.0,1.0,1073.0,0.8656215005599105,0.8002239641657335,117.0,5.0,2.0,0.10526315789473684,72.0,45.0
1223,0.7804878048780488,999.0,0.0,1.0,0.0,1.0,9.0,0.6422764227642276,0.5755458863917609,3.0,1.0,0.0,0.19512195121951226,1.0,2.0
1224,0.8082191780821918,999.0,1.0,0.7045454545454546,0.0,0.0,0.0,0.8045785511538935,0.7768011847463901,145.0,7.0,2.0,0.0,0.0,145.0
1225,0.43902439024390244,999.0,1.0,0.4444444444444444,0.0,0.0,0.0,0.40739588518334163,0.3872708644433383,0.0,0.0,0.0,0.030861124937779982,0.0,0.0
1226,0.8285714285714286,999.0,0.0,1.0,0.0,1.0,646.0,0.7427794427794429,0.7078898878898878,17.0,2.0,1.0,0.11062271062271067,16.0,1.0
1227,0.9178082191780822,999.0,0.0,1.0,0.0,1.0,3.0,0.8645966514459665,0.8334554884919069,241.0,10.0,4.0,0.06849315068493156,3.0,238.0
1228,0.5121951219512195,999.0,1.0,0.5526315789473685,0.0,0.0,0.0,0.485546522131888,0.45949328795613537,2.0,0.0,0.0,0.012195121951219523,0.0,2.0
1229,0.6461538461538462,999.0,1.0,0.6451612903225806,0.0,0.0,0.0,0.6156023468944474,0.5983187901762422,17.0,0.0,0.0,0.02296544035674475,0.0,17.0
1230,1.0,999.0,0.0,1.0,0.0,1.0,36.0,0.7490624665166613,0.6668662978565024,5.0,1.0,1.0,0.360655737704918,4.0,1.0
1231,0.6410256410256411,999.0,0.0,1.0,0.0,1.0,13.0,0.5776723276723277,0.5509512226903531,6.0,0.0,0.0,0.07284382284382285,6.0,0.0
1232,1.0,999.0,0.0,1.0,0.0,1.0,3.0,0.9897435897435898,0.9692307692307693,177.0,11.0,10.0,0.01538461538461533,3.0,174.0
1233,0.9230769230769231,999.0,1.0,0.9285714285714286,0.0,0.0,0.0,0.8275058275058275,0.7453923853923854,10.0,2.0,2.0,0.0,0.0,10.0
1234,0.3614457831325301,999.0,1.0,0.5087719298245614,0.0,0.0,0.0,0.34865907790339795,0.335460173006765,0.0,0.0,0.0,0.006182625237793282,0.0,0.0
1235,0.6144578313253012,999.0,1.0,0.5128205128205128,0.0,0.0,0.0,0.5867439368108712,0.5641838007299855,6.0,0.0,0.0,0.011893728761198652,0.0,6.0
1236,0.75,999.0,1.0,0.7297297297297297,0.0,0.0,0.0,0.583806146572104,0.5354688731284475,2.0,1.0,0.0,0.21666666666666667,0.0,2.0
1237,0.75,999.0,1.0,0.75,0.0,0.0,0.0,0.6875,0.6430361305361305,10.0,2.0,0.0,0.046875,0.0,10.0
1238,0.4074074074074074,999.0,1.0,0.4067796610169492,0.0,0.0,0.0,0.3975781203851379,0.37860552325747576,0.0,0.0,0.0,0.003898635477582846,0.0,0.0
1239,1.0,999.0,0.0,1.0,0.0,1.0,24.0,0.8109161793372319,0.764327485380117,21.0,3.0,1.0,0.2777777777777778,4.0,17.0
1240,0.8059701492537313,999.0,1.0,0.5576923076923077,0.0,0.0,0.0,0.7656858310940841,0.6427284116285358,4.0,2.0,1.0,0.011852502194907855,0.0,4.0
1241,1.0,999.0,0.0,1.0,0.0,1.0,5.0,0.7269426289034132,0.6584926213672052,6.0,1.0,1.0,0.40740740740740744,1.0,5.0
1242,0.42857142857142855,999.0,1.0,0.5,0.0,0.0,0.0,0.3474620617477761,0.33071867599712645,0.0,0.0,0.0,0.12087912087912084,0.0,0.0
1243,0.8860759493670886,999.0,0.0,1.0,0.0,1.0,196.0,0.8661249153513569,0.8416987587346236,118.0,22.0,4.0,0.021878418502891073,103.0,15.0
1244,0.8333333333333334,999.0,1.0,0.975609756097561,0.0,0.0,0.0,0.7049991439821949,0.6617091638086717,12.0,1.0,1.0,0.17878787878787883,0.0,12.0
1245,0.7241379310344828,999.0,0.0,1.0,0.0,1.0,14.0,0.6994252873563219,0.6463506991093199,8.0,2.0,0.0,0.0,8.0,0.0
1246,0.40625,999.0,1.0,0.43333333333333335,0.0,0.0,0.0,0.39276960784313725,0.38125,0.0,0.0,0.0,0.009191176470588258,0.0,0.0
1247,0.9491525423728814,999.0,1.0,0.9393939393939394,0.0,0.0,0.0,0.9169213670464017,0.8468194868945076,119.0,9.0,3.0,0.0,0.0,119.0
1248,1.0,999.0,0.0,1.0,0.0,1.0,2.0,0.7761994949494949,0.6372061834561834,2.0,2.0,2.0,0.15625,1.0,1.0
1249,0.8148148148148148,999.0,0.0,1.0,0.0,1.0,1.0,0.5550143751056993,0.4707822335687354,1.0,1.0,1.0,0.3481481481481481,1.0,0.0
1250,0.75,999.0,0.0,1.0,0.0,1.0,7.0,0.7261904761904763,0.6408051948051948,4.0,3.0,0.0,0.0357142857142857,0.0,4.0
1251,0.6020408163265306,999.0,1.0,0.4189189189189189,0.0,0.0,0.0,0.5397380716941118,0.5009836267610245,2.0,0.0,0.0,0.07991692252122085,0.0,2.0
1252,0.6909090909090909,999.0,1.0,0.4411764705882353,0.0,0.0,0.0,0.6092547092547093,0.543931203931204,2.0,0.0,0.0,0.0,0.0,2.0
1253,0.46774193548387094,999.0,1.0,0.6666666666666666,0.0,0.0,0.0,0.45109657367721884,0.4405215704079857,0.0,0.0,0.0,0.021588089330024762,0.0,0.0
1254,0.7608695652173914,999.0,0.0,1.0,0.0,1.0,46.0,0.6719238420005684,0.6049724870185228,5.0,1.0,0.0,0.09420289855072472,4.0,1.0
1255,0.6415094339622641,999.0,1.0,0.5964912280701754,0.0,0.0,0.0,0.6083016125742745,0.5854790016205804,8.0,0.0,0.0,0.017747057724640358,0.0,8.0
1256,0.5428571428571428,999.0,1.0,0.6071428571428571,0.0,0.0,0.0,0.5193362193362193,0.5007830181514392,3.0,0.0,0.0,0.027705627705627678,0.0,3.0
1257,0.6507936507936508,999.0,1.0,0.5818181818181818,0.0,0.0,0.0,0.6221108326371484,0.5972415441455688,15.0,0.0,0.0,0.031746031746031744,0.0,15.0
1258,0.8064516129032258,999.0,0.0,1.0,0.0,1.0,3.0,0.7421586776425486,0.687095563091768,31.0,2.0,1.0,0.03722084367245648,3.0,28.0
1259,0.7681159420289855,999.0,0.0,1.0,0.0,1.0,670.0,0.7597016510059987,0.7513270634780932,289.0,5.0,0.0,0.01097308488612836,237.0,52.0
1260,0.48717948717948717,999.0,1.0,0.5,0.0,0.0,0.0,0.4575320512820513,0.43346659919028346,0.0,0.0,0.0,0.01842948717948717,0.0,0.0
1261,0.6666666666666666,999.0,1.0,0.6666666666666666,0.0,0.0,0.0,0.644619302847151,0.6284865775657885,43.0,0.0,0.0,0.021097046413502074,0.0,43.0
1262,0.4084507042253521,999.0,1.0,0.47058823529411764,0.0,0.0,0.0,0.4008718980549966,0.3872919872174222,0.0,0.0,0.0,0.0,0.0,0.0
1263,0.6470588235294118,999.0,0.0,1.0,0.0,1.0,2.0,0.4905580693815988,0.4415046529497141,1.0,0.0,0.0,0.2070588235294118,1.0,0.0
1264,0.7894736842105263,999.0,1.0,0.7222222222222222,0.0,0.0,0.0,0.7282372598162072,0.6878725884478639,21.0,2.0,0.0,0.05137844611528819,0.0,21.0
1265,0.3448275862068966,999.0,1.0,0.71875,0.0,0.0,0.0,0.3441707717569787,0.3426158233780739,0.0,0.0,0.0,0.0,0.0,0.0
1266,0.7962962962962963,999.0,0.0,1.0,0.0,1.0,21.0,0.6917761847869374,0.6544010283324799,18.0,1.0,0.0,0.14629629629629626,0.0,18.0
1267,0.7,999.0,0.0,1.0,0.0,1.0,8.0,0.5226203807390818,0.47983239104507514,1.0,1.0,0.0,0.2531914893617021,1.0,0.0
1268,0.7285714285714285,999.0,0.0,1.0,0.0,1.0,8.0,0.7217303822937625,0.7112990989414749,17.0,3.0,0.0,0.010261569416498917,8.0,9.0
1269,1.0,999.0,1.0,1.0,0.0,0.0,0.0,0.9346405228758169,0.8726487205051512,17.0,6.0,3.0,0.0,0.0,17.0
1270,0.6285714285714286,999.0,1.0,0.7837837837837838,0.0,0.0,0.0,0.5945003353454058,0.5826786087645985,16.0,0.0,0.0,0.051106639839034185,0.0,16.0
1271,1.0,999.0,0.0,1.0,0.0,1.0,1073.0,0.9753086419753086,0.9407407407407409,22.0,8.0,7.0,0.0,19.0,3.0
1272,0.5806451612903226,999.0,1.0,0.47058823529411764,0.0,0.0,0.0,0.49445336447233984,0.4662874032987885,1.0,0.0,0.0,0.11910669975186106,0.0,1.0
1273,1.0,999.0,0.0,1.0,0.0,1.0,220.0,0.8721221221221223,0.7991462891462893,10.0,4.0,3.0,0.18918918918918914,9.0,1.0
1274,0.6538461538461539,999.0,1.0,0.6779661016949152,0.0,0.0,0.0,0.6508507069254733,0.6484543493889289,27.0,0.0,0.0,0.0,0.0,27.0
1275,0.6829268292682927,999.0,1.0,0.5813953488372093,0.0,0.0,0.0,0.6668514412416852,0.6430835644416744,8.0,0.0,0.0,0.023835920177383674,0.0,8.0
1276,0.8166666666666667,999.0,1.0,0.8823529411764706,0.0,0.0,0.0,0.7813161375661375,0.7229420797999564,44.0,3.0,1.0,0.03541666666666665,0.0,44.0
1277,1.0,999.0,0.0,1.0,0.0,1.0,61.0,0.7777777777777777,0.7269489247311827,30.0,1.0,1.0,0.33333333333333337,6.0,24.0
1278,0.45454545454545453,999.0,1.0,1.0,0.0,0.0,0.0,0.4335934647681636,0.41559725533148634,0.0,0.0,0.0,0.020810514786418377,0.0,0.0
1279,0.42857142857142855,999.0,1.0,0.42857142857142855,0.0,0.0,0.0,0.4161490683229814,0.3979503105590062,0.0,0.0,0.0,0.0,0.0,0.0
1280,0.5441176470588235,999.0,1.0,0.6779661016949152,0.0,0.0,0.0,0.517187438355624,0.4954533080837969,2.0,0.0,0.0,0.015546218487394903,0.0,2.0
1281,1.0,999.0,0.0,1.0,0.0,1.0,14.0,0.8739316239316239,0.8167522953237238,24.0,6.0,2.0,0.16666666666666663,4.0,20.0
1282,0.7924528301886793,999.0,0.0,1.0,0.0,1.0,201.0,0.7641509433962265,0.7576431084106172,315.0,14.0,0.0,0.04245283018867929,188.0,127.0
1283,0.6,999.0,1.0,0.6,0.0,0.0,0.0,0.5809523809523809,0.5640303657694962,6.0,0.0,0.0,0.02857142857142858,0.0,6.0
1284,1.0,999.0,0.0,1.0,0.0,1.0,44.0,0.839957264957265,0.7904377736085053,12.0,6.0,1.0,0.20512820512820518,12.0,0.0
1285,0.5263157894736842,999.0,1.0,0.58,0.0,0.0,0.0,0.5114160334734245,0.4989627153221499,2.0,0.0,0.0,0.01018675721561968,0.0,2.0
1286,1.0,999.0,0.0,1.0,0.0,1.0,19.0,0.8915056360708534,0.8544419541010557,26.0,6.0,4.0,0.14492753623188404,7.0,19.0
1287,1.0,999.0,0.0,1.0,0.0,1.0,5.0,0.8137445887445888,0.7525256147753749,16.0,3.0,1.0,0.2678571428571429,2.0,14.0
1288,0.5714285714285714,999.0,1.0,0.6097560975609756,0.0,0.0,0.0,0.5487460790340631,0.5241599281221923,3.0,0.0,0.0,0.005390835579514808,0.0,3.0
1289,1.0,999.0,0.0,1.0,0.0,1.0,11.0,0.6805582352562866,0.6110746671811691,6.0,1.0,1.0,0.47887323943661975,1.0,5.0
1290,0.7547169811320755,999.0,0.0,1.0,0.0,1.0,28.0,0.7370627827430211,0.7112852886934318,17.0,3.0,0.0,0.0,8.0,9.0
1291,0.38095238095238093,999.0,1.0,0.5,0.0,0.0,0.0,0.37142857142857144,0.3635334713595583,0.0,0.0,0.0,0.01428571428571429,0.0,0.0
1292,1.0,999.0,0.0,1.0,0.0,1.0,2.0,0.6940902651285165,0.6118387744617253,4.0,1.0,1.0,0.42592592592592593,1.0,3.0
1293,0.5,999.0,1.0,0.5,0.0,0.0,0.0,0.4595238095238095,0.4193040293040293,1.0,0.0,0.0,0.04999999999999999,0.0,1.0
1294,0.6666666666666666,999.0,1.0,0.55,0.0,0.0,0.0,0.5556546734066806,0.46672613737734175,2.0,0.0,0.0,0.1578947368421052,0.0,2.0
1295,0.725,999.0,1.0,0.96875,0.0,0.0,0.0,0.6994676732481611,0.6816204791616023,156.0,1.0,0.0,0.03452380952380951,0.0,156.0
1296,1.0,999.0,0.0,1.0,0.0,1.0,96.0,0.7777777777777777,0.6919324577861163,9.0,1.0,1.0,0.33333333333333337,6.0,3.0
1297,1.0,999.0,0.0,1.0,0.0,1.0,45.0,0.8399715504978662,0.7953342816500711,24.0,6.0,1.0,0.23684210526315785,9.0,15.0
1298,0.5652173913043478,999.0,1.0,0.484375,0.0,0.0,0.0,0.5625258799171843,0.5603726708074535,10.0,0.0,0.0,0.0,0.0,10.0
1299,0.7346938775510204,999.0,1.0,0.631578947368421,0.0,0.0,0.0,0.6329292151394578,0.5497575290836746,2.0,1.0,0.0,0.05544859453215256,0.0,2.0
1300,1.0,999.0,0.0,1.0,0.0,1.0,14.0,0.8421296296296297,0.7713888888888889,12.0,4.0,1.0,0.22916666666666663,5.0,7.0
1301,0.9166666666666666,999.0,1.0,0.9166666666666666,0.0,0.0,0.0,0.7852303523035231,0.7284109386548411,30.0,2.0,1.0,0.16056910569105687,0.0,30.0
1302,0.7068965517241379,999.0,0.0,1.0,0.0,1.0,2.0,0.5727728210486831,0.45488164134715864,2.0,1.0,0.0,0.015987460815046983,2.0,0.0
1303,1.0,999.0,0.0,1.0,0.0,1.0,974.0,0.8096618357487922,0.7451207729468599,45.0,2.0,1.0,0.2666666666666667,24.0,21.0
1304,1.0,999.0,0.0,1.0,0.0,1.0,10.0,0.8228414172686618,0.7395580852721828,35.0,2.0,1.0,0.21568627450980393,4.0,31.0
1305,1.0,999.0,0.0,1.0,0.0,1.0,18.0,0.8397435897435898,0.7438461538461538,8.0,3.0,1.0,0.23076923076923073,3.0,5.0
1306,1.0,999.0,0.0,1.0,0.0,1.0,38.0,0.73989898989899,0.674891774891775,5.0,1.0,1.0,0.36363636363636365,4.0,1.0
1307,0.859375,999.0,0.0,1.0,0.0,1.0,10.0,0.8528233408748115,0.8376378148848518,10.0,10.0,5.0,0.006433823529411797,10.0,0.0
1308,0.8333333333333334,999.0,0.0,1.0,0.0,1.0,670.0,0.7998767813136184,0.7850108145508828,299.0,12.0,1.0,0.04644808743169404,237.0,62.0
1309,1.0,999.0,0.0,1.0,0.0,1.0,108.0,1.0,1.0,27.0,16.0,8.0,0.0,27.0,0.0
1310,0.5211267605633803,999.0,1.0,0.5,0.0,0.0,0.0,0.4981720387685591,0.4875853938037711,1.0,0.0,0.0,0.03303152246814217,0.0,1.0
1311,0.574468085106383,999.0,0.0,1.0,0.0,1.0,9.0,0.5292131036811888,0.49063424518743676,2.0,0.0,0.0,0.050658561296859195,2.0,0.0
1312,1.0,999.0,0.0,1.0,0.0,1.0,5.0,0.7386121753937847,0.6665439286128941,7.0,1.0,1.0,0.37037037037037035,1.0,6.0
1313,1.0,999.0,0.0,1.0,0.0,1.0,10.0,0.757716049382716,0.6211255312689739,3.0,1.0,1.0,0.35185185185185186,1.0,2.0
1314,0.559322033898305,999.0,1.0,0.5254237288135594,0.0,0.0,0.0,0.46632055784598153,0.41312566804092227,1.0,0.0,0.0,0.08634906092533207,0.0,1.0
1315,0.7115384615384616,999.0,1.0,0.5,0.0,0.0,0.0,0.6325588253554355,0.5748229936259597,3.0,1.0,0.0,0.050824175824175866,0.0,3.0
1316,0.575,999.0,0.0,1.0,0.0,1.0,16.0,0.5207264957264958,0.4980769230769231,2.0,0.0,0.0,0.07499999999999996,1.0,1.0
1317,0.8085106382978723,999.0,1.0,0.8421052631578947,0.0,0.0,0.0,0.761221972600326,0.7375302850094709,10.0,4.0,1.0,0.047641073080480933,0.0,10.0
1318,0.7804878048780488,999.0,1.0,0.391304347826087,0.0,0.0,0.0,0.7120144534778682,0.6938753387533876,21.0,1.0,0.0,0.102710027100271,0.0,21.0
1319,1.0,999.0,0.0,1.0,0.0,1.0,17.0,0.864406779661017,0.8293936690725273,14.0,7.0,1.0,0.2033898305084746,3.0,11.0
1320,1.0,999.0,1.0,1.0,0.0,0.0,0.0,0.8329065300896287,0.7587742210840802,8.0,2.0,2.0,0.18309859154929575,0.0,8.0
1321,0.8222222222222222,999.0,0.0,1.0,0.0,1.0,272.0,0.750534652633348,0.727950913396177,215.0,2.0,1.0,0.09051490514905147,89.0,126.0
1322,0.9696969696969697,999.0,1.0,0.9696969696969697,0.0,0.0,0.0,0.8110372012811037,0.7379136120599534,9.0,3.0,1.0,0.237989652623799,0.0,9.0
1323,1.0,999.0,0.0,1.0,0.0,1.0,59.0,0.8101055806938161,0.7527300150829562,29.0,2.0,1.0,0.24615384615384617,16.0,13.0
1324,0.2982456140350877,999.0,1.0,0.2982456140350877,0.0,0.0,0.0,0.28337793636633957,0.2778354785268255,0.0,0.0,0.0,0.017543859649122806,0.0,0.0
1325,0.9,999.0,1.0,0.8260869565217391,0.0,0.0,0.0,0.7618916437098254,0.6848065272832631,6.0,2.0,1.0,0.18099173553719006,0.0,6.0
1326,0.7272727272727273,999.0,0.0,1.0,0.0,1.0,1.0,0.6707616707616708,0.6507240114428818,17.0,1.0,0.0,0.07862407862407861,1.0,16.0
1327,1.0,999.0,0.0,1.0,0.0,1.0,2.0,0.7726986128625474,0.7000435620366596,10.0,2.0,1.0,0.28846153846153844,1.0,9.0
1328,0.7959183673469388,999.0,0.0,1.0,0.0,1.0,158.0,0.7851931280986971,0.7796126088853621,208.0,20.0,0.0,0.015918367346938744,36.0,172.0
1329,0.8783783783783784,999.0,0.0,1.0,0.0,1.0,44.0,0.834452046780814,0.761038919448838,6.0,3.0,2.0,0.034222534222534295,6.0,0.0
1330,0.576271186440678,999.0,1.0,0.6216216216216216,0.0,0.0,0.0,0.49848137292383504,0.4541308405610237,2.0,0.0,0.0,0.049955396966993804,0.0,2.0
1331,1.0,999.0,0.0,1.0,0.0,1.0,974.0,0.7391304347826088,0.6783718778908419,8.0,1.0,1.0,0.3913043478260869,8.0,0.0
1332,1.0,999.0,0.0,1.0,0.0,1.0,6.0,0.6886699507389163,0.6097536945812808,4.0,1.0,1.0,0.4482758620689655,2.0,2.0
1333,0.8860759493670886,999.0,0.0,1.0,0.0,1.0,43.0,0.6905606699910498,0.6321434195384895,12.0,1.0,1.0,0.28380322209436126,1.0,11.0
1334,0.7704918032786885,999.0,1.0,0.875,0.0,0.0,0.0,0.6949258391881342,0.6428762494336265,5.0,2.0,0.0,0.07049180327868854,0.0,5.0
1335,0.6486486486486487,999.0,1.0,0.6052631578947368,0.0,0.0,0.0,0.6230988073093336,0.6060937166200324,8.0,0.0,0.0,0.033264033264033266,0.0,8.0
1336,0.7924528301886793,999.0,0.0,1.0,0.0,1.0,201.0,0.7641509433962265,0.7549191374663073,309.0,13.0,0.0,0.04245283018867929,186.0,123.0
1337,0.7638888888888888,999.0,1.0,0.6727272727272727,0.0,0.0,0.0,0.7478728728728729,0.7015972869421145,30.0,3.0,0.0,0.01388888888888884,0.0,30.0
1338,0.7391304347826086,999.0,1.0,0.65625,0.0,0.0,0.0,0.6739239814055237,0.6435851580740835,15.0,1.0,0.0,0.07913043478260862,0.0,15.0
1339,1.0,999.0,0.0,1.0,0.0,1.0,5.0,0.7269426289034132,0.6584926213672052,6.0,1.0,1.0,0.40740740740740744,1.0,5.0
1340,1.0,999.0,0.0,1.0,0.0,1.0,8.0,0.9888888888888889,0.9673118279569893,7.0,5.0,5.0,0.0,1.0,6.0
1341,0.7636363636363637,999.0,0.0,1.0,0.0,1.0,12.0,0.7498284734133791,0.7442367066895369,76.0,11.0,0.0,0.013636363636363669,12.0,64.0
1342,0.8235294117647058,999.0,0.0,1.0,0.0,1.0,196.0,0.8129713423831072,0.810105580693816,401.0,55.0,6.0,0.015837104072398134,28.0,373.0
1343,0.7777777777777778,999.0,1.0,0.5714285714285714,0.0,0.0,0.0,0.5859259259259259,0.49914228255404725,2.0,1.0,0.0,0.1777777777777778,0.0,2.0
1344,1.0,999.0,0.0,1.0,0.0,1.0,18.0,0.8679738562091504,0.8133769063180829,10.0,4.0,3.0,0.196078431372549,10.0,0.0
1345,0.922077922077922,999.0,1.0,0.9076923076923077,0.0,0.0,0.0,0.8965013608051583,0.8621592740748859,30.0,13.0,4.0,0.015411255411255431,0.0,30.0
1346,0.5846153846153846,999.0,1.0,0.42857142857142855,0.0,0.0,0.0,0.5120314270862626,0.4199953329626605,2.0,0.0,0.0,0.02529335071707961,0.0,2.0
1347,1.0,999.0,0.0,1.0,0.0,1.0,33.0,1.0,0.976923076923077,681.0,81.0,21.0,0.0,22.0,659.0
1348,1.0,999.0,0.0,1.0,0.0,1.0,26.0,0.8096757044125464,0.7616674916130451,14.0,3.0,1.0,0.2727272727272727,5.0,9.0
1349,0.425531914893617,999.0,1.0,0.5625,0.0,0.0,0.0,0.3776739311453757,0.36033153376778393,0.0,0.0,0.0,0.06014729950900166,0.0,0.0
1350,0.6571428571428571,999.0,1.0,0.6129032258064516,0.0,0.0,0.0,0.6086309523809523,0.5897023809523809,8.0,0.0,0.0,0.06339285714285714,0.0,8.0
1351,0.9538461538461539,999.0,1.0,0.9375,0.0,0.0,0.0,0.9490287490287491,0.9361221862714402,329.0,8.0,5.0,0.0,0.0,329.0
1352,1.0,999.0,0.0,1.0,0.0,1.0,974.0,0.8497150997150996,0.7935146966854283,152.0,9.0,2.0,0.19444444444444442,53.0,99.0
1353,0.9130434782608695,999.0,1.0,0.8305084745762712,0.0,0.0,0.0,0.8853002070393375,0.8631682767597002,30.0,19.0,7.0,0.04161490683229807,0.0,30.0
1354,0.9375,999.0,1.0,0.9090909090909091,0.0,0.0,0.0,0.8240049751243781,0.7302238805970149,15.0,2.0,2.0,0.0,0.0,15.0
1355,1.0,999.0,0.0,1.0,0.0,1.0,8.0,0.886437908496732,0.8096672047892912,71.0,3.0,2.0,0.125,2.0,69.0
1356,0.40860215053763443,999.0,1.0,0.5588235294117647,0.0,0.0,0.0,0.4068277795521487,0.4037083182167261,0.0,0.0,0.0,0.002661556478228466,0.0,0.0
1357,0.7777777777777778,999.0,1.0,0.58,0.0,0.0,0.0,0.740551776266062,0.7084367080165399,14.0,2.0,0.0,0.02777777777777779,0.0,14.0
1358,1.0,999.0,0.0,1.0,0.0,1.0,7.0,0.7592520954223082,0.6964393238583803,6.0,1.0,1.0,0.34042553191489366,4.0,2.0
1359,1.0,999.0,0.0,1.0,0.0,1.0,14.0,0.797588005215124,0.695691804478602,6.0,2.0,1.0,0.2033898305084746,2.0,4.0
1360,0.575,999.0,1.0,0.95,0.0,0.0,0.0,0.47663170163170165,0.45072403206549544,1.0,0.0,0.0,0.14318181818181813,0.0,1.0
1361,0.8461538461538461,999.0,0.0,1.0,0.0,1.0,5.0,0.8146270396270395,0.7482206682206681,6.0,3.0,2.0,0.02115384615384619,5.0,1.0
1362,0.6896551724137931,999.0,1.0,0.5454545454545454,0.0,0.0,0.0,0.681615476414798,0.6724245191401776,77.0,0.0,0.0,0.001130582249858736,0.0,77.0
1363,0.6538461538461539,999.0,1.0,0.6538461538461539,0.0,0.0,0.0,0.5455349248452697,0.5058788296699701,2.0,0.0,0.0,0.15384615384615385,0.0,2.0
1364,0.4027777777777778,999.0,1.0,0.36486486486486486,0.0,0.0,0.0,0.3952790818988002,0.3806838488341695,0.0,0.0,0.0,0.0,0.0,0.0
1365,0.45918367346938777,999.0,1.0,0.4772727272727273,0.0,0.0,0.0,0.4234662089134719,0.40862517989353764,0.0,0.0,0.0,0.04796872019835974,0.0,0.0
1366,1.0,999.0,0.0,1.0,0.0,1.0,2.0,0.9172094369662759,0.7677363764654798,5.0,3.0,3.0,0.08510638297872342,1.0,4.0
1367,1.0,999.0,0.0,1.0,0.0,1.0,70.0,0.7423611111111111,0.6691396103896103,11.0,1.0,1.0,0.3666666666666667,8.0,3.0
1368,1.0,999.0,0.0,1.0,0.0,1.0,2.0,0.8281746031746032,0.7558791208791209,15.0,3.0,1.0,0.2321428571428571,1.0,14.0
1369,1.0,999.0,0.0,1.0,0.0,1.0,18.0,0.7911877394636014,0.6918536734191266,5.0,2.0,1.0,0.2931034482758621,4.0,1.0
1370,1.0,999.0,0.0,1.0,0.0,1.0,24.0,0.8109161793372319,0.764327485380117,21.0,3.0,1.0,0.2777777777777778,4.0,17.0
1371,0.5625,999.0,1.0,0.6585365853658537,0.0,0.0,0.0,0.5039539007092199,0.4690913357159558,1.0,0.0,0.0,0.07313829787234044,0.0,1.0
1372,0.41379310344827586,999.0,1.0,0.44680851063829785,0.0,0.0,0.0,0.36567948312590026,0.3479654129327835,0.0,0.0,0.0,0.06953080836630865,0.0,0.0
1373,1.0,999.0,1.0,1.0,0.0,0.0,0.0,0.9007936507936507,0.7892857142857143,4.0,4.0,2.0,0.08333333333333337,0.0,4.0
1374,0.673469387755102,999.0,0.0,1.0,0.0,1.0,2.0,0.5846430526233481,0.5063029536770873,2.0,0.0,0.0,0.006802721088435382,2.0,0.0
1375,0.7818181818181819,999.0,0.0,1.0,0.0,1.0,8.0,0.7669917566469291,0.75278764658075,109.0,7.0,0.0,0.004040404040404066,1.0,108.0
1376,0.7142857142857143,999.0,0.0,1.0,0.0,1.0,2.0,0.5782828282828283,0.5221407624633432,2.0,1.0,0.0,0.1785714285714286,1.0,1.0
1377,0.7142857142857143,999.0,1.0,0.6,0.0,0.0,0.0,0.6687334656084656,0.5996007351027843,4.0,1.0,0.0,0.031746031746031744,0.0,4.0
1378,0.4067796610169492,999.0,1.0,0.5416666666666666,0.0,0.0,0.0,0.3595515536723164,0.33850256525478867,0.0,0.0,0.0,0.06302966101694918,0.0,0.0
1379,1.0,999.0,0.0,1.0,0.0,1.0,4.0,0.7956465237166991,0.7440135299935663,12.0,2.0,1.0,0.29824561403508776,1.0,11.0
1380,0.7922077922077922,999.0,1.0,0.7058823529411765,0.0,0.0,0.0,0.7739718614718615,0.7537518876472366,252.0,7.0,0.0,0.0,0.0,252.0
1381,1.0,999.0,0.0,1.0,0.0,1.0,4.0,0.7270935960591133,0.6001905838649761,2.0,2.0,1.0,0.27586206896551724,1.0,1.0
1382,1.0,999.0,0.0,1.0,0.0,1.0,10.0,0.891795865633075,0.8434108527131784,16.0,6.0,2.0,0.11627906976744184,7.0,9.0
1383,0.7169811320754716,999.0,0.0,1.0,0.0,1.0,1.0,0.5153469870451003,0.41937625945395085,1.0,1.0,0.0,0.27253668763102723,1.0,0.0
1384,0.532258064516129,999.0,1.0,0.5535714285714286,0.0,0.0,0.0,0.5033631651986745,0.4879333920769512,1.0,0.0,0.0,0.039720751083293204,0.0,1.0
1385,1.0,999.0,0.0,1.0,0.0,1.0,670.0,0.7854406130268199,0.7023754789272031,22.0,1.0,1.0,0.31034482758620685,9.0,13.0
1386,0.6,999.0,1.0,0.6333333333333333,0.0,0.0,0.0,0.5891891891891892,0.5805405405405406,8.0,0.0,0.0,0.0,0.0,8.0
1387,0.40425531914893614,999.0,1.0,0.45454545454545453,0.0,0.0,0.0,0.392137393964678,0.38683799193436236,0.0,0.0,0.0,0.01209845640383811,0.0,0.0
1388,0.5833333333333334,999.0,1.0,1.0,0.0,0.0,0.0,0.5378250591016549,0.4960567375886525,2.0,0.0,0.0,0.0,0.0,2.0
1389,0.6756756756756757,999.0,0.0,1.0,0.0,1.0,19.0,0.6567497730288429,0.6264822962497381,11.0,0.0,0.0,0.009009009009009028,10.0,1.0
1390,0.9,999.0,1.0,0.6904761904761905,0.0,0.0,0.0,0.7942528735632184,0.7519615602035048,42.0,3.0,1.0,0.1586206896551724,0.0,42.0
1391,0.6166666666666667,999.0,1.0,0.5806451612903226,0.0,0.0,0.0,0.6065004887585532,0.6026099706744867,76.0,0.0,0.0,0.010606060606060619,0.0,76.0
1392,0.7666666666666667,999.0,1.0,0.8809523809523809,0.0,0.0,0.0,0.7181261770244821,0.6746257062146893,30.0,2.0,0.0,0.003954802259887091,0.0,30.0
1393,0.7291666666666666,999.0,1.0,0.75,0.0,0.0,0.0,0.703339243498818,0.6650804691762139,9.0,2.0,0.0,0.029166666666666674,0.0,9.0
1394,1.0,999.0,0.0,1.0,0.0,1.0,12.0,0.8604651162790699,0.8056407718951014,9.0,5.0,1.0,0.2093023255813954,8.0,1.0
1395,1.0,999.0,0.0,1.0,0.0,1.0,5.0,0.7998955067920585,0.7296742999840603,8.0,2.0,1.0,0.2727272727272727,1.0,7.0
1396,0.7027027027027027,999.0,1.0,0.6666666666666666,0.0,0.0,0.0,0.6608507241418633,0.6169158398905233,8.0,1.0,0.0,0.044474854601436964,0.0,8.0
1397,1.0,999.0,0.0,1.0,0.0,1.0,36.0,0.7490624665166613,0.6668662978565024,5.0,1.0,1.0,0.360655737704918,4.0,1.0
1398,1.0,999.0,0.0,1.0,0.0,1.0,1073.0,0.8449612403100776,0.7983242619165429,159.0,8.0,1.0,0.2325581395348837,99.0,60.0
1399,1.0,999.0,0.0,1.0,0.0,1.0,30.0,0.9415204678362573,0.8746906379377387,31.0,7.0,3.0,0.0,3.0,28.0
1400,0.6031746031746031,999.0,1.0,0.5609756097560976,0.0,0.0,0.0,0.5783191829703457,0.5685650087470107,8.0,0.0,0.0,0.03728313030638608,0.0,8.0
1401,1.0,999.0,0.0,1.0,0.0,1.0,5.0,0.6029224398789615,0.4964486176532758,1.0,1.0,1.0,0.5934065934065934,1.0,0.0
1402,0.46236559139784944,999.0,1.0,0.5882352941176471,0.0,0.0,0.0,0.4522780179580978,0.4248964975443771,0.0,0.0,0.0,0.00875734397516903,0.0,0.0
1403,0.5333333333333333,999.0,1.0,0.6111111111111112,0.0,0.0,0.0,0.5031746031746032,0.49190476190476196,2.0,0.0,0.0,0.033333333333333326,0.0,2.0
1404,0.7435897435897436,999.0,0.0,1.0,0.0,1.0,127.0,0.695630392998814,0.6741547925758452,15.0,1.0,0.0,0.05937921727395412,15.0,0.0
1405,0.5478260869565217,999.0,1.0,0.5818181818181818,0.0,0.0,0.0,0.5339401924382161,0.5169742849544551,3.0,0.0,0.0,0.01449275362318836,0.0,3.0
1406,0.7777777777777778,999.0,0.0,1.0,0.0,1.0,3.0,0.7166527429685324,0.6782398940293677,6.0,2.0,0.0,0.06349206349206349,3.0,3.0
1407,0.5555555555555556,999.0,1.0,0.46875,0.0,0.0,0.0,0.4361111111111111,0.4028492935635793,1.0,0.0,0.0,0.1777777777777778,0.0,1.0
1408,0.8181818181818182,999.0,1.0,0.7857142857142857,0.0,0.0,0.0,0.7803030303030303,0.7153955083968249,17.0,3.0,2.0,0.0,0.0,17.0
1409,0.7692307692307693,999.0,1.0,0.5625,0.0,0.0,0.0,0.6763289555972483,0.6357128067621545,8.0,1.0,0.0,0.11923076923076925,0.0,8.0
1410,0.25925925925925924,999.0,1.0,0.2631578947368421,0.0,0.0,0.0,0.20774328249818444,0.1861844310373722,0.0,0.0,0.0,0.07175925925925924,0.0,0.0
1411,0.7,999.0,1.0,1.0,0.0,0.0,0.0,0.6037037037037037,0.5765762892078682,6.0,1.0,0.0,0.14444444444444438,0.0,6.0
1412,1.0,999.0,0.0,1.0,0.0,1.0,1073.0,0.8656215005599105,0.8002239641657335,117.0,5.0,2.0,0.10526315789473684,72.0,45.0
1413,0.8478260869565217,999.0,1.0,0.65625,0.0,0.0,0.0,0.7753623188405797,0.7548616600790513,141.0,11.0,1.0,0.10869565217391308,0.0,141.0
1414,0.36363636363636365,999.0,1.0,0.59375,0.0,0.0,0.0,0.35197124913436967,0.34570655900443137,0.0,0.0,0.0,0.011784511784511786,0.0,0.0
1415,0.7843137254901961,999.0,1.0,0.8085106382978723,0.0,0.0,0.0,0.7567283323585845,0.7398757793715778,152.0,7.0,0.0,0.029211684673869587,0.0,152.0
1416,0.5869565217391305,999.0,1.0,0.48936170212765956,0.0,0.0,0.0,0.5545295438579393,0.5443598002283956,19.0,0.0,0.0,0.04044489383215377,0.0,19.0
1417,1.0,999.0,0.0,1.0,0.0,1.0,56.0,0.8030769230769231,0.70121661389458,5.0,2.0,1.0,0.23076923076923073,5.0,0.0
1418,0.8378378378378378,999.0,0.0,1.0,0.0,1.0,5.0,0.7632494154233286,0.7394494589228209,273.0,4.0,1.0,0.11056511056511054,5.0,268.0
1419,0.6862745098039216,999.0,1.0,0.6739130434782609,0.0,0.0,0.0,0.5623699772306584,0.5339644602579181,2.0,0.0,0.0,0.17750257997936014,0.0,2.0
1420,1.0,999.0,0.0,1.0,0.0,1.0,15.0,0.6870748299319728,0.5930070141264052,2.0,1.0,1.0,0.4285714285714286,1.0,1.0
1421,1.0,999.0,0.0,1.0,0.0,1.0,9.0,0.6360544217687075,0.5377223966509681,2.0,1.0,1.0,0.5,1.0,1.0
1422,1.0,999.0,0.0,1.0,0.0,1.0,220.0,0.7814814814814816,0.7055555555555556,15.0,2.0,1.0,0.2666666666666667,6.0,9.0
1423,0.7592592592592593,999.0,1.0,0.8484848484848485,0.0,0.0,0.0,0.7419591822107545,0.737483201634145,104.0,5.0,0.0,0.023410202655485768,0.0,104.0
1424,0.5121951219512195,999.0,1.0,0.5609756097560976,0.0,0.0,0.0,0.508130081300813,0.49916376306620214,3.0,0.0,0.0,0.0,0.0,3.0
1425,0.5588235294117647,999.0,1.0,0.53125,0.0,0.0,0.0,0.4957983193277311,0.46967976379741083,1.0,0.0,0.0,0.09453781512605042,0.0,1.0
1426,0.546875,999.0,1.0,1.0,0.0,0.0,0.0,0.4929432957393484,0.47434630122941235,1.0,0.0,0.0,0.07544642857142858,0.0,1.0
1427,1.0,999.0,0.0,1.0,0.0,1.0,10.0,0.757716049382716,0.6211255312689739,3.0,1.0,1.0,0.35185185185185186,1.0,2.0
1428,0.8035714285714286,999.0,0.0,1.0,0.0,1.0,10.0,0.7988916256157635,0.7870542736150721,23.0,9.0,2.0,0.0035714285714285587,10.0,13.0
1429,0.8333333333333334,999.0,1.0,1.0,0.0,0.0,0.0,0.8193585337915236,0.8005562967455024,30.0,10.0,3.0,0.0085910652920963,0.0,30.0
1430,0.6395348837209303,999.0,1.0,0.7142857142857143,0.0,0.0,0.0,0.6298987732855983,0.6192729303050253,23.0,0.0,0.0,0.007350975674953242,0.0,23.0
1431,0.59375,999.0,1.0,0.5,0.0,0.0,0.0,0.5355235042735043,0.4498855311355311,3.0,0.0,0.0,0.08092948717948723,0.0,3.0
1432,0.3333333333333333,999.0,1.0,0.4722222222222222,0.0,0.0,0.0,0.3264684488088743,0.32254773595199127,0.0,0.0,0.0,0.0064102564102563875,0.0,0.0
1433,0.6792452830188679,999.0,1.0,0.5945945945945946,0.0,0.0,0.0,0.5622175634754251,0.49161625237096934,2.0,0.0,0.0,0.0792452830188679,0.0,2.0
1434,1.0,999.0,0.0,1.0,0.0,1.0,1.0,0.8526891252955083,0.7654596290234588,20.0,3.0,1.0,0.21276595744680848,1.0,19.0
1435,0.5571428571428572,999.0,1.0,0.4918032786885246,0.0,0.0,0.0,0.42822883091082325,0.3947917046767621,1.0,0.0,0.0,0.17442680776014113,0.0,1.0
1436,0.6181818181818182,999.0,1.0,0.6623376623376623,0.0,0.0,0.0,0.6104683195592286,0.5978599391039583,25.0,0.0,0.0,0.0,0.0,25.0
1437,0.45614035087719296,999.0,1.0,0.6521739130434783,0.0,0.0,0.0,0.44387309269341935,0.4364825857747817,0.0,0.0,0.0,0.011695906432748537,0.0,0.0
1438,0.6923076923076923,999.0,1.0,0.6610169491525424,0.0,0.0,0.0,0.6030010398000044,0.5618006238800026,5.0,0.0,0.0,0.1002024291497976,0.0,5.0
1439,0.6595744680851063,999.0,0.0,1.0,0.0,1.0,701.0,0.6545311268715523,0.6443782505910166,15.0,0.0,0.0,0.0,14.0,1.0
1440,0.6764705882352942,999.0,0.0,1.0,0.0,1.0,244.0,0.6199880593262946,0.5907342856641762,16.0,0.0,0.0,0.08272058823529416,12.0,4.0
1441,0.5483870967741935,999.0,1.0,0.4827586206896552,0.0,0.0,0.0,0.4533270998909147,0.40342483136312024,1.0,0.0,0.0,0.0701262272089761,0.0,1.0
1442,0.6585365853658537,999.0,0.0,1.0,0.0,1.0,16.0,0.6284699901262579,0.6075311666525869,30.0,0.0,0.0,0.036314363143631456,1.0,29.0
1443,0.6097560975609756,999.0,1.0,0.55,0.0,0.0,0.0,0.5088075880758808,0.45671312427409994,2.0,0.0,0.0,0.1097560975609756,0.0,2.0
1444,0.26,999.0,1.0,0.3023255813953488,0.0,0.0,0.0,0.23933993399339934,0.2222704207920792,0.0,0.0,0.0,0.0,0.0,0.0
1445,0.9298245614035088,999.0,0.0,1.0,0.0,1.0,6.0,0.9181286549707602,0.8854226475279108,148.0,15.0,11.0,0.0,0.0,148.0
1446,1.0,999.0,0.0,1.0,0.0,1.0,10.0,0.9358974358974358,0.8567108753315649,10.0,5.0,3.0,0.05769230769230771,2.0,8.0
1447,0.8928571428571429,999.0,1.0,0.8928571428571429,0.0,0.0,0.0,0.8322871974151175,0.7401692823959396,7.0,3.0,2.0,0.03078817733990158,0.0,7.0
1448,0.5436893203883495,999.0,1.0,0.42857142857142855,0.0,0.0,0.0,0.4911504083834181,0.47151016840169835,1.0,0.0,0.0,0.061546463245492344,0.0,1.0
1449,0.53125,999.0,1.0,0.5217391304347826,0.0,0.0,0.0,0.5059121621621622,0.49569015444015446,2.0,0.0,0.0,0.03125,0.0,2.0
1450,0.39285714285714285,999.0,1.0,0.42105263157894735,0.0,0.0,0.0,0.3791486291486292,0.372943722943723,0.0,0.0,0.0,0.011904761904761918,0.0,0.0
1451,0.4175824175824176,999.0,1.0,0.4788732394366197,0.0,0.0,0.0,0.41018756252401106,0.3918196082214774,0.0,0.0,0.0,0.006471306471306504,0.0,0.0
1452,0.7272727272727273,999.0,1.0,0.5,0.0,0.0,0.0,0.6271409749670619,0.564963830263256,3.0,1.0,0.0,0.11857707509881421,0.0,3.0
1453,0.5142857142857142,999.0,1.0,0.5172413793103449,0.0,0.0,0.0,0.4914854704328388,0.4726002605878767,1.0,0.0,0.0,0.02779922779922772,0.0,1.0
1454,0.7435897435897436,999.0,1.0,0.5609756097560976,0.0,0.0,0.0,0.6561965811965812,0.5835138670852957,4.0,2.0,0.0,0.018589743589743635,0.0,4.0
1455,1.0,999.0,0.0,1.0,0.0,1.0,974.0,0.8978494623655914,0.8161290322580644,13.0,2.0,2.0,0.0,11.0,2.0
1456,0.6721311475409836,999.0,1.0,0.5116279069767442,0.0,0.0,0.0,0.5529910842680472,0.5261507713875374,2.0,0.0,0.0,0.17213114754098358,0.0,2.0
1457,1.0,999.0,0.0,1.0,0.0,1.0,11.0,0.8618524332810047,0.7171114599686028,4.0,3.0,2.0,0.18367346938775508,4.0,0.0
1458,1.0,999.0,0.0,1.0,0.0,1.0,18.0,0.7714285714285715,0.6995238095238097,6.0,2.0,1.0,0.2857142857142857,1.0,5.0
1459,1.0,999.0,0.0,1.0,0.0,1.0,8.0,0.6721311475409836,0.5782542505969264,2.0,1.0,1.0,0.4590163934426229,1.0,1.0
1460,0.7087378640776699,999.0,1.0,0.6818181818181818,0.0,0.0,0.0,0.6696226256929901,0.6457979778560381,58.0,1.0,0.0,0.05217220751201335,0.0,58.0
1461,0.38461538461538464,999.0,1.0,0.5454545454545454,0.0,0.0,0.0,0.3333581072711507,0.3163057503582446,0.0,0.0,0.0,0.07350427350427352,0.0,0.0
1462,0.41904761904761906,999.0,1.0,0.3577981651376147,0.0,0.0,0.0,0.402919793346892,0.38755607181233104,0.0,0.0,0.0,0.021088435374149672,0.0,0.0
1463,1.0,999.0,0.0,1.0,0.0,1.0,2.0,0.7889740781307046,0.6454524638826739,2.0,2.0,2.0,0.09090909090909094,1.0,1.0
1464,0.5283018867924528,999.0,1.0,0.5540540540540541,0.0,0.0,0.0,0.5193349523631609,0.5078972677141929,3.0,0.0,0.0,0.01345040164393796,0.0,3.0
1465,0.4523809523809524,999.0,1.0,0.4318181818181818,0.0,0.0,0.0,0.4428811928811929,0.43581328232491023,0.0,0.0,0.0,0.007936507936507964,0.0,0.0
1466,0.5357142857142857,999.0,0.0,1.0,0.0,1.0,7.0,0.5087301587301587,0.4875757575757575,2.0,0.0,0.0,0.0023809523809523725,2.0,0.0
1467,1.0,999.0,0.0,1.0,0.0,1.0,974.0,0.7815602836879433,0.6845947972999645,11.0,2.0,1.0,0.25531914893617025,9.0,2.0
1468,1.0,999.0,0.0,1.0,0.0,1.0,62.0,0.7936507936507936,0.7406015037593985,6.0,1.0,1.0,0.30952380952380953,6.0,0.0
1469,1.0,999.0,0.0,1.0,0.0,1.0,53.0,0.7714285714285714,0.7161162843515785,8.0,1.0,1.0,0.34285714285714286,7.0,1.0
1470,0.725,999.0,1.0,0.7058823529411765,0.0,0.0,0.0,0.6968161683277962,0.6785548172757476,156.0,2.0,0.0,0.010714285714285676,0.0,156.0
1471,0.35,999.0,1.0,0.36585365853658536,0.0,0.0,0.0,0.3361111111111111,0.32502331002331003,0.0,0.0,0.0,0.016666666666666663,0.0,0.0
1472,1.0,999.0,0.0,1.0,0.0,1.0,5.0,0.7215608465608465,0.6298115079365079,4.0,1.0,1.0,0.375,1.0,3.0
1473,0.7843137254901961,999.0,0.0,1.0,0.0,1.0,2.0,0.7843137254901961,0.6418032786885246,3.0,3.0,0.0,0.0,2.0,1.0
1474,0.782608695652174,999.0,0.0,1.0,0.0,1.0,3.0,0.6985815602836879,0.6309950900163666,6.0,2.0,0.0,0.0652173913043479,1.0,5.0
1475,0.8444444444444444,999.0,0.0,1.0,0.0,1.0,3.0,0.7953703703703704,0.7505555555555555,128.0,4.0,1.0,0.05277777777777781,3.0,125.0
1476,0.6301369863013698,999.0,1.0,0.5128205128205128,0.0,0.0,0.0,0.5922678843226789,0.5707661359990128,12.0,0.0,0.0,0.04347031963470316,0.0,12.0
1477,0.36231884057971014,999.0,1.0,0.4444444444444444,0.0,0.0,0.0,0.34603930911256703,0.33930002881425214,0.0,0.0,0.0,0.01985308715505263,0.0,0.0
1478,0.5,999.0,1.0,0.38596491228070173,0.0,0.0,0.0,0.48143598143598143,0.459518865856894,1.0,0.0,0.0,0.015151515151515138,0.0,1.0
1479,0.35185185185185186,999.0,1.0,0.4634146341463415,0.0,0.0,0.0,0.30874962779724685,0.28424664188210985,0.0,0.0,0.0,0.04276094276094278,0.0,0.0
1480,0.5862068965517241,999.0,1.0,0.7142857142857143,0.0,0.0,0.0,0.5731800766283525,0.5439080459770114,5.0,0.0,0.0,0.019540229885057436,0.0,5.0
1481,0.7735849056603774,999.0,0.0,1.0,0.0,1.0,23.0,0.7386933441220102,0.7083819516391513,13.0,3.0,0.0,0.03284416491963671,4.0,9.0
1482,0.7192982456140351,999.0,0.0,1.0,0.0,1.0,3.0,0.6747387594669735,0.5603456480246817,3.0,2.0,0.0,0.014380212827149852,3.0,0.0
1483,0.6153846153846154,999.0,1.0,0.4722222222222222,0.0,0.0,0.0,0.4814152256012722,0.43539888755290973,1.0,0.0,0.0,0.1967799642218247,0.0,1.0
1484,0.8125,999.0,0.0,1.0,0.0,1.0,1.0,0.6849747474747474,0.6504193722943723,11.0,1.0,1.0,0.19128787878787878,1.0,10.0
1485,0.6086956521739131,999.0,1.0,0.78,0.0,0.0,0.0,0.5925253691939609,0.5733703716112319,8.0,0.0,0.0,0.020460358056266004,0.0,8.0
1486,1.0,999.0,1.0,1.0,0.0,0.0,0.0,0.9097222222222222,0.8027777777777777,6.0,4.0,2.0,0.0,0.0,6.0
1487,1.0,999.0,0.0,1.0,0.0,1.0,25.0,0.7932692307692308,0.7479615384615386,60.0,1.0,1.0,0.3076923076923077,2.0,58.0
1488,0.8771929824561403,999.0,1.0,0.85,0.0,0.0,0.0,0.7082006548837324,0.6198583581907854,4.0,1.0,1.0,0.17907977490897053,0.0,4.0
1489,0.45454545454545453,999.0,1.0,0.40625,0.0,0.0,0.0,0.4103843311160384,0.3907958160609274,0.0,0.0,0.0,0.06430155210643013,0.0,0.0
1490,0.7280701754385965,999.0,1.0,0.7468354430379747,0.0,0.0,0.0,0.5436866220534153,0.49789117122703663,1.0,1.0,0.0,0.25807017543859656,0.0,1.0
1491,0.43333333333333335,999.0,1.0,0.7037037037037037,0.0,0.0,0.0,0.38737060041407867,0.3686542443064182,0.0,0.0,0.0,0.05238095238095242,0.0,0.0
1492,0.8823529411764706,999.0,1.0,0.8936170212765957,0.0,0.0,0.0,0.6871340789837062,0.6319987572493787,15.0,1.0,1.0,0.2908036454018227,0.0,15.0
1493,1.0,999.0,0.0,1.0,0.0,1.0,106.0,0.6785866326096212,0.5655565379703311,3.0,1.0,1.0,0.4814814814814815,3.0,0.0
1494,1.0,999.0,0.0,1.0,0.0,1.0,25.0,0.848639455782313,0.7200756922487305,6.0,3.0,1.0,0.20408163265306123,2.0,4.0
1495,0.7272727272727273,999.0,1.0,0.6721311475409836,0.0,0.0,0.0,0.6948051948051948,0.6858096705554332,79.0,1.0,0.0,0.04870129870129869,0.0,79.0
1496,0.58,999.0,1.0,0.6222222222222222,0.0,0.0,0.0,0.5607822685788787,0.5295728094231893,3.0,0.0,0.0,0.003076923076923088,0.0,3.0
1497,0.62,999.0,1.0,0.7380952380952381,0.0,0.0,0.0,0.5838170410848006,0.5678529486652173,7.0,0.0,0.0,0.045925925925925926,0.0,7.0
1498,1.0,999.0,0.0,1.0,0.0,1.0,24.0,0.7912581699346406,0.749264705882353,7.0,1.0,1.0,0.3125,5.0,2.0
1499,0.6363636363636364,999.0,1.0,0.782608695652174,0.0,0.0,0.0,0.6353535353535353,0.6198484848484849,23.0,0.0,0.0,0.0,0.0,23.0
1500,0.7037037037037037,999.0,0.0,1.0,0.0,1.0,1.0,0.6313366592878934,0.6012262379969784,9.0,1.0,0.0,0.08966861598440545,1.0,8.0
1501,0.5172413793103449,999.0,0.0,1.0,0.0,1.0,15.0,0.511123470522803,0.5032258064516129,4.0,0.0,0.0,0.0011123470522803602,3.0,1.0
1502,0.711864406779661,999.0,1.0,0.6904761904761905,0.0,0.0,0.0,0.7007144609695025,0.6949756998776462,106.0,2.0,0.0,0.010110020814748766,0.0,106.0
1503,0.8,999.0,1.0,0.7446808510638298,0.0,0.0,0.0,0.7388127853881278,0.6740380290329175,6.0,2.0,2.0,0.0,0.0,6.0
1504,0.532608695652174,999.0,1.0,0.4794520547945205,0.0,0.0,0.0,0.4594834266035299,0.4389307099244214,1.0,0.0,0.0,0.10260869565217395,0.0,1.0
1505,1.0,999.0,0.0,1.0,0.0,1.0,8.0,0.780982905982906,0.7131180454765361,7.0,2.0,1.0,0.29166666666666663,1.0,6.0
1506,0.8448275862068966,999.0,0.0,1.0,0.0,1.0,60.0,0.8172722778395748,0.8003633667037449,99.0,17.0,2.0,0.028160919540229923,60.0,39.0
1507,1.0,999.0,0.0,1.0,0.0,1.0,462.0,0.7207602339181287,0.6555672514619884,9.0,1.0,1.0,0.41666666666666663,6.0,3.0
1508,1.0,999.0,0.0,1.0,0.0,1.0,25.0,0.8108747044917258,0.7492940534642663,47.0,2.0,1.0,0.23404255319148937,2.0,45.0
1509,0.9090909090909091,999.0,1.0,0.8636363636363636,0.0,0.0,0.0,0.8014170745568204,0.7319977857176988,29.0,3.0,1.0,0.13322884012539182,0.0,29.0
1510,1.0,999.0,0.0,1.0,0.0,1.0,87.0,0.8667404946474714,0.8066458939490863,12.0,4.0,2.0,0.19047619047619047,8.0,4.0
1511,0.6021505376344086,999.0,1.0,0.723404255319149,0.0,0.0,0.0,0.5935905545013704,0.5630654938288508,7.0,0.0,0.0,0.0,0.0,7.0
1512,0.3469387755102041,999.0,1.0,0.32653061224489793,0.0,0.0,0.0,0.31591151049279126,0.3043168820825997,0.0,0.0,0.0,0.03924646781789637,0.0,0.0
1513,0.6590909090909091,999.0,0.0,1.0,0.0,1.0,6.0,0.5979915433403805,0.5523194403428037,3.0,0.0,0.0,0.05909090909090908,3.0,0.0
1514,0.6944444444444444,999.0,1.0,0.6944444444444444,0.0,0.0,0.0,0.6379855465221319,0.6011643994420309,6.0,0.0,0.0,0.08468834688346882,0.0,6.0
1515,0.7123287671232876,999.0,1.0,0.559322033898305,0.0,0.0,0.0,0.6936622585937654,0.6674964154105434,49.0,1.0,0.0,0.018995433789954275,0.0,49.0
1516,1.0,999.0,0.0,1.0,0.0,1.0,1098.0,0.8729784366576819,0.7840762722282021,30.0,3.0,2.0,0.1132075471698113,12.0,18.0
1517,1.0,999.0,0.0,1.0,0.0,1.0,220.0,0.6961538461538462,0.6325274725274725,9.0,1.0,1.0,0.44999999999999996,7.0,2.0
1518,0.47368421052631576,999.0,1.0,0.6428571428571429,0.0,0.0,0.0,0.460863697705803,0.44365557420756396,0.0,0.0,0.0,0.012145748987854199,0.0,0.0
1519,1.0,999.0,0.0,1.0,0.0,1.0,18.0,0.8701963241436926,0.8165440239944122,10.0,4.0,4.0,0.19298245614035092,10.0,0.0
1520,0.7846153846153846,999.0,1.0,0.5606060606060606,0.0,0.0,0.0,0.773076923076923,0.7351105216622458,59.0,3.0,0.0,0.0,0.0,59.0
1521,1.0,999.0,0.0,1.0,0.0,1.0,67.0,0.8146803791086913,0.7553399755046785,11.0,2.0,1.0,0.24561403508771928,4.0,7.0
1522,0.6521739130434783,999.0,1.0,0.6363636363636364,0.0,0.0,0.0,0.6038647342995169,0.5772762637563114,18.0,0.0,0.0,0.04347826086956519,0.0,18.0
1523,1.0,999.0,0.0,1.0,0.0,1.0,70.0,0.8508333333333334,0.8006960784313726,23.0,7.0,2.0,0.1875,19.0,4.0
1524,0.7,999.0,1.0,0.7,0.0,0.0,0.0,0.6491582491582492,0.6100212652844232,9.0,1.0,0.0,0.0636363636363636,0.0,9.0
1525,1.0,999.0,0.0,1.0,0.0,1.0,3.0,0.9430894308943089,0.8749445676274943,16.0,5.0,3.0,0.0,1.0,15.0
1526,0.5058823529411764,999.0,1.0,0.5571428571428572,0.0,0.0,0.0,0.503921568627451,0.49453771021517223,3.0,0.0,0.0,0.0,0.0,3.0
1527,0.6470588235294118,999.0,1.0,0.8333333333333334,0.0,0.0,0.0,0.6215571159970837,0.6015851220815713,24.0,0.0,0.0,0.01848739495798324,0.0,24.0
1528,0.86,999.0,0.0,1.0,0.0,1.0,20.0,0.8097435897435897,0.7610650090650091,15.0,3.0,2.0,0.05999999999999994,8.0,7.0
1529,0.9047619047619048,999.0,0.0,1.0,0.0,1.0,1.0,0.7913832199546486,0.7053947160259453,61.0,2.0,1.0,0.108843537414966,1.0,60.0
1530,0.7884615384615384,999.0,0.0,1.0,0.0,1.0,701.0,0.7666069330489815,0.7442998241650532,94.0,4.0,0.0,0.01295133437990581,91.0,3.0
1531,0.4818181818181818,999.0,1.0,0.4827586206896552,0.0,0.0,0.0,0.45617051691818045,0.44675825097383937,0.0,0.0,0.0,0.03322005097706032,0.0,0.0
1532,1.0,999.0,0.0,1.0,0.0,1.0,70.0,0.8032730404823427,0.7517312661498707,25.0,2.0,1.0,0.2790697674418605,22.0,3.0
1533,1.0,999.0,0.0,1.0,0.0,1.0,26.0,0.9166666666666666,0.8526315789473685,35.0,10.0,3.0,0.125,18.0,17.0
1534,1.0,999.0,0.0,1.0,0.0,1.0,462.0,0.6159754224270354,0.529613702958355,1.0,1.0,1.0,0.5714285714285714,1.0,0.0
1535,1.0,999.0,0.0,1.0,0.0,1.0,108.0,1.0,1.0,28.0,16.0,9.0,0.0,28.0,0.0
1536,0.9333333333333333,999.0,1.0,0.92,0.0,0.0,0.0,0.7174012266438453,0.6346960551352433,5.0,1.0,1.0,0.27543859649122804,0.0,5.0
1537,1.0,999.0,0.0,1.0,0.0,1.0,8.0,0.8859649122807017,0.7097332372025955,4.0,2.0,2.0,0.0,4.0,0.0
1538,1.0,999.0,0.0,1.0,0.0,1.0,97.0,0.8095238095238096,0.7541178333861261,9.0,2.0,1.0,0.26190476190476186,9.0,0.0
1539,0.5,999.0,1.0,0.4634146341463415,0.0,0.0,0.0,0.3803418803418803,0.35010151139183393,1.0,0.0,0.0,0.16666666666666669,0.0,1.0
1540,0.5714285714285714,999.0,1.0,0.5675675675675675,0.0,0.0,0.0,0.5457617829740592,0.49880625163068437,3.0,0.0,0.0,0.027310924369747913,0.0,3.0
1541,0.6,999.0,1.0,0.6785714285714286,0.0,0.0,0.0,0.5979166666666667,0.5910080645161291,19.0,0.0,0.0,0.0,0.0,19.0
1542,1.0,999.0,0.0,1.0,0.0,1.0,27.0,0.8757044125465178,0.7929588794119686,7.0,4.0,2.0,0.12727272727272732,6.0,1.0
1543,0.5769230769230769,999.0,1.0,0.7017543859649122,0.0,0.0,0.0,0.5695659895659896,0.5610267356449901,10.0,0.0,0.0,0.0035897435897435104,0.0,10.0
1544,0.37777777777777777,999.0,1.0,0.3939393939393939,0.0,0.0,0.0,0.3455716586151369,0.3292817706792862,0.0,0.0,0.0,0.02995169082125604,0.0,0.0
1545,0.8478260869565217,999.0,0.0,1.0,0.0,1.0,1.0,0.7466609832338733,0.6760667653789205,6.0,2.0,1.0,0.0831202046035806,1.0,5.0
1546,0.6444444444444445,999.0,1.0,0.6571428571428571,0.0,0.0,0.0,0.5986531986531988,0.58249815225425,9.0,0.0,0.0,0.061111111111111116,0.0,9.0
1547,0.44,999.0,1.0,0.631578947368421,0.0,0.0,0.0,0.4336842105263157,0.42729913391072616,0.0,0.0,0.0,0.0,0.0,0.0
1548,0.6271186440677966,999.0,1.0,0.717391304347826,0.0,0.0,0.0,0.6003280481137233,0.5566880569384093,3.0,0.0,0.0,0.03389830508474578,0.0,3.0
1549,0.8181818181818182,999.0,1.0,0.8048780487804879,0.0,0.0,0.0,0.7935165609584214,0.7219141323792486,38.0,3.0,2.0,0.0,0.0,38.0
1550,0.7407407407407407,999.0,1.0,0.627906976744186,0.0,0.0,0.0,0.7089018843404808,0.6598220049212283,6.0,2.0,0.0,0.021442495126705596,0.0,6.0
1551,0.673469387755102,999.0,0.0,1.0,0.0,1.0,11.0,0.6550453514739228,0.6340083429598254,11.0,0.0,0.0,0.006802721088435382,4.0,7.0
1552,0.7777777777777778,999.0,0.0,1.0,0.0,1.0,1073.0,0.6830378616092903,0.6531304748513371,63.0,1.0,0.0,0.11868686868686873,46.0,17.0
1553,1.0,999.0,0.0,1.0,0.0,1.0,8.0,0.639320029563932,0.5569537198660187,1.0,1.0,1.0,0.5365853658536586,1.0,0.0
1554,0.8529411764705882,999.0,0.0,1.0,0.0,1.0,2.0,0.7325821237585943,0.6989610389610389,123.0,1.0,1.0,0.16722689075630248,2.0,121.0
1555,1.0,999.0,0.0,1.0,0.0,1.0,59.0,0.8828828828828829,0.835956835956836,110.0,9.0,3.0,0.16216216216216217,11.0,99.0
1556,0.5454545454545454,999.0,1.0,0.4878048780487805,0.0,0.0,0.0,0.512984565839286,0.4813728290558104,2.0,0.0,0.0,0.010971786833855801,0.0,2.0
1557,1.0,999.0,0.0,1.0,0.0,1.0,23.0,0.9128205128205128,0.868886337543054,21.0,10.0,5.0,0.10769230769230764,1.0,20.0
1558,0.7049180327868853,999.0,1.0,0.6170212765957447,0.0,0.0,0.0,0.6974585827044844,0.675248768161015,7.0,2.0,0.0,0.0,0.0,7.0
1559,1.0,999.0,0.0,1.0,0.0,1.0,462.0,0.75,0.6781362007168459,5.0,1.0,1.0,0.375,5.0,0.0
1560,1.0,999.0,0.0,1.0,0.0,1.0,17.0,0.7902930402930403,0.7316292403248925,11.0,1.0,1.0,0.3076923076923077,4.0,7.0
1561,1.0,999.0,0.0,1.0,0.0,1.0,34.0,0.6986986986986987,0.6038346038346039,3.0,1.0,1.0,0.4444444444444444,1.0,2.0
1562,1.0,999.0,0.0,1.0,0.0,1.0,62.0,0.7968253968253968,0.7321888053467001,10.0,2.0,1.0,0.2666666666666667,8.0,2.0
1563,0.5319148936170213,999.0,1.0,0.5116279069767442,0.0,0.0,0.0,0.44626440016510943,0.41551057808356173,1.0,0.0,0.0,0.10598896769109534,0.0,1.0
1564,1.0,999.0,0.0,1.0,0.0,1.0,7.0,0.664994425863991,0.5200792766010156,2.0,1.0,1.0,0.46153846153846156,1.0,1.0
1565,0.6851851851851852,999.0,1.0,0.6304347826086957,0.0,0.0,0.0,0.4764309764309764,0.4067720473970474,1.0,0.0,0.0,0.2592592592592593,0.0,1.0
1566,1.0,999.0,0.0,1.0,0.0,1.0,11.0,0.8659090909090909,0.7733686918840841,9.0,3.0,2.0,0.17500000000000004,3.0,6.0
1567,0.6,999.0,1.0,0.5853658536585366,0.0,0.0,0.0,0.5577472236911687,0.5300329495993166,4.0,0.0,0.0,0.05901639344262288,0.0,4.0
1568,0.6190476190476191,999.0,0.0,1.0,0.0,1.0,9.0,0.564357480580885,0.5330822754633769,3.0,0.0,0.0,0.06585612968591692,0.0,3.0
1569,0.7872340425531915,999.0,0.0,1.0,0.0,1.0,15.0,0.7824113475177304,0.7622853984920853,18.0,5.0,0.0,0.007234042553191489,15.0,3.0
1570,0.46774193548387094,999.0,1.0,0.5490196078431373,0.0,0.0,0.0,0.44891053417774646,0.42111102638900083,0.0,0.0,0.0,0.021588089330024762,0.0,0.0
1571,0.7941176470588235,999.0,0.0,1.0,0.0,1.0,670.0,0.7791734749455337,0.759759519749929,287.0,4.0,0.0,0.016339869281045694,238.0,49.0
1572,0.4909090909090909,999.0,1.0,0.5416666666666666,0.0,0.0,0.0,0.33913455204216075,0.30488918192952186,0.0,0.0,0.0,0.2252840909090909,0.0,0.0
1573,0.4,999.0,1.0,0.43243243243243246,0.0,0.0,0.0,0.374468085106383,0.3681323877068558,0.0,0.0,0.0,0.03829787234042553,0.0,0.0
1574,0.7906976744186046,999.0,0.0,1.0,0.0,1.0,8.0,0.7580103359173127,0.6992210951674089,6.0,3.0,0.0,0.04069767441860461,4.0,2.0
1575,0.8070175438596491,999.0,0.0,1.0,0.0,1.0,2.0,0.7607621203546501,0.7057826095441244,12.0,3.0,1.0,0.06508205998868133,2.0,10.0
1576,0.38461538461538464,999.0,1.0,0.3953488372093023,0.0,0.0,0.0,0.3782051282051282,0.37562401666879275,0.0,0.0,0.0,0.009615384615384637,0.0,0.0
1577,0.9571428571428572,999.0,0.0,1.0,0.0,1.0,1.0,0.747096399535424,0.6563141057059092,11.0,1.0,1.0,0.30714285714285716,1.0,10.0
1578,0.75,999.0,1.0,0.38181818181818183,0.0,0.0,0.0,0.49147352553231577,0.4239163733839056,1.0,1.0,0.0,0.35344827586206895,0.0,1.0
1579,0.5952380952380952,999.0,1.0,0.5526315789473685,0.0,0.0,0.0,0.5507936507936507,0.5328632322494216,4.0,0.0,0.0,0.06190476190476191,0.0,4.0
1580,0.5076923076923077,999.0,1.0,0.4489795918367347,0.0,0.0,0.0,0.4735785953177258,0.4507139380125532,1.0,0.0,0.0,0.02943143812709026,0.0,1.0
1581,0.7735849056603774,999.0,0.0,1.0,0.0,1.0,1.0,0.5083666857251763,0.43183122243457694,1.0,1.0,0.0,0.35540308747855925,1.0,0.0
1582,1.0,999.0,0.0,1.0,0.0,1.0,3.0,0.6534251412429378,0.5570752460360853,1.0,1.0,1.0,0.5084745762711864,1.0,0.0
1583,1.0,999.0,0.0,1.0,0.0,1.0,13.0,0.8313823857302118,0.7679992270159327,15.0,3.0,1.0,0.21739130434782605,3.0,12.0
1584,1.0,999.0,0.0,1.0,0.0,1.0,10.0,0.8629107981220657,0.7393427230046948,4.0,4.0,2.0,0.19999999999999996,4.0,0.0
1585,0.25925925925925924,999.0,1.0,0.19230769230769232,0.0,0.0,0.0,0.24687952320136228,0.23937095716406062,0.0,0.0,0.0,0.017879948914431648,0.0,0.0
1586,0.7540983606557377,999.0,0.0,1.0,0.0,1.0,21.0,0.7112313162970105,0.6700841634931272,55.0,2.0,0.0,0.050973360655737654,3.0,52.0
1587,1.0,999.0,0.0,1.0,0.0,1.0,65.0,0.8182051282051281,0.7423391989274342,9.0,2.0,2.0,0.18000000000000005,7.0,2.0
1588,0.6363636363636364,999.0,1.0,0.6363636363636364,0.0,0.0,0.0,0.5954545454545455,0.5763203463203463,10.0,0.0,0.0,0.036363636363636376,0.0,10.0
1589,0.8043478260869565,999.0,0.0,1.0,0.0,1.0,37.0,0.7628587666950839,0.7352662804252136,36.0,3.0,1.0,0.05924978687127025,10.0,26.0
1590,0.5954198473282443,999.0,1.0,0.686046511627907,0.0,0.0,0.0,0.5852041816990023,0.5821710223214358,20.0,0.0,0.0,0.014537494387067751,0.0,20.0
1591,0.3793103448275862,999.0,1.0,0.5454545454545454,0.0,0.0,0.0,0.36593363695510733,0.3551923660811104,0.0,0.0,0.0,0.0193103448275862,0.0,0.0
1592,0.6530612244897959,999.0,1.0,0.6530612244897959,0.0,0.0,0.0,0.6094104308390023,0.5868467693590846,9.0,0.0,0.0,0.061224489795918324,0.0,9.0
1593,1.0,999.0,0.0,1.0,0.0,1.0,1098.0,0.7823129251700681,0.7228779511804723,7.0,1.0,1.0,0.326530612244898,6.0,1.0
1594,1.0,999.0,0.0,1.0,0.0,1.0,8.0,0.8383673469387755,0.792150842945874,121.0,4.0,1.0,0.24,1.0,120.0
1595,0.46808510638297873,999.0,1.0,0.42105263157894735,0.0,0.0,0.0,0.4422194409678765,0.42442257367163505,0.0,0.0,0.0,0.021276595744680882,0.0,0.0
1596,0.7966101694915254,999.0,1.0,0.7,0.0,0.0,0.0,0.7322033898305085,0.7060528031290743,30.0,3.0,0.0,0.09661016949152545,0.0,30.0
1597,0.9142857142857143,999.0,0.0,1.0,0.0,1.0,2.0,0.8422183973991203,0.8009791865876202,98.0,7.0,2.0,0.06095238095238087,2.0,96.0
1598,0.6764705882352942,999.0,1.0,0.4883720930232558,0.0,0.0,0.0,0.6579036159918513,0.6506631040066112,86.0,0.0,0.0,0.024684873949579855,0.0,86.0
1599,0.48148148148148145,999.0,0.0,1.0,0.0,1.0,25.0,0.38921377517868744,0.34536734556698256,0.0,0.0,0.0,0.1111111111111111,0.0,0.0
1600,0.75,999.0,1.0,0.5476190476190477,0.0,0.0,0.0,0.6580045740423098,0.6132773206965724,8.0,1.0,0.0,0.089622641509434,0.0,8.0
1601,0.54,999.0,1.0,0.45454545454545453,0.0,0.0,0.0,0.5066666666666667,0.47344444444444445,2.0,0.0,0.0,0.040000000000000036,0.0,2.0
1602,1.0,999.0,0.0,1.0,0.0,1.0,76.0,0.7454212454212454,0.6376423576423577,4.0,1.0,1.0,0.3589743589743589,3.0,1.0
1603,0.8125,999.0,1.0,0.8421052631578947,0.0,0.0,0.0,0.6984211775878443,0.6424293299293299,7.0,1.0,1.0,0.16435185185185186,0.0,7.0
1604,0.6153846153846154,999.0,1.0,0.6545454545454545,0.0,0.0,0.0,0.5867707172054998,0.5575032946875677,4.0,0.0,0.0,0.035674470457079166,0.0,4.0
1605,1.0,999.0,0.0,1.0,0.0,1.0,22.0,0.9159852493185827,0.8608648156840928,14.0,6.0,4.0,0.10389610389610393,5.0,9.0
1606,0.4142857142857143,999.0,1.0,1.0,0.0,0.0,0.0,0.37225703146755773,0.35453701457945935,0.0,0.0,0.0,0.059022556390977476,0.0,0.0
1607,1.0,999.0,0.0,1.0,0.0,1.0,41.0,0.8518518518518517,0.7625153664302601,6.0,3.0,1.0,0.2222222222222222,4.0,2.0
1608,0.4696969696969697,999.0,1.0,0.43859649122807015,0.0,0.0,0.0,0.4200000000000001,0.3895456053067994,0.0,0.0,0.0,0.04303030303030303,0.0,0.0
1609,0.5942028985507246,999.0,1.0,0.5862068965517241,0.0,0.0,0.0,0.521946982004528,0.49121631754496287,2.0,0.0,0.0,0.08735358348223143,0.0,2.0
1610,0.7368421052631579,999.0,1.0,0.7368421052631579,0.0,0.0,0.0,0.5824934677118327,0.5409506260816451,3.0,1.0,0.0,0.22620380739081747,0.0,3.0
1611,0.8133333333333334,999.0,1.0,0.6666666666666666,0.0,0.0,0.0,0.5965682137834036,0.5163348512217514,2.0,1.0,1.0,0.28,0.0,2.0
1612,0.4444444444444444,999.0,1.0,0.5454545454545454,0.0,0.0,0.0,0.4424699742187009,0.432906226955463,0.0,0.0,0.0,0.0023391812865496964,0.0,0.0
1613,0.7746478873239436,999.0,1.0,0.4657534246575342,0.0,0.0,0.0,0.7605933398186918,0.7458798134150246,10.0,7.0,0.0,0.01075899843505479,0.0,10.0
1614,1.0,999.0,0.0,1.0,0.0,1.0,3.0,0.6021199177345357,0.5113754703094584,1.0,1.0,1.0,0.5813953488372092,1.0,0.0
1615,0.9545454545454546,999.0,1.0,0.8888888888888888,0.0,0.0,0.0,0.8655303030303031,0.7474104250047647,25.0,2.0,2.0,0.0,0.0,25.0
1616,1.0,999.0,0.0,1.0,0.0,1.0,27.0,0.875,0.819,18.0,5.0,3.0,0.1875,5.0,13.0
1617,1.0,999.0,1.0,1.0,0.0,0.0,0.0,0.8709677419354839,0.7639112903225806,19.0,2.0,2.0,0.0,0.0,19.0
1618,1.0,999.0,0.0,1.0,0.0,1.0,3.0,0.8933333333333334,0.7883636363636365,13.0,2.0,2.0,0.0,1.0,12.0
1619,0.6842105263157895,999.0,1.0,0.3953488372093023,0.0,0.0,0.0,0.5461034493542234,0.47395836590883034,2.0,0.0,0.0,0.16148325358851678,0.0,2.0
1620,1.0,999.0,0.0,1.0,0.0,1.0,52.0,0.7799036281179138,0.6901239950525665,4.0,1.0,1.0,0.30612244897959184,4.0,0.0
1621,1.0,999.0,0.0,1.0,0.0,1.0,14.0,0.797979797979798,0.7351981351981351,5.0,2.0,1.0,0.2727272727272727,3.0,2.0
1622,0.631578947368421,999.0,1.0,0.546875,0.0,0.0,0.0,0.6074280251911831,0.5807962895937192,6.0,0.0,0.0,0.003373819163292824,0.0,6.0
1623,1.0,999.0,0.0,1.0,0.0,1.0,14.0,0.797588005215124,0.695691804478602,6.0,2.0,1.0,0.2033898305084746,2.0,4.0
1624,0.375,999.0,1.0,0.3829787234042553,0.0,0.0,0.0,0.3410077145612343,0.3168613575152085,0.0,0.0,0.0,0.022058823529411742,0.0,0.0
1625,0.4074074074074074,999.0,1.0,0.5294117647058824,0.0,0.0,0.0,0.29585209692736575,0.2682991369442982,0.0,0.0,0.0,0.1638176638176638,0.0,0.0
1626,0.68,999.0,1.0,0.6458333333333334,0.0,0.0,0.0,0.657948717948718,0.6433363499245852,50.0,0.0,0.0,0.026153846153846194,0.0,50.0
1627,0.2463768115942029,999.0,1.0,0.2391304347826087,0.0,0.0,0.0,0.23875882571534746,0.2276218722486155,0.0,0.0,0.0,0.007246376811594207,0.0,0.0
1628,1.0,999.0,0.0,1.0,0.0,1.0,65.0,0.7756410256410255,0.6215014747881454,3.0,2.0,1.0,0.25,3.0,0.0
1629,0.85,999.0,0.0,1.0,0.0,1.0,701.0,0.830952380952381,0.7964069264069265,50.0,6.0,3.0,0.016666666666666607,49.0,1.0
1630,0.4772727272727273,999.0,1.0,0.34782608695652173,0.0,0.0,0.0,0.44529780564263327,0.4281833099553089,0.0,0.0,0.0,0.043939393939393945,0.0,0.0
1631,0.3902439024390244,999.0,1.0,0.3902439024390244,0.0,0.0,0.0,0.3418931126248199,0.3284692009082253,0.0,0.0,0.0,0.06591957811470006,0.0,0.0
1632,0.6142857142857143,999.0,1.0,0.5625,0.0,0.0,0.0,0.5605828002842929,0.48181133901251627,3.0,0.0,0.0,0.05428571428571427,0.0,3.0
1633,0.7567567567567568,999.0,1.0,0.96,0.0,0.0,0.0,0.7138068300858998,0.6750776146124984,17.0,2.0,0.0,0.0,0.0,17.0
1634,0.7021276595744681,999.0,1.0,0.8571428571428571,0.0,0.0,0.0,0.6880851063829788,0.6407022042859698,12.0,2.0,0.0,0.0,0.0,12.0
1635,0.8,999.0,0.0,1.0,0.0,1.0,17.0,0.7861998985286657,0.7795906930525763,35.0,8.0,1.0,0.019178082191780854,14.0,21.0
1636,0.75,999.0,1.0,0.6739130434782609,0.0,0.0,0.0,0.6579025549613785,0.5918884086047154,3.0,1.0,0.0,0.13235294117647056,0.0,3.0
1637,1.0,999.0,0.0,1.0,0.0,1.0,175.0,0.7810457516339869,0.6751542575071987,4.0,1.0,1.0,0.32352941176470584,4.0,0.0
1638,1.0,999.0,0.0,1.0,0.0,1.0,272.0,0.8833333333333334,0.8384785133565622,258.0,22.0,3.0,0.15000000000000002,84.0,174.0
1639,0.6862745098039216,999.0,0.0,1.0,0.0,1.0,127.0,0.5760616137293124,0.5249731875738068,2.0,0.0,0.0,0.10732714138286892,2.0,0.0
1640,0.7142857142857143,999.0,1.0,0.7142857142857143,0.0,0.0,0.0,0.7047619047619048,0.6877694235588973,44.0,2.0,0.0,0.0,0.0,44.0
1641,0.475,999.0,1.0,0.5416666666666666,0.0,0.0,0.0,0.46432002956393204,0.45571620074489516,0.0,0.0,0.0,0.011585365853658491,0.0,0.0
1642,0.49206349206349204,999.0,1.0,0.34,0.0,0.0,0.0,0.420642168587374,0.3808558893877185,0.0,0.0,0.0,0.09206349206349201,0.0,0.0
1643,1.0,999.0,0.0,1.0,0.0,1.0,1098.0,0.8681159420289856,0.8341271409749671,160.0,15.0,3.0,0.19565217391304346,50.0,110.0
1644,0.55,999.0,0.0,1.0,0.0,1.0,8.0,0.5163372859025033,0.4924852983707703,2.0,0.0,0.0,0.02826086956521745,0.0,2.0
1645,1.0,999.0,0.0,1.0,0.0,1.0,176.0,0.8282777216043141,0.7665318503538928,49.0,3.0,1.0,0.2325581395348837,26.0,23.0
1646,1.0,999.0,0.0,1.0,0.0,1.0,4.0,0.7143317230273752,0.6105843279340721,3.0,1.0,1.0,0.4222222222222223,1.0,2.0
1647,0.525,999.0,1.0,0.4594594594594595,0.0,0.0,0.0,0.4927905308464849,0.4624696853032577,2.0,0.0,0.0,0.0128048780487805,0.0,2.0
1648,0.36363636363636365,999.0,1.0,0.3157894736842105,0.0,0.0,0.0,0.3295963295963296,0.3175188729195698,0.0,0.0,0.0,0.046176046176046204,0.0,0.0
1649,0.5,999.0,1.0,1.0,0.0,0.0,0.0,0.49275362318840576,0.4808340727595386,2.0,0.0,0.0,0.0,0.0,2.0
1650,1.0,999.0,0.0,1.0,0.0,1.0,7.0,0.8283278818515214,0.7513978835120672,11.0,2.0,2.0,0.19298245614035092,2.0,9.0
1651,0.5789473684210527,999.0,1.0,0.4444444444444444,0.0,0.0,0.0,0.517560317303578,0.476798816644773,2.0,0.0,0.0,0.06675224646983313,0.0,2.0
1652,1.0,999.0,0.0,1.0,0.0,1.0,4.0,0.7978494623655914,0.7517399804496578,60.0,2.0,1.0,0.30000000000000004,1.0,59.0
1653,0.4666666666666667,999.0,1.0,0.6785714285714286,0.0,0.0,0.0,0.4403959515070626,0.4016896781839311,0.0,0.0,0.0,0.007207207207207189,0.0,0.0
1654,0.6629213483146067,999.0,0.0,1.0,0.0,1.0,196.0,0.6289785617440565,0.6160968144657887,47.0,0.0,0.0,0.05001812250815507,30.0,17.0
1655,0.6170212765957447,999.0,1.0,0.6170212765957447,0.0,0.0,0.0,0.6070626477541371,0.598295559666975,58.0,0.0,0.0,0.012854609929078054,0.0,58.0
1656,1.0,999.0,0.0,1.0,0.0,1.0,10.0,0.7651282051282052,0.6961139601139601,5.0,1.0,1.0,0.31999999999999995,1.0,4.0
1657,0.7419354838709677,999.0,1.0,0.6296296296296297,0.0,0.0,0.0,0.7120057055080097,0.694517339162411,8.0,2.0,0.0,0.03785385121790652,0.0,8.0
1658,1.0,999.0,0.0,1.0,0.0,1.0,1098.0,0.8455974842767295,0.7649446974625894,26.0,2.0,2.0,0.1132075471698113,13.0,13.0
1659,0.6666666666666666,999.0,1.0,0.7580645161290323,0.0,0.0,0.0,0.631986531986532,0.6003053403053403,7.0,0.0,0.0,0.048484848484848464,0.0,7.0
1660,1.0,999.0,0.0,1.0,0.0,1.0,36.0,0.8933333333333332,0.8719999999999999,10.0,10.0,9.0,0.16000000000000003,10.0,0.0
1661,1.0,999.0,0.0,1.0,0.0,1.0,2.0,0.8378623188405797,0.7451193520886615,25.0,2.0,2.0,0.17391304347826086,1.0,24.0
1662,0.6966292134831461,999.0,1.0,0.6610169491525424,0.0,0.0,0.0,0.6579125490726953,0.6447191686948933,75.0,0.0,0.0,0.05807499661567628,0.0,75.0
1663,1.0,999.0,0.0,1.0,0.0,1.0,1.0,0.9777777777777779,0.9604371584699454,399.0,46.0,14.0,0.033333333333333326,1.0,398.0
1664,0.34782608695652173,999.0,1.0,0.42857142857142855,0.0,0.0,0.0,0.3426993986000197,0.33759242827565805,0.0,0.0,0.0,0.0008873114463176512,0.0,0.0
1665,0.8518518518518519,999.0,0.0,1.0,0.0,1.0,201.0,0.7983184333759047,0.7789910600255429,303.0,15.0,1.0,0.05874840357598976,185.0,118.0
1666,0.6666666666666666,999.0,0.0,1.0,0.0,1.0,3.0,0.6338383838383838,0.5719309372797745,4.0,0.0,0.0,0.0,3.0,1.0
1667,0.9333333333333333,999.0,0.0,1.0,0.0,1.0,1073.0,0.8605222734254993,0.7837952481132706,26.0,3.0,3.0,0.09462365591397848,22.0,4.0
1668,0.43333333333333335,999.0,1.0,0.7037037037037037,0.0,0.0,0.0,0.38737060041407867,0.3686542443064182,0.0,0.0,0.0,0.05238095238095242,0.0,0.0
1669,1.0,999.0,0.0,1.0,0.0,1.0,6.0,0.5060041407867495,0.4001000690131125,1.0,1.0,1.0,0.7391304347826086,1.0,0.0
1670,0.5740740740740741,999.0,1.0,0.4523809523809524,0.0,0.0,0.0,0.5740740740740741,0.5463560334528077,4.0,0.0,0.0,0.0,0.0,4.0
1671,0.6818181818181818,999.0,1.0,0.7096774193548387,0.0,0.0,0.0,0.6534696559086802,0.6326980400438076,22.0,0.0,0.0,0.03737373737373728,0.0,22.0
1672,0.5813953488372093,999.0,1.0,0.7777777777777778,0.0,0.0,0.0,0.5745887691435054,0.5460625904550067,4.0,0.0,0.0,0.0,0.0,4.0
1673,0.8378378378378378,999.0,1.0,1.0,0.0,0.0,0.0,0.7443955583490468,0.7118855619597826,73.0,1.0,1.0,0.14016341923318665,0.0,73.0
1674,0.5882352941176471,999.0,1.0,0.37254901960784315,0.0,0.0,0.0,0.5533352096819589,0.4992340025215041,3.0,0.0,0.0,0.042780748663101664,0.0,3.0
1675,0.6842105263157895,999.0,1.0,0.5897435897435898,0.0,0.0,0.0,0.656547433184147,0.6064702659305551,5.0,0.0,0.0,0.008534850640113834,0.0,5.0
1676,0.7945205479452054,999.0,1.0,0.5666666666666667,0.0,0.0,0.0,0.5873835932676932,0.48100158453204445,2.0,1.0,0.0,0.17256932843301032,0.0,2.0
1677,1.0,999.0,0.0,1.0,0.0,1.0,17.0,0.8514096185737977,0.7749285828919917,20.0,3.0,2.0,0.17910447761194026,3.0,17.0
1678,0.7837837837837838,999.0,1.0,0.6382978723404256,0.0,0.0,0.0,0.6883562855785078,0.6180108795021076,4.0,1.0,0.0,0.10477143810477141,0.0,4.0
1679,1.0,999.0,0.0,1.0,0.0,1.0,26.0,0.9285714285714285,0.8207792207792208,17.0,3.0,2.0,0.0,14.0,3.0
1680,0.6,999.0,1.0,0.5283018867924528,0.0,0.0,0.0,0.5469945355191257,0.521030192728211,3.0,0.0,0.0,0.05901639344262288,0.0,3.0
1681,0.4222222222222222,999.0,1.0,0.5882352941176471,0.0,0.0,0.0,0.3604377104377104,0.3337068453295634,0.0,0.0,0.0,0.07222222222222224,0.0,0.0
1682,1.0,999.0,0.0,1.0,0.0,1.0,1.0,0.7913279132791328,0.7347967479674796,21.0,2.0,1.0,0.29268292682926833,1.0,20.0
1683,0.5454545454545454,999.0,1.0,0.5555555555555556,0.0,0.0,0.0,0.5240960589797798,0.4834050038089206,2.0,0.0,0.0,0.006993006993006978,0.0,2.0
1684,0.9090909090909091,999.0,1.0,0.76,0.0,0.0,0.0,0.726046176046176,0.6626547326547326,13.0,1.0,1.0,0.25909090909090904,0.0,13.0
1685,0.828125,999.0,0.0,1.0,0.0,1.0,10.0,0.7833623652917131,0.7367401435811661,11.0,3.0,1.0,0.06000905797101452,5.0,6.0
1686,0.5111111111111111,999.0,1.0,0.5789473684210527,0.0,0.0,0.0,0.48695533769063176,0.47083081950729005,1.0,0.0,0.0,0.031944444444444386,0.0,1.0
1687,1.0,999.0,0.0,1.0,0.0,1.0,15.0,0.8949096880131363,0.8360046363372936,21.0,5.0,3.0,0.1428571428571429,0.0,21.0
1688,0.4146341463414634,999.0,1.0,0.5,0.0,0.0,0.0,0.41134339914827717,0.40559391827684516,0.0,0.0,0.0,0.0,0.0,0.0
1689,1.0,999.0,0.0,1.0,0.0,1.0,39.0,0.7023809523809524,0.6254285714285714,6.0,1.0,1.0,0.41666666666666663,5.0,1.0
1690,1.0,999.0,0.0,1.0,0.0,1.0,11.0,0.8930555555555556,0.8493537414965987,86.0,9.0,4.0,0.1333333333333333,2.0,84.0
1691,1.0,999.0,0.0,1.0,0.0,1.0,108.0,1.0,1.0,27.0,16.0,8.0,0.0,27.0,0.0
1692,0.4852941176470588,999.0,1.0,0.56,0.0,0.0,0.0,0.4679543459174715,0.44418530596318134,0.0,0.0,0.0,0.022607550482879712,0.0,0.0
1693,0.6,999.0,1.0,0.6,0.0,0.0,0.0,0.5255813953488372,0.49205338266384774,1.0,0.0,0.0,0.11162790697674418,0.0,1.0
1694,1.0,999.0,1.0,1.0,0.0,0.0,0.0,0.7523809523809524,0.6624498049978333,6.0,1.0,1.0,0.37142857142857144,0.0,6.0
1695,0.6666666666666666,999.0,0.0,1.0,0.0,1.0,646.0,0.6032206119162641,0.579564284781676,6.0,0.0,0.0,0.0888888888888889,6.0,0.0
1696,1.0,999.0,0.0,1.0,0.0,1.0,10.0,0.8234610917537747,0.7523646313016463,15.0,3.0,1.0,0.24390243902439024,1.0,14.0
1697,0.5,999.0,1.0,0.5,0.0,0.0,0.0,0.45131578947368417,0.4152245732076195,1.0,0.0,0.0,0.025000000000000022,0.0,1.0
1698,0.7,999.0,1.0,0.38095238095238093,0.0,0.0,0.0,0.6036582036582037,0.5165239265239265,2.0,1.0,0.0,0.048484848484848464,0.0,2.0
1699,1.0,999.0,0.0,1.0,0.0,1.0,4.0,0.6553030303030303,0.5609514260249554,2.0,1.0,1.0,0.48863636363636365,1.0,1.0
1700,1.0,999.0,0.0,1.0,0.0,1.0,137.0,0.7506775067750677,0.6813588850174217,5.0,1.0,1.0,0.33333333333333337,5.0,0.0
1701,0.7538461538461538,999.0,1.0,0.5,0.0,0.0,0.0,0.7538461538461538,0.6955509355509355,15.0,3.0,0.0,0.0,0.0,15.0
1702,0.7678571428571429,999.0,0.0,1.0,0.0,1.0,1.0,0.6834801424953384,0.6297885463266961,5.0,1.0,0.0,0.09544334975369462,1.0,4.0
1703,0.7142857142857143,999.0,1.0,0.8372093023255814,0.0,0.0,0.0,0.6826127819548873,0.6627422723475356,36.0,1.0,0.0,0.043233082706766957,0.0,36.0
1704,0.6666666666666666,999.0,1.0,0.4915254237288136,0.0,0.0,0.0,0.6093189964157707,0.5941628264208909,11.0,0.0,0.0,0.08602150537634401,0.0,11.0
1705,0.375,999.0,1.0,0.5111111111111111,0.0,0.0,0.0,0.3670083490593012,0.3599197241502954,0.0,0.0,0.0,0.007183908045977017,0.0,0.0
1706,0.6785714285714286,999.0,0.0,1.0,0.0,1.0,3.0,0.6707717569786537,0.6584098980410128,24.0,0.0,0.0,0.0,1.0,23.0
1707,0.7272727272727273,999.0,1.0,0.6444444444444445,0.0,0.0,0.0,0.6460421056237903,0.5846375264734938,3.0,1.0,0.0,0.10658307210031348,0.0,3.0
1708,0.8648648648648649,999.0,0.0,1.0,0.0,1.0,1073.0,0.8060070036814223,0.7883661069707582,276.0,15.0,1.0,0.07915057915057921,151.0,125.0
1709,0.7954545454545454,999.0,1.0,0.75,0.0,0.0,0.0,0.7506587615283267,0.7312463207467832,8.0,5.0,0.0,0.05632411067193677,0.0,8.0
1710,0.6388888888888888,999.0,1.0,0.6923076923076923,0.0,0.0,0.0,0.5227803145611364,0.4555691258183418,1.0,0.0,0.0,0.15943683409436832,0.0,1.0
1711,0.6938775510204082,999.0,0.0,1.0,0.0,1.0,2.0,0.6431443688586546,0.5551704409438399,3.0,0.0,0.0,0.013877551020408108,1.0,2.0
1712,0.425,999.0,1.0,0.4838709677419355,0.0,0.0,0.0,0.4083333333333334,0.40313953488372095,0.0,0.0,0.0,0.024999999999999967,0.0,0.0
1713,1.0,999.0,0.0,1.0,0.0,1.0,18.0,0.8503578399479506,0.7627421764962429,9.0,3.0,1.0,0.2075471698113207,4.0,5.0
1714,1.0,999.0,0.0,1.0,0.0,1.0,462.0,0.7419871794871794,0.6518589743589743,5.0,1.0,1.0,0.3125,3.0,2.0
1715,0.4318181818181818,999.0,1.0,0.5102040816326531,0.0,0.0,0.0,0.3932147562582345,0.36711164945386543,0.0,0.0,0.0,0.0318181818181818,0.0,0.0
1716,0.6607142857142857,999.0,1.0,0.5964912280701754,0.0,0.0,0.0,0.6508980785296575,0.645711260910898,44.0,0.0,0.0,0.01159147869674182,0.0,44.0
1717,1.0,999.0,0.0,1.0,0.0,1.0,52.0,0.7799036281179138,0.6901239950525665,4.0,1.0,1.0,0.30612244897959184,4.0,0.0
1718,0.43333333333333335,999.0,1.0,0.36363636363636365,0.0,0.0,0.0,0.42818068323686304,0.4145064491578041,0.0,0.0,0.0,0.006367041198501899,0.0,0.0
1719,1.0,999.0,0.0,1.0,0.0,1.0,1073.0,0.9595959595959597,0.9142191142191143,560.0,36.0,5.0,0.0,321.0,239.0
1720,1.0,999.0,0.0,1.0,0.0,1.0,201.0,0.906993006993007,0.8679430808842573,316.0,42.0,6.0,0.11538461538461542,188.0,128.0
1721,0.7924528301886793,999.0,1.0,0.7843137254901961,0.0,0.0,0.0,0.7495778727886729,0.7219344003266803,5.0,3.0,0.0,0.060309973045822196,0.0,5.0
1722,1.0,999.0,0.0,1.0,0.0,1.0,23.0,0.6984126984126985,0.6263492063492064,4.0,1.0,1.0,0.45238095238095233,1.0,3.0
1723,0.5365853658536586,999.0,1.0,0.6,0.0,0.0,0.0,0.5362950058072009,0.5352489745512283,8.0,0.0,0.0,0.0,0.0,8.0
1724,1.0,999.0,0.0,1.0,0.0,1.0,5.0,0.8090815273477813,0.7596170124635573,13.0,3.0,1.0,0.27450980392156865,1.0,12.0
1725,1.0,999.0,0.0,1.0,0.0,1.0,3.0,0.5692613517472275,0.4814292193417974,1.0,1.0,1.0,0.6440677966101696,1.0,0.0
1726,0.8461538461538461,999.0,1.0,0.8873239436619719,0.0,0.0,0.0,0.7638411432803957,0.7143046859682374,48.0,2.0,1.0,0.06433566433566429,0.0,48.0
1727,0.7777777777777778,999.0,1.0,0.66,0.0,0.0,0.0,0.7260555915737911,0.6895353513145107,10.0,2.0,0.0,0.06591337099811678,0.0,10.0
1728,0.6551724137931034,999.0,1.0,0.6551724137931034,0.0,0.0,0.0,0.5214211076280042,0.42567317739731536,2.0,0.0,0.0,0.04911180773249735,0.0,2.0
1729,0.38461538461538464,999.0,1.0,0.40540540540540543,0.0,0.0,0.0,0.3294189470660059,0.3140826904475625,0.0,0.0,0.0,0.0750915750915751,0.0,0.0
1730,1.0,999.0,0.0,1.0,0.0,1.0,10.0,0.7338998211091234,0.6218024776994877,2.0,2.0,1.0,0.2790697674418605,2.0,0.0
1731,0.5066666666666667,999.0,1.0,0.4745762711864407,0.0,0.0,0.0,0.49794871794871803,0.44762656680709423,2.0,0.0,0.0,0.00666666666666671,0.0,2.0
1732,0.5208333333333334,999.0,1.0,0.4418604651162791,0.0,0.0,0.0,0.5072008547008547,0.4825023310023311,2.0,0.0,0.0,0.0008333333333333526,0.0,2.0
1733,0.6333333333333333,999.0,1.0,0.5,0.0,0.0,0.0,0.5960044655972737,0.5755906509275277,12.0,0.0,0.0,0.043169398907103806,0.0,12.0
1734,0.7922077922077922,999.0,1.0,0.9016393442622951,0.0,0.0,0.0,0.7072906571040899,0.6310997463751301,5.0,2.0,0.0,0.029707792207792294,0.0,5.0
1735,1.0,999.0,0.0,1.0,0.0,1.0,11.0,0.8628117913832201,0.7695389266817838,5.0,4.0,2.0,0.16666666666666663,2.0,3.0
1736,0.6904761904761905,999.0,0.0,1.0,0.0,1.0,646.0,0.6704623878536923,0.649294621792094,7.0,0.0,0.0,0.0,7.0,0.0
1737,0.6875,999.0,1.0,0.5454545454545454,0.0,0.0,0.0,0.624515503875969,0.5874049544994944,7.0,0.0,0.0,0.08284883720930236,0.0,7.0
1738,0.6666666666666666,999.0,1.0,0.6,0.0,0.0,0.0,0.6439909297052154,0.6271939545048789,6.0,0.0,0.0,0.0340136054421768,0.0,6.0
1739,0.6590909090909091,999.0,0.0,1.0,0.0,1.0,1.0,0.5820158102766798,0.500152882392423,3.0,0.0,0.0,0.09387351778656128,1.0,2.0
1740,0.7209302325581395,999.0,1.0,0.8222222222222222,0.0,0.0,0.0,0.664552501761804,0.6445356968612782,18.0,1.0,0.0,0.08456659619450313,0.0,18.0
1741,0.9259259259259259,999.0,1.0,0.918918918918919,0.0,0.0,0.0,0.7388835212023617,0.6479227863135438,4.0,2.0,1.0,0.18592592592592594,0.0,4.0
1742,1.0,999.0,0.0,1.0,0.0,1.0,6.0,0.693076923076923,0.5775246169401882,3.0,1.0,1.0,0.43999999999999995,1.0,2.0
1743,1.0,999.0,0.0,1.0,0.0,1.0,1098.0,0.8363320707070706,0.7776234182484182,46.0,4.0,1.0,0.203125,29.0,17.0
1744,0.42105263157894735,999.0,1.0,0.4838709677419355,0.0,0.0,0.0,0.4136362919878312,0.4091341561450797,0.0,0.0,0.0,0.005958291956305817,0.0,0.0
1745,0.6,999.0,0.0,1.0,0.0,1.0,175.0,0.5640522875816992,0.5481283422459893,9.0,0.0,0.0,0.04117647058823526,1.0,8.0
1746,1.0,999.0,0.0,1.0,0.0,1.0,9.0,0.7098953056399865,0.6196428571428572,3.0,1.0,1.0,0.38095238095238093,1.0,2.0
1747,0.49230769230769234,999.0,1.0,0.71875,0.0,0.0,0.0,0.49214489214489215,0.4822242238635681,0.0,0.0,0.0,0.00024420024420029884,0.0,0.0
1748,0.5192307692307693,999.0,1.0,0.7272727272727273,0.0,0.0,0.0,0.5094405594405594,0.5024385292127228,4.0,0.0,0.0,0.010139860139860235,0.0,4.0
1749,0.7727272727272727,999.0,0.0,1.0,0.0,1.0,5.0,0.7431549537932516,0.7240962819686224,51.0,4.0,0.0,0.039393939393939426,5.0,46.0
1750,0.6705882352941176,999.0,1.0,0.532258064516129,0.0,0.0,0.0,0.6115529051252779,0.57676299766064,6.0,0.0,0.0,0.0683155080213903,0.0,6.0
1751,0.6818181818181818,999.0,1.0,0.6,0.0,0.0,0.0,0.6138273491214667,0.5819464848876613,7.0,0.0,0.0,0.09358288770053469,0.0,7.0
1752,0.25,999.0,1.0,0.2631578947368421,0.0,0.0,0.0,0.1954901960784314,0.18045201238390093,0.0,0.0,0.0,0.07352941176470587,0.0,0.0
1753,0.6470588235294118,999.0,0.0,1.0,0.0,1.0,1073.0,0.6470588235294118,0.6470588235294118,41.0,0.0,0.0,0.0,34.0,7.0
1754,0.85,999.0,0.0,1.0,0.0,1.0,158.0,0.8227272727272728,0.805289480167529,268.0,24.0,3.0,0.031818181818181746,55.0,213.0
1755,1.0,999.0,0.0,1.0,0.0,1.0,31.0,0.8019858156028369,0.7204647248613527,7.0,2.0,1.0,0.23404255319148937,6.0,1.0
1756,0.8387096774193549,999.0,1.0,0.7961165048543689,0.0,0.0,0.0,0.6276524883433248,0.5680444844589864,3.0,1.0,1.0,0.3165857836140451,0.0,3.0
1757,0.47058823529411764,999.0,1.0,0.48484848484848486,0.0,0.0,0.0,0.4705882352941176,0.444067649232642,0.0,0.0,0.0,0.0,0.0,0.0
1758,0.855072463768116,999.0,0.0,1.0,0.0,1.0,3.0,0.7637342002514725,0.7277142043614098,18.0,2.0,1.0,0.11757246376811592,3.0,15.0
1759,0.6724137931034483,999.0,1.0,0.6666666666666666,0.0,0.0,0.0,0.6487037397810824,0.6324378096648604,72.0,0.0,0.0,0.028345996493278847,0.0,72.0
1760,0.8153846153846154,999.0,0.0,1.0,0.0,1.0,10.0,0.7952803854033003,0.7743904534642023,40.0,5.0,1.0,0.024339839265212437,3.0,37.0
1761,0.47058823529411764,999.0,1.0,0.45454545454545453,0.0,0.0,0.0,0.44273909223360364,0.4263480623862327,0.0,0.0,0.0,0.0315638450502152,0.0,0.0
1762,0.5846153846153846,999.0,1.0,0.52,0.0,0.0,0.0,0.5192814277920662,0.4860722875166987,1.0,0.0,0.0,0.09010989010989012,0.0,1.0
1763,0.5348837209302325,999.0,1.0,0.5121951219512195,0.0,0.0,0.0,0.5348837209302325,0.5302325581395348,6.0,0.0,0.0,0.0,0.0,6.0
1764,0.5806451612903226,999.0,1.0,0.6153846153846154,0.0,0.0,0.0,0.5317847415563604,0.5162137020766734,4.0,0.0,0.0,0.07318247472315842,0.0,4.0
1765,0.6216216216216216,999.0,0.0,1.0,0.0,1.0,244.0,0.5939015939015939,0.5507854007854008,4.0,0.0,0.0,0.0,2.0,2.0
1766,1.0,999.0,0.0,1.0,0.0,1.0,220.0,0.7758620689655172,0.6367723021080554,3.0,2.0,2.0,0.1724137931034483,3.0,0.0
1767,0.9821428571428571,999.0,1.0,0.9433962264150944,0.0,0.0,0.0,0.7950023720571665,0.7270014232342998,39.0,2.0,1.0,0.2094155844155844,0.0,39.0
1768,0.9393939393939394,999.0,1.0,0.7586206896551724,0.0,0.0,0.0,0.9301841948900772,0.8960190136660724,112.0,9.0,4.0,0.0,0.0,112.0
1769,0.5058823529411764,999.0,1.0,0.5660377358490566,0.0,0.0,0.0,0.46597593582887703,0.45154817831975613,1.0,0.0,0.0,0.05133689839572192,0.0,1.0
1770,0.6888888888888889,999.0,1.0,0.639344262295082,0.0,0.0,0.0,0.6633645693886657,0.6450482389327424,76.0,0.0,0.0,0.03828647925033468,0.0,76.0
1771,0.6956521739130435,999.0,1.0,0.5111111111111111,0.0,0.0,0.0,0.6587214595983321,0.6146060951322185,4.0,0.0,0.0,0.04259094942324759,0.0,4.0
1772,1.0,999.0,0.0,1.0,0.0,1.0,974.0,0.8373742371763154,0.7962578756391225,111.0,8.0,1.0,0.2325581395348837,38.0,73.0
1773,0.9047619047619048,999.0,0.0,1.0,0.0,1.0,9.0,0.8088336783988958,0.7520636322933287,18.0,3.0,1.0,0.14389233954451341,9.0,9.0
1774,0.5531914893617021,999.0,1.0,0.6,0.0,0.0,0.0,0.5292353757553901,0.5141159714619424,3.0,0.0,0.0,0.027767760548142784,0.0,3.0
1775,0.9852941176470589,999.0,1.0,0.9615384615384616,0.0,0.0,0.0,0.9370559818130152,0.8975277067348679,206.0,19.0,11.0,0.0,0.0,206.0
1776,0.5641025641025641,999.0,1.0,0.5641025641025641,0.0,0.0,0.0,0.5289325331878524,0.4803631829163744,2.0,0.0,0.0,0.03076923076923077,0.0,2.0
1777,0.35106382978723405,999.0,1.0,0.3875,0.0,0.0,0.0,0.348566505128925,0.3469943092076232,0.0,0.0,0.0,0.0016662394257882518,0.0,0.0
1778,0.6666666666666666,999.0,1.0,0.7777777777777778,0.0,0.0,0.0,0.6560587002096435,0.6120702333883855,6.0,0.0,0.0,0.006666666666666599,0.0,6.0
1779,0.9090909090909091,999.0,0.0,1.0,0.0,1.0,1.0,0.7474747474747474,0.7151515151515151,29.0,1.0,1.0,0.24242424242424243,1.0,28.0
1780,1.0,999.0,0.0,1.0,0.0,1.0,17.0,0.8113207547169811,0.7500922941839697,36.0,3.0,1.0,0.28301886792452835,3.0,33.0
1781,1.0,999.0,0.0,1.0,0.0,1.0,974.0,0.9166666666666666,0.8181159420289855,28.0,3.0,2.0,0.0,20.0,8.0
1782,0.8076923076923077,999.0,0.0,1.0,0.0,1.0,15.0,0.75,0.7194472029129427,14.0,3.0,1.0,0.07692307692307698,4.0,10.0
1783,1.0,999.0,0.0,1.0,0.0,1.0,175.0,0.8431372549019608,0.8030252100840336,33.0,14.0,1.0,0.23529411764705888,25.0,8.0
1784,0.4024390243902439,999.0,1.0,0.35294117647058826,0.0,0.0,0.0,0.3959148850747767,0.39270614526761066,0.0,0.0,0.0,0.00737729599518222,0.0,0.0
1785,0.8275862068965517,999.0,1.0,0.7317073170731707,0.0,0.0,0.0,0.7267774730059213,0.6815383255082712,33.0,2.0,1.0,0.11546499477533956,0.0,33.0
1786,0.8352941176470589,999.0,1.0,0.5142857142857142,0.0,0.0,0.0,0.8089458772014552,0.7870916642519076,126.0,20.0,2.0,0.013865546218487457,0.0,126.0
1787,0.717948717948718,999.0,0.0,1.0,0.0,1.0,7.0,0.6777693983576336,0.6422574157868276,12.0,1.0,0.0,0.041478129713423795,4.0,8.0
1788,0.36666666666666664,999.0,1.0,0.5079365079365079,0.0,0.0,0.0,0.2962558356676004,0.2764473281771113,0.0,0.0,0.0,0.09666666666666662,0.0,0.0
1789,0.7469879518072289,999.0,1.0,0.676923076923077,0.0,0.0,0.0,0.7019591600001848,0.663830780074294,21.0,2.0,0.0,0.008351588170865232,0.0,21.0
1790,0.75,999.0,1.0,0.675,0.0,0.0,0.0,0.7191358024691358,0.7104040404040404,113.0,4.0,0.0,0.04629629629629628,0.0,113.0
1791,1.0,999.0,0.0,1.0,0.0,1.0,6.0,0.9133333333333334,0.8063448275862071,7.0,4.0,2.0,0.0,1.0,6.0
1792,0.8125,999.0,0.0,1.0,0.0,1.0,201.0,0.8042257683215129,0.779555068836045,317.0,16.0,2.0,0.003989361702127714,188.0,129.0
1793,1.0,999.0,0.0,1.0,0.0,1.0,9.0,0.630821559392988,0.5458502295047145,1.0,1.0,1.0,0.5306122448979591,1.0,0.0
1794,0.851063829787234,999.0,1.0,0.7575757575757576,0.0,0.0,0.0,0.7929762739793135,0.7604011490029727,160.0,6.0,2.0,0.034737299174989134,0.0,160.0
1795,0.5441176470588235,999.0,1.0,0.36507936507936506,0.0,0.0,0.0,0.5147058823529411,0.5001680672268908,2.0,0.0,0.0,0.03665496049165928,0.0,2.0
1796,0.7560975609756098,999.0,0.0,1.0,0.0,1.0,42.0,0.7383743438763292,0.7220289353301265,17.0,4.0,0.0,0.018002322880371624,17.0,0.0
1797,1.0,999.0,0.0,1.0,0.0,1.0,37.0,0.8371197535618021,0.7938861079022804,15.0,6.0,1.0,0.22448979591836737,11.0,4.0
1798,0.8181818181818182,999.0,1.0,0.7678571428571429,0.0,0.0,0.0,0.7676767676767677,0.7046536796536798,20.0,2.0,2.0,0.0,0.0,20.0
1799,0.4888888888888889,999.0,1.0,0.6521739130434783,0.0,0.0,0.0,0.4106027596223674,0.39020402030544016,0.0,0.0,0.0,0.11633986928104573,0.0,0.0
1800,0.5714285714285714,999.0,1.0,0.8709677419354839,0.0,0.0,0.0,0.5334054834054834,0.5127099567099567,2.0,0.0,0.0,0.025974025974025983,0.0,2.0
1801,0.5851063829787234,999.0,1.0,0.5151515151515151,0.0,0.0,0.0,0.4967494089834516,0.471549645390071,1.0,0.0,0.0,0.1267730496453901,0.0,1.0
1802,0.8571428571428571,999.0,0.0,1.0,0.0,1.0,158.0,0.8147840531561462,0.7817275747508307,164.0,5.0,2.0,0.019933554817275656,41.0,123.0
1803,0.6,999.0,0.0,1.0,0.0,1.0,123.0,0.5608195902048975,0.5150902389714234,3.0,0.0,0.0,0.034782608695652195,3.0,0.0
1804,1.0,999.0,0.0,1.0,0.0,1.0,3.0,0.8807066916823013,0.8345215759849905,122.0,9.0,2.0,0.14634146341463417,3.0,119.0
1805,0.5094339622641509,999.0,1.0,0.4358974358974359,0.0,0.0,0.0,0.5001143510577474,0.48044478618323777,2.0,0.0,0.0,0.009433962264150941,0.0,2.0
1806,1.0,999.0,0.0,1.0,0.0,1.0,9.0,0.7492858712370908,0.5941655659899086,3.0,2.0,1.0,0.29268292682926833,1.0,2.0
1807,0.7317073170731707,999.0,1.0,0.7105263157894737,0.0,0.0,0.0,0.5783093096631449,0.5343881832004843,2.0,1.0,0.0,0.20996818663838812,0.0,2.0
1808,0.37777777777777777,999.0,1.0,0.37777777777777777,0.0,0.0,0.0,0.34865319865319866,0.33323038073038075,0.0,0.0,0.0,0.02777777777777779,0.0,0.0
1809,0.8870967741935484,999.0,1.0,1.0,0.0,0.0,0.0,0.8150462440785021,0.7782585156778705,98.0,5.0,2.0,0.05632754342431756,0.0,98.0
1810,0.7777777777777778,999.0,0.0,1.0,0.0,1.0,2.0,0.6233337025959159,0.559238056439999,2.0,1.0,0.0,0.16013071895424835,2.0,0.0
1811,0.631578947368421,999.0,1.0,0.4888888888888889,0.0,0.0,0.0,0.4715917290287999,0.43678915322322676,1.0,0.0,0.0,0.23968705547652913,0.0,1.0
1812,0.84,999.0,1.0,0.703125,0.0,0.0,0.0,0.8115885505758924,0.7909531303455355,29.0,13.0,1.0,0.04253164556962019,0.0,29.0
1813,0.38461538461538464,999.0,1.0,0.4126984126984127,0.0,0.0,0.0,0.3761824744834454,0.3692819652286744,0.0,0.0,0.0,0.009615384615384637,0.0,0.0
1814,1.0,999.0,0.0,1.0,0.0,1.0,46.0,0.82315191904233,0.7799964145832927,26.0,6.0,1.0,0.26027397260273977,6.0,20.0
1815,0.6206896551724138,999.0,1.0,0.68,0.0,0.0,0.0,0.5762147335423197,0.5445859829825347,4.0,0.0,0.0,0.05818965517241381,0.0,4.0
1816,0.58,999.0,0.0,1.0,0.0,1.0,1.0,0.4817135787194556,0.44064779195476633,1.0,0.0,0.0,0.10830188679245278,1.0,0.0
1817,0.5348837209302325,999.0,0.0,1.0,0.0,1.0,5.0,0.5269595176571921,0.5120090439276486,4.0,0.0,0.0,0.0,4.0,0.0
1818,0.75,999.0,0.0,1.0,0.0,1.0,22.0,0.7173913043478262,0.6772640509013786,23.0,2.0,0.0,0.0,9.0,14.0
1819,0.8823529411764706,999.0,0.0,1.0,0.0,1.0,201.0,0.8487414532549568,0.8314976192057214,316.0,46.0,5.0,0.03329633740288562,188.0,128.0
1820,0.5689655172413793,999.0,1.0,0.5909090909090909,0.0,0.0,0.0,0.4994229319766346,0.46122092336508524,1.0,0.0,0.0,0.07716223855285476,0.0,1.0
1821,1.0,999.0,0.0,1.0,0.0,1.0,646.0,0.9090909090909092,0.8734048560135518,68.0,7.0,4.0,0.13636363636363635,64.0,4.0
1822,0.7586206896551724,999.0,0.0,1.0,0.0,1.0,23.0,0.730126016385206,0.6999846196437909,45.0,2.0,0.0,0.02177858439201452,3.0,42.0
1823,0.9210526315789473,999.0,0.0,1.0,0.0,1.0,6.0,0.8065330477356181,0.7021578149113937,5.0,2.0,2.0,0.10855263157894735,1.0,4.0
1824,1.0,999.0,0.0,1.0,0.0,1.0,3.0,0.9333333333333335,0.7996059113300493,7.0,3.0,3.0,0.033333333333333326,1.0,6.0
1825,0.34615384615384615,999.0,1.0,0.3333333333333333,0.0,0.0,0.0,0.3415750915750915,0.3317526189050104,0.0,0.0,0.0,0.006868131868131844,0.0,0.0
1826,0.9210526315789473,999.0,0.0,1.0,0.0,1.0,670.0,0.8973684210526316,0.8735054803989335,126.0,22.0,9.0,0.0,59.0,67.0
1827,1.0,999.0,0.0,1.0,0.0,1.0,61.0,0.8110161443494777,0.7018426615200808,10.0,2.0,1.0,0.2592592592592593,5.0,5.0
1828,0.725,999.0,1.0,0.7058823529411765,0.0,0.0,0.0,0.6968161683277962,0.6785548172757476,156.0,2.0,0.0,0.010714285714285676,0.0,156.0
1829,0.8526315789473684,999.0,0.0,1.0,0.0,1.0,176.0,0.7931429881894277,0.7083205755223523,4.0,4.0,2.0,0.04152046783625729,4.0,0.0
1830,1.0,999.0,0.0,1.0,0.0,1.0,1073.0,0.9589442815249267,0.9089573025056896,295.0,16.0,7.0,0.032258064516129004,208.0,87.0
1831,0.6039603960396039,999.0,1.0,0.6506024096385542,0.0,0.0,0.0,0.5841584158415841,0.5782178217821782,17.0,0.0,0.0,0.02970297029702973,0.0,17.0
1832,0.5434782608695652,999.0,1.0,0.6511627906976745,0.0,0.0,0.0,0.5428743961352657,0.5298062703342206,7.0,0.0,0.0,0.0,0.0,7.0
1833,1.0,999.0,0.0,1.0,0.0,1.0,3.0,0.8965117962078448,0.8212404110580402,34.0,4.0,2.0,0.1063829787234043,1.0,33.0
1834,1.0,999.0,0.0,1.0,0.0,1.0,11.0,1.0,0.9338461538461539,15.0,6.0,4.0,0.0,2.0,13.0
1835,1.0,999.0,0.0,1.0,0.0,1.0,30.0,0.9415204678362573,0.8746906379377387,31.0,7.0,3.0,0.0,3.0,28.0
1836,1.0,999.0,0.0,1.0,0.0,1.0,9.0,1.0,0.9963636363636363,683.0,93.0,34.0,0.0,6.0,677.0
1837,0.5408163265306123,999.0,1.0,0.68,0.0,0.0,0.0,0.51036470143613,0.491804922427161,2.0,0.0,0.0,0.02970521541950122,0.0,2.0
1838,0.6451612903225806,999.0,0.0,1.0,0.0,1.0,3.0,0.6124762643116369,0.5817714728726964,5.0,0.0,0.0,0.03910068426197455,2.0,3.0
1839,0.8958333333333334,999.0,0.0,1.0,0.0,1.0,1073.0,0.8450854700854701,0.8320512820512821,130.0,12.0,6.0,0.0689102564102565,91.0,39.0
1840,1.0,999.0,0.0,1.0,0.0,1.0,20.0,0.7067852782138497,0.6244359640099332,4.0,1.0,1.0,0.41025641025641024,2.0,2.0
1841,1.0,999.0,0.0,1.0,0.0,1.0,4.0,0.7986456605859592,0.7335548072407255,6.0,2.0,1.0,0.29850746268656714,1.0,5.0
1842,0.7567567567567568,999.0,0.0,1.0,0.0,1.0,11.0,0.7395329540066382,0.7136384715909748,11.0,3.0,0.0,0.019914651493598945,10.0,1.0
1843,0.6730769230769231,999.0,1.0,0.5882352941176471,0.0,0.0,0.0,0.6587024087024087,0.6494172494172494,41.0,0.0,0.0,0.0064102564102564985,0.0,41.0
1844,0.4915254237288136,999.0,1.0,0.4146341463414634,0.0,0.0,0.0,0.4856808883693747,0.48069082967234256,0.0,0.0,0.0,0.008766803039158388,0.0,0.0
1845,1.0,999.0,0.0,1.0,0.0,1.0,974.0,0.7375886524822696,0.6693112152902994,12.0,1.0,1.0,0.3829787234042553,10.0,2.0
1846,0.8823529411764706,999.0,0.0,1.0,0.0,1.0,7.0,0.8690895886974318,0.8602199869846927,314.0,36.0,8.0,0.011982570806100212,7.0,307.0
1847,1.0,999.0,0.0,1.0,0.0,1.0,11.0,0.5974025974025974,0.49514901116680876,1.0,1.0,1.0,0.5714285714285714,1.0,0.0
1848,0.7540983606557377,999.0,1.0,0.6222222222222222,0.0,0.0,0.0,0.7322404371584699,0.6972161929643164,9.0,2.0,0.0,0.0,0.0,9.0
1849,1.0,999.0,0.0,1.0,0.0,1.0,22.0,0.7224932249322493,0.6213747228381374,3.0,1.0,1.0,0.36585365853658536,2.0,1.0
1850,0.5,999.0,1.0,0.5263157894736842,0.0,0.0,0.0,0.45083056478405314,0.36494278331487634,1.0,0.0,0.0,0.04285714285714287,0.0,1.0
1851,0.7647058823529411,999.0,0.0,1.0,0.0,1.0,1098.0,0.6879753850858082,0.6535120480940915,10.0,1.0,0.0,0.0795206971677559,5.0,5.0
1852,1.0,999.0,1.0,1.0,0.0,0.0,0.0,0.8051282051282053,0.7661538461538463,12.0,6.0,1.0,0.29230769230769227,0.0,12.0
1853,0.8604651162790697,999.0,1.0,0.8333333333333334,0.0,0.0,0.0,0.7743500500975583,0.7213051867536917,17.0,2.0,1.0,0.06454674893213097,0.0,17.0
1854,0.5,999.0,1.0,0.5238095238095238,0.0,0.0,0.0,0.46973270440251574,0.44748466897080375,1.0,0.0,0.0,0.028301886792452824,0.0,1.0
1855,0.3770491803278688,999.0,1.0,0.36363636363636365,0.0,0.0,0.0,0.34732048700987445,0.3253463151944304,0.0,0.0,0.0,0.010382513661202186,0.0,0.0
1856,0.7428571428571429,999.0,1.0,0.7428571428571429,0.0,0.0,0.0,0.6940476190476191,0.6417277167277168,9.0,2.0,0.0,0.02857142857142858,0.0,9.0
1857,0.38095238095238093,999.0,1.0,0.3333333333333333,0.0,0.0,0.0,0.36519856169418125,0.35242163470383525,0.0,0.0,0.0,0.01925025329280644,0.0,0.0
1858,0.7608695652173914,999.0,1.0,0.7608695652173914,0.0,0.0,0.0,0.4664571024592234,0.399249261475534,1.0,1.0,0.0,0.4394409937888199,0.0,1.0
1859,0.8541666666666666,999.0,1.0,0.7837837837837838,0.0,0.0,0.0,0.8541666666666666,0.8541666666666666,434.0,33.0,10.0,0.0,0.0,434.0
1860,0.6883116883116883,999.0,1.0,0.55,0.0,0.0,0.0,0.5170215040191399,0.46572760829383686,1.0,0.0,0.0,0.21917588584255254,0.0,1.0
1861,0.5121951219512195,999.0,1.0,0.5333333333333333,0.0,0.0,0.0,0.49295392953929545,0.47242552911359076,2.0,0.0,0.0,0.012195121951219523,0.0,2.0
1862,0.7241379310344828,999.0,1.0,0.6744186046511628,0.0,0.0,0.0,0.7222536272847183,0.7147081085742208,48.0,4.0,0.0,0.002826455624646673,0.0,48.0
1863,0.6666666666666666,999.0,1.0,0.8571428571428571,0.0,0.0,0.0,0.530389363722697,0.5028490028490029,1.0,0.0,0.0,0.20370370370370366,0.0,1.0
1864,0.7901234567901234,999.0,0.0,1.0,0.0,1.0,196.0,0.75663402866468,0.7251767159430248,193.0,2.0,0.0,0.0,18.0,175.0
1865,0.3013698630136986,999.0,1.0,0.2814814814814815,0.0,0.0,0.0,0.28914943146208255,0.2845958924154409,0.0,0.0,0.0,0.014703196347031933,0.0,0.0
1866,0.5882352941176471,999.0,1.0,0.7169811320754716,0.0,0.0,0.0,0.5442935079958106,0.5278419275822965,5.0,0.0,0.0,0.05302402651201332,0.0,5.0
1867,0.926829268292683,999.0,0.0,1.0,0.0,1.0,2.0,0.7715281234444998,0.6887144726944872,12.0,1.0,1.0,0.23295171727227482,1.0,11.0
1868,0.620253164556962,999.0,1.0,0.46875,0.0,0.0,0.0,0.6048992030004688,0.6018284106891703,123.0,0.0,0.0,0.02303094233473979,0.0,123.0
1869,1.0,999.0,1.0,0.9024390243902439,0.0,0.0,0.0,1.0,0.9161290322580644,23.0,9.0,3.0,0.0,0.0,23.0
1870,0.3048780487804878,999.0,1.0,0.45454545454545453,0.0,0.0,0.0,0.2915335212361607,0.2854108358212872,0.0,0.0,0.0,0.017206815903775485,0.0,0.0
1871,1.0,999.0,0.0,1.0,0.0,1.0,1098.0,0.8187531422825541,0.7744493775325418,123.0,6.0,1.0,0.2692307692307693,51.0,72.0
1872,0.4,999.0,1.0,0.7037037037037037,0.0,0.0,0.0,0.3921004060538944,0.3807147890868821,0.0,0.0,0.0,0.004651162790697716,0.0,0.0
1873,0.8431372549019608,999.0,0.0,1.0,0.0,1.0,244.0,0.7393790849673202,0.7030392156862744,19.0,1.0,1.0,0.1467086834733894,15.0,4.0
1874,0.717391304347826,999.0,1.0,0.7619047619047619,0.0,0.0,0.0,0.6929286207236518,0.6242736559506746,4.0,2.0,0.0,0.009057971014492683,0.0,4.0
1875,0.7868852459016393,999.0,1.0,0.6428571428571429,0.0,0.0,0.0,0.7868852459016393,0.763055149727971,125.0,6.0,0.0,0.0,0.0,125.0
1876,0.9272727272727272,999.0,0.0,1.0,0.0,1.0,1.0,0.8037145650048876,0.7679430247172183,32.0,5.0,1.0,0.1853372434017595,1.0,31.0
1877,0.9122807017543859,999.0,1.0,0.723404255319149,0.0,0.0,0.0,0.9122807017543858,0.8570458404074703,21.0,11.0,3.0,0.0,0.0,21.0
1878,0.8076923076923077,999.0,0.0,1.0,0.0,1.0,15.0,0.7952091767881241,0.7807961750265623,315.0,46.0,1.0,0.018218623481781382,1.0,314.0
1879,0.7727272727272727,999.0,0.0,1.0,0.0,1.0,14.0,0.7093731431966726,0.6702905525846703,9.0,2.0,0.0,0.06439393939393934,4.0,5.0
1880,0.819672131147541,999.0,1.0,0.7837837837837838,0.0,0.0,0.0,0.819672131147541,0.8022510398825545,234.0,23.0,3.0,0.0,0.0,234.0
1881,0.7804878048780488,999.0,1.0,0.7272727272727273,0.0,0.0,0.0,0.7168528611474184,0.5959236825004168,3.0,1.0,0.0,0.08483563096500535,0.0,3.0
1882,0.8222222222222222,999.0,1.0,0.7647058823529411,0.0,0.0,0.0,0.7774754346182918,0.7665252767773776,9.0,6.0,1.0,0.0671201814058957,0.0,9.0
1883,0.7222222222222222,999.0,1.0,0.7058823529411765,0.0,0.0,0.0,0.6916416416416417,0.6718142532776679,92.0,2.0,0.0,0.019519519519519468,0.0,92.0
1884,0.35802469135802467,999.0,1.0,0.39655172413793105,0.0,0.0,0.0,0.3566687527261004,0.3529682530703805,0.0,0.0,0.0,0.0008818342151675207,0.0,0.0
1885,1.0,999.0,0.0,1.0,0.0,1.0,28.0,0.7952380952380952,0.7283056478405315,18.0,2.0,1.0,0.2571428571428571,12.0,6.0
1886,0.9210526315789473,999.0,1.0,0.9032258064516129,0.0,0.0,0.0,0.7877867746288798,0.7395446516499148,15.0,2.0,1.0,0.17105263157894735,0.0,15.0
1887,0.53125,999.0,1.0,0.5416666666666666,0.0,0.0,0.0,0.5059121621621622,0.49569015444015446,2.0,0.0,0.0,0.03125,0.0,2.0
1888,1.0,999.0,0.0,1.0,0.0,1.0,4.0,0.80970625798212,0.7526658600524299,8.0,3.0,1.0,0.2777777777777778,1.0,7.0
1889,0.46218487394957986,999.0,1.0,0.5,0.0,0.0,0.0,0.4389101094983448,0.38746241588747143,0.0,0.0,0.0,0.007639419404125325,0.0,0.0
1890,1.0,999.0,0.0,1.0,0.0,1.0,9.0,0.9705882352941176,0.9316487158243578,176.0,22.0,12.0,0.0,9.0,167.0
1891,0.8888888888888888,999.0,0.0,1.0,0.0,1.0,74.0,0.860906685906686,0.8458857043339801,63.0,16.0,7.0,0.03434343434343434,42.0,21.0
1892,0.5777777777777777,999.0,1.0,0.5675675675675675,0.0,0.0,0.0,0.559098228663446,0.533352507042857,4.0,0.0,0.0,0.0,0.0,4.0
1893,1.0,999.0,0.0,1.0,0.0,1.0,6.0,0.7249950485244603,0.6397589338765809,5.0,1.0,1.0,0.38383838383838387,1.0,4.0
1894,1.0,999.0,0.0,1.0,0.0,1.0,5.0,0.8811934900542496,0.7935259829388241,17.0,3.0,2.0,0.12857142857142856,2.0,15.0
1895,0.896551724137931,999.0,0.0,1.0,0.0,1.0,2.0,0.8321839080459771,0.8026436781609195,34.0,6.0,3.0,0.096551724137931,2.0,32.0
1896,1.0,999.0,0.0,1.0,0.0,1.0,22.0,0.7897897897897898,0.7209326974032856,15.0,2.0,1.0,0.29729729729729726,12.0,3.0
1897,1.0,999.0,0.0,1.0,0.0,1.0,54.0,0.8187363834422658,0.7150876751075113,5.0,3.0,1.0,0.2549019607843137,4.0,1.0
1898,0.6470588235294118,999.0,1.0,0.8333333333333334,0.0,0.0,0.0,0.6215571159970837,0.6015851220815713,24.0,0.0,0.0,0.01848739495798324,0.0,24.0
1899,1.0,999.0,0.0,1.0,0.0,1.0,12.0,0.7728395061728395,0.6312037037037037,2.0,2.0,2.0,0.14814814814814814,2.0,0.0
1900,0.8157894736842105,999.0,0.0,1.0,0.0,1.0,12.0,0.7819548872180451,0.7548872180451128,16.0,5.0,2.0,0.0,12.0,4.0
1901,0.7592592592592593,999.0,1.0,0.8484848484848485,0.0,0.0,0.0,0.7419591822107545,0.737483201634145,104.0,5.0,0.0,0.023410202655485768,0.0,104.0
1902,0.34177215189873417,999.0,1.0,0.5111111111111111,0.0,0.0,0.0,0.3164556962025316,0.3108738752478267,0.0,0.0,0.0,0.03797468354430378,0.0,0.0
1903,1.0,999.0,0.0,1.0,0.0,1.0,7.0,0.6690385831752055,0.512192380674354,2.0,1.0,1.0,0.4193548387096774,1.0,1.0
1904,0.5176470588235295,999.0,1.0,0.4915254237288136,0.0,0.0,0.0,0.4950980392156863,0.4625760649087221,2.0,0.0,0.0,0.0,0.0,2.0
1905,0.5128205128205128,999.0,1.0,0.5,0.0,0.0,0.0,0.5042735042735043,0.5001544640098856,3.0,0.0,0.0,0.012820512820512775,0.0,3.0
1906,0.647887323943662,999.0,1.0,0.6071428571428571,0.0,0.0,0.0,0.6361326114847241,0.6207342932589938,16.0,0.0,0.0,0.008998435054773157,0.0,16.0
1907,0.6307692307692307,999.0,1.0,0.4528301886792453,0.0,0.0,0.0,0.5716003753623872,0.5485157807729879,16.0,0.0,0.0,0.06912539515279237,0.0,16.0
1908,1.0,999.0,0.0,1.0,0.0,1.0,1098.0,0.7557561486132914,0.7034721871331987,100.0,1.0,1.0,0.3653846153846154,45.0,55.0
1909,0.48717948717948717,999.0,1.0,0.6,0.0,0.0,0.0,0.4826495726495727,0.4806964629573326,0.0,0.0,0.0,0.0064102564102563875,0.0,0.0
1910,0.6222222222222222,999.0,1.0,0.7435897435897436,0.0,0.0,0.0,0.4423151896836108,0.3976295509686364,1.0,0.0,0.0,0.26837606837606837,0.0,1.0
1911,0.5113636363636364,999.0,1.0,0.6595744680851063,0.0,0.0,0.0,0.4732368695134652,0.461490804411401,1.0,0.0,0.0,0.04982517482517479,0.0,1.0
1912,1.0,999.0,0.0,1.0,0.0,1.0,2.0,0.7982042648709315,0.7371478829504752,22.0,2.0,1.0,0.2962962962962963,1.0,21.0
1913,1.0,999.0,0.0,1.0,0.0,1.0,4.0,0.6884221055263816,0.5863053886806304,2.0,1.0,1.0,0.41860465116279066,1.0,1.0
1914,1.0,999.0,0.0,1.0,0.0,1.0,1.0,0.8238615664845174,0.7620252732240437,16.0,3.0,1.0,0.23333333333333328,1.0,15.0
1915,0.6774193548387096,999.0,1.0,0.7083333333333334,0.0,0.0,0.0,0.6612903225806451,0.6211528291909042,6.0,0.0,0.0,0.0,0.0,6.0
1916,1.0,999.0,0.0,1.0,0.0,1.0,106.0,0.6929824561403509,0.6040247678018577,3.0,1.0,1.0,0.42105263157894735,2.0,1.0
1917,0.5147058823529411,999.0,1.0,0.68,0.0,0.0,0.0,0.47503133673560743,0.4080957251182875,1.0,0.0,0.0,0.05637254901960781,0.0,1.0
1918,0.40816326530612246,999.0,1.0,0.43478260869565216,0.0,0.0,0.0,0.3991907107670654,0.3950699820157948,0.0,0.0,0.0,0.011611541168191408,0.0,0.0
1919,1.0,999.0,0.0,1.0,0.0,1.0,9.0,0.8673913043478261,0.7543379165118296,12.0,2.0,2.0,0.050000000000000044,5.0,7.0
1920,0.5327868852459017,999.0,1.0,0.6493506493506493,0.0,0.0,0.0,0.44728128045389376,0.4201432426261597,1.0,0.0,0.0,0.11261881801901091,0.0,1.0
1921,1.0,999.0,0.0,1.0,0.0,1.0,10.0,0.743006993006993,0.6701944397066348,8.0,1.0,1.0,0.3846153846153846,2.0,6.0
1922,0.5636363636363636,999.0,1.0,0.7659574468085106,0.0,0.0,0.0,0.5504518872939926,0.5427467659046606,5.0,0.0,0.0,0.01977671451355656,0.0,5.0
1923,1.0,999.0,0.0,1.0,0.0,1.0,47.0,0.8335100742311772,0.771236479321315,14.0,2.0,2.0,0.19512195121951215,12.0,2.0
1924,1.0,999.0,0.0,1.0,0.0,1.0,97.0,0.8095238095238096,0.7541178333861261,9.0,2.0,1.0,0.26190476190476186,9.0,0.0
1925,0.5483870967741935,999.0,1.0,0.44,0.0,0.0,0.0,0.5348221670802316,0.5190984284532671,4.0,0.0,0.0,0.0,0.0,4.0
1926,0.8214285714285714,999.0,1.0,0.6857142857142857,0.0,0.0,0.0,0.7295881940460253,0.6076777284576903,3.0,2.0,1.0,0.09853700516351116,0.0,3.0
1927,1.0,999.0,0.0,1.0,0.0,1.0,670.0,1.0,1.0,370.0,56.0,14.0,0.0,278.0,92.0
1928,0.38823529411764707,999.0,1.0,0.36363636363636365,0.0,0.0,0.0,0.38811823236757387,0.3844237344516002,0.0,0.0,0.0,0.00017559262510974394,0.0,0.0
1929,0.675,999.0,0.0,1.0,0.0,1.0,1.0,0.4934684684684685,0.4460810810810811,1.0,0.0,0.0,0.2695945945945946,1.0,0.0
1930,0.8405797101449275,999.0,1.0,0.7857142857142857,0.0,0.0,0.0,0.8326869429135199,0.7848843944986015,286.0,10.0,3.0,0.0,0.0,286.0
1931,0.5774647887323944,999.0,1.0,0.35555555555555557,0.0,0.0,0.0,0.477081788979491,0.3892958305520988,2.0,0.0,0.0,0.0,0.0,2.0
1932,1.0,999.0,0.0,1.0,0.0,1.0,13.0,0.8206179928903472,0.7199661817146874,7.0,2.0,1.0,0.21739130434782605,3.0,4.0
1933,0.7796610169491526,999.0,1.0,0.6507936507936508,0.0,0.0,0.0,0.6897720631209819,0.6464990527619252,12.0,1.0,0.0,0.09000584453535942,0.0,12.0
1934,0.8490566037735849,999.0,0.0,1.0,0.0,1.0,670.0,0.833523918429579,0.8273870783304746,409.0,40.0,6.0,0.01572327044025157,314.0,95.0
1935,0.5272727272727272,999.0,0.0,1.0,0.0,1.0,55.0,0.48618830542649244,0.45689273104433886,1.0,0.0,0.0,0.05186289120715348,1.0,0.0
1936,0.8771929824561403,999.0,0.0,1.0,0.0,1.0,42.0,0.8135616819827346,0.7764128712586063,71.0,6.0,1.0,0.0914786967418546,32.0,39.0
1937,0.423728813559322,999.0,1.0,0.6,0.0,0.0,0.0,0.3950743554776284,0.37147084279477377,0.0,0.0,0.0,0.00706214689265533,0.0,0.0
1938,0.8392857142857143,999.0,1.0,1.0,0.0,0.0,0.0,0.768374192897498,0.735093070134922,7.0,3.0,1.0,0.07657384987893467,0.0,7.0
1939,0.7647058823529411,999.0,0.0,1.0,0.0,1.0,3.0,0.7233002291825822,0.6848242288700259,22.0,2.0,0.0,0.05042016806722682,2.0,20.0
1940,0.7708333333333334,999.0,0.0,1.0,0.0,1.0,9.0,0.708921845574388,0.681366020984665,12.0,1.0,0.0,0.09286723163841815,9.0,3.0
1941,0.45098039215686275,999.0,1.0,0.4222222222222222,0.0,0.0,0.0,0.4393827706521205,0.4314074401690501,0.0,0.0,0.0,0.012383900928792602,0.0,0.0
1942,1.0,999.0,0.0,1.0,0.0,1.0,10.0,0.8487945492662474,0.7794715347545536,21.0,3.0,1.0,0.20833333333333337,2.0,19.0
1943,0.9655172413793104,999.0,0.0,1.0,0.0,1.0,10.0,0.9544126241963764,0.9394161213363865,346.0,51.0,11.0,0.0,9.0,337.0
1944,0.66,999.0,1.0,0.45714285714285713,0.0,0.0,0.0,0.5620179547228727,0.528959406713505,3.0,0.0,0.0,0.14214285714285713,0.0,3.0
1945,0.5333333333333333,999.0,1.0,0.5535714285714286,0.0,0.0,0.0,0.4588235294117647,0.43329827565121687,1.0,0.0,0.0,0.10686274509803922,0.0,1.0
1946,1.0,999.0,0.0,1.0,0.0,1.0,1.0,0.696481641261624,0.5976869645549542,2.0,1.0,1.0,0.38596491228070173,1.0,1.0
1947,0.6617647058823529,999.0,1.0,0.6976744186046512,0.0,0.0,0.0,0.6554621848739496,0.6449615214506856,84.0,0.0,0.0,0.0,0.0,84.0
1948,0.9444444444444444,999.0,1.0,0.8431372549019608,0.0,0.0,0.0,0.7733337733337734,0.7216908958085428,59.0,2.0,1.0,0.2282282282282282,0.0,59.0
1949,0.8,999.0,1.0,0.7446808510638298,0.0,0.0,0.0,0.7388127853881278,0.6740380290329175,6.0,2.0,2.0,0.0,0.0,6.0
1950,0.631578947368421,999.0,0.0,1.0,0.0,1.0,1.0,0.5960997459918608,0.5772770724754992,11.0,0.0,0.0,0.035834266517357216,1.0,10.0
1951,0.7647058823529411,999.0,1.0,0.6486486486486487,0.0,0.0,0.0,0.7320261437908496,0.7058823529411764,64.0,2.0,0.0,0.0,0.0,64.0
1952,0.6486486486486487,999.0,1.0,0.578125,0.0,0.0,0.0,0.6447876447876447,0.6225276449157046,17.0,0.0,0.0,0.00579150579150578,0.0,17.0
1953,0.49230769230769234,999.0,1.0,0.4925373134328358,0.0,0.0,0.0,0.4547646383467279,0.4227946608706322,0.0,0.0,0.0,0.03076923076923077,0.0,0.0
1954,0.7682926829268293,999.0,1.0,0.54,0.0,0.0,0.0,0.6845220171778438,0.6561912464824169,94.0,1.0,0.0,0.11397169527250828,0.0,94.0
1955,1.0,999.0,0.0,1.0,0.0,1.0,12.0,0.7470531400966184,0.644231884057971,4.0,1.0,1.0,0.3188405797101449,1.0,3.0
1956,0.4,999.0,1.0,0.42424242424242425,0.0,0.0,0.0,0.38852258852258853,0.3854945054945055,0.0,0.0,0.0,0.015384615384615385,0.0,0.0
1957,0.9714285714285714,999.0,1.0,0.8679245283018868,0.0,0.0,0.0,0.8723905723905724,0.7883466241360978,58.0,3.0,2.0,0.026984126984127,0.0,58.0
1958,0.7647058823529411,999.0,0.0,1.0,0.0,1.0,7.0,0.7298769357592887,0.6796908673379262,9.0,3.0,0.0,0.042483660130718914,5.0,4.0
1959,0.7272727272727273,999.0,0.0,1.0,0.0,1.0,61.0,0.6720538720538721,0.6548484848484849,51.0,1.0,0.0,0.0828282828282828,8.0,43.0
1960,0.5961538461538461,999.0,1.0,1.0,0.0,0.0,0.0,0.4744532428355957,0.43271760464290016,1.0,0.0,0.0,0.16478129713423828,0.0,1.0
1961,0.8,999.0,0.0,1.0,0.0,1.0,1.0,0.6851648351648351,0.6360701984582582,8.0,1.0,1.0,0.12142857142857144,1.0,7.0
1962,0.6901408450704225,999.0,1.0,1.0,0.0,0.0,0.0,0.5411804158283031,0.42781909214270825,2.0,0.0,0.0,0.028169014084507005,0.0,2.0
1963,0.35,999.0,1.0,0.40540540540540543,0.0,0.0,0.0,0.31788048552754433,0.3071596135244855,0.0,0.0,0.0,0.04047619047619044,0.0,0.0
1964,1.0,999.0,0.0,1.0,0.0,1.0,17.0,0.6816961889425657,0.5615617446766941,2.0,1.0,1.0,0.3623188405797102,2.0,0.0
1965,0.5396825396825397,999.0,1.0,0.625,0.0,0.0,0.0,0.510815331710854,0.4943679869053003,2.0,0.0,0.0,0.024531024531024515,0.0,2.0
1966,0.7391304347826086,999.0,1.0,0.6595744680851063,0.0,0.0,0.0,0.6715311325818573,0.6479186795491143,13.0,1.0,0.0,0.09329710144927528,0.0,13.0
1967,0.37777777777777777,999.0,1.0,0.46153846153846156,0.0,0.0,0.0,0.35182461873638343,0.3363568257491676,0.0,0.0,0.0,0.023611111111111083,0.0,0.0
1968,1.0,999.0,0.0,1.0,0.0,1.0,76.0,0.7863247863247863,0.6524255024255023,3.0,2.0,1.0,0.28205128205128205,3.0,0.0
1969,0.3333333333333333,999.0,1.0,0.32432432432432434,0.0,0.0,0.0,0.32066869300911854,0.31362570560138947,0.0,0.0,0.0,0.014184397163120532,0.0,0.0
1970,0.7261904761904762,999.0,1.0,0.6756756756756757,0.0,0.0,0.0,0.6453968253968254,0.6138709424162817,12.0,1.0,0.0,0.09952380952380946,0.0,12.0
1971,1.0,999.0,0.0,1.0,0.0,1.0,10.0,0.7321428571428571,0.6607196765498652,11.0,1.0,1.0,0.375,1.0,10.0
1972,1.0,999.0,0.0,1.0,0.0,1.0,12.0,0.7909928708050774,0.635240883773369,3.0,2.0,2.0,0.14814814814814814,2.0,1.0
1973,1.0,999.0,0.0,1.0,0.0,1.0,2.0,0.7928921568627452,0.7345588235294118,7.0,1.0,1.0,0.3088235294117647,1.0,6.0
1974,0.3835616438356164,999.0,1.0,0.28169014084507044,0.0,0.0,0.0,0.3199591444364336,0.3010852175107215,0.0,0.0,0.0,0.08356164383561643,0.0,0.0
1975,0.696969696969697,999.0,1.0,0.7058823529411765,0.0,0.0,0.0,0.6510501433775091,0.6204087580586986,16.0,0.0,0.0,0.02049910873440286,0.0,16.0
1976,0.9090909090909091,999.0,1.0,0.8928571428571429,0.0,0.0,0.0,0.8679540923415127,0.8402028807834224,10.0,8.0,4.0,0.049935979513444306,0.0,10.0
1977,1.0,999.0,0.0,1.0,0.0,1.0,974.0,0.7163120567375887,0.6417872340425532,7.0,1.0,1.0,0.42553191489361697,6.0,1.0
1978,0.9047619047619048,999.0,0.0,1.0,0.0,1.0,701.0,0.8111955794882624,0.7718622752291894,49.0,5.0,1.0,0.13203463203463206,49.0,0.0
1979,0.574468085106383,999.0,1.0,0.6086956521739131,0.0,0.0,0.0,0.5311120032115616,0.49846312029428397,3.0,0.0,0.0,0.06503412284223209,0.0,3.0
1980,1.0,999.0,0.0,1.0,0.0,1.0,8.0,0.8221343873517787,0.7665355343718516,21.0,3.0,1.0,0.26086956521739135,4.0,17.0
1981,1.0,999.0,0.0,1.0,0.0,1.0,6.0,0.7426900584795321,0.6540886113589057,5.0,1.0,1.0,0.33333333333333337,1.0,4.0
1982,0.7954545454545454,999.0,0.0,1.0,0.0,1.0,701.0,0.7052025355596784,0.674652133580705,25.0,1.0,0.0,0.10795454545454541,25.0,0.0
1983,0.8095238095238095,999.0,1.0,0.7931034482758621,0.0,0.0,0.0,0.7196969696969697,0.68130939365907,13.0,1.0,1.0,0.11904761904761907,0.0,13.0
1984,0.8,999.0,0.0,1.0,0.0,1.0,55.0,0.7612647437803548,0.739131727624145,15.0,5.0,1.0,0.02807017543859658,9.0,6.0
1985,1.0,999.0,0.0,1.0,0.0,1.0,69.0,0.7418909592822637,0.6493898947182943,4.0,1.0,1.0,0.3695652173913043,3.0,1.0
1986,0.64,999.0,1.0,0.6274509803921569,0.0,0.0,0.0,0.5559259259259259,0.5015033935788912,2.0,0.0,0.0,0.05666666666666664,0.0,2.0
1987,0.5689655172413793,999.0,1.0,0.5689655172413793,0.0,0.0,0.0,0.536853652945607,0.5087788584340309,3.0,0.0,0.0,0.04588859416445623,0.0,3.0
1988,1.0,999.0,0.0,1.0,0.0,1.0,4.0,0.7101449275362318,0.6487910381543921,7.0,1.0,1.0,0.4347826086956522,1.0,6.0
1989,1.0,999.0,0.0,1.0,0.0,1.0,1.0,0.9471482240437158,0.9076079642769758,155.0,9.0,5.0,0.049180327868852514,1.0,154.0
1990,0.7540983606557377,999.0,1.0,0.49122807017543857,0.0,0.0,0.0,0.6110152430255967,0.5770005088383,10.0,1.0,0.0,0.21462467644521133,0.0,10.0
1991,0.6181818181818182,999.0,1.0,0.34545454545454546,0.0,0.0,0.0,0.5867091972355131,0.5064881777219999,3.0,0.0,0.0,0.02169059011164276,0.0,3.0
1992,0.8571428571428571,999.0,1.0,0.8285714285714286,0.0,0.0,0.0,0.7075324675324675,0.6427012987012987,12.0,2.0,1.0,0.13714285714285712,0.0,12.0
1993,0.5789473684210527,999.0,1.0,0.5714285714285714,0.0,0.0,0.0,0.5050391937290034,0.471023516237402,1.0,0.0,0.0,0.11086226203807392,0.0,1.0
1994,0.5185185185185185,999.0,1.0,0.3333333333333333,0.0,0.0,0.0,0.4986844768265533,0.45447550324599506,2.0,0.0,0.0,0.0,0.0,2.0
1995,0.7619047619047619,999.0,0.0,1.0,0.0,1.0,8.0,0.5150430542587405,0.4400992788829279,1.0,1.0,0.0,0.330532212885154,1.0,0.0
1996,0.6140350877192983,999.0,1.0,0.6410256410256411,0.0,0.0,0.0,0.5923637646027637,0.5658578192012187,4.0,0.0,0.0,0.024749373433583965,0.0,4.0
1997,0.39436619718309857,999.0,1.0,0.390625,0.0,0.0,0.0,0.3776057613798734,0.35638801823143285,0.0,0.0,0.0,0.0037411971830985657,0.0,0.0
1998,0.5714285714285714,999.0,1.0,0.53125,0.0,0.0,0.0,0.501017501017501,0.46805236107561693,1.0,0.0,0.0,0.08424908424908423,0.0,1.0
1999,0.78,999.0,0.0,1.0,0.0,1.0,974.0,0.7419776714513556,0.6817149047576059,13.0,3.0,0.0,0.04315789473684217,10.0,3.0
2000,1.0,999.0,0.0,1.0,0.0,1.0,1098.0,0.8498095711210466,0.7072541637252596,4.0,2.0,2.0,0.14754098360655743,4.0,0.0
2001,0.43333333333333335,999.0,1.0,0.7037037037037037,0.0,0.0,0.0,0.38737060041407867,0.3686542443064182,0.0,0.0,0.0,0.05238095238095242,0.0,0.0
2002,0.96875,999.0,1.0,0.96875,0.0,0.0,0.0,0.7973911411411412,0.7360515775956953,17.0,2.0,1.0,0.2119932432432432,0.0,17.0
2003,0.5581395348837209,999.0,1.0,0.5862068965517241,0.0,0.0,0.0,0.5294478721721246,0.4991691495607343,3.0,0.0,0.0,0.038139534883720905,0.0,3.0
2004,0.6,999.0,1.0,0.5306122448979592,0.0,0.0,0.0,0.5506172839506173,0.5027513227513227,3.0,0.0,0.0,0.06666666666666665,0.0,3.0
2005,0.6862745098039216,999.0,1.0,0.48717948717948717,0.0,0.0,0.0,0.6434767846532552,0.5992043503618456,9.0,0.0,0.0,0.013547237076648844,0.0,9.0
2006,0.7924528301886793,999.0,1.0,0.725,0.0,0.0,0.0,0.7847121432027092,0.7785195936139332,110.0,7.0,0.0,0.0,0.0,110.0
2007,1.0,999.0,0.0,1.0,0.0,1.0,21.0,0.7171424323520665,0.6285932330759676,4.0,1.0,1.0,0.4078947368421053,2.0,2.0
2008,0.575,999.0,1.0,0.5128205128205128,0.0,0.0,0.0,0.5357924761023742,0.489280363710205,3.0,0.0,0.0,0.05326086956521736,0.0,3.0
2009,0.8809523809523809,999.0,0.0,1.0,0.0,1.0,15.0,0.8714285714285714,0.847038961038961,18.0,8.0,4.0,0.014285714285714235,15.0,3.0
2010,1.0,999.0,0.0,1.0,0.0,1.0,6.0,0.8606060606060607,0.7430721003134797,6.0,2.0,2.0,0.0,1.0,5.0
2011,0.38636363636363635,999.0,1.0,0.4230769230769231,0.0,0.0,0.0,0.37662841034934064,0.37322342302119854,0.0,0.0,0.0,0.014270613107822405,0.0,0.0
2012,0.6388888888888888,999.0,1.0,0.48,0.0,0.0,0.0,0.5133858348144063,0.4373734108342152,2.0,0.0,0.0,0.12537537537537535,0.0,2.0
2013,1.0,999.0,1.0,1.0,0.0,0.0,0.0,0.7868092691622103,0.6631729055258467,3.0,2.0,1.0,0.2941176470588235,0.0,3.0
2014,0.6111111111111112,999.0,1.0,1.0,0.0,0.0,0.0,0.5344794922800039,0.5077710287013357,2.0,0.0,0.0,0.08937198067632857,0.0,2.0
2015,1.0,999.0,0.0,1.0,0.0,1.0,4.0,0.725,0.635,5.0,1.0,1.0,0.4,1.0,4.0
2016,1.0,999.0,0.0,1.0,0.0,1.0,25.0,0.8824194460146976,0.8248296165736717,5.0,4.0,3.0,0.1724137931034483,4.0,1.0
2017,0.5614035087719298,999.0,1.0,0.5918367346938775,0.0,0.0,0.0,0.5332883490778227,0.491225936847162,3.0,0.0,0.0,0.04217273954116052,0.0,3.0
2018,0.8666666666666667,999.0,1.0,0.8,0.0,0.0,0.0,0.8497354497354498,0.8463492063492064,247.0,50.0,12.0,0.025396825396825418,0.0,247.0
2019,0.34375,999.0,1.0,0.34375,0.0,0.0,0.0,0.3263349963045085,0.31278664371571946,0.0,0.0,0.0,0.025568181818181823,0.0,0.0
2020,0.29411764705882354,999.0,1.0,0.25,0.0,0.0,0.0,0.2871740245393932,0.28170612412534535,0.0,0.0,0.0,0.00840336134453784,0.0,0.0
2021,0.36666666666666664,999.0,1.0,0.36666666666666664,0.0,0.0,0.0,0.3357589984350548,0.3220614596670935,0.0,0.0,0.0,0.04272300469483564,0.0,0.0
2022,0.5842696629213483,999.0,1.0,0.49056603773584906,0.0,0.0,0.0,0.5243020088525707,0.5034700942004313,2.0,0.0,0.0,0.0842696629213483,0.0,2.0
2023,1.0,999.0,0.0,1.0,0.0,1.0,6.0,0.956989247311828,0.865711405529954,42.0,4.0,3.0,0.06451612903225812,5.0,37.0
2024,0.7169811320754716,999.0,1.0,0.6111111111111112,0.0,0.0,0.0,0.6963782259813489,0.6607109818626862,34.0,2.0,0.0,0.0,0.0,34.0
2025,0.36363636363636365,999.0,1.0,0.49019607843137253,0.0,0.0,0.0,0.3163469704982132,0.29948560165376664,0.0,0.0,0.0,0.0685543964232489,0.0,0.0
2026,0.4318181818181818,999.0,1.0,0.5692307692307692,0.0,0.0,0.0,0.42866161616161613,0.42531488352916924,0.0,0.0,0.0,0.004734848484848508,0.0,0.0
2027,0.8135593220338984,999.0,0.0,1.0,0.0,1.0,3.0,0.7296419636496182,0.6586993364952335,5.0,1.0,1.0,0.12001093493712411,3.0,2.0
2028,0.43902439024390244,999.0,1.0,0.5238095238095238,0.0,0.0,0.0,0.425230352303523,0.42082448589191773,0.0,0.0,0.0,0.019024390243902456,0.0,0.0
2029,0.6363636363636364,999.0,1.0,0.5135135135135135,0.0,0.0,0.0,0.4114089290265694,0.3571057538403489,1.0,0.0,0.0,0.3156089193825043,0.0,1.0
2030,1.0,999.0,0.0,1.0,0.0,1.0,11.0,0.7210433244916002,0.6189949723682856,4.0,1.0,1.0,0.4137931034482759,1.0,3.0
2031,0.6557377049180327,999.0,1.0,0.6304347826086957,0.0,0.0,0.0,0.5608665772600199,0.503453992701823,2.0,0.0,0.0,0.11605516523549309,0.0,2.0
2032,0.6181818181818182,999.0,1.0,0.6623376623376623,0.0,0.0,0.0,0.6104683195592286,0.5978599391039583,25.0,0.0,0.0,0.0,0.0,25.0
2033,0.323943661971831,999.0,1.0,0.38095238095238093,0.0,0.0,0.0,0.3159452281780935,0.30721419573038555,0.0,0.0,0.0,0.008875168821146084,0.0,0.0
2034,1.0,999.0,0.0,1.0,0.0,1.0,10.0,0.891795865633075,0.8434108527131784,16.0,6.0,2.0,0.11627906976744184,7.0,9.0
2035,0.8095238095238095,999.0,0.0,1.0,0.0,1.0,2.0,0.611676728705986,0.4712268164443708,2.0,2.0,1.0,0.051459293394777283,2.0,0.0
2036,0.711864406779661,999.0,1.0,0.6744186046511628,0.0,0.0,0.0,0.7016250531559445,0.6919091979097,45.0,2.0,0.0,0.002186987424822262,0.0,45.0
2037,1.0,999.0,0.0,1.0,0.0,1.0,150.0,0.8513071895424836,0.7846086260591193,32.0,3.0,2.0,0.196078431372549,18.0,14.0
2038,0.7037037037037037,999.0,1.0,1.0,0.0,0.0,0.0,0.6426517842042956,0.5922651528362592,10.0,2.0,0.0,0.0,0.0,10.0
2039,0.7631578947368421,999.0,0.0,1.0,0.0,1.0,8.0,0.7048364153627311,0.6671663566400409,12.0,1.0,0.0,0.08748221906116649,8.0,4.0
2040,0.4772727272727273,999.0,1.0,0.5862068965517241,0.0,0.0,0.0,0.46507760532150777,0.45256572695597086,0.0,0.0,0.0,0.013858093126385806,0.0,0.0
2041,0.7818181818181819,999.0,0.0,1.0,0.0,1.0,2.0,0.6857879389129389,0.6571572871572872,10.0,1.0,0.0,0.14119318181818186,2.0,8.0
2042,0.6785714285714286,999.0,1.0,0.6415094339622641,0.0,0.0,0.0,0.6447053167509971,0.6324372251383176,17.0,0.0,0.0,0.037061994609164484,0.0,17.0
2043,0.4791666666666667,999.0,1.0,0.4791666666666667,0.0,0.0,0.0,0.460491452991453,0.4431127100412815,0.0,0.0,0.0,0.019166666666666665,0.0,0.0
2044,1.0,999.0,0.0,1.0,0.0,1.0,3.0,0.8000358037952022,0.745327604726101,5.0,2.0,1.0,0.26315789473684215,1.0,4.0
2045,0.5142857142857142,999.0,1.0,0.65,0.0,0.0,0.0,0.5047619047619047,0.48289377289377294,2.0,0.0,0.0,0.00146520146520146,0.0,2.0
2046,0.6885245901639344,999.0,1.0,0.6842105263157895,0.0,0.0,0.0,0.6520434079889171,0.6419723134500667,58.0,0.0,0.0,0.05472177326252592,0.0,58.0
2047,1.0,999.0,1.0,1.0,0.0,0.0,0.0,0.9097014097014097,0.8232567432567433,6.0,4.0,3.0,0.1298701298701299,0.0,6.0
2048,0.6447368421052632,999.0,1.0,0.6744186046511628,0.0,0.0,0.0,0.6287878787878788,0.6167464114832535,60.0,0.0,0.0,0.00837320574162681,0.0,60.0
2049,0.6382978723404256,999.0,0.0,1.0,0.0,1.0,6.0,0.5877238273490667,0.5609676297427734,5.0,0.0,0.0,0.05690252350321623,4.0,1.0
2050,0.32857142857142857,999.0,1.0,0.391304347826087,0.0,0.0,0.0,0.32146291208791206,0.31406477278759887,0.0,0.0,0.0,0.00044642857142856984,0.0,0.0
2051,0.9634146341463414,999.0,1.0,0.8936170212765957,0.0,0.0,0.0,0.9163661820884687,0.8394748816668743,87.0,5.0,3.0,0.06929698708751786,0.0,87.0
2052,0.725,999.0,1.0,0.96875,0.0,0.0,0.0,0.6994676732481611,0.6816204791616023,156.0,1.0,0.0,0.03452380952380951,0.0,156.0
2053,0.6226415094339622,999.0,1.0,0.6875,0.0,0.0,0.0,0.6012546528045181,0.5886099345398538,20.0,0.0,0.0,0.030804774740084695,0.0,20.0
2054,1.0,999.0,0.0,1.0,0.0,1.0,1.0,0.8072196620583717,0.7141891947394794,4.0,2.0,1.0,0.26881720430107525,1.0,3.0
2055,0.6666666666666666,999.0,1.0,0.6470588235294118,0.0,0.0,0.0,0.6305916305916305,0.6129581529581529,20.0,0.0,0.0,0.04761904761904756,0.0,20.0
2056,0.9772727272727273,999.0,1.0,0.9629629629629629,0.0,0.0,0.0,0.8760049474335189,0.7672696351267779,25.0,2.0,2.0,0.0,0.0,25.0
2057,0.6136363636363636,999.0,1.0,0.5263157894736842,0.0,0.0,0.0,0.5668642951251647,0.5410445030010247,4.0,0.0,0.0,0.07015810276679846,0.0,4.0
2058,0.5694444444444444,999.0,1.0,0.3333333333333333,0.0,0.0,0.0,0.5636886886886887,0.5592658447921607,6.0,0.0,0.0,0.0018768768768768762,0.0,6.0
2059,0.7804878048780488,999.0,1.0,0.6842105263157895,0.0,0.0,0.0,0.6633595325723078,0.6324288160254466,27.0,1.0,0.0,0.16872309899569582,0.0,27.0
2060,0.7674418604651163,999.0,1.0,0.7878787878787878,0.0,0.0,0.0,0.7237491190979563,0.6586668980038599,6.0,2.0,0.0,0.0,0.0,6.0
2061,0.8666666666666667,999.0,1.0,0.8378378378378378,0.0,0.0,0.0,0.7131181550634439,0.6179641331313064,3.0,1.0,1.0,0.18581560283687948,0.0,3.0
2062,0.8227848101265823,999.0,1.0,0.8478260869565217,0.0,0.0,0.0,0.7089787380926622,0.6621219367331483,45.0,1.0,1.0,0.14500703234880452,0.0,45.0
2063,0.6481481481481481,999.0,1.0,0.6938775510204082,0.0,0.0,0.0,0.612840570455513,0.5977733943762582,25.0,0.0,0.0,0.04398148148148151,0.0,25.0
2064,0.8412698412698413,999.0,1.0,0.8484848484848485,0.0,0.0,0.0,0.8157242063492064,0.7971268315018315,212.0,25.0,2.0,0.013144841269841279,0.0,212.0
2065,0.4090909090909091,999.0,1.0,0.36585365853658536,0.0,0.0,0.0,0.3701533547826495,0.3605706770625396,0.0,0.0,0.0,0.05466052934407367,0.0,0.0
2066,0.5,999.0,1.0,0.5,0.0,0.0,0.0,0.4511904761904762,0.4373620452151366,1.0,0.0,0.0,0.07142857142857145,0.0,1.0
2067,0.7741935483870968,999.0,1.0,0.7741935483870968,0.0,0.0,0.0,0.6487710120986862,0.5868383648349693,4.0,1.0,0.0,0.14261460101867574,0.0,4.0
2068,0.45,999.0,1.0,0.5,0.0,0.0,0.0,0.3828664799253034,0.3532129888992634,0.0,0.0,0.0,0.06904761904761908,0.0,0.0
2069,0.39325842696629215,999.0,1.0,0.5111111111111111,0.0,0.0,0.0,0.38087728685008404,0.3722076907913691,0.0,0.0,0.0,0.01230604601391122,0.0,0.0
2070,1.0,999.0,0.0,1.0,0.0,1.0,37.0,0.8757062146892656,0.8346300780199085,6.0,6.0,4.0,0.18644067796610164,6.0,0.0
2071,0.5357142857142857,999.0,1.0,0.9210526315789473,0.0,0.0,0.0,0.5357142857142857,0.5019928347514554,3.0,0.0,0.0,0.0,0.0,3.0
2072,1.0,999.0,0.0,1.0,0.0,1.0,95.0,0.8646451329378158,0.817625639576859,6.0,6.0,2.0,0.16216216216216217,6.0,0.0
2073,1.0,999.0,0.0,1.0,0.0,1.0,1073.0,0.8869841269841269,0.8441904761904763,147.0,12.0,2.0,0.11904761904761907,104.0,43.0
2074,0.5,999.0,0.0,1.0,0.0,1.0,9.0,0.4895833333333333,0.47529706430568497,2.0,0.0,0.0,0.0,1.0,1.0
2075,0.5909090909090909,999.0,1.0,0.34,0.0,0.0,0.0,0.5340067340067339,0.5045454545454545,3.0,0.0,0.0,0.07979797979797987,0.0,3.0
2076,1.0,999.0,0.0,1.0,0.0,1.0,37.0,0.8371197535618021,0.7938861079022804,15.0,6.0,1.0,0.22448979591836737,11.0,4.0
2077,0.46,999.0,1.0,0.4883720930232558,0.0,0.0,0.0,0.4517460317460318,0.44326984126984126,0.0,0.0,0.0,0.012380952380952381,0.0,0.0
2078,0.2765957446808511,999.0,1.0,0.3,0.0,0.0,0.0,0.2620410612350805,0.2488330283494399,0.0,0.0,0.0,0.010970744680851074,0.0,0.0
2079,0.9148936170212766,999.0,0.0,1.0,0.0,1.0,4.0,0.8017143500426175,0.7492978407948012,11.0,3.0,1.0,0.15933806146572105,4.0,7.0
2080,0.8181818181818182,999.0,0.0,1.0,0.0,1.0,158.0,0.8011363636363636,0.7897727272727272,185.0,11.0,2.0,0.005681818181818232,47.0,138.0
2081,1.0,999.0,0.0,1.0,0.0,1.0,10.0,0.7137984496124031,0.6522790697674419,8.0,1.0,1.0,0.41860465116279066,1.0,7.0
2082,1.0,999.0,0.0,1.0,0.0,1.0,11.0,0.5555555555555555,0.4591680350301039,1.0,1.0,1.0,0.6666666666666667,1.0,0.0
2083,0.6,999.0,1.0,0.75,0.0,0.0,0.0,0.5128019323671498,0.45183700357613404,2.0,0.0,0.0,0.07826086956521738,0.0,2.0
2084,1.0,999.0,0.0,1.0,0.0,1.0,1.0,0.5632882882882883,0.46237960082787666,1.0,1.0,1.0,0.6351351351351351,1.0,0.0
2085,0.75,999.0,1.0,0.6375,0.0,0.0,0.0,0.7268459610564874,0.700754041280357,29.0,3.0,0.0,0.02472527472527475,0.0,29.0
2086,0.7222222222222222,999.0,1.0,0.5675675675675675,0.0,0.0,0.0,0.6141404562457194,0.5790105895369054,7.0,1.0,0.0,0.15465465465465467,0.0,7.0
2087,0.5797101449275363,999.0,1.0,0.52,0.0,0.0,0.0,0.5477213200628602,0.5272670358751579,4.0,0.0,0.0,0.04637681159420293,0.0,4.0
2088,0.5245901639344263,999.0,1.0,0.43859649122807015,0.0,0.0,0.0,0.46023341285376396,0.42886732043953113,1.0,0.0,0.0,0.07146516393442626,0.0,1.0
2089,0.6530612244897959,999.0,1.0,0.4782608695652174,0.0,0.0,0.0,0.5126954290488125,0.4785167283287584,1.0,0.0,0.0,0.20663265306122441,0.0,1.0
2090,1.0,999.0,0.0,1.0,0.0,1.0,14.0,0.797588005215124,0.695691804478602,6.0,2.0,1.0,0.2033898305084746,2.0,4.0
2091,0.46875,999.0,0.0,1.0,0.0,1.0,13.0,0.4080105633802817,0.3645726476678964,0.0,0.0,0.0,0.08846830985915494,0.0,0.0
2092,0.8108108108108109,999.0,1.0,0.7288135593220338,0.0,0.0,0.0,0.7869544992832664,0.7694699968672571,29.0,7.0,1.0,0.029988893002591666,0.0,29.0
2093,0.864406779661017,999.0,0.0,1.0,0.0,1.0,60.0,0.8327313142539593,0.8151943441079311,99.0,23.0,4.0,0.03389830508474578,60.0,39.0
2094,1.0,999.0,1.0,1.0,0.0,0.0,0.0,0.9782608695652174,0.9083958020989507,65.0,4.0,4.0,0.0,0.0,65.0
2095,0.7058823529411765,999.0,0.0,1.0,0.0,1.0,67.0,0.6435309258838671,0.5836795311400763,4.0,1.0,0.0,0.04873949579831938,3.0,1.0
2096,0.8076923076923077,999.0,0.0,1.0,0.0,1.0,1.0,0.8042843232716651,0.7825212761921623,127.0,9.0,2.0,0.0,1.0,126.0
2097,0.9130434782608695,999.0,0.0,1.0,0.0,1.0,1.0,0.9113130002163098,0.9109669046073978,29.0,21.0,12.0,0.002595717066839698,1.0,28.0
2098,0.9069767441860465,999.0,0.0,1.0,0.0,1.0,59.0,0.7698308224854955,0.7205107383892565,122.0,2.0,1.0,0.17112768758227292,15.0,107.0
2099,1.0,999.0,0.0,1.0,0.0,1.0,4.0,0.8231292517006802,0.7737266076241817,14.0,4.0,1.0,0.26530612244897955,3.0,11.0
2100,0.5882352941176471,999.0,1.0,0.6744186046511628,0.0,0.0,0.0,0.5687636165577342,0.5449618736383443,5.0,0.0,0.0,0.02573529411764708,0.0,5.0
2101,0.5111111111111111,999.0,1.0,0.5,0.0,0.0,0.0,0.46747181964573264,0.4289524795425416,2.0,0.0,0.0,0.011111111111111072,0.0,2.0
2102,0.7272727272727273,999.0,1.0,0.6382978723404256,0.0,0.0,0.0,0.6945315221177291,0.6833855799373041,102.0,1.0,0.0,0.037617554858934144,0.0,102.0
2103,1.0,999.0,0.0,1.0,0.0,1.0,156.0,0.6212664277180406,0.5124775985663083,1.0,1.0,1.0,0.5555555555555556,1.0,0.0
2104,0.8035714285714286,999.0,1.0,0.8222222222222222,0.0,0.0,0.0,0.6247594997594997,0.5497567739088373,3.0,1.0,1.0,0.24801587301587302,0.0,3.0
2105,1.0,999.0,0.0,1.0,0.0,1.0,137.0,0.7962962962962963,0.7307647907647907,21.0,2.0,1.0,0.25,7.0,14.0
2106,0.208955223880597,999.0,1.0,0.21568627450980393,0.0,0.0,0.0,0.20550079789730594,0.2020228127424077,0.0,0.0,0.0,0.0014080540692762433,0.0,0.0
2107,0.46808510638297873,999.0,1.0,0.46808510638297873,0.0,0.0,0.0,0.44947908241310713,0.43843019606295125,0.0,0.0,0.0,0.01910551454624404,0.0,0.0
2108,1.0,999.0,0.0,1.0,0.0,1.0,9.0,0.8494243851386708,0.7710361067503924,17.0,3.0,2.0,0.16326530612244894,1.0,16.0
2109,1.0,999.0,0.0,1.0,0.0,1.0,24.0,0.8402457757296466,0.7799821236253873,17.0,4.0,2.0,0.19354838709677424,4.0,13.0
2110,0.5636363636363636,999.0,1.0,0.4117647058823529,0.0,0.0,0.0,0.5536891471101998,0.5218213314033747,4.0,0.0,0.0,0.010064935064934999,0.0,4.0
2111,1.0,999.0,0.0,1.0,0.0,1.0,54.0,0.8187363834422658,0.7150876751075113,5.0,3.0,1.0,0.2549019607843137,4.0,1.0
2112,1.0,999.0,0.0,1.0,0.0,1.0,11.0,0.8167791706846673,0.7005938182002741,6.0,2.0,2.0,0.19672131147540983,2.0,4.0
2113,1.0,999.0,0.0,1.0,0.0,1.0,23.0,0.851558228540186,0.8141607435757244,14.0,7.0,1.0,0.2033898305084746,5.0,9.0
2114,0.6274509803921569,999.0,1.0,0.5294117647058824,0.0,0.0,0.0,0.587613530260589,0.5508732029021162,4.0,0.0,0.0,0.045632798573975064,0.0,4.0
2115,0.8227848101265823,999.0,0.0,1.0,0.0,1.0,1.0,0.8227848101265823,0.7963498371744612,12.0,4.0,4.0,0.0,1.0,11.0
2116,1.0,999.0,0.0,1.0,0.0,1.0,4.0,0.8484848484848485,0.8181818181818181,19.0,8.0,1.0,0.2272727272727273,2.0,17.0
2117,0.6699029126213593,999.0,1.0,0.6986301369863014,0.0,0.0,0.0,0.6438617185373378,0.611608036413408,16.0,0.0,0.0,0.034388893929770514,0.0,16.0
2118,0.54,999.0,1.0,0.7714285714285715,0.0,0.0,0.0,0.5197435897435897,0.49153576248313086,3.0,0.0,0.0,0.020769230769230762,0.0,3.0
2119,0.8125,999.0,0.0,1.0,0.0,1.0,4.0,0.6811974789915967,0.6304831932773108,9.0,1.0,1.0,0.1696428571428571,3.0,6.0
2120,1.0,999.0,0.0,1.0,0.0,1.0,25.0,0.9010785824345146,0.8483315756902169,5.0,5.0,4.0,0.12727272727272732,4.0,1.0
2121,0.6818181818181818,999.0,1.0,0.5666666666666667,0.0,0.0,0.0,0.6818181818181818,0.6790909090909091,78.0,0.0,0.0,0.0,0.0,78.0
2122,0.8,999.0,0.0,1.0,0.0,1.0,646.0,0.7380952380952381,0.7133249791144529,54.0,3.0,1.0,0.08571428571428574,52.0,2.0
2123,0.45161290322580644,999.0,1.0,0.5,0.0,0.0,0.0,0.4172043010752688,0.3878460328027598,0.0,0.0,0.0,0.05161290322580642,0.0,0.0
2124,0.6739130434782609,999.0,1.0,0.6274509803921569,0.0,0.0,0.0,0.6400616577676074,0.6232324666637987,21.0,0.0,0.0,0.03180778032036613,0.0,21.0
2125,0.6666666666666666,999.0,0.0,1.0,0.0,1.0,646.0,0.6606606606606606,0.6476950976950977,27.0,0.0,0.0,0.0,17.0,10.0
2126,0.5471698113207547,999.0,1.0,0.46153846153846156,0.0,0.0,0.0,0.49513810847577927,0.4720828650854676,1.0,0.0,0.0,0.07444253859348199,0.0,1.0
2127,0.7111111111111111,999.0,0.0,1.0,0.0,1.0,47.0,0.7098464317976513,0.6836459543166861,12.0,3.0,0.0,0.0,12.0,0.0
2128,0.8260869565217391,999.0,0.0,1.0,0.0,1.0,14.0,0.7642512077294685,0.6839475500345065,8.0,2.0,2.0,0.02608695652173909,7.0,1.0
2129,1.0,999.0,0.0,1.0,0.0,1.0,70.0,0.7423611111111111,0.6691396103896103,11.0,1.0,1.0,0.3666666666666667,8.0,3.0
2130,1.0,999.0,0.0,1.0,0.0,1.0,974.0,0.7926716141001856,0.7229875838447267,26.0,2.0,1.0,0.2954545454545454,20.0,6.0
2131,0.5384615384615384,999.0,1.0,0.5142857142857142,0.0,0.0,0.0,0.5346001540970095,0.5207600924582056,5.0,0.0,0.0,0.0014245014245013454,0.0,5.0
2132,0.7966101694915254,999.0,0.0,1.0,0.0,1.0,701.0,0.712848551120831,0.659278556271775,14.0,2.0,0.0,0.05467468562055766,14.0,0.0
2133,1.0,999.0,0.0,1.0,0.0,1.0,8.0,0.7789495450785773,0.6673697270471464,4.0,2.0,1.0,0.21153846153846156,1.0,3.0
2134,0.78,999.0,0.0,1.0,0.0,1.0,158.0,0.7694474153297683,0.761668449197861,198.0,13.0,0.0,0.015294117647058902,36.0,162.0
2135,0.7441860465116279,999.0,1.0,0.6551724137931034,0.0,0.0,0.0,0.7441860465116279,0.7283298097251586,106.0,5.0,0.0,0.0,0.0,106.0
2136,0.4166666666666667,999.0,1.0,0.45714285714285713,0.0,0.0,0.0,0.4099033816425121,0.4011259754738016,0.0,0.0,0.0,0.0036231884057971175,0.0,0.0
2137,1.0,999.0,0.0,1.0,0.0,1.0,974.0,0.8978494623655914,0.8161290322580644,13.0,2.0,2.0,0.0,11.0,2.0
2138,0.7638888888888888,999.0,1.0,0.6153846153846154,0.0,0.0,0.0,0.7443865097974687,0.7331183923649677,172.0,5.0,0.0,0.02064564564564564,0.0,172.0
2139,0.6341463414634146,999.0,1.0,0.6341463414634146,0.0,0.0,0.0,0.6240805265195509,0.6043637493155362,5.0,0.0,0.0,0.015098722415795574,0.0,5.0
2140,0.6190476190476191,999.0,1.0,0.5517241379310345,0.0,0.0,0.0,0.5952380952380953,0.5774534903567162,5.0,0.0,0.0,0.0357142857142857,0.0,5.0
2141,0.5681818181818182,999.0,0.0,1.0,0.0,1.0,127.0,0.5338383838383839,0.5182622139764997,4.0,0.0,0.0,0.034848484848484906,4.0,0.0
2142,1.0,999.0,0.0,1.0,0.0,1.0,53.0,0.7442795299938156,0.6360121624407339,3.0,1.0,1.0,0.31818181818181823,3.0,0.0
2143,0.8125,999.0,0.0,1.0,0.0,1.0,26.0,0.7909251817833907,0.7637614582763836,28.0,5.0,1.0,0.021455223880597063,21.0,7.0
2144,0.4642857142857143,999.0,1.0,0.43636363636363634,0.0,0.0,0.0,0.45790998093757523,0.4419490536966448,0.0,0.0,0.0,0.006454388984509507,0.0,0.0
2145,0.5483870967741935,999.0,1.0,0.5151515151515151,0.0,0.0,0.0,0.5211795373085696,0.5069934366708561,3.0,0.0,0.0,0.03323558162267837,0.0,3.0
2146,0.8909090909090909,999.0,1.0,0.7608695652173914,0.0,0.0,0.0,0.8681329423264907,0.8412782473693291,82.0,14.0,4.0,0.0,0.0,82.0
2147,1.0,999.0,0.0,1.0,0.0,1.0,24.0,0.8126656067832538,0.7435026357626977,24.0,3.0,1.0,0.2647058823529411,4.0,20.0
2148,0.6428571428571429,999.0,1.0,0.5384615384615384,0.0,0.0,0.0,0.5628012338538655,0.5275112487868956,3.0,0.0,0.0,0.11654135338345872,0.0,3.0
2149,1.0,999.0,0.0,1.0,0.0,1.0,2.0,0.7724310776942356,0.7154887218045112,56.0,1.0,1.0,0.3142857142857143,1.0,55.0
2150,1.0,999.0,0.0,1.0,0.0,1.0,5.0,0.8667903525046382,0.8158369233671896,40.0,6.0,2.0,0.16326530612244894,1.0,39.0
2151,0.2537313432835821,999.0,1.0,0.5641025641025641,0.0,0.0,0.0,0.24807922413250205,0.24271186991741608,0.0,0.0,0.0,0.0037313432835821003,0.0,0.0
2152,1.0,999.0,0.0,1.0,0.0,1.0,1.0,0.7062263501891985,0.6071756545147416,2.0,1.0,1.0,0.37254901960784315,1.0,1.0
2153,0.421875,999.0,1.0,0.5882352941176471,0.0,0.0,0.0,0.4157572751322751,0.40647807008375486,0.0,0.0,0.0,0.009176587301587324,0.0,0.0
2154,1.0,999.0,0.0,1.0,0.0,1.0,60.0,0.7093596059113301,0.5903216458997391,2.0,2.0,1.0,0.2857142857142857,2.0,0.0
2155,1.0,999.0,0.0,1.0,0.0,1.0,6.0,0.5060041407867495,0.4001000690131125,1.0,1.0,1.0,0.7391304347826086,1.0,0.0
2156,0.42696629213483145,999.0,1.0,0.4714285714285714,0.0,0.0,0.0,0.39690194604414736,0.3720805615658823,0.0,0.0,0.0,0.02881814398668331,0.0,0.0
2157,0.8085106382978723,999.0,1.0,0.7272727272727273,0.0,0.0,0.0,0.5850964499274887,0.5382789652911788,1.0,1.0,1.0,0.3323201621073961,0.0,1.0
2158,1.0,999.0,0.0,1.0,0.0,1.0,97.0,0.7569183701849534,0.6727893199833125,8.0,2.0,1.0,0.2978723404255319,8.0,0.0
2159,1.0,999.0,0.0,1.0,0.0,1.0,10.0,0.7346938775510203,0.6683095879861377,5.0,1.0,1.0,0.36734693877551017,1.0,4.0
2160,1.0,999.0,0.0,1.0,0.0,1.0,137.0,0.7726190476190476,0.707700983227299,13.0,1.0,1.0,0.32499999999999996,8.0,5.0
2161,1.0,999.0,0.0,1.0,0.0,1.0,32.0,0.866715045960329,0.8283118558590257,16.0,12.0,2.0,0.1923076923076923,7.0,9.0
2162,0.5476190476190477,999.0,1.0,0.6,0.0,0.0,0.0,0.5071089041677277,0.47367865825541583,2.0,0.0,0.0,0.024891774891774965,0.0,2.0
2163,1.0,999.0,0.0,1.0,0.0,1.0,1073.0,1.0,0.8745173745173747,13.0,4.0,3.0,0.0,9.0,4.0
2164,0.32608695652173914,999.0,1.0,0.45,0.0,0.0,0.0,0.30818414322250637,0.2999104859335039,0.0,0.0,0.0,0.021739130434782594,0.0,0.0
2165,0.7735849056603774,999.0,1.0,0.6818181818181818,0.0,0.0,0.0,0.7322206095791001,0.657935191493143,4.0,2.0,0.0,0.004354136429608135,0.0,4.0
2166,0.6938775510204082,999.0,0.0,1.0,0.0,1.0,1.0,0.470766201217329,0.41103114930182594,1.0,0.0,0.0,0.32545649838882923,1.0,0.0
2167,1.0,999.0,0.0,1.0,0.0,1.0,16.0,0.6458333333333334,0.5703009828009828,1.0,1.0,1.0,0.53125,1.0,0.0
2168,0.8043478260869565,999.0,0.0,1.0,0.0,1.0,20.0,0.7313251618871416,0.706795097132285,12.0,2.0,1.0,0.10222016651248844,12.0,0.0
2169,0.6530612244897959,999.0,1.0,0.42424242424242425,0.0,0.0,0.0,0.5625252874647547,0.5257637600494743,3.0,0.0,0.0,0.1276374956762365,0.0,3.0
2170,1.0,999.0,0.0,1.0,0.0,1.0,8.0,0.652542372881356,0.562578055307761,2.0,1.0,1.0,0.5,1.0,1.0
2171,0.828125,999.0,1.0,0.8,0.0,0.0,0.0,0.605505458817026,0.5360866647402717,2.0,1.0,1.0,0.2725694444444444,0.0,2.0
2172,0.7555555555555555,999.0,0.0,1.0,0.0,1.0,1.0,0.6213380999058218,0.5196042067448399,2.0,1.0,0.0,0.0726287262872628,1.0,1.0
2173,0.8904109589041096,999.0,1.0,0.821917808219178,0.0,0.0,0.0,0.8874669550588802,0.875337315892471,30.0,20.0,10.0,0.0,0.0,30.0
2174,0.863013698630137,999.0,0.0,1.0,0.0,1.0,3.0,0.8456127360236949,0.8099317441783196,254.0,10.0,3.0,0.0,3.0,251.0
2175,0.5175438596491229,999.0,1.0,0.5529411764705883,0.0,0.0,0.0,0.5158975871050174,0.5046995278727666,3.0,0.0,0.0,0.0,0.0,3.0
2176,1.0,999.0,0.0,1.0,0.0,1.0,12.0,0.7728395061728395,0.6312037037037037,2.0,2.0,2.0,0.14814814814814814,2.0,0.0
2177,1.0,999.0,0.0,1.0,0.0,1.0,1098.0,0.7823129251700681,0.7228779511804723,7.0,1.0,1.0,0.326530612244898,6.0,1.0
2178,1.0,999.0,0.0,1.0,0.0,1.0,12.0,0.8484848484848486,0.7237167594310453,4.0,3.0,2.0,0.18181818181818177,4.0,0.0
2179,1.0,999.0,0.0,1.0,0.0,1.0,13.0,0.7507855459544382,0.6651885737967584,9.0,1.0,1.0,0.31343283582089554,2.0,7.0
2180,0.7755102040816326,999.0,0.0,1.0,0.0,1.0,5.0,0.7364908227441919,0.71242622606504,18.0,3.0,0.0,0.058529072006160976,3.0,15.0
2181,0.8333333333333334,999.0,0.0,1.0,0.0,1.0,23.0,0.8187134502923977,0.7755637345111029,85.0,4.0,2.0,0.0,5.0,80.0
2182,0.7821782178217822,999.0,1.0,0.8163265306122449,0.0,0.0,0.0,0.7307260726072607,0.7077829864619115,25.0,3.0,0.0,0.07217821782178224,0.0,25.0
2183,0.8378378378378378,999.0,1.0,0.8378378378378378,0.0,0.0,0.0,0.7033533533533535,0.6553453453453455,14.0,1.0,1.0,0.14894894894894894,0.0,14.0
2184,0.7090909090909091,999.0,1.0,0.5681818181818182,0.0,0.0,0.0,0.6731934731934732,0.6467832167832168,49.0,1.0,0.0,0.016783216783216814,0.0,49.0
2185,0.525,999.0,1.0,0.5757575757575758,0.0,0.0,0.0,0.5166666666666667,0.5030232558139535,4.0,0.0,0.0,0.0,0.0,4.0
2186,0.7272727272727273,999.0,0.0,1.0,0.0,1.0,3.0,0.5512424701263118,0.5136937544127325,1.0,1.0,0.0,0.2635046113306983,1.0,0.0
2187,0.7428571428571429,999.0,0.0,1.0,0.0,1.0,272.0,0.5905461756043507,0.5557361560668358,6.0,1.0,0.0,0.2211180124223603,3.0,3.0
2188,1.0,999.0,0.0,1.0,0.0,1.0,974.0,0.7437790538692918,0.6564838825380253,7.0,1.0,1.0,0.37735849056603776,5.0,2.0
2189,1.0,999.0,0.0,1.0,0.0,1.0,106.0,0.8585858585858587,0.7715800865800866,9.0,3.0,2.0,0.18181818181818177,6.0,3.0
2190,0.3090909090909091,999.0,1.0,0.3333333333333333,0.0,0.0,0.0,0.30303030303030304,0.29363213530655397,0.0,0.0,0.0,0.009090909090909094,0.0,0.0
2191,1.0,999.0,0.0,1.0,0.0,1.0,40.0,0.8214285714285715,0.7773809523809525,7.0,5.0,1.0,0.25,4.0,3.0
2192,1.0,999.0,0.0,1.0,0.0,1.0,21.0,0.7417135709818637,0.6709417638515767,9.0,1.0,1.0,0.3846153846153846,9.0,0.0
2193,1.0,999.0,0.0,1.0,0.0,1.0,7.0,0.8088768115942028,0.6930183946488293,5.0,2.0,1.0,0.26086956521739135,2.0,3.0
2194,0.6,999.0,1.0,0.6176470588235294,0.0,0.0,0.0,0.40606060606060607,0.3637955148299976,1.0,0.0,0.0,0.2909090909090909,0.0,1.0
2195,1.0,999.0,0.0,1.0,0.0,1.0,11.0,0.7833333333333333,0.6260474308300396,3.0,2.0,1.0,0.30000000000000004,3.0,0.0
2196,0.5925925925925926,999.0,1.0,0.6153846153846154,0.0,0.0,0.0,0.5012345679012346,0.46946019333116107,1.0,0.0,0.0,0.12592592592592589,0.0,1.0
2197,1.0,999.0,0.0,1.0,0.0,1.0,3.0,0.7936507936507936,0.6878183831672204,5.0,2.0,1.0,0.2857142857142857,2.0,3.0
2198,1.0,999.0,0.0,1.0,0.0,1.0,2.0,0.8805652342237709,0.7888042568133324,20.0,2.0,2.0,0.04878048780487809,1.0,19.0
2199,0.6666666666666666,999.0,0.0,1.0,0.0,1.0,462.0,0.5095398428731762,0.4626469826469826,1.0,0.0,0.0,0.2121212121212121,1.0,0.0
2200,1.0,999.0,0.0,1.0,0.0,1.0,4.0,0.792090395480226,0.7057627118644069,7.0,2.0,2.0,0.19999999999999996,1.0,6.0
2201,0.6785714285714286,999.0,1.0,0.627906976744186,0.0,0.0,0.0,0.6706349206349206,0.6667487684729064,102.0,0.0,0.0,0.011904761904761973,0.0,102.0
2202,0.7719298245614035,999.0,1.0,0.6610169491525424,0.0,0.0,0.0,0.6916898618687126,0.6331539860075651,6.0,2.0,0.0,0.026167112696996675,0.0,6.0
2203,0.48148148148148145,999.0,1.0,0.48148148148148145,0.0,0.0,0.0,0.47269189479334406,0.46560438418783434,0.0,0.0,0.0,0.003220611916264049,0.0,0.0
2204,0.673469387755102,999.0,0.0,1.0,0.0,1.0,93.0,0.5844897959183674,0.5586938775510204,6.0,0.0,0.0,0.13346938775510198,2.0,4.0
2205,0.5357142857142857,999.0,1.0,0.9354838709677419,0.0,0.0,0.0,0.515172735760971,0.4991891115420527,3.0,0.0,0.0,0.025910364145658282,0.0,3.0
2206,0.39215686274509803,999.0,1.0,0.4166666666666667,0.0,0.0,0.0,0.37308120192976263,0.35851538782452425,0.0,0.0,0.0,0.02677224736048267,0.0,0.0
2207,0.7126436781609196,999.0,1.0,0.8088235294117647,0.0,0.0,0.0,0.6043602917907701,0.5216523196527754,2.0,1.0,0.0,0.04231400783124928,0.0,2.0
2208,0.7878787878787878,999.0,1.0,0.6607142857142857,0.0,0.0,0.0,0.7806637806637807,0.7708987529883052,137.0,13.0,0.0,0.0,0.0,137.0
2209,0.631578947368421,999.0,0.0,1.0,0.0,1.0,1.0,0.5799043062200956,0.5402624989862946,4.0,0.0,0.0,0.04976076555023923,1.0,3.0
2210,0.53125,999.0,1.0,0.5652173913043478,0.0,0.0,0.0,0.494398360030511,0.4852011075215746,1.0,0.0,0.0,0.052989130434782594,0.0,1.0
2211,0.6896551724137931,999.0,1.0,0.5777777777777777,0.0,0.0,0.0,0.5835838266629912,0.5487418452935694,4.0,0.0,0.0,0.1356011183597391,0.0,4.0
2212,1.0,999.0,0.0,1.0,0.0,1.0,10.0,0.8160919540229884,0.7753694581280788,9.0,5.0,1.0,0.27586206896551724,2.0,7.0
2213,0.373134328358209,999.0,1.0,0.38095238095238093,0.0,0.0,0.0,0.33202067265085505,0.3180359330022778,0.0,0.0,0.0,0.0588486140724947,0.0,0.0
2214,0.6428571428571429,999.0,1.0,0.3829787234042553,0.0,0.0,0.0,0.6024688157174546,0.5276590288610163,3.0,0.0,0.0,0.022167487684729092,0.0,3.0
2215,0.56,999.0,1.0,1.0,0.0,0.0,0.0,0.5570068027210885,0.5495664004732328,37.0,0.0,0.0,0.0,0.0,37.0
2216,0.6666666666666666,999.0,0.0,1.0,0.0,1.0,19.0,0.6666666666666666,0.6520833333333333,10.0,0.0,0.0,0.0,10.0,0.0
2217,0.6833333333333333,999.0,1.0,0.5510204081632653,0.0,0.0,0.0,0.6277777777777778,0.5959025032938077,13.0,0.0,0.0,0.08333333333333337,0.0,13.0
2218,0.5967741935483871,999.0,1.0,0.6764705882352942,0.0,0.0,0.0,0.5749235250920374,0.5635099843573604,14.0,0.0,0.0,0.02101661779081132,0.0,14.0
2219,0.6976744186046512,999.0,0.0,1.0,0.0,1.0,158.0,0.6899940369707812,0.6859964221824688,62.0,0.0,0.0,0.00536672629695889,14.0,48.0
2220,0.42105263157894735,999.0,1.0,0.5161290322580645,0.0,0.0,0.0,0.4050567595459236,0.39518031963852396,0.0,0.0,0.0,0.009287925696594423,0.0,0.0
2221,1.0,999.0,0.0,1.0,0.0,1.0,3.0,0.9130434782608695,0.880410356619443,30.0,7.0,5.0,0.13043478260869568,3.0,27.0
2222,0.5625,999.0,1.0,0.660377358490566,0.0,0.0,0.0,0.5582197763801537,0.5532820341782606,13.0,0.0,0.0,0.005896226415094352,0.0,13.0
2223,0.7636363636363637,999.0,1.0,0.6708860759493671,0.0,0.0,0.0,0.7128283439724118,0.6910070761740752,74.0,2.0,0.0,0.058279220779220764,0.0,74.0
2224,0.7671232876712328,999.0,1.0,0.7083333333333334,0.0,0.0,0.0,0.7489510058003209,0.7373706034801926,18.0,6.0,0.0,0.017123287671232834,0.0,18.0
2225,0.6976744186046512,999.0,0.0,1.0,0.0,1.0,8.0,0.5985255055022497,0.5328898131052714,2.0,0.0,0.0,0.06131078224101483,2.0,0.0
2226,1.0,999.0,1.0,1.0,0.0,0.0,0.0,0.8051282051282053,0.7661538461538463,12.0,6.0,1.0,0.29230769230769227,0.0,12.0
2227,0.851063829787234,999.0,1.0,0.8484848484848485,0.0,0.0,0.0,0.8056737588652482,0.7239325572059414,10.0,3.0,2.0,0.051063829787234005,0.0,10.0
2228,0.7222222222222222,999.0,0.0,1.0,0.0,1.0,2.0,0.6463890077497266,0.6135909804074118,13.0,1.0,0.0,0.09064327485380119,2.0,11.0
2229,1.0,999.0,0.0,1.0,0.0,1.0,3.0,0.7024732373569583,0.5859842918201847,2.0,1.0,1.0,0.38095238095238093,1.0,1.0
2230,0.9259259259259259,999.0,1.0,0.918918918918919,0.0,0.0,0.0,0.7388835212023617,0.6479227863135438,4.0,2.0,1.0,0.18592592592592594,0.0,4.0
2231,0.43859649122807015,999.0,0.0,1.0,0.0,1.0,2.0,0.4269870077492582,0.41835436681171706,0.0,0.0,0.0,0.010025062656641603,0.0,0.0
2232,0.7941176470588235,999.0,1.0,0.7741935483870968,0.0,0.0,0.0,0.7044117647058824,0.6226470588235294,5.0,2.0,0.0,0.0,0.0,5.0
2233,0.8775510204081632,999.0,1.0,0.9565217391304348,0.0,0.0,0.0,0.7493071302595111,0.7162509448223733,101.0,2.0,1.0,0.17384731670445952,0.0,101.0
2234,0.7272727272727273,999.0,0.0,1.0,0.0,1.0,12.0,0.7073365231259968,0.6846344720151329,15.0,2.0,0.0,0.01674641148325362,10.0,5.0
2235,0.8351648351648352,999.0,1.0,0.7536231884057971,0.0,0.0,0.0,0.8213813677731204,0.806693748078137,21.0,10.0,2.0,0.0,0.0,21.0
2236,0.5555555555555556,999.0,1.0,0.6,0.0,0.0,0.0,0.49760348583877995,0.4818954248366013,1.0,0.0,0.0,0.08496732026143794,0.0,1.0
2237,0.9583333333333334,999.0,0.0,1.0,0.0,1.0,4.0,0.8766788766788767,0.7675457875457876,5.0,4.0,2.0,0.054487179487179516,4.0,1.0
2238,1.0,999.0,0.0,1.0,0.0,1.0,1073.0,0.9023233760075865,0.8782361308677098,149.0,16.0,8.0,0.1351351351351351,96.0,53.0
2239,0.5588235294117647,999.0,1.0,0.52,0.0,0.0,0.0,0.4957983193277311,0.46967976379741083,1.0,0.0,0.0,0.09453781512605042,0.0,1.0
2240,0.7954545454545454,999.0,0.0,1.0,0.0,1.0,46.0,0.7054030874785592,0.6543384154985922,8.0,1.0,0.0,0.1350771869639794,4.0,4.0
2241,1.0,999.0,0.0,1.0,0.0,1.0,9.0,0.724926439680538,0.6142101010964583,4.0,1.0,1.0,0.4098360655737705,2.0,2.0
2242,0.6666666666666666,999.0,1.0,0.543859649122807,0.0,0.0,0.0,0.6423761423761424,0.6164958484306464,18.0,0.0,0.0,0.017316017316017285,0.0,18.0
2243,1.0,999.0,0.0,1.0,0.0,1.0,10.0,0.7093301435406699,0.634688995215311,9.0,1.0,1.0,0.39473684210526316,1.0,8.0
2244,1.0,999.0,0.0,1.0,0.0,1.0,220.0,0.7614734299516909,0.6265810276679843,2.0,2.0,2.0,0.17391304347826086,2.0,0.0
2245,0.5565217391304348,999.0,1.0,0.4943820224719101,0.0,0.0,0.0,0.5071092221843948,0.4788065369826075,2.0,0.0,0.0,0.03315725314912643,0.0,2.0
2246,0.696969696969697,999.0,0.0,1.0,0.0,1.0,1073.0,0.6425796425796426,0.6019220545536335,6.0,0.0,0.0,0.030303030303030387,5.0,1.0
2247,0.8541666666666666,999.0,0.0,1.0,0.0,1.0,2.0,0.8250591016548463,0.7949325450409352,13.0,5.0,3.0,0.04166666666666663,2.0,11.0
2248,0.38235294117647056,999.0,1.0,0.6052631578947368,0.0,0.0,0.0,0.3344926948965579,0.3205609368032546,0.0,0.0,0.0,0.06892010535557502,0.0,0.0
2249,0.8867924528301887,999.0,1.0,0.6666666666666666,0.0,0.0,0.0,0.785259138412068,0.7614437035986192,130.0,7.0,1.0,0.14995034756703085,0.0,130.0
2250,0.8043478260869565,999.0,0.0,1.0,0.0,1.0,9.0,0.7062401278735361,0.6433519198613766,9.0,2.0,1.0,0.10222016651248844,6.0,3.0
2251,0.8103448275862069,999.0,1.0,0.7948717948717948,0.0,0.0,0.0,0.7280718004855936,0.6836081998412858,34.0,2.0,1.0,0.08726790450928379,0.0,34.0
2252,0.8450704225352113,999.0,0.0,1.0,0.0,1.0,1.0,0.6731510461948647,0.6247562607918542,13.0,1.0,1.0,0.24013215093027296,1.0,12.0
2253,1.0,999.0,0.0,1.0,0.0,1.0,1098.0,0.8616297582862932,0.7968269115755495,9.0,4.0,2.0,0.17021276595744683,5.0,4.0
2254,0.5662650602409639,999.0,1.0,0.5454545454545454,0.0,0.0,0.0,0.5414985811105564,0.5188750522807917,4.0,0.0,0.0,0.034350166623942635,0.0,4.0
2255,1.0,999.0,0.0,1.0,0.0,1.0,96.0,0.7777777777777777,0.6666666666666666,5.0,1.0,1.0,0.33333333333333337,2.0,3.0
2256,1.0,999.0,0.0,1.0,0.0,1.0,21.0,0.8192090395480225,0.7546833184656556,15.0,4.0,1.0,0.27118644067796616,6.0,9.0
2257,0.5892857142857143,999.0,1.0,0.6,0.0,0.0,0.0,0.5516728243021346,0.5403809839585701,8.0,0.0,0.0,0.05480295566502469,0.0,8.0
2258,0.5897435897435898,999.0,1.0,0.5128205128205128,0.0,0.0,0.0,0.493868018286623,0.40860151272635975,1.0,0.0,0.0,0.13974358974358975,0.0,1.0
2259,0.6595744680851063,999.0,1.0,0.673469387755102,0.0,0.0,0.0,0.5689147598019537,0.5165199213748184,3.0,0.0,0.0,0.11240465676435163,0.0,3.0
2260,0.5573770491803278,999.0,1.0,0.673469387755102,0.0,0.0,0.0,0.5062250420344683,0.47141652404972073,1.0,0.0,0.0,0.07300204918032782,0.0,1.0
2261,0.8222222222222222,999.0,1.0,0.8222222222222222,0.0,0.0,0.0,0.731590413943355,0.7056209150326797,20.0,2.0,1.0,0.11633986928104567,0.0,20.0
2262,0.9142857142857143,999.0,1.0,0.875,0.0,0.0,0.0,0.794078144078144,0.7545421245421245,13.0,4.0,1.0,0.16428571428571426,0.0,13.0
2263,0.75,999.0,0.0,1.0,0.0,1.0,6.0,0.7075163398692811,0.6735664076951535,6.0,1.0,0.0,0.06372549019607843,6.0,0.0
2264,1.0,999.0,0.0,1.0,0.0,1.0,1.0,0.720255183413078,0.6497837936234732,13.0,1.0,1.0,0.4181818181818182,1.0,12.0
2265,0.4444444444444444,999.0,1.0,0.4,0.0,0.0,0.0,0.43686868686868685,0.4338820094634047,0.0,0.0,0.0,0.010101010101010055,0.0,0.0
2266,0.47692307692307695,999.0,1.0,0.5370370370370371,0.0,0.0,0.0,0.47350427350427354,0.4681877771351456,0.0,0.0,0.0,0.0,0.0,0.0
2267,0.5333333333333333,999.0,1.0,0.6,0.0,0.0,0.0,0.49681159420289855,0.47950829404574813,1.0,0.0,0.0,0.03999999999999998,0.0,1.0
2268,0.8350515463917526,999.0,1.0,0.9032258064516129,0.0,0.0,0.0,0.8246940528788835,0.8168656637912898,6.0,6.0,5.0,0.00852093414685462,0.0,6.0
2269,0.35294117647058826,999.0,1.0,0.2631578947368421,0.0,0.0,0.0,0.2884803921568628,0.24438235294117647,0.0,0.0,0.0,0.04044117647058826,0.0,0.0
2270,0.8363636363636363,999.0,1.0,0.6842105263157895,0.0,0.0,0.0,0.7999999999999999,0.7781818181818182,308.0,17.0,1.0,0.05454545454545445,0.0,308.0
2271,1.0,999.0,0.0,1.0,0.0,1.0,1.0,0.7446949602122016,0.6749092193139038,5.0,1.0,1.0,0.3620689655172413,1.0,4.0
2272,0.6847826086956522,999.0,1.0,0.5866666666666667,0.0,0.0,0.0,0.5763933572325888,0.5222565399966246,2.0,0.0,0.0,0.09387351778656128,0.0,2.0
2273,0.7021276595744681,999.0,0.0,1.0,0.0,1.0,2.0,0.5135774369124196,0.4689156929166825,1.0,1.0,0.0,0.2821276595744681,1.0,0.0
2274,0.6065573770491803,999.0,0.0,1.0,0.0,1.0,176.0,0.5538723002862347,0.5309338020079691,4.0,0.0,0.0,0.07530737704918034,4.0,0.0
2275,0.7755102040816326,999.0,0.0,1.0,0.0,1.0,153.0,0.7549736875882429,0.738160683141181,65.0,5.0,0.0,0.0207932229495571,19.0,46.0
2276,1.0,999.0,0.0,1.0,0.0,1.0,15.0,0.7984496124031008,0.7300427147603228,12.0,2.0,1.0,0.2790697674418605,3.0,9.0
2277,0.71875,999.0,0.0,1.0,0.0,1.0,7.0,0.704229797979798,0.6381090837957035,4.0,1.0,0.0,0.021780303030302983,2.0,2.0
2278,1.0,999.0,0.0,1.0,0.0,1.0,2.0,0.8907103825136612,0.8344262295081968,13.0,6.0,3.0,0.16393442622950816,2.0,11.0
2279,0.4583333333333333,999.0,1.0,0.42105263157894735,0.0,0.0,0.0,0.43322649572649574,0.4157979664014147,0.0,0.0,0.0,0.020833333333333315,0.0,0.0
2280,0.821917808219178,999.0,1.0,0.5873015873015873,0.0,0.0,0.0,0.6937881672921327,0.6249886142947874,4.0,1.0,1.0,0.18089216719353696,0.0,4.0
2281,1.0,999.0,0.0,1.0,0.0,1.0,5.0,0.7931034482758621,0.7404875473690165,49.0,1.0,1.0,0.31034482758620685,1.0,48.0
2282,0.6071428571428571,999.0,1.0,0.625,0.0,0.0,0.0,0.5685347985347985,0.5188986568986569,4.0,0.0,0.0,0.04714285714285704,0.0,4.0
2283,0.3333333333333333,999.0,1.0,0.36363636363636365,0.0,0.0,0.0,0.3259055759055759,0.3201123110605869,0.0,0.0,0.0,0.0064102564102563875,0.0,0.0
2284,0.8823529411764706,999.0,1.0,0.8775510204081632,0.0,0.0,0.0,0.8080345943091042,0.7808207565854625,65.0,6.0,1.0,0.08605664488017428,0.0,65.0
2285,0.3972602739726027,999.0,1.0,0.6388888888888888,0.0,0.0,0.0,0.37056393020288364,0.36190357551303454,0.0,0.0,0.0,0.034941433392892574,0.0,0.0
2286,1.0,999.0,0.0,1.0,0.0,1.0,127.0,0.7777777777777777,0.7333333333333332,35.0,1.0,1.0,0.33333333333333337,28.0,7.0
2287,0.4583333333333333,999.0,1.0,0.4583333333333333,0.0,0.0,0.0,0.41706848357791754,0.3948063075380549,0.0,0.0,0.0,0.04323899371069179,0.0,0.0
2288,0.75,999.0,0.0,1.0,0.0,1.0,4.0,0.6981922398589065,0.6186374889556329,4.0,1.0,0.0,0.0535714285714286,4.0,0.0
2289,0.6666666666666666,999.0,1.0,0.6666666666666666,0.0,0.0,0.0,0.6324786324786325,0.5927259501727586,6.0,0.0,0.0,0.0,0.0,6.0
2290,0.4931506849315068,999.0,1.0,0.559322033898305,0.0,0.0,0.0,0.4665344312537975,0.45652825368898736,0.0,0.0,0.0,0.029736050785165336,0.0,0.0
2291,0.6976744186046512,999.0,0.0,1.0,0.0,1.0,8.0,0.5985255055022497,0.5328898131052714,2.0,0.0,0.0,0.06131078224101483,2.0,0.0
2292,0.8518518518518519,999.0,1.0,0.8260869565217391,0.0,0.0,0.0,0.8011695906432749,0.7728977616454931,30.0,7.0,2.0,0.03703703703703709,0.0,30.0
2293,0.6521739130434783,999.0,0.0,1.0,0.0,1.0,8.0,0.6312199937183111,0.6170687102269299,10.0,0.0,0.0,0.024722932651321416,1.0,9.0
2294,0.7837837837837838,999.0,1.0,0.9666666666666667,0.0,0.0,0.0,0.7282620966831493,0.7067598131782984,10.0,2.0,0.0,0.0732574679943101,0.0,10.0
2295,0.6619718309859155,999.0,1.0,0.5294117647058824,0.0,0.0,0.0,0.6476515789896071,0.6366654018225191,8.0,0.0,0.0,0.009194053208137709,0.0,8.0
2296,0.6976744186046512,999.0,0.0,1.0,0.0,1.0,1073.0,0.6873385012919897,0.6715697674418605,72.0,0.0,0.0,0.0,34.0,38.0
2297,0.8536585365853658,999.0,1.0,0.88,0.0,0.0,0.0,0.7817438567644103,0.7105368003165743,6.0,3.0,1.0,0.10365853658536583,0.0,6.0
2298,1.0,999.0,0.0,1.0,0.0,1.0,11.0,0.8659090909090909,0.7733686918840841,9.0,3.0,2.0,0.17500000000000004,3.0,6.0
2299,1.0,999.0,0.0,1.0,0.0,1.0,46.0,0.8493098884477218,0.8119115144639819,24.0,6.0,1.0,0.2195121951219512,22.0,2.0
2300,0.98,999.0,0.0,1.0,0.0,1.0,1.0,0.888395061728395,0.8437513227513227,11.0,7.0,4.0,0.12814814814814812,1.0,10.0
2301,0.7142857142857143,999.0,1.0,0.5714285714285714,0.0,0.0,0.0,0.70874861572536,0.6701471286188895,5.0,2.0,0.0,0.0,0.0,5.0
2302,0.5151515151515151,999.0,1.0,0.5535714285714286,0.0,0.0,0.0,0.48544266191325014,0.4645989304812835,1.0,0.0,0.0,0.0445632798573975,0.0,1.0
2303,0.40540540540540543,999.0,1.0,0.40476190476190477,0.0,0.0,0.0,0.38106106106106113,0.3657892952987293,0.0,0.0,0.0,0.02762762762762766,0.0,0.0
2304,1.0,999.0,0.0,1.0,0.0,1.0,114.0,0.7896825396825397,0.7119047619047618,7.0,2.0,1.0,0.25,4.0,3.0
2305,1.0,999.0,0.0,1.0,0.0,1.0,462.0,0.7108585858585857,0.6305151515151515,5.0,1.0,1.0,0.40909090909090906,4.0,1.0
2306,0.5714285714285714,999.0,1.0,0.4642857142857143,0.0,0.0,0.0,0.5714285714285714,0.566749547920434,51.0,0.0,0.0,0.0,0.0,51.0
2307,0.4745762711864407,999.0,1.0,0.6,0.0,0.0,0.0,0.43470724191063176,0.40194988627192024,0.0,0.0,0.0,0.02003081664098616,0.0,0.0
2308,0.45,999.0,1.0,0.475,0.0,0.0,0.0,0.43239202657807313,0.41542806031178126,0.0,0.0,0.0,0.021428571428571463,0.0,0.0
2309,0.6027397260273972,999.0,1.0,0.4166666666666667,0.0,0.0,0.0,0.579788677709004,0.5528518937524272,5.0,0.0,0.0,0.020461245014739005,0.0,5.0
2310,0.3055555555555556,999.0,1.0,0.3333333333333333,0.0,0.0,0.0,0.2968487248975054,0.2924527714930188,0.0,0.0,0.0,0.012872628726287305,0.0,0.0
2311,0.8833333333333333,999.0,1.0,0.9333333333333333,0.0,0.0,0.0,0.8484297468751962,0.8262992274354627,193.0,20.0,2.0,0.014480874316939896,0.0,193.0
2312,1.0,999.0,0.0,1.0,0.0,1.0,47.0,0.825925925925926,0.7704392764857881,16.0,4.0,1.0,0.2222222222222222,5.0,11.0
2313,0.576271186440678,999.0,1.0,0.5526315789473685,0.0,0.0,0.0,0.5513279321371175,0.5361225738186114,7.0,0.0,0.0,0.03081664098613257,0.0,7.0
2314,0.6851851851851852,999.0,0.0,1.0,0.0,1.0,10.0,0.602662324520248,0.5388592994740535,4.0,0.0,0.0,0.10336700336700344,4.0,0.0
2315,1.0,999.0,0.0,1.0,0.0,1.0,20.0,0.7004571655734447,0.6113810187116557,3.0,1.0,1.0,0.41025641025641024,2.0,1.0
2316,1.0,999.0,0.0,1.0,0.0,1.0,462.0,0.6466049382716049,0.5648518518518518,1.0,1.0,1.0,0.5185185185185186,1.0,0.0
2317,1.0,999.0,0.0,1.0,0.0,1.0,3.0,0.8148148148148149,0.6827777777777777,4.0,3.0,1.0,0.2666666666666667,1.0,3.0
2318,0.4883720930232558,999.0,1.0,0.5,0.0,0.0,0.0,0.431828545371637,0.3953290112809532,0.0,0.0,0.0,0.07660738714090287,0.0,0.0
2319,0.8095238095238095,999.0,0.0,1.0,0.0,1.0,1073.0,0.7892631307265453,0.7846689895470382,206.0,16.0,1.0,0.029036004645760727,145.0,61.0
2320,1.0,999.0,0.0,1.0,0.0,1.0,7.0,0.7971431310516729,0.6899959979416532,4.0,2.0,1.0,0.2807017543859649,1.0,3.0
2321,0.6056338028169014,999.0,1.0,0.5,0.0,0.0,0.0,0.5991502065445727,0.581138939246445,10.0,0.0,0.0,0.008411580594679169,0.0,10.0
2322,0.625,999.0,1.0,0.5625,0.0,0.0,0.0,0.5961399711399712,0.5849567099567101,9.0,0.0,0.0,0.029761904761904767,0.0,9.0
2323,1.0,999.0,0.0,1.0,0.0,1.0,35.0,0.8937885253674728,0.7772987562461247,6.0,3.0,2.0,0.10810810810810811,4.0,2.0
2324,0.8846153846153846,999.0,1.0,0.8846153846153846,0.0,0.0,0.0,0.5966301612926683,0.5274225412200454,1.0,1.0,1.0,0.4212007504690431,0.0,1.0
2325,1.0,999.0,0.0,1.0,0.0,1.0,220.0,0.7200533867200534,0.6487713519971584,7.0,1.0,1.0,0.40740740740740744,7.0,0.0
2326,0.8333333333333334,999.0,0.0,1.0,0.0,1.0,153.0,0.8297491039426523,0.7939514113910786,73.0,9.0,3.0,0.0,37.0,36.0
2327,1.0,999.0,0.0,1.0,0.0,1.0,96.0,0.7770885028949545,0.7153910327714554,30.0,1.0,1.0,0.32258064516129037,6.0,24.0
2328,0.7446808510638298,999.0,1.0,0.6363636363636364,0.0,0.0,0.0,0.5789961811238408,0.544041065317661,2.0,1.0,0.0,0.24468085106382975,0.0,2.0
2329,0.7288135593220338,999.0,1.0,0.68,0.0,0.0,0.0,0.6469782571477487,0.5925347803756058,6.0,1.0,0.0,0.12275295326142777,0.0,6.0
2330,0.6851851851851852,999.0,1.0,0.5813953488372093,0.0,0.0,0.0,0.5372732062172185,0.5013898467468276,1.0,0.0,0.0,0.20631194574856554,0.0,1.0
2331,0.3090909090909091,999.0,1.0,0.5666666666666667,0.0,0.0,0.0,0.3021611157204378,0.2956805448330872,0.0,0.0,0.0,0.004006163328197199,0.0,0.0
2332,0.7164179104477612,999.0,1.0,0.5833333333333334,0.0,0.0,0.0,0.7164179104477612,0.6955223880597015,21.0,3.0,0.0,0.0,0.0,21.0
2333,0.43333333333333335,999.0,0.0,1.0,0.0,1.0,670.0,0.4215277777777778,0.4138690476190476,0.0,0.0,0.0,0.00833333333333336,0.0,0.0
2334,0.4772727272727273,999.0,0.0,1.0,0.0,1.0,4.0,0.41718526616768986,0.3663139549486922,0.0,0.0,0.0,0.08596837944664032,0.0,0.0
2335,1.0,999.0,0.0,1.0,0.0,1.0,18.0,0.8148148148148149,0.773873873873874,54.0,5.0,1.0,0.2777777777777778,6.0,48.0
2336,0.7638888888888888,999.0,1.0,0.7142857142857143,0.0,0.0,0.0,0.7393062076160667,0.6824726134585289,40.0,2.0,0.0,0.0,0.0,40.0
2337,1.0,999.0,0.0,1.0,0.0,1.0,10.0,0.828968253968254,0.7311620469083155,6.0,2.0,2.0,0.1964285714285714,4.0,2.0
2338,0.5405405405405406,999.0,1.0,0.53125,0.0,0.0,0.0,0.5000785098824314,0.473566269692525,2.0,0.0,0.0,0.02202202202202208,0.0,2.0
2339,0.8309859154929577,999.0,1.0,0.7272727272727273,0.0,0.0,0.0,0.7092331768388106,0.6508920187793428,7.0,2.0,1.0,0.09765258215962447,0.0,7.0
2340,1.0,999.0,1.0,0.95,0.0,0.0,0.0,0.963963963963964,0.9228228228228229,214.0,30.0,7.0,0.05405405405405406,0.0,214.0
2341,0.358974358974359,999.0,1.0,0.28846153846153844,0.0,0.0,0.0,0.3169070512820513,0.2982760989010989,0.0,0.0,0.0,0.062099358974358976,0.0,0.0
2342,0.42857142857142855,999.0,0.0,1.0,0.0,1.0,462.0,0.40952380952380957,0.4057142857142857,0.0,0.0,0.0,0.028571428571428525,0.0,0.0
2343,1.0,999.0,0.0,1.0,0.0,1.0,6.0,0.5526881720430107,0.4326767330130405,1.0,1.0,1.0,0.6,1.0,0.0
2344,0.6530612244897959,999.0,1.0,0.8,0.0,0.0,0.0,0.6359877284247032,0.619827931172469,37.0,0.0,0.0,0.025610244097639012,0.0,37.0
2345,0.875,999.0,0.0,1.0,0.0,1.0,670.0,0.8291666666666666,0.7928846153846154,345.0,10.0,3.0,0.0625,274.0,71.0
2346,0.7758620689655172,999.0,1.0,0.5365853658536586,0.0,0.0,0.0,0.7413793103448275,0.7150030248033877,5.0,3.0,0.0,0.051724137931034475,0.0,5.0
2347,0.422680412371134,999.0,1.0,0.38461538461538464,0.0,0.0,0.0,0.3570990043872159,0.33244122081414773,0.0,0.0,0.0,0.09224562976243839,0.0,0.0
2348,1.0,999.0,0.0,1.0,0.0,1.0,24.0,0.7837837837837838,0.7229018492176387,8.0,2.0,1.0,0.29729729729729726,6.0,2.0
2349,0.9074074074074074,999.0,1.0,0.7291666666666666,0.0,0.0,0.0,0.7820012995451592,0.7336816540440354,58.0,2.0,1.0,0.13547758284600397,0.0,58.0
2350,0.6153846153846154,999.0,1.0,0.53125,0.0,0.0,0.0,0.582905982905983,0.5736654226276867,5.0,0.0,0.0,0.04871794871794877,0.0,5.0
2351,0.5094339622641509,999.0,1.0,0.5416666666666666,0.0,0.0,0.0,0.42941867246733184,0.4093753414114336,1.0,0.0,0.0,0.11657681940700809,0.0,1.0
2352,0.84375,999.0,0.0,1.0,0.0,1.0,1073.0,0.7632902298850576,0.7109611509180475,51.0,2.0,1.0,0.08512931034482762,27.0,24.0
2353,1.0,999.0,0.0,1.0,0.0,1.0,3.0,0.8977426201041867,0.8017147618910159,9.0,3.0,3.0,0.1095890410958904,1.0,8.0
2354,0.7714285714285715,999.0,0.0,1.0,0.0,1.0,646.0,0.7215686274509804,0.6791532976827094,47.0,2.0,0.0,0.006722689075630339,38.0,9.0
2355,0.30357142857142855,999.0,1.0,0.3333333333333333,0.0,0.0,0.0,0.289021164021164,0.27796702502297815,0.0,0.0,0.0,0.01785714285714285,0.0,0.0
2356,0.6363636363636364,999.0,1.0,0.6363636363636364,0.0,0.0,0.0,0.5930035650623885,0.560680187817921,11.0,0.0,0.0,0.018716577540106916,0.0,11.0
2357,0.8857142857142857,999.0,1.0,0.95,0.0,0.0,0.0,0.821957671957672,0.7653968253968254,25.0,2.0,2.0,0.0,0.0,25.0
2358,0.6530612244897959,999.0,1.0,0.6136363636363636,0.0,0.0,0.0,0.43571642493475377,0.38404194073083275,1.0,0.0,0.0,0.31972789115646255,0.0,1.0
2359,0.6190476190476191,999.0,0.0,1.0,0.0,1.0,5.0,0.5877160664394707,0.550685195419238,4.0,0.0,0.0,0.02813852813852813,4.0,0.0
2360,1.0,999.0,0.0,1.0,0.0,1.0,24.0,0.8190476190476191,0.7711278195488722,12.0,4.0,1.0,0.2571428571428571,4.0,8.0
2361,0.45614035087719296,999.0,1.0,0.3870967741935484,0.0,0.0,0.0,0.40139140955837865,0.3740443948066452,0.0,0.0,0.0,0.07017543859649122,0.0,0.0
2362,0.5084745762711864,999.0,1.0,0.46153846153846156,0.0,0.0,0.0,0.4654945420149807,0.4039674890369076,1.0,0.0,0.0,0.046936114732724854,0.0,1.0
2363,1.0,999.0,0.0,1.0,0.0,1.0,13.0,0.9682539682539683,0.9285714285714285,26.0,12.0,8.0,0.0,2.0,24.0
2364,0.5964912280701754,999.0,1.0,0.5555555555555556,0.0,0.0,0.0,0.4960820969169952,0.4369114452384711,2.0,0.0,0.0,0.08178534571723428,0.0,2.0
2365,0.7702702702702703,999.0,1.0,0.75,0.0,0.0,0.0,0.7635135135135135,0.7474441242046875,134.0,6.0,0.0,0.0,0.0,134.0
2366,0.9032258064516129,999.0,0.0,1.0,0.0,1.0,1098.0,0.8563177551560021,0.8205710368889104,22.0,6.0,2.0,0.03437334743521947,22.0,0.0
2367,1.0,999.0,0.0,1.0,0.0,1.0,1073.0,0.8781991982732039,0.8460684551341352,376.0,23.0,4.0,0.17391304347826086,226.0,150.0
2368,0.7142857142857143,999.0,1.0,0.7142857142857143,0.0,0.0,0.0,0.687950937950938,0.6750901247416927,149.0,1.0,0.0,0.023809523809523836,0.0,149.0
2369,0.7395833333333334,999.0,1.0,0.8064516129032258,0.0,0.0,0.0,0.6915333894500563,0.6740734728234729,23.0,1.0,0.0,0.05271464646464652,0.0,23.0
2370,0.6,999.0,1.0,0.5918367346938775,0.0,0.0,0.0,0.562968591691996,0.541554739920858,6.0,0.0,0.0,0.04680851063829783,0.0,6.0
2371,0.4444444444444444,999.0,1.0,0.5238095238095238,0.0,0.0,0.0,0.3888378033205619,0.37469776489685397,0.0,0.0,0.0,0.08237547892720304,0.0,0.0
2372,0.5,999.0,1.0,0.5428571428571428,0.0,0.0,0.0,0.4542976939203354,0.4235220125786164,1.0,0.0,0.0,0.033333333333333326,0.0,1.0
2373,1.0,999.0,0.0,1.0,0.0,1.0,7.0,0.7883597883597884,0.6986694677871148,22.0,2.0,1.0,0.2857142857142857,1.0,21.0
2374,1.0,999.0,0.0,1.0,0.0,1.0,1073.0,0.9703703703703703,0.9088601944842978,146.0,27.0,5.0,0.0,101.0,45.0
2375,1.0,999.0,0.0,1.0,0.0,1.0,60.0,0.7093596059113301,0.5903216458997391,2.0,2.0,1.0,0.2857142857142857,2.0,0.0
2376,0.7428571428571429,999.0,1.0,0.7272727272727273,0.0,0.0,0.0,0.705026455026455,0.6648763381321521,12.0,2.0,0.0,0.020634920634920673,0.0,12.0
2377,0.48,999.0,1.0,0.5333333333333333,0.0,0.0,0.0,0.4624691358024691,0.4509844169022251,0.0,0.0,0.0,0.017037037037037017,0.0,0.0
2378,1.0,999.0,0.0,1.0,0.0,1.0,3.0,0.6660539215686274,0.567407667057954,2.0,1.0,1.0,0.47058823529411764,2.0,0.0
2379,1.0,999.0,0.0,1.0,0.0,1.0,97.0,0.8577524893314367,0.8122705412179096,9.0,6.0,1.0,0.21052631578947367,9.0,0.0
2380,0.6585365853658537,999.0,1.0,0.6721311475409836,0.0,0.0,0.0,0.5607506667952055,0.5213666694818415,2.0,0.0,0.0,0.11308203991130827,0.0,2.0
2381,0.6545454545454545,999.0,1.0,0.6071428571428571,0.0,0.0,0.0,0.6429938482570062,0.6340721710231693,38.0,0.0,0.0,0.011688311688311637,0.0,38.0
2382,0.5,999.0,1.0,0.46875,0.0,0.0,0.0,0.46064814814814814,0.44837768440709613,1.0,0.0,0.0,0.05555555555555558,0.0,1.0
2383,1.0,999.0,0.0,1.0,0.0,1.0,29.0,0.8432760364004045,0.7854995630763116,13.0,4.0,1.0,0.2093023255813954,13.0,0.0
2384,0.6031746031746031,999.0,1.0,0.5471698113207547,0.0,0.0,0.0,0.5730388773867034,0.5492287318374275,6.0,0.0,0.0,0.03795721187025536,0.0,6.0
2385,0.9117647058823529,999.0,1.0,0.8636363636363636,0.0,0.0,0.0,0.8354854136776662,0.7628766140602583,6.0,2.0,2.0,0.0,0.0,6.0
2386,0.7666666666666667,999.0,1.0,0.72,0.0,0.0,0.0,0.6820426487093153,0.6300812041988512,5.0,2.0,0.0,0.062962962962963,0.0,5.0
2387,1.0,999.0,0.0,1.0,0.0,1.0,4.0,0.7627118644067797,0.6915286337955829,6.0,1.0,1.0,0.35593220338983056,1.0,5.0
2388,0.7777777777777778,999.0,1.0,0.7,0.0,0.0,0.0,0.7331208257437766,0.6976174325015478,70.0,3.0,0.0,0.061111111111111116,0.0,70.0
2389,0.8533333333333334,999.0,1.0,0.926829268292683,0.0,0.0,0.0,0.8493766937669377,0.8124605581190947,139.0,11.0,3.0,0.0,0.0,139.0
2390,0.7692307692307693,999.0,1.0,1.0,0.0,0.0,0.0,0.7329462989840348,0.6927677793904209,45.0,2.0,0.0,0.0,0.0,45.0
2391,0.84,999.0,0.0,1.0,0.0,1.0,7.0,0.8159477124183008,0.8095686274509803,8.0,8.0,5.0,0.03607843137254896,7.0,1.0
2392,0.36585365853658536,999.0,1.0,0.417910447761194,0.0,0.0,0.0,0.33010417766515326,0.30672560820337,0.0,0.0,0.0,0.015204307887234703,0.0,0.0
2393,0.7169811320754716,999.0,0.0,1.0,0.0,1.0,176.0,0.6756459473440605,0.6251725146429955,9.0,1.0,0.0,0.026072041166380733,6.0,3.0
2394,0.7,999.0,1.0,0.6842105263157895,0.0,0.0,0.0,0.6826086956521739,0.642407552361299,21.0,1.0,0.0,0.004347826086956497,0.0,21.0
2395,0.8260869565217391,999.0,1.0,0.7096774193548387,0.0,0.0,0.0,0.7353420554160609,0.6652755510319219,7.0,2.0,2.0,0.01757631822386685,0.0,7.0
2396,1.0,999.0,0.0,1.0,0.0,1.0,1.0,0.8666666666666667,0.732531328320802,4.0,3.0,3.0,0.19999999999999996,1.0,3.0
2397,0.776595744680851,999.0,1.0,0.3972602739726027,0.0,0.0,0.0,0.7733580018501387,0.7232740603693425,13.0,4.0,0.0,0.004856614246068425,0.0,13.0
2398,0.7777777777777778,999.0,0.0,1.0,0.0,1.0,2.0,0.7116867600738569,0.6832620560443141,19.0,2.0,0.0,0.06565656565656564,2.0,17.0
2399,0.4722222222222222,999.0,1.0,0.6666666666666666,0.0,0.0,0.0,0.47222222222222215,0.46725146198830403,0.0,0.0,0.0,0.0,0.0,0.0
2400,0.6052631578947368,999.0,1.0,0.7209302325581395,0.0,0.0,0.0,0.5678862932732902,0.5563454580565294,8.0,0.0,0.0,0.05232198142414857,0.0,8.0
2401,0.6428571428571429,999.0,1.0,0.7948717948717948,0.0,0.0,0.0,0.5847619047619048,0.564431803490627,19.0,0.0,0.0,0.07142857142857151,0.0,19.0
2402,1.0,999.0,0.0,1.0,0.0,1.0,6.0,0.9206349206349206,0.874120082815735,23.0,9.0,5.0,0.11904761904761907,1.0,22.0
2403,1.0,999.0,0.0,1.0,0.0,1.0,646.0,0.8430014430014431,0.7931406093906095,69.0,6.0,1.0,0.22857142857142854,66.0,3.0
2404,1.0,999.0,0.0,1.0,0.0,1.0,37.0,0.8154761904761904,0.7325605680868839,8.0,2.0,1.0,0.2063492063492064,4.0,4.0
2405,0.7727272727272727,999.0,0.0,1.0,0.0,1.0,50.0,0.7414101308032107,0.7277729077502191,12.0,5.0,0.0,0.02854122621564481,11.0,1.0
2406,0.5588235294117647,999.0,1.0,0.62,0.0,0.0,0.0,0.5511842913803698,0.5373846571419038,15.0,0.0,0.0,0.0011312217194570096,0.0,15.0
2407,0.4935064935064935,999.0,1.0,0.5714285714285714,0.0,0.0,0.0,0.48626687038451744,0.4812265116970999,0.0,0.0,0.0,0.008212375859434684,0.0,0.0
2408,0.6203703703703703,999.0,1.0,0.5333333333333333,0.0,0.0,0.0,0.5145719919863222,0.48557444058604543,1.0,0.0,0.0,0.1456228956228956,0.0,1.0
2409,0.8939393939393939,999.0,0.0,1.0,0.0,1.0,2.0,0.7823391573391573,0.7369140429267012,20.0,2.0,1.0,0.13005050505050508,2.0,18.0
2410,1.0,999.0,0.0,1.0,0.0,1.0,81.0,0.8348918760958504,0.7836937463471654,16.0,4.0,1.0,0.22413793103448276,12.0,4.0
2411,0.6,999.0,1.0,0.8269230769230769,0.0,0.0,0.0,0.5528205128205128,0.5065321264139829,3.0,0.0,0.0,0.06153846153846154,0.0,3.0
2412,0.7586206896551724,999.0,1.0,0.7586206896551724,0.0,0.0,0.0,0.5677531280979556,0.499600562716095,2.0,1.0,0.0,0.2458001768346596,0.0,2.0
2413,0.8541666666666666,999.0,0.0,1.0,0.0,1.0,646.0,0.7908108077969579,0.7515494217411118,15.0,4.0,1.0,0.08058176100628922,15.0,0.0
2414,0.75,999.0,1.0,0.6428571428571429,0.0,0.0,0.0,0.62202786612146,0.5254818762351678,2.0,1.0,0.0,0.056451612903225756,0.0,2.0
2415,1.0,999.0,0.0,1.0,0.0,1.0,65.0,0.7947552447552448,0.7176426205373574,10.0,2.0,1.0,0.28846153846153844,6.0,4.0
2416,1.0,999.0,0.0,1.0,0.0,1.0,6.0,0.8023184116413861,0.6814369712098604,4.0,2.0,1.0,0.21568627450980393,1.0,3.0
2417,0.4666666666666667,999.0,1.0,0.4230769230769231,0.0,0.0,0.0,0.42441425680079586,0.398111757543681,0.0,0.0,0.0,0.03983739837398376,0.0,0.0
2418,0.8409090909090909,999.0,0.0,1.0,0.0,1.0,2.0,0.7790135396518375,0.7499347849888055,126.0,4.0,1.0,0.06818181818181823,2.0,124.0
2419,1.0,999.0,0.0,1.0,0.0,1.0,10.0,0.8366838086333178,0.7952249681610808,6.0,5.0,1.0,0.23188405797101452,6.0,0.0
2420,0.6086956521739131,999.0,1.0,1.0,0.0,0.0,0.0,0.5412650572448848,0.4862405158284123,2.0,0.0,0.0,0.01295097132284928,0.0,2.0
2421,1.0,999.0,0.0,1.0,0.0,1.0,1073.0,0.888888888888889,0.8621621621621622,186.0,28.0,8.0,0.16666666666666663,98.0,88.0
2422,0.30158730158730157,999.0,1.0,0.3409090909090909,0.0,0.0,0.0,0.2947255291005291,0.28654092049925384,0.0,0.0,0.0,0.0047123015873015706,0.0,0.0
2423,1.0,999.0,0.0,1.0,0.0,1.0,150.0,0.7605031446540881,0.7011347135401732,16.0,1.0,1.0,0.3584905660377359,8.0,8.0
2424,0.3974358974358974,999.0,1.0,0.40350877192982454,0.0,0.0,0.0,0.37561588738059326,0.3708107088989442,0.0,0.0,0.0,0.032730015082956254,0.0,0.0
2425,0.7857142857142857,999.0,0.0,1.0,0.0,1.0,1.0,0.694823548413147,0.6263699354995012,6.0,2.0,0.0,0.044334975369458074,1.0,5.0
2426,0.5384615384615384,999.0,1.0,0.5384615384615384,0.0,0.0,0.0,0.4939462290321744,0.4759595741539985,1.0,0.0,0.0,0.06020066889632103,0.0,1.0
2427,0.5,999.0,1.0,0.5102040816326531,0.0,0.0,0.0,0.4685086155674391,0.45487967914438504,1.0,0.0,0.0,0.04545454545454547,0.0,1.0
2428,0.38181818181818183,999.0,1.0,0.5384615384615384,0.0,0.0,0.0,0.34364699627857515,0.32802420489726986,0.0,0.0,0.0,0.04848484848484852,0.0,0.0
2429,0.6363636363636364,999.0,1.0,0.5675675675675675,0.0,0.0,0.0,0.6128780060668606,0.5928680465779694,11.0,0.0,0.0,0.022328548644338087,0.0,11.0
2430,0.64,999.0,1.0,0.5862068965517241,0.0,0.0,0.0,0.6,0.5734339622641509,5.0,0.0,0.0,0.06000000000000005,0.0,5.0
2431,0.6578947368421053,999.0,1.0,0.6578947368421053,0.0,0.0,0.0,0.646040777619725,0.625719704667073,100.0,0.0,0.0,0.009246088193456625,0.0,100.0
2432,1.0,999.0,0.0,1.0,0.0,1.0,29.0,0.7735042735042735,0.7063247863247863,20.0,2.0,1.0,0.2948717948717948,16.0,4.0
2433,0.7551020408163265,999.0,1.0,0.6842105263157895,0.0,0.0,0.0,0.7171094853035553,0.7044337872370218,6.0,1.0,0.0,0.05698883326915671,0.0,6.0
2434,1.0,999.0,0.0,1.0,0.0,1.0,6.0,0.6659919028340081,0.5423224144276776,2.0,1.0,1.0,0.42307692307692313,1.0,1.0
2435,0.7903225806451613,999.0,0.0,1.0,0.0,1.0,1073.0,0.7601766513056836,0.7473232481023624,55.0,7.0,0.0,0.032258064516129004,40.0,15.0
2436,0.74,999.0,1.0,0.7045454545454546,0.0,0.0,0.0,0.7399999999999999,0.7386666666666667,128.0,5.0,0.0,0.0,0.0,128.0
2437,0.7297297297297297,999.0,0.0,1.0,0.0,1.0,4.0,0.626441075221563,0.5512522420321626,2.0,1.0,0.0,0.04680290046143698,2.0,0.0
2438,0.631578947368421,999.0,1.0,0.631578947368421,0.0,0.0,0.0,0.5851054403685982,0.5643965975544922,5.0,0.0,0.0,0.06339712918660279,0.0,5.0
2439,0.6,999.0,0.0,1.0,0.0,1.0,3.0,0.5695652173913043,0.5023960137331753,3.0,0.0,0.0,0.034782608695652195,2.0,1.0
2440,0.6607142857142857,999.0,1.0,0.7358490566037735,0.0,0.0,0.0,0.6408161047991556,0.6325665859564165,109.0,0.0,0.0,0.026098901098901117,0.0,109.0
2441,0.8947368421052632,999.0,1.0,0.95,0.0,0.0,0.0,0.8729139922978177,0.78402714102329,38.0,3.0,3.0,0.0,0.0,38.0
2442,0.4772727272727273,999.0,1.0,0.5,0.0,0.0,0.0,0.4257944897479781,0.41280733085586474,0.0,0.0,0.0,0.07251082251082253,0.0,0.0
2443,1.0,999.0,0.0,1.0,0.0,1.0,56.0,0.6608187134502924,0.5646653377366537,1.0,1.0,1.0,0.5087719298245614,1.0,0.0
2444,1.0,999.0,0.0,1.0,0.0,1.0,18.0,0.8331298331298331,0.7502741702741702,7.0,3.0,1.0,0.23076923076923073,3.0,4.0
2445,0.8611111111111112,999.0,0.0,1.0,0.0,1.0,7.0,0.7777777777777778,0.7527336860670195,339.0,8.0,1.0,0.125,6.0,333.0
2446,0.6521739130434783,999.0,0.0,1.0,0.0,1.0,1.0,0.4913974205557771,0.4352810462111746,1.0,0.0,0.0,0.23015556441962504,1.0,0.0
2447,0.6375,999.0,1.0,0.5675675675675675,0.0,0.0,0.0,0.6348765432098765,0.6327777777777779,12.0,0.0,0.0,0.0,0.0,12.0
2448,0.803030303030303,999.0,1.0,0.8484848484848485,0.0,0.0,0.0,0.7841798264333475,0.7515889769410895,201.0,4.0,2.0,0.0,0.0,201.0
2449,0.7333333333333333,999.0,0.0,1.0,0.0,1.0,8.0,0.5528223410576352,0.5101345323294402,1.0,1.0,0.0,0.26274509803921564,0.0,1.0
2450,0.6222222222222222,999.0,1.0,0.6428571428571429,0.0,0.0,0.0,0.5624901497241922,0.5413402436806691,7.0,0.0,0.0,0.0888888888888889,0.0,7.0
2451,0.36363636363636365,999.0,1.0,0.36363636363636365,0.0,0.0,0.0,0.34811529933481156,0.33382227528569,0.0,0.0,0.0,0.0,0.0,0.0
2452,1.0,999.0,0.0,1.0,0.0,1.0,95.0,0.8373983739837398,0.7749994108636737,6.0,3.0,1.0,0.24390243902439024,6.0,0.0
2453,0.8148148148148148,999.0,0.0,1.0,0.0,1.0,127.0,0.7604938271604937,0.7002356902356902,14.0,2.0,2.0,0.014814814814814725,14.0,0.0
2454,1.0,999.0,0.0,1.0,0.0,1.0,17.0,0.788849043715847,0.6811506172965057,8.0,2.0,2.0,0.180327868852459,2.0,6.0
2455,0.6559139784946236,999.0,1.0,0.7051282051282052,0.0,0.0,0.0,0.6470226800397578,0.6316221293271128,14.0,0.0,0.0,0.008855154965211831,0.0,14.0
2456,0.32,999.0,1.0,0.32,0.0,0.0,0.0,0.31328264639189013,0.30741403227957853,0.0,0.0,0.0,0.00627450980392158,0.0,0.0
2457,0.8235294117647058,999.0,0.0,1.0,0.0,1.0,244.0,0.6400099806624665,0.5724760549163268,2.0,1.0,1.0,0.21483375959079276,1.0,1.0
2458,0.775,999.0,1.0,0.8333333333333334,0.0,0.0,0.0,0.6749548328816622,0.5640068889955447,3.0,1.0,0.0,0.08611111111111114,0.0,3.0
2459,0.9259259259259259,999.0,0.0,1.0,0.0,1.0,1.0,0.7534960459691642,0.7036946791785501,12.0,1.0,1.0,0.2485065710872163,1.0,11.0
2460,0.7796610169491526,999.0,0.0,1.0,0.0,1.0,6.0,0.7167051874678995,0.6576746276322548,6.0,2.0,0.0,0.034206471494607094,6.0,0.0
2461,0.8333333333333334,999.0,1.0,0.5180722891566265,0.0,0.0,0.0,0.6398606898101337,0.5094669703625188,2.0,2.0,1.0,0.07751937984496127,0.0,2.0
2462,0.6794871794871795,999.0,1.0,0.4888888888888889,0.0,0.0,0.0,0.5055946000877164,0.4643050710009408,1.0,0.0,0.0,0.2539552645935625,0.0,1.0
2463,1.0,999.0,1.0,1.0,0.0,0.0,0.0,0.8736111111111112,0.7783333333333334,8.0,2.0,2.0,0.06666666666666665,0.0,8.0
2464,0.4935064935064935,999.0,1.0,0.45614035087719296,0.0,0.0,0.0,0.45984060639233054,0.43398158999773084,0.0,0.0,0.0,0.021284271284271294,0.0,0.0
2465,0.576271186440678,999.0,1.0,0.7647058823529411,0.0,0.0,0.0,0.5699731406872279,0.5451584875869399,5.0,0.0,0.0,0.0,0.0,5.0
2466,0.7555555555555555,999.0,1.0,0.7297297297297297,0.0,0.0,0.0,0.6740216631726065,0.6369129979035639,8.0,1.0,0.0,0.11404612159329142,0.0,8.0
2467,0.2982456140350877,999.0,1.0,0.4146341463414634,0.0,0.0,0.0,0.28458043456342,0.2663622958257713,0.0,0.0,0.0,0.0013706140350877027,0.0,0.0
2468,1.0,999.0,0.0,1.0,0.0,1.0,24.0,0.9130434782608695,0.840339455940479,16.0,10.0,2.0,0.0,2.0,14.0
2469,0.8461538461538461,999.0,0.0,1.0,0.0,1.0,1.0,0.6376068376068376,0.5754212454212454,4.0,1.0,1.0,0.2794871794871795,0.0,4.0
2470,0.625,999.0,0.0,1.0,0.0,1.0,40.0,0.5859328579916815,0.5392426416242773,3.0,0.0,0.0,0.007352941176470562,1.0,2.0
2471,0.797752808988764,999.0,0.0,1.0,0.0,1.0,1.0,0.6991790456034916,0.6378560512153061,8.0,1.0,0.0,0.1054451166810717,1.0,7.0
2472,0.39215686274509803,999.0,1.0,0.36363636363636365,0.0,0.0,0.0,0.3513369886961877,0.33271801324674016,0.0,0.0,0.0,0.051731330830204425,0.0,0.0
2473,1.0,999.0,0.0,1.0,0.0,1.0,462.0,1.0,0.9283088235294118,9.0,7.0,4.0,0.0,9.0,0.0
2474,1.0,999.0,0.0,1.0,0.0,1.0,462.0,0.7386363636363636,0.6431818181818182,5.0,1.0,1.0,0.375,5.0,0.0
2475,1.0,999.0,0.0,1.0,0.0,1.0,1098.0,0.8561702127659574,0.8060098199672667,123.0,9.0,2.0,0.19148936170212771,45.0,78.0
2476,0.8135593220338984,999.0,1.0,0.47058823529411764,0.0,0.0,0.0,0.7924088515438404,0.7485222340032274,9.0,4.0,1.0,0.02408563782337203,0.0,9.0
2477,0.7575757575757576,999.0,1.0,0.7166666666666667,0.0,0.0,0.0,0.7432659932659934,0.74024064171123,41.0,6.0,0.0,0.02146464646464641,0.0,41.0
2478,1.0,999.0,0.0,1.0,0.0,1.0,646.0,0.7887172887172887,0.7297893712527859,19.0,1.0,1.0,0.30952380952380953,19.0,0.0
2479,0.8383838383838383,999.0,1.0,0.7692307692307693,0.0,0.0,0.0,0.7500495147553972,0.716696375519905,20.0,3.0,1.0,0.13250148544266183,0.0,20.0
2480,1.0,999.0,1.0,1.0,0.0,0.0,0.0,0.8042033235581623,0.6889736070381232,5.0,2.0,1.0,0.24193548387096775,0.0,5.0
2481,1.0,999.0,0.0,1.0,0.0,1.0,137.0,0.7452861952861953,0.6757431457431456,5.0,1.0,1.0,0.37777777777777777,5.0,0.0
2482,0.5888888888888889,999.0,1.0,0.9787234042553191,0.0,0.0,0.0,0.5835648148148148,0.5700253211711168,10.0,0.0,0.0,0.0,0.0,10.0
2483,0.5434782608695652,999.0,1.0,0.5121951219512195,0.0,0.0,0.0,0.5214402134581863,0.5169457607279729,5.0,0.0,0.0,0.0328399629972248,0.0,5.0
2484,0.5396825396825397,999.0,1.0,0.5245901639344263,0.0,0.0,0.0,0.5108810674028065,0.4955185394315829,2.0,0.0,0.0,0.03243616287094542,0.0,2.0
2485,0.8863636363636364,999.0,1.0,0.8275862068965517,0.0,0.0,0.0,0.852949166539891,0.8277269467324452,68.0,7.0,4.0,0.04366700715015326,0.0,68.0
2486,0.71,999.0,1.0,0.6885245901639344,0.0,0.0,0.0,0.5987784679089027,0.5574164313946922,4.0,1.0,0.0,0.16652173913043478,0.0,4.0
2487,0.5121951219512195,999.0,1.0,0.5333333333333333,0.0,0.0,0.0,0.49295392953929545,0.47242552911359076,2.0,0.0,0.0,0.012195121951219523,0.0,2.0
2488,0.7377049180327869,999.0,1.0,0.5961538461538461,0.0,0.0,0.0,0.7322815676596744,0.7149650135270811,38.0,4.0,0.0,0.004371584699453646,0.0,38.0
2489,1.0,999.0,0.0,1.0,0.0,1.0,8.0,0.7434210526315789,0.6881578947368421,8.0,1.0,1.0,0.375,8.0,0.0
2490,0.28,999.0,1.0,0.3181818181818182,0.0,0.0,0.0,0.259546485260771,0.2446167800453515,0.0,0.0,0.0,0.014693877551020418,0.0,0.0
2491,1.0,999.0,0.0,1.0,0.0,1.0,24.0,0.8110516934046346,0.7500896626593221,7.0,3.0,1.0,0.2727272727272727,6.0,1.0
2492,0.8103448275862069,999.0,0.0,1.0,0.0,1.0,74.0,0.8057666082213131,0.7961790152436979,49.0,14.0,2.0,0.0,35.0,14.0
2493,0.7368421052631579,999.0,1.0,0.6493506493506493,0.0,0.0,0.0,0.657186807485234,0.6254381748955813,21.0,1.0,0.0,0.11828540423223,0.0,21.0
2494,0.5645161290322581,999.0,1.0,0.43103448275862066,0.0,0.0,0.0,0.535356296701294,0.5226567794637779,4.0,0.0,0.0,0.03909240021869875,0.0,4.0
2495,0.7321428571428571,999.0,1.0,0.4642857142857143,0.0,0.0,0.0,0.7278613199665832,0.7219557514475845,322.0,7.0,0.0,0.0,0.0,322.0
2496,1.0,999.0,0.0,1.0,0.0,1.0,29.0,0.7249417249417248,0.6493240093240092,11.0,1.0,1.0,0.36363636363636365,3.0,8.0
2497,0.7391304347826086,999.0,1.0,0.7391304347826086,0.0,0.0,0.0,0.592530657748049,0.5460425881972165,3.0,1.0,0.0,0.2006688963210702,0.0,3.0
2498,0.5,999.0,1.0,0.4117647058823529,0.0,0.0,0.0,0.4704220671319375,0.4447929228188451,1.0,0.0,0.0,0.02941176470588236,0.0,1.0
2499,1.0,999.0,0.0,1.0,0.0,1.0,43.0,1.0,0.97006993006993,265.0,63.0,16.0,0.0,15.0,250.0
2500,0.948051948051948,999.0,1.0,0.9423076923076923,0.0,0.0,0.0,0.7785841609371021,0.7310142153009347,22.0,2.0,1.0,0.24216959511077152,0.0,22.0
2501,0.6615384615384615,999.0,1.0,0.8787878787878788,0.0,0.0,0.0,0.6539886039886039,0.6398404691847315,120.0,0.0,0.0,0.0,0.0,120.0
2502,0.15151515151515152,999.0,1.0,0.17857142857142858,0.0,0.0,0.0,0.14646464646464646,0.13983560299349773,0.0,0.0,0.0,0.0,0.0,0.0
2503,0.95,999.0,0.0,1.0,0.0,1.0,1.0,0.9025252525252525,0.8716738816738816,61.0,16.0,8.0,0.07121212121212117,1.0,60.0
2504,1.0,999.0,0.0,1.0,0.0,1.0,4.0,0.8989233135574599,0.7947424593124208,9.0,3.0,3.0,0.10810810810810811,1.0,8.0
2505,1.0,999.0,0.0,1.0,0.0,1.0,95.0,0.8030303030303031,0.7401515151515152,6.0,3.0,1.0,0.2954545454545454,6.0,0.0
2506,0.7818181818181819,999.0,0.0,1.0,0.0,1.0,12.0,0.5724340175953079,0.5070967741935484,1.0,1.0,0.0,0.3140762463343109,1.0,0.0
2507,0.42045454545454547,999.0,1.0,0.28378378378378377,0.0,0.0,0.0,0.3623737373737374,0.34604765055037945,0.0,0.0,0.0,0.08712121212121215,0.0,0.0
2508,0.5142857142857142,999.0,1.0,0.5142857142857142,0.0,0.0,0.0,0.4803716608594657,0.4530070496718256,1.0,0.0,0.0,0.026480836236933758,0.0,1.0
2509,0.6666666666666666,999.0,0.0,1.0,0.0,1.0,1073.0,0.6517961570593149,0.6249508386350492,12.0,0.0,0.0,0.00952380952380949,12.0,0.0
2510,0.4166666666666667,999.0,1.0,0.4642857142857143,0.0,0.0,0.0,0.39935672514619885,0.3913582211342309,0.0,0.0,0.0,0.02192982456140352,0.0,0.0
2511,0.8571428571428571,999.0,1.0,0.7837837837837838,0.0,0.0,0.0,0.8412698412698413,0.8195160031225605,245.0,23.0,3.0,0.0,0.0,245.0
2512,0.47540983606557374,999.0,1.0,0.5,0.0,0.0,0.0,0.4754098360655738,0.45257674431265266,0.0,0.0,0.0,0.0,0.0,0.0
2513,0.7040816326530612,999.0,1.0,0.6144578313253012,0.0,0.0,0.0,0.693821233585593,0.6653547892134049,26.0,1.0,0.0,0.007111935683364212,0.0,26.0
2514,1.0,999.0,0.0,1.0,0.0,1.0,9.0,0.8850574712643677,0.794493129375162,14.0,3.0,3.0,0.1724137931034483,2.0,12.0
2515,0.7777777777777778,999.0,0.0,1.0,0.0,1.0,27.0,0.7185185185185184,0.5931122046048236,3.0,2.0,0.0,0.0,3.0,0.0
2516,0.6712328767123288,999.0,1.0,0.75,0.0,0.0,0.0,0.6401945086876594,0.5925504401523547,5.0,0.0,0.0,0.02188222736167944,0.0,5.0
2517,0.55,999.0,1.0,0.42857142857142855,0.0,0.0,0.0,0.5358834244080146,0.5229385053490342,6.0,0.0,0.0,0.00901639344262295,0.0,6.0
2518,1.0,999.0,0.0,1.0,0.0,1.0,65.0,0.7756410256410255,0.6215014747881454,3.0,2.0,1.0,0.25,3.0,0.0
2519,0.32608695652173914,999.0,1.0,0.4,0.0,0.0,0.0,0.3160369220151829,0.31078617437313094,0.0,0.0,0.0,0.013586956521739135,0.0,0.0
2520,0.7741935483870968,999.0,0.0,1.0,0.0,1.0,1073.0,0.760573476702509,0.7207380254154447,37.0,3.0,0.0,0.0,35.0,2.0
2521,1.0,999.0,0.0,1.0,0.0,1.0,1073.0,0.8994483845547675,0.843224586288416,117.0,9.0,2.0,0.0888888888888889,73.0,44.0
2522,1.0,999.0,0.0,1.0,0.0,1.0,26.0,1.0,0.9771428571428572,266.0,44.0,14.0,0.0,19.0,247.0
2523,0.9615384615384616,999.0,1.0,0.9,0.0,0.0,0.0,0.6974529535505146,0.6366535903121269,6.0,1.0,1.0,0.376172607879925,0.0,6.0
2524,0.45901639344262296,999.0,1.0,0.4576271186440678,0.0,0.0,0.0,0.42193201815319076,0.41090568976515385,0.0,0.0,0.0,0.05223673242567378,0.0,0.0
2525,0.4426229508196721,999.0,1.0,0.5909090909090909,0.0,0.0,0.0,0.4234850811385229,0.40892975836053314,0.0,0.0,0.0,0.021570319240724778,0.0,0.0
2526,0.711864406779661,999.0,1.0,0.68,0.0,0.0,0.0,0.6887356128471492,0.6712689503260361,74.0,1.0,0.0,0.03444505194095138,0.0,74.0
2527,1.0,999.0,0.0,1.0,0.0,1.0,61.0,1.0,0.9823529411764707,300.0,41.0,19.0,0.0,12.0,288.0
2528,0.6875,999.0,1.0,0.4666666666666667,0.0,0.0,0.0,0.5202464788732394,0.4788145539906103,1.0,0.0,0.0,0.25088028169014087,0.0,1.0
2529,0.75,999.0,0.0,1.0,0.0,1.0,40.0,0.7179241844359394,0.625443657131532,4.0,2.0,0.0,0.024193548387096753,2.0,2.0
2530,1.0,999.0,1.0,1.0,0.0,0.0,0.0,0.9185272228750491,0.8455137967271437,274.0,7.0,2.0,0.027027027027026973,0.0,274.0
2531,0.9032258064516129,999.0,0.0,1.0,0.0,1.0,5.0,0.8548960685396434,0.8129606032363004,7.0,5.0,3.0,0.06716023268112103,5.0,2.0
2532,0.9393939393939394,999.0,1.0,0.75,0.0,0.0,0.0,0.82996632996633,0.675775716347145,3.0,2.0,2.0,0.0,0.0,3.0
2533,0.6206896551724138,999.0,1.0,0.6428571428571429,0.0,0.0,0.0,0.5929597701149425,0.5581288032454361,5.0,0.0,0.0,0.0,0.0,5.0
2534,0.8064516129032258,999.0,0.0,1.0,0.0,1.0,13.0,0.7018308631211857,0.6447152520157613,6.0,1.0,1.0,0.12903225806451613,5.0,1.0
2535,0.8181818181818182,999.0,0.0,1.0,0.0,1.0,220.0,0.7508990615373595,0.6766263934441549,5.0,3.0,1.0,0.09477756286266925,5.0,0.0
2536,0.625,999.0,1.0,0.625,0.0,0.0,0.0,0.6114341085271318,0.6059080841638982,10.0,0.0,0.0,0.02034883720930236,0.0,10.0
2537,0.6,999.0,1.0,0.5208333333333334,0.0,0.0,0.0,0.5965811965811966,0.5865201465201464,19.0,0.0,0.0,0.0,0.0,19.0
2538,1.0,999.0,0.0,1.0,0.0,1.0,10.0,0.7682539682539682,0.6771144278606964,5.0,2.0,1.0,0.2666666666666667,1.0,4.0
2539,0.8125,999.0,0.0,1.0,0.0,1.0,1073.0,0.7489035087719298,0.702487163029525,21.0,2.0,1.0,0.0625,17.0,4.0
2540,1.0,999.0,0.0,1.0,0.0,1.0,2.0,0.8878306878306877,0.8340497640497639,21.0,10.0,2.0,0.11428571428571432,2.0,19.0
2541,0.4642857142857143,999.0,1.0,0.4864864864864865,0.0,0.0,0.0,0.45358563768008503,0.4408779743683506,0.0,0.0,0.0,0.00683890577507601,0.0,0.0
2542,0.2391304347826087,999.0,1.0,0.358974358974359,0.0,0.0,0.0,0.2374344742522356,0.2317437034192659,0.0,0.0,0.0,0.0,0.0,0.0
2543,1.0,999.0,0.0,1.0,0.0,1.0,1.0,0.6698412698412698,0.5923809523809525,2.0,1.0,1.0,0.4666666666666667,1.0,1.0
2544,0.5409836065573771,999.0,1.0,0.5740740740740741,0.0,0.0,0.0,0.5187894073139975,0.5052087308607984,2.0,0.0,0.0,0.01790668348045399,0.0,2.0
2545,1.0,999.0,0.0,1.0,0.0,1.0,4.0,0.7693920335429768,0.7102715837621497,11.0,1.0,1.0,0.33333333333333337,1.0,10.0
2546,0.44642857142857145,999.0,1.0,0.53125,0.0,0.0,0.0,0.4382006098107793,0.4309203658864676,0.0,0.0,0.0,0.0019841269841270326,0.0,0.0
2547,0.45652173913043476,999.0,1.0,0.4444444444444444,0.0,0.0,0.0,0.4411100832562442,0.4210085446683342,0.0,0.0,0.0,0.009713228492136905,0.0,0.0
2548,0.5555555555555556,999.0,1.0,0.68,0.0,0.0,0.0,0.5257648953301127,0.5132367149758454,4.0,0.0,0.0,0.033816425120772986,0.0,4.0
2549,0.95,999.0,1.0,0.9393939393939394,0.0,0.0,0.0,0.8944444444444445,0.8833333333333334,510.0,42.0,16.0,0.08333333333333326,0.0,510.0
2550,0.868421052631579,999.0,0.0,1.0,0.0,1.0,2.0,0.8456140350877194,0.8119298245614036,21.0,8.0,3.0,0.0,2.0,19.0
2551,1.0,999.0,0.0,1.0,0.0,1.0,9.0,0.6476190476190476,0.5552380952380952,2.0,1.0,1.0,0.48571428571428577,1.0,1.0
2552,0.76,999.0,0.0,1.0,0.0,1.0,20.0,0.5883794144033928,0.5257875052728601,2.0,1.0,0.0,0.2026229508196722,2.0,0.0
2553,0.6875,999.0,1.0,0.7142857142857143,0.0,0.0,0.0,0.5214460784313726,0.46628700189753325,1.0,0.0,0.0,0.21691176470588236,0.0,1.0
2554,1.0,999.0,1.0,1.0,0.0,0.0,0.0,0.918918918918919,0.8287339971550498,91.0,4.0,2.0,0.0,0.0,91.0
2555,0.7659574468085106,999.0,1.0,0.7659574468085106,0.0,0.0,0.0,0.7389792796551244,0.7167874938012138,11.0,4.0,0.0,0.040467250730079285,0.0,11.0
2556,0.6170212765957447,999.0,1.0,0.6170212765957447,0.0,0.0,0.0,0.5707531239446133,0.5536704430321452,5.0,0.0,0.0,0.06940222897669701,0.0,5.0
2557,0.803030303030303,999.0,0.0,1.0,0.0,1.0,3.0,0.7433040078201367,0.6578794412484308,5.0,2.0,1.0,0.0696969696969697,3.0,2.0
2558,1.0,999.0,1.0,1.0,0.0,0.0,0.0,0.918918918918919,0.8287339971550498,91.0,4.0,2.0,0.0,0.0,91.0
2559,0.9487179487179487,999.0,1.0,0.9310344827586207,0.0,0.0,0.0,0.8656757091539701,0.7925761571996992,24.0,3.0,3.0,0.12263099219620954,0.0,24.0
2560,0.328125,999.0,1.0,0.38095238095238093,0.0,0.0,0.0,0.31299881363244175,0.3002036597641645,0.0,0.0,0.0,0.012335526315789491,0.0,0.0
2561,0.5657894736842105,999.0,1.0,0.5161290322580645,0.0,0.0,0.0,0.5071160289275748,0.4733895754497873,2.0,0.0,0.0,0.0341439040639574,0.0,2.0
2562,0.6375,999.0,1.0,0.696969696969697,0.0,0.0,0.0,0.5908033533200089,0.5740992368723881,7.0,0.0,0.0,0.05522151898734173,0.0,7.0
2563,0.6774193548387096,999.0,1.0,0.84,0.0,0.0,0.0,0.6020690778755294,0.5613958868797578,4.0,0.0,0.0,0.09408602150537626,0.0,4.0
2564,0.7073170731707317,999.0,1.0,0.65,0.0,0.0,0.0,0.6375790424570913,0.5851115280383573,5.0,1.0,0.0,0.06287262872628718,0.0,5.0
2565,0.82,999.0,1.0,0.45098039215686275,0.0,0.0,0.0,0.7630994152046783,0.7155519568151146,6.0,3.0,1.0,0.06999999999999995,0.0,6.0
2566,0.6666666666666666,999.0,0.0,1.0,0.0,1.0,12.0,0.5432809103695179,0.4838953754900034,2.0,0.0,0.0,0.12121212121212122,0.0,2.0
2567,1.0,999.0,0.0,1.0,0.0,1.0,974.0,0.7780701754385965,0.7150960735171261,37.0,1.0,1.0,0.3157894736842105,19.0,18.0
2568,0.5111111111111111,999.0,1.0,0.5789473684210527,0.0,0.0,0.0,0.48695533769063176,0.47083081950729005,1.0,0.0,0.0,0.031944444444444386,0.0,1.0
2569,0.8214285714285714,999.0,0.0,1.0,0.0,1.0,201.0,0.8038114719879769,0.7797690944681008,312.0,20.0,2.0,0.011083743842364546,188.0,124.0
2570,0.75,999.0,0.0,1.0,0.0,1.0,153.0,0.7330555555555556,0.7207424242424242,64.0,6.0,0.0,0.02083333333333337,16.0,48.0
2571,1.0,999.0,0.0,1.0,0.0,1.0,462.0,0.7166666666666668,0.6481081081081081,12.0,1.0,1.0,0.4,4.0,8.0
2572,0.4067796610169492,999.0,1.0,0.5416666666666666,0.0,0.0,0.0,0.3595515536723164,0.33850256525478867,0.0,0.0,0.0,0.06302966101694918,0.0,0.0
2573,1.0,999.0,0.0,1.0,0.0,1.0,108.0,1.0,1.0,35.0,14.0,9.0,0.0,35.0,0.0
2574,0.575,999.0,1.0,0.95,0.0,0.0,0.0,0.47663170163170165,0.45072403206549544,1.0,0.0,0.0,0.14318181818181813,0.0,1.0
2575,0.5526315789473685,999.0,1.0,0.5714285714285714,0.0,0.0,0.0,0.4925438596491229,0.46313501144164765,2.0,0.0,0.0,0.052631578947368474,0.0,2.0
2576,1.0,999.0,0.0,1.0,0.0,1.0,7.0,0.92090395480226,0.8909409701928697,22.0,16.0,10.0,0.10169491525423724,7.0,15.0
2577,1.0,999.0,0.0,1.0,0.0,1.0,18.0,0.8257575757575758,0.6572727272727273,3.0,3.0,1.0,0.25,3.0,0.0
2578,0.5,999.0,1.0,0.6590909090909091,0.0,0.0,0.0,0.4748947569843092,0.44601793527166667,1.0,0.0,0.0,0.02307692307692305,0.0,1.0
2579,0.47368421052631576,999.0,1.0,0.5151515151515151,0.0,0.0,0.0,0.4536796205630355,0.43735928748933645,0.0,0.0,0.0,0.004934210526315763,0.0,0.0
2580,0.8166666666666667,999.0,0.0,1.0,0.0,1.0,15.0,0.6961805555555555,0.6525568181818182,11.0,1.0,1.0,0.14479166666666665,2.0,9.0
2581,0.5111111111111111,999.0,1.0,0.45,0.0,0.0,0.0,0.4579520697167756,0.39948552754435107,1.0,0.0,0.0,0.0797385620915032,0.0,1.0
2582,0.7317073170731707,999.0,0.0,1.0,0.0,1.0,1.0,0.5194246514398065,0.466046035733925,1.0,1.0,0.0,0.31423158891783093,1.0,0.0
2583,0.7592592592592593,999.0,1.0,0.7,0.0,0.0,0.0,0.6904634689334143,0.6702780813600486,83.0,1.0,0.0,0.08712811171827572,0.0,83.0
2584,1.0,999.0,0.0,1.0,0.0,1.0,670.0,1.0,1.0,446.0,111.0,42.0,0.0,320.0,126.0
2585,0.8333333333333334,999.0,1.0,0.5454545454545454,0.0,0.0,0.0,0.8287795992714025,0.8073639134089954,359.0,32.0,3.0,0.0,0.0,359.0
2586,0.5652173913043478,999.0,1.0,0.5217391304347826,0.0,0.0,0.0,0.4600107353730542,0.4242004556717169,1.0,0.0,0.0,0.1578099838969404,0.0,1.0
2587,0.32786885245901637,999.0,1.0,0.3050847457627119,0.0,0.0,0.0,0.3230991412958626,0.32009664630879675,0.0,0.0,0.0,0.0064402810304449165,0.0,0.0
2588,0.6065573770491803,999.0,1.0,0.5833333333333334,0.0,0.0,0.0,0.5765256494482046,0.5615024342033357,18.0,0.0,0.0,0.037591859807801,0.0,18.0
2589,0.5974025974025974,999.0,1.0,0.543859649122807,0.0,0.0,0.0,0.5820284133537146,0.5618117697263652,5.0,0.0,0.0,0.014985014985014922,0.0,5.0
2590,0.90625,999.0,0.0,1.0,0.0,1.0,70.0,0.8658459595959597,0.7799541467304626,7.0,3.0,3.0,0.027462121212121215,7.0,0.0
2591,0.7017543859649122,999.0,1.0,0.6530612244897959,0.0,0.0,0.0,0.7005847953216374,0.6980557952257693,94.0,4.0,0.0,0.0017543859649122862,0.0,94.0
2592,0.7291666666666666,999.0,0.0,1.0,0.0,1.0,23.0,0.6969562647754137,0.6905141843971632,11.0,1.0,0.0,0.04831560283687941,11.0,0.0
2593,0.52,999.0,1.0,0.52,0.0,0.0,0.0,0.4278787878787879,0.398244514106583,1.0,0.0,0.0,0.13818181818181818,0.0,1.0
2594,0.7065217391304348,999.0,1.0,0.5925925925925926,0.0,0.0,0.0,0.6892718662598526,0.6774806455291074,75.0,1.0,0.0,0.02231121281464532,0.0,75.0
2595,0.8214285714285714,999.0,0.0,1.0,0.0,1.0,272.0,0.8018563357546409,0.7539984168374,134.0,3.0,2.0,0.0,59.0,75.0
2596,0.43137254901960786,999.0,1.0,0.41025641025641024,0.0,0.0,0.0,0.3869379515773667,0.3555650697969947,0.0,0.0,0.0,0.02396514161220048,0.0,0.0
2597,0.3404255319148936,999.0,1.0,0.4473684210526316,0.0,0.0,0.0,0.3182003955895049,0.3108937823272479,0.0,0.0,0.0,0.031334622823984526,0.0,0.0
2598,0.5538461538461539,999.0,1.0,1.0,0.0,0.0,0.0,0.4981203236881368,0.46208647992716784,1.0,0.0,0.0,0.061092530657748056,0.0,1.0
2599,0.7272727272727273,999.0,0.0,1.0,0.0,1.0,3.0,0.5512424701263118,0.5136937544127325,1.0,1.0,0.0,0.2635046113306983,1.0,0.0
2600,1.0,999.0,0.0,1.0,0.0,1.0,2.0,0.7878014184397163,0.7242580036640003,98.0,2.0,1.0,0.276595744680851,1.0,97.0
2601,1.0,999.0,0.0,1.0,0.0,1.0,12.0,0.8431372549019608,0.7598017668605903,5.0,3.0,1.0,0.23529411764705888,1.0,4.0
2602,1.0,999.0,0.0,1.0,0.0,1.0,1073.0,0.9191919191919192,0.9030303030303031,420.0,26.0,11.0,0.12121212121212122,279.0,141.0
2603,0.41818181818181815,999.0,1.0,0.4594594594594595,0.0,0.0,0.0,0.3660888546481767,0.31805148212529044,0.0,0.0,0.0,0.043181818181818155,0.0,0.0
2604,0.8823529411764706,999.0,0.0,1.0,0.0,1.0,1.0,0.8662569505414105,0.8303175506065366,70.0,7.0,4.0,0.01668129938542584,1.0,69.0
2605,0.4426229508196721,999.0,1.0,0.28888888888888886,0.0,0.0,0.0,0.3358023346586061,0.31062868761686907,0.0,0.0,0.0,0.15690866510538642,0.0,0.0
2606,0.6770833333333334,999.0,1.0,0.5617977528089888,0.0,0.0,0.0,0.6526838448557718,0.6073678826710388,6.0,0.0,0.0,0.024022108843537504,0.0,6.0
2607,0.33962264150943394,999.0,1.0,0.3611111111111111,0.0,0.0,0.0,0.32034787944269927,0.3122087276656196,0.0,0.0,0.0,0.02254947077772662,0.0,0.0
2608,0.7230769230769231,999.0,1.0,0.7857142857142857,0.0,0.0,0.0,0.682051282051282,0.6440133779264213,35.0,1.0,0.0,0.06153846153846154,0.0,35.0
2609,0.5645161290322581,999.0,1.0,0.5849056603773585,0.0,0.0,0.0,0.5578364288041707,0.5534518572825025,28.0,0.0,0.0,0.003910068426197566,0.0,28.0
2610,1.0,999.0,0.0,1.0,0.0,1.0,40.0,0.7778897849462365,0.729233870967742,12.0,1.0,1.0,0.32258064516129037,5.0,7.0
2611,1.0,999.0,0.0,1.0,0.0,1.0,8.0,0.8859649122807017,0.7097332372025955,4.0,2.0,2.0,0.0,4.0,0.0
2612,0.7446808510638298,999.0,0.0,1.0,0.0,1.0,1.0,0.6930345030052999,0.6239814048791372,4.0,1.0,0.0,0.05840634125990818,1.0,3.0
2613,0.8536585365853658,999.0,1.0,0.8275862068965517,0.0,0.0,0.0,0.7127662361478609,0.6677557801040828,27.0,1.0,1.0,0.20059731209556997,0.0,27.0
2614,0.6065573770491803,999.0,1.0,0.41935483870967744,0.0,0.0,0.0,0.594847775175644,0.5655051563334565,5.0,0.0,0.0,0.0,0.0,5.0
2615,0.6929824561403509,999.0,1.0,0.4782608695652174,0.0,0.0,0.0,0.6831518451300665,0.6759678032432317,71.0,0.0,0.0,0.01194797338173026,0.0,71.0
2616,0.2923076923076923,999.0,1.0,0.4148936170212766,0.0,0.0,0.0,0.2831779331779332,0.27669947699359465,0.0,0.0,0.0,0.012004662004662048,0.0,0.0
2617,1.0,999.0,0.0,1.0,0.0,1.0,1073.0,0.9696969696969697,0.9184168212739643,157.0,13.0,6.0,0.022727272727272707,107.0,50.0
2618,0.6862745098039216,999.0,0.0,1.0,0.0,1.0,2.0,0.6546840958605665,0.6180646948044755,6.0,0.0,0.0,0.019607843137254943,2.0,4.0
2619,0.8714285714285714,999.0,0.0,1.0,0.0,1.0,26.0,0.8366650885706396,0.780417770367071,24.0,4.0,2.0,0.012273641851106687,18.0,6.0
2620,0.75,999.0,0.0,1.0,0.0,1.0,2.0,0.7242878283388827,0.660541220005751,7.0,3.0,0.0,0.03301886792452835,2.0,5.0
2621,0.6904761904761905,999.0,1.0,0.7575757575757576,0.0,0.0,0.0,0.6800232288037166,0.6730545876887339,110.0,0.0,0.0,0.007549361207897731,0.0,110.0
2622,0.7608695652173914,999.0,1.0,0.7777777777777778,0.0,0.0,0.0,0.628199869586252,0.5909939958258252,12.0,1.0,0.0,0.19483182936833476,0.0,12.0
2623,0.5612244897959183,999.0,1.0,0.6097560975609756,0.0,0.0,0.0,0.5310855072759835,0.5063056253532443,3.0,0.0,0.0,0.042705971277399835,0.0,3.0
2624,1.0,999.0,0.0,1.0,0.0,1.0,3.0,0.7767195767195768,0.6990752242926156,16.0,2.0,1.0,0.28888888888888886,2.0,14.0
2625,0.9629629629629629,999.0,1.0,0.9629629629629629,0.0,0.0,0.0,0.7719680464778506,0.705152211034564,8.0,1.0,1.0,0.28649237472766875,0.0,8.0
2626,1.0,999.0,0.0,1.0,0.0,1.0,974.0,0.8981173864894796,0.8410349340581899,134.0,5.0,3.0,0.1428571428571429,39.0,95.0
2627,0.6410256410256411,999.0,1.0,0.6363636363636364,0.0,0.0,0.0,0.5901979157793112,0.5644078651138453,5.0,0.0,0.0,0.06959706959706968,0.0,5.0
2628,0.90625,999.0,0.0,1.0,0.0,1.0,2.0,0.8419894366197184,0.7944187693118433,261.0,4.0,2.0,0.06117957746478875,2.0,259.0
2629,0.6666666666666666,999.0,1.0,0.8076923076923077,0.0,0.0,0.0,0.6283577533577533,0.5680477904162115,3.0,0.0,0.0,0.005952380952380931,0.0,3.0
2630,0.5636363636363636,999.0,1.0,0.6071428571428571,0.0,0.0,0.0,0.5455268869061972,0.5348659896935759,10.0,0.0,0.0,0.025174825174825166,0.0,10.0
2631,1.0,999.0,0.0,1.0,0.0,1.0,53.0,0.6767676767676768,0.6033579033579033,4.0,1.0,1.0,0.48484848484848486,2.0,2.0
2632,0.6056338028169014,999.0,1.0,0.8444444444444444,0.0,0.0,0.0,0.5684977186136038,0.5512268362963674,11.0,0.0,0.0,0.0500782472613458,0.0,11.0
2633,1.0,999.0,0.0,1.0,0.0,1.0,37.0,0.79004004004004,0.692942942942943,5.0,1.0,1.0,0.3055555555555556,3.0,2.0
2634,0.8,999.0,1.0,0.8,0.0,0.0,0.0,0.6909090909090909,0.6095670995670996,4.0,1.0,1.0,0.1636363636363637,0.0,4.0
2635,0.3448275862068966,999.0,0.0,1.0,0.0,1.0,123.0,0.31962089130873156,0.299855976766986,0.0,0.0,0.0,0.01149425287356326,0.0,0.0
2636,0.5833333333333334,999.0,1.0,0.43333333333333335,0.0,0.0,0.0,0.5669710806697109,0.5482977862551298,5.0,0.0,0.0,0.0,0.0,5.0
2637,1.0,999.0,0.0,1.0,0.0,1.0,61.0,1.0,0.9823529411764707,300.0,41.0,19.0,0.0,12.0,288.0
2638,1.0,999.0,0.0,1.0,0.0,1.0,7.0,0.8527777777777779,0.7554761904761905,17.0,3.0,2.0,0.16666666666666663,1.0,16.0
2639,1.0,999.0,0.0,1.0,0.0,1.0,26.0,0.8030149051490515,0.7033669141039237,8.0,2.0,2.0,0.19512195121951215,5.0,3.0
2640,1.0,999.0,0.0,1.0,0.0,1.0,10.0,0.8028368794326242,0.6855116514690983,4.0,2.0,2.0,0.19148936170212771,1.0,3.0
2641,0.4732142857142857,999.0,1.0,0.4852941176470588,0.0,0.0,0.0,0.45771328339457523,0.4489209915931938,0.0,0.0,0.0,0.021886852085967134,0.0,0.0
2642,1.0,999.0,0.0,1.0,0.0,1.0,56.0,0.8845843422114609,0.8461921706362366,10.0,5.0,2.0,0.1428571428571429,10.0,0.0
2643,0.28,999.0,1.0,0.32608695652173914,0.0,0.0,0.0,0.2674203122983611,0.2595749943965605,0.0,0.0,0.0,0.011707317073170742,0.0,0.0
2644,0.9743589743589743,999.0,1.0,0.8571428571428571,0.0,0.0,0.0,0.881513232416847,0.8355746061167748,140.0,7.0,2.0,0.09935897435897434,0.0,140.0
2645,0.7580645161290323,999.0,1.0,0.8636363636363636,0.0,0.0,0.0,0.6995876731121484,0.6330537452193522,5.0,1.0,0.0,0.06953992596509784,0.0,5.0
2646,0.5373134328358209,999.0,0.0,1.0,0.0,1.0,2.0,0.5322074133235716,0.5119093692866036,4.0,0.0,0.0,0.0010815487778498278,1.0,3.0
2647,1.0,999.0,0.0,1.0,0.0,1.0,17.0,0.870748299319728,0.7668491786958687,23.0,2.0,2.0,0.0,2.0,21.0
2648,0.9056603773584906,999.0,1.0,0.96875,0.0,0.0,0.0,0.7685534591194969,0.7411320754716982,11.0,5.0,1.0,0.20566037735849063,0.0,11.0
2649,1.0,999.0,0.0,1.0,0.0,1.0,3.0,0.8796296296296297,0.7849206349206349,12.0,3.0,3.0,0.18055555555555558,3.0,9.0
2650,0.6551724137931034,999.0,1.0,0.6551724137931034,0.0,0.0,0.0,0.5291123493131483,0.467561218218283,1.0,0.0,0.0,0.18642241379310343,0.0,1.0
2651,1.0,999.0,0.0,1.0,0.0,1.0,12.0,0.8345129760701044,0.7595313150538273,7.0,3.0,1.0,0.21739130434782605,3.0,4.0
2652,0.6,999.0,1.0,0.4117647058823529,0.0,0.0,0.0,0.4984496124031008,0.3952236135957067,2.0,0.0,0.0,0.09999999999999998,0.0,2.0
2653,0.6470588235294118,999.0,1.0,0.7,0.0,0.0,0.0,0.48931319187744376,0.4504506602245055,1.0,0.0,0.0,0.22152690863579477,0.0,1.0
2654,0.4090909090909091,999.0,1.0,0.4230769230769231,0.0,0.0,0.0,0.3930976430976431,0.3617618314189043,0.0,0.0,0.0,0.0,0.0,0.0
2655,0.782608695652174,999.0,0.0,1.0,0.0,1.0,20.0,0.72895467160037,0.5695156601030792,3.0,2.0,0.0,0.037927844588344195,3.0,0.0
2656,0.5412844036697247,999.0,1.0,0.43373493975903615,0.0,0.0,0.0,0.4776545213631716,0.45581619766638787,1.0,0.0,0.0,0.08438785194558679,0.0,1.0
2657,0.7272727272727273,999.0,0.0,1.0,0.0,1.0,1.0,0.5609116373822256,0.4698242933537052,2.0,1.0,0.0,0.21298701298701306,1.0,1.0
2658,0.5875,999.0,1.0,0.5714285714285714,0.0,0.0,0.0,0.5768669250645995,0.5718955239035595,24.0,0.0,0.0,0.01416666666666666,0.0,24.0
2659,1.0,999.0,0.0,1.0,0.0,1.0,1.0,0.8827838827838828,0.8317438820959948,57.0,7.0,2.0,0.12307692307692308,1.0,56.0
2660,1.0,999.0,1.0,1.0,0.0,0.0,0.0,0.7719298245614036,0.714838843978767,25.0,1.0,1.0,0.3421052631578947,0.0,25.0
2661,1.0,999.0,1.0,1.0,0.0,0.0,0.0,0.7450980392156863,0.6390929629319723,3.0,2.0,1.0,0.2941176470588235,0.0,3.0
2662,0.5294117647058824,999.0,0.0,1.0,0.0,1.0,1.0,0.4285539215686274,0.39406417112299463,1.0,0.0,0.0,0.12316176470588236,1.0,0.0
2663,0.8333333333333334,999.0,0.0,1.0,0.0,1.0,646.0,0.7649234600454112,0.7446683617415325,21.0,5.0,1.0,0.10162601626016265,21.0,0.0
2664,0.9047619047619048,999.0,1.0,0.717391304347826,0.0,0.0,0.0,0.852751517273576,0.8280688208119068,235.0,16.0,2.0,0.04538690476190477,0.0,235.0
2665,0.8421052631578947,999.0,1.0,0.7741935483870968,0.0,0.0,0.0,0.7418759968102074,0.6912794442399706,13.0,2.0,1.0,0.1148325358851674,0.0,13.0
2666,1.0,999.0,0.0,1.0,0.0,1.0,28.0,0.7118437118437119,0.6414540531931837,6.0,1.0,1.0,0.4285714285714286,4.0,2.0
2667,0.7659574468085106,999.0,0.0,1.0,0.0,1.0,7.0,0.5994449583718778,0.5596669750231267,10.0,1.0,0.0,0.24421831637372804,2.0,8.0
2668,1.0,999.0,0.0,1.0,0.0,1.0,196.0,0.9185185185185185,0.877940379403794,144.0,24.0,7.0,0.11111111111111116,113.0,31.0
2669,0.5795454545454546,999.0,1.0,0.5915492957746479,0.0,0.0,0.0,0.5107217661565487,0.4920761304815664,1.0,0.0,0.0,0.10128458498023718,0.0,1.0
2670,0.576271186440678,999.0,1.0,0.7647058823529411,0.0,0.0,0.0,0.5699731406872279,0.5451584875869399,5.0,0.0,0.0,0.0,0.0,5.0
2671,0.6851851851851852,999.0,1.0,0.5714285714285714,0.0,0.0,0.0,0.6428878153515835,0.6215221628951606,10.0,0.0,0.0,0.041706924315620064,0.0,10.0
2672,1.0,999.0,0.0,1.0,0.0,1.0,10.0,0.812002376708259,0.7515692421169093,27.0,2.0,1.0,0.2549019607843137,1.0,26.0
2673,1.0,999.0,0.0,1.0,0.0,1.0,56.0,0.7948717948717948,0.6938722294654498,5.0,2.0,1.0,0.23076923076923073,5.0,0.0
2674,0.5,999.0,1.0,0.5,0.0,0.0,0.0,0.49275362318840576,0.4802675585284281,2.0,0.0,0.0,0.0,0.0,2.0
2675,0.7721518987341772,999.0,1.0,0.6153846153846154,0.0,0.0,0.0,0.7195439582150157,0.678812865652814,15.0,1.0,0.0,0.07702994751466508,0.0,15.0
2676,0.6,999.0,1.0,0.5416666666666666,0.0,0.0,0.0,0.5616550116550116,0.5362159307423998,4.0,0.0,0.0,0.04230769230769227,0.0,4.0
2677,1.0,999.0,0.0,1.0,0.0,1.0,10.0,0.7192331478045763,0.6463547034975606,11.0,1.0,1.0,0.3877551020408163,3.0,8.0
2678,0.3076923076923077,999.0,1.0,0.32727272727272727,0.0,0.0,0.0,0.2897902569287807,0.2842335621910951,0.0,0.0,0.0,0.025083612040133818,0.0,0.0
2679,0.9761904761904762,999.0,0.0,1.0,0.0,1.0,3.0,0.8083900226757369,0.7032158317872603,10.0,2.0,1.0,0.1802721088435374,2.0,8.0
2680,0.3409090909090909,999.0,1.0,0.35106382978723405,0.0,0.0,0.0,0.33270299400868314,0.3275112169262093,0.0,0.0,0.0,0.010812003530450087,0.0,0.0
2681,0.6666666666666666,999.0,0.0,1.0,0.0,1.0,2.0,0.5265595716198126,0.4121817854865868,2.0,0.0,0.0,0.006666666666666599,2.0,0.0
2682,0.8157894736842105,999.0,1.0,0.9130434782608695,0.0,0.0,0.0,0.7917228969860549,0.7381225873269937,25.0,3.0,2.0,0.0,0.0,25.0
2683,0.7916666666666666,999.0,0.0,1.0,0.0,1.0,1.0,0.4829984908507829,0.4045177092290844,1.0,1.0,0.0,0.4407894736842105,1.0,0.0
2684,0.7719298245614035,999.0,0.0,1.0,0.0,1.0,7.0,0.7678077770183034,0.7165907939815166,14.0,3.0,0.0,0.004072681704260561,3.0,11.0
2685,0.7692307692307693,999.0,0.0,1.0,0.0,1.0,8.0,0.6596622889305817,0.6020830876440633,4.0,1.0,0.0,0.15947467166979368,3.0,1.0
2686,0.40384615384615385,999.0,1.0,0.6571428571428571,0.0,0.0,0.0,0.35577940577940576,0.33526476526476523,0.0,0.0,0.0,0.05463980463980467,0.0,0.0
2687,0.896551724137931,999.0,1.0,0.7083333333333334,0.0,0.0,0.0,0.896551724137931,0.8540600667408231,22.0,11.0,3.0,0.0,0.0,22.0
2688,0.5357142857142857,999.0,1.0,0.5357142857142857,0.0,0.0,0.0,0.4861398665746492,0.4653982056590752,1.0,0.0,0.0,0.05745341614906829,0.0,1.0
2689,1.0,999.0,0.0,1.0,0.0,1.0,1.0,0.83687106918239,0.7527840171708096,15.0,2.0,2.0,0.1875,1.0,14.0
2690,0.8823529411764706,999.0,1.0,0.8620689655172413,0.0,0.0,0.0,0.8117511246923012,0.7877000254647314,10.0,6.0,1.0,0.09568627450980394,0.0,10.0
2691,1.0,999.0,0.0,1.0,0.0,1.0,7.0,0.7636447733580018,0.6668448726728098,4.0,1.0,1.0,0.32608695652173914,1.0,3.0
2692,0.5822784810126582,999.0,1.0,0.40350877192982454,0.0,0.0,0.0,0.5750599051935198,0.5400976715111737,4.0,0.0,0.0,0.007278481012658267,0.0,4.0
2693,0.7659574468085106,999.0,0.0,1.0,0.0,1.0,3.0,0.6913778491458138,0.5947689894297683,3.0,1.0,0.0,0.099290780141844,3.0,0.0
2694,0.7948717948717948,999.0,1.0,0.7878787878787878,0.0,0.0,0.0,0.7229518449030644,0.6882056967422822,6.0,2.0,0.0,0.08755472170106315,0.0,6.0
2695,0.8979591836734694,999.0,1.0,0.875,0.0,0.0,0.0,0.6647260729585184,0.608289425287716,7.0,1.0,1.0,0.3441130298273155,0.0,7.0
2696,0.4878048780487805,999.0,1.0,0.41304347826086957,0.0,0.0,0.0,0.4381477852833497,0.4037977620791007,0.0,0.0,0.0,0.03325942350332595,0.0,0.0
2697,0.7087378640776699,999.0,1.0,0.6307692307692307,0.0,0.0,0.0,0.6666948079358379,0.6300979459258358,8.0,2.0,0.0,0.0,0.0,8.0
2698,1.0,999.0,0.0,1.0,0.0,1.0,1.0,0.9074074074074074,0.8469135802469137,105.0,7.0,3.0,0.13888888888888884,1.0,104.0
2699,0.3023255813953488,999.0,1.0,0.3684210526315789,0.0,0.0,0.0,0.2990806421038979,0.29768200349595697,0.0,0.0,0.0,0.004706533776301203,0.0,0.0
2700,0.782608695652174,999.0,1.0,0.8947368421052632,0.0,0.0,0.0,0.7138610182088443,0.6524545419597894,6.0,1.0,0.0,0.09030100334448166,0.0,6.0
2701,0.9272727272727272,999.0,1.0,0.8125,0.0,0.0,0.0,0.7813131313131313,0.6815415019762845,4.0,2.0,1.0,0.17727272727272725,0.0,4.0
2702,1.0,999.0,0.0,1.0,0.0,1.0,13.0,0.8882783882783883,0.832128458543553,11.0,5.0,3.0,0.1428571428571429,3.0,8.0
2703,0.5714285714285714,999.0,1.0,0.5454545454545454,0.0,0.0,0.0,0.501017501017501,0.46805236107561693,1.0,0.0,0.0,0.08424908424908423,0.0,1.0
2704,0.686046511627907,999.0,1.0,0.8055555555555556,0.0,0.0,0.0,0.6533161068044789,0.6296367229062168,33.0,0.0,0.0,0.023255813953488413,0.0,33.0
2705,0.9491525423728814,999.0,1.0,0.9393939393939394,0.0,0.0,0.0,0.9169213670464017,0.8468194868945076,119.0,9.0,3.0,0.0,0.0,119.0
2706,0.5901639344262295,999.0,1.0,0.72,0.0,0.0,0.0,0.5232519237203078,0.47031479059582104,2.0,0.0,0.0,0.039143526262964246,0.0,2.0
2707,0.75,999.0,1.0,0.6595744680851063,0.0,0.0,0.0,0.687908496732026,0.6639472838315654,41.0,1.0,0.0,0.08333333333333337,0.0,41.0
2708,0.3875,999.0,1.0,0.5,0.0,0.0,0.0,0.38123667509544346,0.36120232251758355,0.0,0.0,0.0,0.004783950617283983,0.0,0.0
2709,0.6730769230769231,999.0,1.0,0.7560975609756098,0.0,0.0,0.0,0.6643589743589744,0.660027149321267,119.0,0.0,0.0,0.013076923076923097,0.0,119.0
2710,0.8545454545454545,999.0,0.0,1.0,0.0,1.0,12.0,0.8207459207459208,0.8019917119917119,35.0,9.0,3.0,0.04685314685314679,6.0,29.0
2711,0.7457627118644068,999.0,1.0,0.7021276595744681,0.0,0.0,0.0,0.7061768563357546,0.6238069202530656,4.0,2.0,0.0,0.013619854721549696,0.0,4.0
2712,0.4838709677419355,999.0,1.0,0.6285714285714286,0.0,0.0,0.0,0.46087015451341823,0.43485542604138433,0.0,0.0,0.0,0.027988614800759037,0.0,0.0
2713,0.725,999.0,1.0,0.5476190476190477,0.0,0.0,0.0,0.6649390243902439,0.5902677624602333,4.0,2.0,0.0,0.01768292682926831,0.0,4.0
2714,1.0,999.0,0.0,1.0,0.0,1.0,15.0,0.7094508301404853,0.6307582173825368,5.0,1.0,1.0,0.38888888888888884,1.0,4.0
2715,1.0,999.0,0.0,1.0,0.0,1.0,18.0,0.8231481481481482,0.7811321321321322,14.0,8.0,1.0,0.26388888888888884,1.0,13.0
2716,1.0,999.0,0.0,1.0,0.0,1.0,176.0,1.0,0.910977130977131,9.0,6.0,3.0,0.0,9.0,0.0
2717,0.6739130434782609,999.0,1.0,0.6857142857142857,0.0,0.0,0.0,0.5831020659882825,0.5442008622344789,4.0,0.0,0.0,0.13043478260869568,0.0,4.0
2718,0.6329113924050633,999.0,1.0,0.717391304347826,0.0,0.0,0.0,0.6219409282700422,0.6031645569620254,15.0,0.0,0.0,0.0,0.0,15.0
2719,0.38738738738738737,999.0,1.0,0.4157303370786517,0.0,0.0,0.0,0.37667221415975155,0.37312364003510073,0.0,0.0,0.0,0.014506031455183976,0.0,0.0
2720,1.0,999.0,0.0,1.0,0.0,1.0,1073.0,0.9674796747967479,0.927526132404181,221.0,24.0,7.0,0.024390243902439046,161.0,60.0
2721,0.6153846153846154,999.0,1.0,0.7368421052631579,0.0,0.0,0.0,0.5846153846153846,0.5638188761593017,9.0,0.0,0.0,0.015384615384615441,0.0,9.0
2722,0.75,999.0,0.0,1.0,0.0,1.0,3.0,0.7205882352941178,0.6804078610849376,11.0,3.0,0.0,0.044117647058823484,3.0,8.0
2723,0.6101694915254238,999.0,1.0,0.8,0.0,0.0,0.0,0.6021077792264232,0.5992454367666232,49.0,0.0,0.0,0.01016949152542379,0.0,49.0
2724,0.7446808510638298,999.0,0.0,1.0,0.0,1.0,5.0,0.5850896954526492,0.5202845865023586,2.0,1.0,0.0,0.20468085106382972,2.0,0.0
2725,0.6071428571428571,999.0,1.0,0.5319148936170213,0.0,0.0,0.0,0.49444444444444446,0.4547648902821317,1.0,0.0,0.0,0.13095238095238093,0.0,1.0
2726,0.44,999.0,1.0,0.5409836065573771,0.0,0.0,0.0,0.41243243243243244,0.40421621621621623,0.0,0.0,0.0,0.034594594594594574,0.0,0.0
2727,0.30434782608695654,999.0,1.0,0.30952380952380953,0.0,0.0,0.0,0.2929386370644465,0.28415479063027627,0.0,0.0,0.0,0.00647548566142464,0.0,0.0
2728,0.6140350877192983,999.0,1.0,0.631578947368421,0.0,0.0,0.0,0.588969550312563,0.576332549859669,28.0,0.0,0.0,0.02782819116757418,0.0,28.0
2729,0.5522388059701493,999.0,1.0,0.6545454545454545,0.0,0.0,0.0,0.5171483850588329,0.49142724241741353,2.0,0.0,0.0,0.024461028192371503,0.0,2.0
2730,0.6486486486486487,999.0,1.0,0.6333333333333333,0.0,0.0,0.0,0.6397054949686528,0.630731072749727,10.0,0.0,0.0,0.009759759759759845,0.0,10.0
2731,0.5,999.0,1.0,0.5,0.0,0.0,0.0,0.4788647342995169,0.46622793148880104,1.0,0.0,0.0,0.021739130434782594,0.0,1.0
2732,0.6590909090909091,999.0,1.0,0.5,0.0,0.0,0.0,0.6493265993265993,0.6417698726394379,10.0,0.0,0.0,0.014646464646464574,0.0,10.0
2733,0.6666666666666666,999.0,1.0,0.7111111111111111,0.0,0.0,0.0,0.6331811263318113,0.623386936668652,56.0,0.0,0.0,0.05022831050228305,0.0,56.0
2734,0.5777777777777777,999.0,1.0,0.5,0.0,0.0,0.0,0.4878975509076431,0.44250500693275396,1.0,0.0,0.0,0.08721174004192866,0.0,1.0
2735,0.5581395348837209,999.0,1.0,0.5757575757575758,0.0,0.0,0.0,0.5153148043108339,0.49489506522972204,2.0,0.0,0.0,0.05813953488372092,0.0,2.0
2736,0.5294117647058824,999.0,1.0,0.625,0.0,0.0,0.0,0.5153594771241831,0.503952528379773,4.0,0.0,0.0,0.012745098039215641,0.0,4.0
2737,0.78125,999.0,0.0,1.0,0.0,1.0,17.0,0.7550675675675675,0.7341216216216215,21.0,8.0,0.0,0.0,4.0,17.0
2738,0.5348837209302325,999.0,1.0,0.7931034482758621,0.0,0.0,0.0,0.4850578586675655,0.4588764699988158,2.0,0.0,0.0,0.03488372093023251,0.0,2.0
2739,0.5285714285714286,999.0,1.0,0.6923076923076923,0.0,0.0,0.0,0.5026771741560474,0.42459893627144824,2.0,0.0,0.0,0.007444668008048327,0.0,2.0
2740,0.8541666666666666,999.0,1.0,0.9666666666666667,0.0,0.0,0.0,0.7568553178847296,0.7219919786096256,144.0,2.0,1.0,0.12867647058823528,0.0,144.0
2741,1.0,999.0,0.0,1.0,0.0,1.0,23.0,0.8891625615763546,0.8416942582572883,13.0,10.0,3.0,0.1428571428571429,5.0,8.0
2742,0.8028169014084507,999.0,1.0,0.6808510638297872,0.0,0.0,0.0,0.8028169014084506,0.7920234741784038,104.0,5.0,3.0,0.0,0.0,104.0
2743,0.6666666666666666,999.0,1.0,0.6808510638297872,0.0,0.0,0.0,0.646867900032457,0.6412852969814995,147.0,0.0,0.0,0.02564102564102555,0.0,147.0
2744,0.5641025641025641,999.0,1.0,0.5,0.0,0.0,0.0,0.5351312851312852,0.5205554848411992,4.0,0.0,0.0,0.03632478632478631,0.0,4.0
2745,1.0,999.0,1.0,1.0,0.0,0.0,0.0,0.7998102466793169,0.7039370686713774,21.0,2.0,1.0,0.2941176470588235,0.0,21.0
2746,0.5476190476190477,999.0,0.0,1.0,0.0,1.0,4.0,0.48373015873015873,0.4576093689508324,1.0,0.0,0.0,0.0726190476190477,0.0,1.0
2747,0.8571428571428571,999.0,1.0,0.7837837837837838,0.0,0.0,0.0,0.8412698412698413,0.8195160031225605,245.0,23.0,3.0,0.0,0.0,245.0
2748,0.5897435897435898,999.0,0.0,1.0,0.0,1.0,8.0,0.5442762320421894,0.5034546281142025,2.0,0.0,0.0,0.014743589743589802,0.0,2.0
2749,0.8333333333333334,999.0,1.0,0.7777777777777778,0.0,0.0,0.0,0.7816627816627818,0.7627476689976691,294.0,9.0,1.0,0.0641025641025641,0.0,294.0
2750,0.6140350877192983,999.0,1.0,0.55,0.0,0.0,0.0,0.5765776591299302,0.5280914268765209,3.0,0.0,0.0,0.05239125210285989,0.0,3.0
2751,0.725,999.0,1.0,0.7105263157894737,0.0,0.0,0.0,0.7045681063122924,0.6770329485142428,13.0,2.0,0.0,0.010714285714285676,0.0,13.0
2752,0.8705882352941177,999.0,0.0,1.0,0.0,1.0,8.0,0.8471359086270168,0.8040958432376991,8.0,4.0,3.0,0.02535014005602243,8.0,0.0
2753,0.7261904761904762,999.0,1.0,0.7666666666666667,0.0,0.0,0.0,0.7022441160372194,0.6749085440068262,81.0,2.0,0.0,0.023809523809523836,0.0,81.0
2754,1.0,999.0,0.0,1.0,0.0,1.0,19.0,0.8149019607843138,0.7515565610859729,13.0,2.0,1.0,0.23529411764705888,2.0,11.0
2755,0.6481481481481481,999.0,1.0,0.5833333333333334,0.0,0.0,0.0,0.5792122615039282,0.5182632876382877,2.0,0.0,0.0,0.011784511784511786,0.0,2.0
2756,1.0,999.0,0.0,1.0,0.0,1.0,2.0,0.6228461081402258,0.49453355330978566,2.0,1.0,1.0,0.4696969696969697,1.0,1.0
2757,0.9444444444444444,999.0,0.0,1.0,0.0,1.0,670.0,0.9351851851851851,0.8344444444444445,52.0,4.0,3.0,0.0,28.0,24.0
2758,0.8148148148148148,999.0,0.0,1.0,0.0,1.0,201.0,0.7823401367101216,0.7702191290480166,307.0,11.0,1.0,0.04122990915443736,186.0,121.0
2759,0.30985915492957744,999.0,1.0,0.4716981132075472,0.0,0.0,0.0,0.3075828709631527,0.2977199721454725,0.0,0.0,0.0,0.0,0.0,0.0
2760,0.7217391304347827,999.0,1.0,0.6923076923076923,0.0,0.0,0.0,0.7023132664437012,0.6853054856394165,95.0,2.0,0.0,0.0,0.0,95.0
2761,0.7894736842105263,999.0,0.0,1.0,0.0,1.0,1.0,0.6956418433724761,0.6087598204180021,4.0,2.0,0.0,0.03666469544648143,1.0,3.0
2762,0.9782608695652174,999.0,1.0,0.9772727272727273,0.0,0.0,0.0,0.859856019702567,0.8077264773186161,7.0,5.0,2.0,0.15473145780051156,0.0,7.0
2763,1.0,999.0,0.0,1.0,0.0,1.0,5.0,0.7994987468671679,0.7314233860513353,8.0,2.0,1.0,0.2857142857142857,1.0,7.0
2764,0.5555555555555556,999.0,1.0,0.7058823529411765,0.0,0.0,0.0,0.5474537037037037,0.5190972222222222,4.0,0.0,0.0,0.0,0.0,4.0
2765,1.0,999.0,0.0,1.0,0.0,1.0,1073.0,0.9017921146953406,0.8198528579513299,252.0,4.0,3.0,0.1333333333333333,182.0,70.0
2766,0.8260869565217391,999.0,0.0,1.0,0.0,1.0,14.0,0.6178852929425012,0.5270530148459606,2.0,1.0,1.0,0.25465838509316774,2.0,0.0
2767,0.8909090909090909,999.0,1.0,0.875,0.0,0.0,0.0,0.8469602647870899,0.8211087636081373,349.0,9.0,2.0,0.03125996810207332,0.0,349.0
2768,0.7575757575757576,999.0,1.0,0.6578947368421053,0.0,0.0,0.0,0.7552574929624111,0.7469044957774467,163.0,8.0,0.0,0.003477396920019915,0.0,163.0
2769,1.0,999.0,0.0,1.0,0.0,1.0,1098.0,0.8388888888888889,0.7748484848484848,14.0,3.0,1.0,0.21666666666666667,9.0,5.0
2770,1.0,999.0,0.0,1.0,0.0,1.0,1073.0,0.9111111111111111,0.8821505376344086,308.0,17.0,9.0,0.1333333333333333,223.0,85.0
2771,1.0,999.0,0.0,1.0,0.0,1.0,3.0,0.8268162393162393,0.7793304843304842,19.0,5.0,1.0,0.23750000000000004,2.0,17.0
2772,1.0,999.0,0.0,1.0,0.0,1.0,156.0,0.7729758570094706,0.6993730973542411,5.0,1.0,1.0,0.3137254901960784,3.0,2.0
2773,0.8571428571428571,999.0,1.0,0.7536231884057971,0.0,0.0,0.0,0.6427376970855231,0.5974275152764854,30.0,1.0,1.0,0.31868131868131866,0.0,30.0
2774,0.5490196078431373,999.0,1.0,0.6511627906976745,0.0,0.0,0.0,0.517827964519141,0.4964467787114846,2.0,0.0,0.0,0.013305322128851604,0.0,2.0
2775,0.8421052631578947,999.0,0.0,1.0,0.0,1.0,3.0,0.7992202729044834,0.7710912501379233,39.0,4.0,1.0,0.0643274853801169,3.0,36.0
2776,0.6382978723404256,999.0,1.0,0.7666666666666667,0.0,0.0,0.0,0.6010088515036561,0.5844436947405776,9.0,0.0,0.0,0.054964539007092195,0.0,9.0
2777,1.0,999.0,0.0,1.0,0.0,1.0,8.0,0.9888888888888889,0.9673118279569893,7.0,5.0,5.0,0.0,1.0,6.0
2778,1.0,999.0,0.0,1.0,0.0,1.0,974.0,0.7375886524822696,0.6693112152902994,12.0,1.0,1.0,0.3829787234042553,10.0,2.0
2779,1.0,999.0,0.0,1.0,0.0,1.0,1098.0,0.8547712418300654,0.8118823529411765,127.0,11.0,1.0,0.21568627450980393,51.0,76.0
2780,1.0,999.0,0.0,1.0,0.0,1.0,21.0,0.7748677248677248,0.7204761904761904,8.0,1.0,1.0,0.3142857142857143,8.0,0.0
2781,1.0,999.0,0.0,1.0,0.0,1.0,2.0,0.7218559218559218,0.5720693764067258,2.0,2.0,1.0,0.2153846153846154,1.0,1.0
2782,0.78125,999.0,1.0,0.6041666666666666,0.0,0.0,0.0,0.7500448467058055,0.7389157969123723,14.0,6.0,0.0,0.03839285714285712,0.0,14.0
2783,0.8888888888888888,999.0,0.0,1.0,0.0,1.0,153.0,0.854954304954305,0.8154019615036564,112.0,10.0,3.0,0.03434343434343434,47.0,65.0
2784,0.8518518518518519,999.0,0.0,1.0,0.0,1.0,12.0,0.7824145189736589,0.7351476361153781,26.0,3.0,1.0,0.06613756613756616,5.0,21.0
2785,0.66,999.0,1.0,0.5882352941176471,0.0,0.0,0.0,0.644009324009324,0.6128466971624866,11.0,0.0,0.0,0.006153846153846176,0.0,11.0
2786,1.0,999.0,0.0,1.0,0.0,1.0,974.0,0.7327659574468086,0.6591457900069323,11.0,1.0,1.0,0.36170212765957444,6.0,5.0
2787,0.6666666666666666,999.0,0.0,1.0,0.0,1.0,6.0,0.6621315192743764,0.6503401360544216,11.0,0.0,0.0,0.0,4.0,7.0
2788,0.48,999.0,1.0,0.425531914893617,0.0,0.0,0.0,0.46136660724896017,0.4441669031248863,0.0,0.0,0.0,0.007272727272727264,0.0,0.0
2789,1.0,999.0,1.0,1.0,0.0,0.0,0.0,0.9213877909530085,0.8692505850195662,39.0,6.0,4.0,0.09090909090909094,0.0,39.0
2790,0.57,999.0,1.0,0.49473684210526314,0.0,0.0,0.0,0.5264712139343172,0.5029098605204659,2.0,0.0,0.0,0.056238532110091666,0.0,2.0
2791,1.0,999.0,0.0,1.0,0.0,1.0,4.0,0.7990840302668261,0.7331974907596273,10.0,2.0,1.0,0.2962962962962963,1.0,9.0
2792,0.391304347826087,999.0,1.0,0.6,0.0,0.0,0.0,0.3833214721151035,0.3813442346204135,0.0,0.0,0.0,0.01102265768524191,0.0,0.0
2793,1.0,999.0,0.0,1.0,0.0,1.0,69.0,0.8666666666666667,0.8391836734693878,8.0,7.0,4.0,0.19999999999999996,7.0,1.0
2794,1.0,999.0,0.0,1.0,0.0,1.0,46.0,0.7321428571428571,0.6174603174603174,3.0,1.0,1.0,0.375,2.0,1.0
2795,0.6853932584269663,999.0,1.0,0.6909090909090909,0.0,0.0,0.0,0.43770313114155157,0.3809692176205052,1.0,0.0,0.0,0.3552961710483255,0.0,1.0
2796,0.788235294117647,999.0,1.0,0.5319148936170213,0.0,0.0,0.0,0.7792780748663102,0.7647703405502481,124.0,9.0,0.0,0.0,0.0,124.0
2797,0.6590909090909091,999.0,1.0,0.6190476190476191,0.0,0.0,0.0,0.6331923890063424,0.5737436981623028,3.0,0.0,0.0,0.0,0.0,3.0
2798,0.8064516129032258,999.0,1.0,0.8064516129032258,0.0,0.0,0.0,0.6133217088055797,0.5513263586166811,4.0,1.0,1.0,0.28645161290322574,0.0,4.0
2799,0.7564102564102564,999.0,1.0,0.746031746031746,0.0,0.0,0.0,0.7564102564102564,0.7314932126696834,37.0,3.0,0.0,0.0,0.0,37.0
2800,0.5384615384615384,999.0,1.0,0.5370370370370371,0.0,0.0,0.0,0.44302884615384613,0.4060383961276819,1.0,0.0,0.0,0.1384615384615384,0.0,1.0
2801,0.5333333333333333,999.0,0.0,1.0,0.0,1.0,5.0,0.434853249475891,0.39200296155664816,1.0,0.0,0.0,0.13710691823899368,1.0,0.0
2802,0.6486486486486487,999.0,1.0,0.5277777777777778,0.0,0.0,0.0,0.5953941746624674,0.5314050192098972,3.0,0.0,0.0,0.03889255108767309,0.0,3.0
2803,1.0,999.0,0.0,1.0,0.0,1.0,22.0,0.7897897897897898,0.7209326974032856,15.0,2.0,1.0,0.29729729729729726,12.0,3.0
2804,0.6578947368421053,999.0,1.0,0.5128205128205128,0.0,0.0,0.0,0.5169050832208727,0.424439131209737,2.0,0.0,0.0,0.14507422402159253,0.0,2.0
2805,0.6896551724137931,999.0,1.0,0.6341463414634146,0.0,0.0,0.0,0.6083572796934865,0.5265773662211956,2.0,0.0,0.0,0.02298850574712652,0.0,2.0
2806,0.54,999.0,1.0,0.6,0.0,0.0,0.0,0.5226508269275566,0.49267546347679547,3.0,0.0,0.0,0.021481481481481546,0.0,3.0
2807,0.7532467532467533,999.0,0.0,1.0,0.0,1.0,8.0,0.6905944462042024,0.676184466723403,58.0,1.0,0.0,0.09324675324675324,6.0,52.0
2808,0.7083333333333334,999.0,0.0,1.0,0.0,1.0,646.0,0.6275918413342348,0.5894717714672075,5.0,1.0,0.0,0.12009803921568629,4.0,1.0
2809,1.0,999.0,0.0,1.0,0.0,1.0,5.0,0.8739220933690158,0.7281764933600391,4.0,3.0,2.0,0.1578947368421053,2.0,2.0
2810,1.0,999.0,0.0,1.0,0.0,1.0,19.0,0.8514015535292131,0.7692082790563034,6.0,4.0,2.0,0.19047619047619047,4.0,2.0
2811,1.0,999.0,1.0,1.0,0.0,0.0,0.0,0.7582809224318657,0.6719959704865365,11.0,1.0,1.0,0.3584905660377359,0.0,11.0
2812,1.0,999.0,0.0,1.0,0.0,1.0,12.0,0.6919020715630885,0.6260066275532377,5.0,1.0,1.0,0.4576271186440678,1.0,4.0
2813,0.7777777777777778,999.0,1.0,0.7272727272727273,0.0,0.0,0.0,0.7580160580160579,0.7473469482424706,106.0,12.0,0.0,0.023931623931623958,0.0,106.0
2814,1.0,999.0,0.0,1.0,0.0,1.0,4.0,0.7270531400966184,0.6227159023228113,3.0,1.0,1.0,0.3188405797101449,1.0,2.0
2815,0.7592592592592593,999.0,1.0,0.6190476190476191,0.0,0.0,0.0,0.718495224784533,0.7097028272276114,152.0,1.0,0.0,0.06114605171208953,0.0,152.0
2816,0.8571428571428571,999.0,1.0,0.6857142857142857,0.0,0.0,0.0,0.6666666666666666,0.5930880713489409,3.0,1.0,1.0,0.22857142857142854,0.0,3.0
2817,0.5348837209302325,999.0,1.0,0.5217391304347826,0.0,0.0,0.0,0.5232558139534883,0.48652873920821343,3.0,0.0,0.0,0.0,0.0,3.0
2818,0.5625,999.0,1.0,0.5660377358490566,0.0,0.0,0.0,0.5475485731633273,0.534783872775676,11.0,0.0,0.0,0.00694444444444442,0.0,11.0
2819,0.5432098765432098,999.0,1.0,0.6122448979591837,0.0,0.0,0.0,0.5428628092617384,0.5418437281891098,11.0,0.0,0.0,0.0,0.0,11.0
2820,0.5957446808510638,999.0,1.0,0.4864864864864865,0.0,0.0,0.0,0.4024277141298418,0.3230136957492581,1.0,0.0,0.0,0.19574468085106378,0.0,1.0
2821,0.5238095238095238,999.0,1.0,0.4166666666666667,0.0,0.0,0.0,0.4613840266014179,0.42695118890771067,1.0,0.0,0.0,0.0692640692640693,0.0,1.0
2822,0.6833333333333333,999.0,1.0,0.8571428571428571,0.0,0.0,0.0,0.6544802867383512,0.6211459714243629,10.0,0.0,0.0,0.0,0.0,10.0
2823,1.0,999.0,0.0,1.0,0.0,1.0,974.0,0.7594073126532352,0.6630517949993486,11.0,2.0,1.0,0.26415094339622647,11.0,0.0
2824,0.9696969696969697,999.0,1.0,0.8813559322033898,0.0,0.0,0.0,0.8396642481149522,0.8023900981647459,99.0,12.0,1.0,0.1950490823730261,0.0,99.0
2825,0.5588235294117647,999.0,1.0,0.6,0.0,0.0,0.0,0.5543672014260249,0.5461917494270435,6.0,0.0,0.0,0.0,0.0,6.0
2826,1.0,999.0,0.0,1.0,0.0,1.0,21.0,0.7362962962962962,0.6399595959595958,4.0,1.0,1.0,0.3111111111111111,4.0,0.0
2827,1.0,999.0,0.0,1.0,0.0,1.0,71.0,0.9459459459459459,0.8579922779922778,30.0,4.0,4.0,0.0,3.0,27.0
2828,1.0,999.0,0.0,1.0,0.0,1.0,33.0,0.7606837606837606,0.6957264957264957,7.0,1.0,1.0,0.3589743589743589,5.0,2.0
2829,1.0,999.0,0.0,1.0,0.0,1.0,24.0,0.799074074074074,0.7335972683647102,19.0,2.0,1.0,0.2777777777777778,9.0,10.0
2830,0.6491228070175439,999.0,1.0,1.0,0.0,0.0,0.0,0.6233150293948841,0.6016080652559781,5.0,0.0,0.0,0.014507422402159298,0.0,5.0
2831,0.7368421052631579,999.0,1.0,0.7368421052631579,0.0,0.0,0.0,0.645482282782054,0.6032893696692324,12.0,1.0,0.0,0.12814645308924477,0.0,12.0
2832,0.675,999.0,1.0,0.5625,0.0,0.0,0.0,0.6472222222222223,0.5508454106280194,3.0,0.0,0.0,0.008333333333333415,0.0,3.0
2833,0.8392857142857143,999.0,1.0,0.8214285714285714,0.0,0.0,0.0,0.8154761904761904,0.8059322033898304,112.0,14.0,4.0,0.0357142857142857,0.0,112.0
2834,0.8169014084507042,999.0,0.0,1.0,0.0,1.0,8.0,0.8037949921752738,0.7869085742525327,17.0,8.0,2.0,0.014084507042253502,8.0,9.0
2835,0.875,999.0,0.0,1.0,0.0,1.0,26.0,0.8444711538461539,0.8066610613321353,30.0,7.0,2.0,0.013461538461538414,23.0,7.0
2836,0.6595744680851063,999.0,1.0,0.7317073170731707,0.0,0.0,0.0,0.5834563065117652,0.5374997220242415,2.0,0.0,0.0,0.04418985270049092,0.0,2.0
2837,0.6481481481481481,999.0,1.0,0.6938775510204082,0.0,0.0,0.0,0.612840570455513,0.5977733943762582,25.0,0.0,0.0,0.04398148148148151,0.0,25.0
2838,0.631578947368421,999.0,1.0,0.5625,0.0,0.0,0.0,0.587719298245614,0.5353901996370236,4.0,0.0,0.0,0.0,0.0,4.0
2839,1.0,999.0,0.0,1.0,0.0,1.0,4.0,0.852234753550543,0.7880075187969925,41.0,4.0,2.0,0.17543859649122806,1.0,40.0
2840,1.0,999.0,0.0,1.0,0.0,1.0,150.0,0.8653313177122701,0.7691469054665181,11.0,3.0,2.0,0.16326530612244894,8.0,3.0
2841,0.345679012345679,999.0,1.0,0.43137254901960786,0.0,0.0,0.0,0.32150351649941994,0.3142127394146158,0.0,0.0,0.0,0.03172552397358597,0.0,0.0
2842,0.9310344827586207,999.0,0.0,1.0,0.0,1.0,1.0,0.7670515342929137,0.7103872682930715,10.0,1.0,1.0,0.23659003831417624,1.0,9.0
2843,0.7959183673469388,999.0,0.0,1.0,0.0,1.0,12.0,0.7920501533946912,0.7850340136054421,33.0,10.0,0.0,0.0,12.0,21.0
2844,0.47058823529411764,999.0,1.0,0.38095238095238093,0.0,0.0,0.0,0.4213091718995062,0.4024507496400081,0.0,0.0,0.0,0.0670794633642931,0.0,0.0
2845,0.6,999.0,1.0,0.6785714285714286,0.0,0.0,0.0,0.5979166666666667,0.5910080645161291,19.0,0.0,0.0,0.0,0.0,19.0
2846,0.8152173913043478,999.0,1.0,0.7910447761194029,0.0,0.0,0.0,0.8143115942028984,0.8115036231884056,20.0,8.0,5.0,0.0,0.0,20.0
2847,0.4411764705882353,999.0,1.0,0.5897435897435898,0.0,0.0,0.0,0.4283775048480931,0.41159663865546225,0.0,0.0,0.0,0.012605042016806733,0.0,0.0
2848,0.6119402985074627,999.0,1.0,0.7317073170731707,0.0,0.0,0.0,0.5899630054853935,0.5758541359138374,8.0,0.0,0.0,0.02732491389207803,0.0,8.0
2849,0.6712328767123288,999.0,1.0,1.0,0.0,0.0,0.0,0.669710806697108,0.6523026744944553,10.0,0.0,0.0,0.0,0.0,10.0
2850,0.8108108108108109,999.0,0.0,1.0,0.0,1.0,646.0,0.7255548231157988,0.6957980101485491,34.0,1.0,1.0,0.12788398154251812,32.0,2.0
2851,0.3559322033898305,999.0,1.0,0.39344262295081966,0.0,0.0,0.0,0.33709981167608283,0.3290852838310465,0.0,0.0,0.0,0.02259887005649719,0.0,0.0
2852,0.65,999.0,1.0,0.5454545454545454,0.0,0.0,0.0,0.5763684306237498,0.5215698506447812,2.0,0.0,0.0,0.060256410256410264,0.0,2.0
2853,0.43902439024390244,999.0,1.0,0.4339622641509434,0.0,0.0,0.0,0.4209028669234061,0.4057305746432077,0.0,0.0,0.0,0.004813863928112949,0.0,0.0
2854,0.8888888888888888,999.0,1.0,1.0,0.0,0.0,0.0,0.8703703703703703,0.852046783625731,195.0,20.0,7.0,0.0,0.0,195.0
2855,0.5074626865671642,999.0,1.0,0.3220338983050847,0.0,0.0,0.0,0.3872055838933777,0.3465397682464744,1.0,0.0,0.0,0.16499693314250669,0.0,1.0
2856,0.7254901960784313,999.0,1.0,0.6818181818181818,0.0,0.0,0.0,0.6449499339965871,0.5898271032550951,5.0,1.0,0.0,0.08755916159567267,0.0,5.0
2857,0.3,999.0,1.0,0.3448275862068966,0.0,0.0,0.0,0.2940844134263875,0.27989892391790144,0.0,0.0,0.0,0.00588235294117645,0.0,0.0
2858,0.8103448275862069,999.0,0.0,1.0,0.0,1.0,30.0,0.7630408055734441,0.6964685511406767,10.0,3.0,1.0,0.0684093437152391,6.0,4.0
2859,0.6395348837209303,999.0,1.0,0.5833333333333334,0.0,0.0,0.0,0.6353320257775287,0.6200336228635471,15.0,0.0,0.0,0.0009806668534604324,0.0,15.0
2860,0.8235294117647058,999.0,0.0,1.0,0.0,1.0,1073.0,0.7913317500913409,0.7571719314107368,77.0,5.0,1.0,0.040920716112531896,68.0,9.0
2861,0.8372093023255814,999.0,0.0,1.0,0.0,1.0,175.0,0.7331760476350971,0.6234073120827418,3.0,1.0,1.0,0.14155712841253798,2.0,1.0
2862,1.0,999.0,0.0,1.0,0.0,1.0,96.0,0.85,0.8179411764705883,18.0,5.0,1.0,0.22499999999999998,5.0,13.0
2863,0.4528301886792453,999.0,1.0,0.3902439024390244,0.0,0.0,0.0,0.4238818398965661,0.40569274030157604,0.0,0.0,0.0,0.024258760107816746,0.0,0.0
2864,0.2328767123287671,999.0,1.0,0.2857142857142857,0.0,0.0,0.0,0.22893341785875068,0.22237989198509167,0.0,0.0,0.0,0.004305283757338546,0.0,0.0
2865,0.725,999.0,1.0,0.7777777777777778,0.0,0.0,0.0,0.6352409638554216,0.6036095643076507,8.0,1.0,0.0,0.13463855421686743,0.0,8.0
2866,0.3695652173913043,999.0,1.0,0.5151515151515151,0.0,0.0,0.0,0.3507835057326269,0.3379362543099823,0.0,0.0,0.0,0.005928853754940677,0.0,0.0
2867,0.25925925925925924,999.0,1.0,0.4090909090909091,0.0,0.0,0.0,0.25747513448662873,0.25210412831102486,0.0,0.0,0.0,0.0006385696040868138,0.0,0.0
2868,0.782608695652174,999.0,0.0,1.0,0.0,1.0,25.0,0.7608695652173912,0.7438860465555324,9.0,5.0,0.0,0.03260869565217395,6.0,3.0
2869,0.6153846153846154,999.0,0.0,1.0,0.0,1.0,1.0,0.5920745920745921,0.569097569097569,8.0,0.0,0.0,0.0,1.0,7.0
2870,0.620253164556962,999.0,1.0,0.75,0.0,0.0,0.0,0.5676809502649748,0.5239419034923182,4.0,0.0,0.0,0.06619911050290794,0.0,4.0
2871,0.7402597402597403,999.0,0.0,1.0,0.0,1.0,2.0,0.7097162097162096,0.6909090909090909,8.0,1.0,0.0,0.045815295815295864,2.0,6.0
2872,0.85,999.0,0.0,1.0,0.0,1.0,701.0,0.8367816091954022,0.8262068965517241,54.0,8.0,5.0,0.0,54.0,0.0
2873,1.0,999.0,0.0,1.0,0.0,1.0,6.0,0.945578231292517,0.8835310868533458,12.0,5.0,4.0,0.0,1.0,11.0
2874,0.8108108108108109,999.0,1.0,0.8857142857142857,0.0,0.0,0.0,0.7483190507580751,0.6660709610936977,9.0,2.0,2.0,0.010810810810810811,0.0,9.0
2875,0.8863636363636364,999.0,0.0,1.0,0.0,1.0,2.0,0.8030303030303031,0.759090909090909,221.0,4.0,1.0,0.11363636363636365,2.0,219.0
2876,0.46296296296296297,999.0,1.0,0.5348837209302325,0.0,0.0,0.0,0.4574514991181658,0.44401112935595693,0.0,0.0,0.0,0.0,0.0,0.0
2877,0.6333333333333333,999.0,1.0,0.92,0.0,0.0,0.0,0.6327485380116958,0.6013209494324044,6.0,0.0,0.0,0.0,0.0,6.0
2878,0.43333333333333335,999.0,1.0,0.7037037037037037,0.0,0.0,0.0,0.38737060041407867,0.3686542443064182,0.0,0.0,0.0,0.05238095238095242,0.0,0.0
2879,0.7272727272727273,999.0,1.0,0.6756756756756757,0.0,0.0,0.0,0.7272727272727272,0.7272727272727273,305.0,12.0,0.0,0.0,0.0,305.0
2880,0.5483870967741935,999.0,1.0,0.4897959183673469,0.0,0.0,0.0,0.52168458781362,0.4983376393814661,3.0,0.0,0.0,0.03172043010752679,0.0,3.0
2881,0.711864406779661,999.0,1.0,0.6382978723404256,0.0,0.0,0.0,0.6008327314544937,0.5448708232438806,2.0,1.0,0.0,0.08499873513786993,0.0,2.0
2882,1.0,999.0,0.0,1.0,0.0,1.0,974.0,0.8096618357487922,0.7451207729468599,45.0,2.0,1.0,0.2666666666666667,24.0,21.0
2883,0.6,999.0,1.0,0.6,0.0,0.0,0.0,0.5181818181818182,0.46081219168428467,1.0,0.0,0.0,0.12272727272727268,0.0,1.0
2884,1.0,999.0,1.0,1.0,0.0,0.0,0.0,0.9251784251784251,0.8848367848367849,28.0,17.0,6.0,0.09459459459459463,0.0,28.0
2885,1.0,999.0,0.0,1.0,0.0,1.0,9.0,0.7534013605442177,0.6328100470957614,3.0,2.0,1.0,0.25,3.0,0.0
2886,0.6530612244897959,999.0,1.0,0.5925925925925926,0.0,0.0,0.0,0.6103682852451325,0.5953310767277733,48.0,0.0,0.0,0.061224489795918324,0.0,48.0
2887,0.9178082191780822,999.0,1.0,0.8955223880597015,0.0,0.0,0.0,0.8812785388127854,0.8482003216682381,30.0,14.0,4.0,0.0547945205479452,0.0,30.0
2888,0.8412698412698413,999.0,1.0,0.84375,0.0,0.0,0.0,0.7187986305633364,0.6362199915135036,6.0,2.0,1.0,0.06185807656395892,0.0,6.0
2889,0.7755102040816326,999.0,0.0,1.0,0.0,1.0,11.0,0.743419106773144,0.7090472284073597,13.0,2.0,0.0,0.014640638864241273,3.0,10.0
2890,0.38461538461538464,999.0,1.0,0.5454545454545454,0.0,0.0,0.0,0.3333581072711507,0.3163057503582446,0.0,0.0,0.0,0.07350427350427352,0.0,0.0
2891,1.0,999.0,0.0,1.0,0.0,1.0,42.0,0.8169934640522877,0.7671191553544496,6.0,3.0,1.0,0.27450980392156865,4.0,2.0
2892,0.5865384615384616,999.0,1.0,0.5444444444444444,0.0,0.0,0.0,0.5702652957603452,0.557019317316347,11.0,0.0,0.0,0.012281035795887352,0.0,11.0
2893,0.6440677966101694,999.0,0.0,1.0,0.0,1.0,46.0,0.5636514144988721,0.5378882005278226,4.0,0.0,0.0,0.1202582728006456,4.0,0.0
2894,0.5434782608695652,999.0,1.0,0.627906976744186,0.0,0.0,0.0,0.44901656314699795,0.3897872963787648,2.0,0.0,0.0,0.04347826086956519,0.0,2.0
2895,1.0,999.0,0.0,1.0,0.0,1.0,17.0,0.8244444444444445,0.7432026027802425,15.0,2.0,2.0,0.16666666666666663,4.0,11.0
2896,0.8783783783783784,999.0,1.0,0.75,0.0,0.0,0.0,0.831389284020863,0.8167283072546232,30.0,14.0,4.0,0.06258890469416789,0.0,30.0
2897,0.8947368421052632,999.0,0.0,1.0,0.0,1.0,196.0,0.879442195231669,0.8367288522187966,44.0,5.0,4.0,0.022941970310391357,37.0,7.0
2898,0.8888888888888888,999.0,1.0,1.0,0.0,0.0,0.0,0.7129629629629629,0.6563492063492063,8.0,1.0,1.0,0.26388888888888884,0.0,8.0
2899,0.8142857142857143,999.0,1.0,0.6904761904761905,0.0,0.0,0.0,0.7191558441558441,0.6882836299502966,205.0,1.0,1.0,0.12110389610389605,0.0,205.0
2900,0.7241379310344828,999.0,1.0,0.5897435897435898,0.0,0.0,0.0,0.6324468484711893,0.562416381419659,3.0,1.0,0.0,0.10649087221095332,0.0,3.0
2901,1.0,999.0,0.0,1.0,0.0,1.0,462.0,0.9375,0.8856854838709678,9.0,5.0,4.0,0.09375,9.0,0.0
2902,0.8666666666666667,999.0,0.0,1.0,0.0,1.0,1098.0,0.8263162459883772,0.78951380131708,108.0,9.0,2.0,0.041269841269841345,44.0,64.0
2903,0.5365853658536586,999.0,1.0,0.6,0.0,0.0,0.0,0.5362950058072009,0.5352489745512283,8.0,0.0,0.0,0.0,0.0,8.0
2904,0.38636363636363635,999.0,1.0,0.34615384615384615,0.0,0.0,0.0,0.3579093145962447,0.34686680087895894,0.0,0.0,0.0,0.039424860853432275,0.0,0.0
2905,1.0,999.0,0.0,1.0,0.0,1.0,9.0,0.9495092107032406,0.8920008850717334,203.0,16.0,4.0,0.02985074626865669,1.0,202.0
2906,1.0,999.0,0.0,1.0,0.0,1.0,4.0,0.700943864878291,0.6299535930825128,5.0,1.0,1.0,0.4426229508196722,1.0,4.0
2907,1.0,999.0,0.0,1.0,0.0,1.0,14.0,0.5822194374825954,0.49478620794410266,1.0,1.0,1.0,0.618421052631579,1.0,0.0
2908,0.6619718309859155,999.0,1.0,0.625,0.0,0.0,0.0,0.6397048960429242,0.6307778925807094,69.0,0.0,0.0,0.03340040241448694,0.0,69.0
2909,0.9056603773584906,999.0,1.0,0.96875,0.0,0.0,0.0,0.7685534591194969,0.7411320754716982,11.0,5.0,1.0,0.20566037735849063,0.0,11.0
2910,0.5333333333333333,999.0,1.0,0.5135135135135135,0.0,0.0,0.0,0.5191919191919192,0.5078787878787878,2.0,0.0,0.0,0.0,0.0,2.0
2911,0.8695652173913043,999.0,0.0,1.0,0.0,1.0,1.0,0.7520772946859903,0.7017769890564922,10.0,2.0,1.0,0.14956521739130435,1.0,9.0
2912,0.6956521739130435,999.0,1.0,0.6623376623376623,0.0,0.0,0.0,0.6894091415830547,0.639835961140309,6.0,0.0,0.0,0.0,0.0,6.0
2913,0.5079365079365079,999.0,1.0,0.6037735849056604,0.0,0.0,0.0,0.4146224146224146,0.38675971879633203,1.0,0.0,0.0,0.12914862914862912,0.0,1.0
2914,1.0,999.0,0.0,1.0,0.0,1.0,6.0,0.6324100093670547,0.5400158939529245,1.0,1.0,1.0,0.5283018867924528,1.0,0.0
2915,1.0,999.0,0.0,1.0,0.0,1.0,974.0,0.8455452356381148,0.782478656534384,14.0,4.0,1.0,0.22807017543859653,13.0,1.0
2916,1.0,999.0,0.0,1.0,0.0,1.0,462.0,0.7527233115468409,0.6388680294812961,3.0,1.0,1.0,0.3529411764705882,3.0,0.0
2917,0.746268656716418,999.0,1.0,0.5740740740740741,0.0,0.0,0.0,0.6175690961690542,0.5776239526712514,5.0,1.0,0.0,0.1891257995735608,0.0,5.0
2918,0.56,999.0,0.0,1.0,0.0,1.0,2.0,0.5028514739229025,0.4849389545291801,1.0,0.0,0.0,0.08083333333333337,1.0,0.0
2919,1.0,999.0,0.0,1.0,0.0,1.0,94.0,0.8194805194805195,0.7529239595833362,18.0,2.0,1.0,0.2142857142857143,11.0,7.0
2920,0.8901098901098901,999.0,0.0,1.0,0.0,1.0,42.0,0.6230421629732622,0.5571513941799626,1.0,1.0,1.0,0.3949642590419289,1.0,0.0
2921,0.4166666666666667,999.0,1.0,0.5128205128205128,0.0,0.0,0.0,0.41339869281045755,0.4113045218087235,0.0,0.0,0.0,0.004901960784313764,0.0,0.0
2922,0.5333333333333333,999.0,1.0,0.44642857142857145,0.0,0.0,0.0,0.4675805675805676,0.4355539146843495,1.0,0.0,0.0,0.07301587301587303,0.0,1.0
2923,0.6172839506172839,999.0,1.0,0.525,0.0,0.0,0.0,0.6139094650205762,0.6121895228561895,116.0,0.0,0.0,0.00395061728395063,0.0,116.0
2924,0.38461538461538464,999.0,1.0,0.5454545454545454,0.0,0.0,0.0,0.3333581072711507,0.3163057503582446,0.0,0.0,0.0,0.07350427350427352,0.0,0.0
2925,0.52,999.0,1.0,0.3392857142857143,0.0,0.0,0.0,0.4034920634920635,0.3667106227106227,1.0,0.0,0.0,0.16285714285714287,0.0,1.0
2926,1.0,999.0,0.0,1.0,0.0,1.0,17.0,0.7492997198879552,0.6482547801729388,4.0,1.0,1.0,0.32352941176470584,2.0,2.0
2927,0.5116279069767442,999.0,1.0,0.5,0.0,0.0,0.0,0.5077519379844961,0.5046511627906977,5.0,0.0,0.0,0.0,0.0,5.0
2928,0.3333333333333333,999.0,1.0,0.3125,0.0,0.0,0.0,0.31717171717171716,0.2996549581127103,0.0,0.0,0.0,0.024242424242424232,0.0,0.0
2929,0.8767123287671232,999.0,0.0,1.0,0.0,1.0,1.0,0.7831465338314653,0.7365545869655458,14.0,3.0,1.0,0.10528375733855178,1.0,13.0
2930,0.8888888888888888,999.0,1.0,0.8297872340425532,0.0,0.0,0.0,0.720047983205878,0.6445383246298578,7.0,1.0,1.0,0.19658119658119655,0.0,7.0
2931,1.0,999.0,0.0,1.0,0.0,1.0,48.0,0.7986434108527133,0.7419311445508436,37.0,2.0,1.0,0.2790697674418605,6.0,31.0
2932,1.0,999.0,0.0,1.0,0.0,1.0,67.0,0.8146803791086913,0.7553399755046785,11.0,2.0,1.0,0.24561403508771928,4.0,7.0
2933,0.5641025641025641,999.0,0.0,1.0,0.0,1.0,4.0,0.4717221312965994,0.4172378242325051,1.0,0.0,0.0,0.09601745771958536,1.0,0.0
2934,1.0,999.0,0.0,1.0,0.0,1.0,5.0,0.991869918699187,0.9853658536585366,611.0,74.0,31.0,0.0,5.0,606.0
2935,0.7560975609756098,999.0,0.0,1.0,0.0,1.0,6.0,0.7228853139595226,0.6851804637380324,6.0,2.0,0.0,0.024390243902439046,6.0,0.0
2936,0.44642857142857145,999.0,1.0,0.53125,0.0,0.0,0.0,0.4382006098107793,0.4309203658864676,0.0,0.0,0.0,0.0019841269841270326,0.0,0.0
2937,0.6935483870967742,999.0,1.0,0.6981132075471698,0.0,0.0,0.0,0.5877533085194376,0.5425614873741059,4.0,0.0,0.0,0.1550868486352358,0.0,4.0
2938,0.6511627906976745,999.0,0.0,1.0,0.0,1.0,2.0,0.6365015166835187,0.6183486435901296,8.0,0.0,0.0,0.02072800808897879,1.0,7.0
2939,0.8064516129032258,999.0,1.0,0.8064516129032258,0.0,0.0,0.0,0.7317801672640382,0.6709199522102747,14.0,1.0,1.0,0.11200716845878134,0.0,14.0
2940,0.76,999.0,1.0,0.625,0.0,0.0,0.0,0.6903030303030303,0.6583923444976076,23.0,1.0,0.0,0.06909090909090909,0.0,23.0
2941,1.0,999.0,0.0,1.0,0.0,1.0,23.0,0.8413436692506461,0.7961537192808841,10.0,5.0,1.0,0.2093023255813954,9.0,1.0
2942,0.2909090909090909,999.0,1.0,0.28846153846153844,0.0,0.0,0.0,0.27835497835497836,0.2736312275295326,0.0,0.0,0.0,0.018181818181818188,0.0,0.0
2943,0.4117647058823529,999.0,1.0,0.45098039215686275,0.0,0.0,0.0,0.4087750484809309,0.40288986039760033,0.0,0.0,0.0,0.0010504201680672232,0.0,0.0
2944,1.0,999.0,0.0,1.0,0.0,1.0,1098.0,0.8729784366576819,0.7840762722282021,30.0,3.0,2.0,0.1132075471698113,12.0,18.0
2945,0.15625,999.0,1.0,0.10344827586206896,0.0,0.0,0.0,0.14420109211775878,0.1371616809116809,0.0,0.0,0.0,0.00810185185185186,0.0,0.0
2946,1.0,999.0,0.0,1.0,0.0,1.0,38.0,0.8794326241134751,0.8392833544148462,23.0,8.0,3.0,0.17021276595744683,12.0,11.0
2947,0.7631578947368421,999.0,0.0,1.0,0.0,1.0,1.0,0.6247111681643133,0.5861398322117193,5.0,1.0,0.0,0.20218228498074453,0.0,5.0
2948,0.5571428571428572,999.0,0.0,1.0,0.0,1.0,1.0,0.5274725274725275,0.46540585654509703,2.0,0.0,0.0,0.003296703296703285,1.0,1.0
2949,0.819672131147541,999.0,1.0,0.5806451612903226,0.0,0.0,0.0,0.7900509667927701,0.7817228877679697,345.0,24.0,1.0,0.038422131147541005,0.0,345.0
2950,0.898876404494382,999.0,0.0,1.0,0.0,1.0,1.0,0.87914616533255,0.863270666232497,117.0,11.0,7.0,0.004758757435558425,1.0,116.0
2951,0.4392523364485981,999.0,1.0,0.4883720930232558,0.0,0.0,0.0,0.4384659589268971,0.4344874128017115,0.0,0.0,0.0,0.0,0.0,0.0
2952,1.0,999.0,0.0,1.0,0.0,1.0,28.0,0.923076923076923,0.8357509157509158,21.0,4.0,2.0,0.0,12.0,9.0
2953,1.0,999.0,0.0,1.0,0.0,1.0,974.0,0.7254901960784315,0.6513617709240145,9.0,1.0,1.0,0.4117647058823529,5.0,4.0
2954,0.6538461538461539,999.0,1.0,0.4864864864864865,0.0,0.0,0.0,0.534108396399435,0.4968091238611664,1.0,0.0,0.0,0.16604127579737338,0.0,1.0
2955,0.7083333333333334,999.0,1.0,0.7083333333333334,0.0,0.0,0.0,0.6805555555555555,0.619345238095238,11.0,1.0,0.0,0.04166666666666674,0.0,11.0
2956,0.78,999.0,0.0,1.0,0.0,1.0,1098.0,0.7200118835412953,0.6882000897075673,20.0,2.0,0.0,0.05450980392156868,9.0,11.0
2957,0.6444444444444445,999.0,1.0,0.5238095238095238,0.0,0.0,0.0,0.639245456636761,0.5869797682612328,4.0,0.0,0.0,0.0015873015873015817,0.0,4.0
2958,1.0,999.0,0.0,1.0,0.0,1.0,462.0,0.7642045454545454,0.6952874331550802,8.0,1.0,1.0,0.34375,3.0,5.0
2959,0.5555555555555556,999.0,1.0,0.3620689655172414,0.0,0.0,0.0,0.5242656449553001,0.4708788493665634,3.0,0.0,0.0,0.03831417624521072,0.0,3.0
2960,0.36363636363636365,999.0,1.0,0.45454545454545453,0.0,0.0,0.0,0.3381940463907677,0.32863071354874634,0.0,0.0,0.0,0.03576751117734728,0.0,0.0
2961,1.0,999.0,0.0,1.0,0.0,1.0,27.0,0.875,0.819,18.0,5.0,3.0,0.1875,5.0,13.0
2962,1.0,999.0,0.0,1.0,0.0,1.0,23.0,0.8383838383838383,0.7808080808080808,8.0,3.0,1.0,0.24242424242424243,5.0,3.0
2963,0.5657894736842105,999.0,1.0,0.5161290322580645,0.0,0.0,0.0,0.5071160289275748,0.4733895754497873,2.0,0.0,0.0,0.0341439040639574,0.0,2.0
2964,0.76,999.0,0.0,1.0,0.0,1.0,55.0,0.6438430583501006,0.5768613905656159,2.0,1.0,0.0,0.0814285714285714,2.0,0.0
2965,1.0,999.0,0.0,1.0,0.0,1.0,4.0,1.0,0.9223981900452488,13.0,6.0,4.0,0.0,4.0,9.0
2966,0.7391304347826086,999.0,0.0,1.0,0.0,1.0,1.0,0.7146307798481711,0.7001464424582134,27.0,2.0,0.0,0.024844720496894346,1.0,26.0
2967,0.6727272727272727,999.0,0.0,1.0,0.0,1.0,158.0,0.6611295137610927,0.6534946843839766,98.0,0.0,0.0,0.01118881118881121,26.0,72.0
2968,1.0,999.0,0.0,1.0,0.0,1.0,70.0,0.6145454545454546,0.506909090909091,1.0,1.0,1.0,0.52,1.0,0.0
2969,1.0,999.0,0.0,1.0,0.0,1.0,11.0,0.7188034188034188,0.6111378205128205,2.0,1.0,1.0,0.32692307692307687,2.0,0.0
2970,1.0,999.0,0.0,1.0,0.0,1.0,47.0,0.9166666666666666,0.8655555555555555,27.0,8.0,4.0,0.125,7.0,20.0
2971,0.6363636363636364,999.0,1.0,0.7567567567567568,0.0,0.0,0.0,0.616570150442749,0.6082399626060749,70.0,0.0,0.0,0.02766798418972327,0.0,70.0
2972,0.4626865671641791,999.0,1.0,0.32653061224489793,0.0,0.0,0.0,0.46041849575651156,0.4583366589512331,0.0,0.0,0.0,0.0,0.0,0.0
2973,1.0,999.0,0.0,1.0,0.0,1.0,14.0,0.7919191919191918,0.6862626262626262,5.0,2.0,1.0,0.2909090909090909,5.0,0.0
2974,0.78125,999.0,0.0,1.0,0.0,1.0,1.0,0.7241847826086957,0.6705764433357091,9.0,2.0,0.0,0.05661231884057971,1.0,8.0
2975,0.5,999.0,1.0,0.5882352941176471,0.0,0.0,0.0,0.4922920892494929,0.4544035936306674,1.0,0.0,0.0,0.00588235294117645,0.0,1.0
2976,1.0,999.0,0.0,1.0,0.0,1.0,19.0,0.8104575163398692,0.7242004357298475,9.0,2.0,1.0,0.23529411764705888,2.0,7.0
2977,1.0,999.0,0.0,1.0,0.0,1.0,974.0,0.9265700483091788,0.8486339808818995,44.0,4.0,3.0,0.08695652173913049,28.0,16.0
2978,0.5609756097560976,999.0,1.0,0.4,0.0,0.0,0.0,0.5479760364699617,0.5379035348356126,8.0,0.0,0.0,0.006758742286218089,0.0,8.0
2979,1.0,999.0,0.0,1.0,0.0,1.0,65.0,0.9777777777777779,0.9608602150537635,6.0,5.0,5.0,0.033333333333333326,2.0,4.0
2980,0.2980769230769231,999.0,1.0,0.35365853658536583,0.0,0.0,0.0,0.294993894993895,0.2936630036630037,0.0,0.0,0.0,0.0028388278388278287,0.0,0.0
2981,0.7,999.0,0.0,1.0,0.0,1.0,4.0,0.6180500658761529,0.5756042330740787,4.0,1.0,0.0,0.09130434782608687,1.0,3.0
2982,0.26744186046511625,999.0,1.0,0.3157894736842105,0.0,0.0,0.0,0.2614536841281027,0.25474455090239356,0.0,0.0,0.0,0.006078224101479901,0.0,0.0
2983,0.8846153846153846,999.0,0.0,1.0,0.0,1.0,153.0,0.8581433998100665,0.8408119658119657,183.0,21.0,9.0,0.009615384615384581,50.0,133.0
2984,1.0,999.0,0.0,1.0,0.0,1.0,3.0,0.7195121951219513,0.6183739837398374,3.0,1.0,1.0,0.3414634146341463,1.0,2.0
2985,1.0,999.0,0.0,1.0,0.0,1.0,15.0,0.834920634920635,0.7615686544237338,12.0,2.0,2.0,0.1785714285714286,3.0,9.0
2986,1.0,999.0,0.0,1.0,0.0,1.0,14.0,0.816037268312023,0.7333723609872138,5.0,4.0,1.0,0.27118644067796616,5.0,0.0
2987,1.0,999.0,0.0,1.0,0.0,1.0,10.0,0.8510558069381599,0.8135768803893109,19.0,6.0,1.0,0.21153846153846156,1.0,18.0
2988,0.8173076923076923,999.0,1.0,0.68,0.0,0.0,0.0,0.7803458009880028,0.7327521893704882,66.0,3.0,2.0,0.0,0.0,66.0
2989,0.7160493827160493,999.0,1.0,0.6493506493506493,0.0,0.0,0.0,0.6884508395348504,0.6618509915257883,88.0,1.0,0.0,0.03747795414462074,0.0,88.0
2990,0.8478260869565217,999.0,0.0,1.0,0.0,1.0,1.0,0.6878718535469108,0.6059990221031396,3.0,1.0,1.0,0.19870327993897785,1.0,2.0
2991,0.7647058823529411,999.0,0.0,1.0,0.0,1.0,1.0,0.6384480600750938,0.5830688360450563,5.0,1.0,0.0,0.12470588235294111,1.0,4.0
2992,1.0,999.0,0.0,1.0,0.0,1.0,9.0,0.888888888888889,0.8546448087431694,12.0,7.0,5.0,0.16666666666666663,9.0,3.0
2993,0.7017543859649122,999.0,1.0,0.6086956521739131,0.0,0.0,0.0,0.6817761249000638,0.6544348597458428,48.0,1.0,0.0,0.003341687552213868,0.0,48.0
2994,0.8,999.0,0.0,1.0,0.0,1.0,6.0,0.7066666666666667,0.6411988388969521,6.0,1.0,1.0,0.14,4.0,2.0
2995,0.6271186440677966,999.0,1.0,0.75,0.0,0.0,0.0,0.5899919289749799,0.5642253364131209,8.0,0.0,0.0,0.03981705676620928,0.0,8.0
2996,0.8235294117647058,999.0,0.0,1.0,0.0,1.0,21.0,0.8103821542593277,0.787983678520509,20.0,6.0,2.0,0.01220865704772467,14.0,6.0
2997,0.7857142857142857,999.0,1.0,0.74,0.0,0.0,0.0,0.7042883031050603,0.657883716326313,9.0,2.0,0.0,0.06873315363881405,0.0,9.0
2998,1.0,999.0,0.0,1.0,0.0,1.0,25.0,0.848639455782313,0.7200756922487305,6.0,3.0,1.0,0.20408163265306123,2.0,4.0
2999,1.0,999.0,0.0,1.0,0.0,1.0,33.0,0.8506787330316743,0.7348081112786995,7.0,3.0,2.0,0.15384615384615385,4.0,3.0
3000,0.6031746031746031,999.0,1.0,0.6730769230769231,0.0,0.0,0.0,0.515094447297837,0.48474294288850617,1.0,0.0,0.0,0.12859833198816245,0.0,1.0
3001,1.0,999.0,0.0,1.0,0.0,1.0,8.0,0.7915510329941412,0.7021596246059556,7.0,2.0,1.0,0.23404255319148937,3.0,4.0
3002,0.7704918032786885,999.0,1.0,0.6862745098039216,0.0,0.0,0.0,0.7663493742288031,0.7518459148598625,143.0,6.0,0.0,0.0,0.0,143.0
3003,1.0,999.0,0.0,1.0,0.0,1.0,96.0,0.7777777777777777,0.6919324577861163,9.0,1.0,1.0,0.33333333333333337,6.0,3.0
3004,1.0,999.0,0.0,1.0,0.0,1.0,18.0,0.771025641025641,0.6945119363395225,7.0,1.0,1.0,0.32692307692307687,2.0,5.0
3005,1.0,999.0,0.0,1.0,0.0,1.0,1098.0,0.7244897959183674,0.62930426716141,3.0,1.0,1.0,0.326530612244898,2.0,1.0
3006,0.8095238095238095,999.0,0.0,1.0,0.0,1.0,272.0,0.7936507936507936,0.7774086378737541,234.0,14.0,1.0,0.013605442176870763,80.0,154.0
3007,0.7692307692307693,999.0,0.0,1.0,0.0,1.0,701.0,0.7228782146814935,0.6967245868885213,32.0,2.0,0.0,0.04195804195804198,31.0,1.0
3008,0.8571428571428571,999.0,0.0,1.0,0.0,1.0,60.0,0.8294334975369457,0.8141755250194451,105.0,29.0,3.0,0.029556650246305383,60.0,45.0
3009,0.8269230769230769,999.0,0.0,1.0,0.0,1.0,4.0,0.8001508295625942,0.7736931913402503,31.0,7.0,2.0,0.0033936651583710287,4.0,27.0
3010,0.9032258064516129,999.0,1.0,0.8888888888888888,0.0,0.0,0.0,0.8667318344737699,0.7920926721128334,230.0,4.0,3.0,0.05474095796676437,0.0,230.0
3011,1.0,999.0,0.0,1.0,0.0,1.0,1.0,0.729801695746619,0.6668068110153458,7.0,1.0,1.0,0.3880597014925373,1.0,6.0
3012,1.0,999.0,1.0,1.0,0.0,0.0,0.0,0.9333333333333332,0.9129411764705881,373.0,17.0,6.0,0.09999999999999998,0.0,373.0
3013,0.8275862068965517,999.0,0.0,1.0,0.0,1.0,158.0,0.8029454022988506,0.7921120689655173,203.0,17.0,2.0,0.027586206896551668,44.0,159.0
3014,0.6818181818181818,999.0,1.0,0.6285714285714286,0.0,0.0,0.0,0.613220277990194,0.5609554226080699,4.0,0.0,0.0,0.07716701902748413,0.0,4.0
3015,1.0,999.0,0.0,1.0,0.0,1.0,4.0,0.8490591579802356,0.7838791240373465,9.0,4.0,1.0,0.2168674698795181,2.0,7.0
3016,0.9565217391304348,999.0,1.0,0.9464285714285714,0.0,0.0,0.0,0.8453363062058715,0.7654296318247887,12.0,2.0,2.0,0.05652173913043479,0.0,12.0
3017,0.4838709677419355,999.0,1.0,0.5161290322580645,0.0,0.0,0.0,0.4267503527465577,0.40791636351408644,0.0,0.0,0.0,0.07210626185958258,0.0,0.0
3018,0.6585365853658537,999.0,1.0,0.7704918032786885,0.0,0.0,0.0,0.645968168089552,0.6295009962621988,55.0,0.0,0.0,0.007373794668179223,0.0,55.0
3019,0.6530612244897959,999.0,0.0,1.0,0.0,1.0,5.0,0.5597764468106082,0.5164556403894631,2.0,0.0,0.0,0.09056122448979587,2.0,0.0
3020,0.5357142857142857,999.0,1.0,0.5357142857142857,0.0,0.0,0.0,0.48399279196380646,0.45886858158222477,1.0,0.0,0.0,0.054232804232804244,0.0,1.0
3021,0.7424242424242424,999.0,0.0,1.0,0.0,1.0,1.0,0.6759975752627314,0.6306612017992428,11.0,1.0,0.0,0.09453691848058043,1.0,10.0
3022,0.6486486486486487,999.0,1.0,0.43902439024390244,0.0,0.0,0.0,0.5495495495495496,0.4929043329043329,3.0,0.0,0.0,0.14864864864864868,0.0,3.0
3023,0.7454545454545455,999.0,0.0,1.0,0.0,1.0,2.0,0.7023454887861668,0.6829457548101615,32.0,1.0,0.0,0.05053929121725731,2.0,30.0
3024,0.7058823529411765,999.0,0.0,1.0,0.0,1.0,244.0,0.7058823529411765,0.6941176470588235,28.0,3.0,0.0,0.0,24.0,4.0
3025,1.0,999.0,0.0,1.0,0.0,1.0,462.0,0.763303533418476,0.6642321200510856,5.0,2.0,1.0,0.2962962962962963,5.0,0.0
3026,0.23684210526315788,999.0,1.0,0.29310344827586204,0.0,0.0,0.0,0.22478070175438594,0.22148393682415754,0.0,0.0,0.0,0.01809210526315788,0.0,0.0
3027,0.85,999.0,1.0,0.85,0.0,0.0,0.0,0.6510218463706835,0.6024506320003599,6.0,1.0,1.0,0.28181818181818175,0.0,6.0
3028,0.918918918918919,999.0,1.0,0.9166666666666666,0.0,0.0,0.0,0.902086296823139,0.888620199146515,253.0,27.0,11.0,0.0,0.0,253.0
3029,0.8666666666666667,999.0,1.0,0.8421052631578947,0.0,0.0,0.0,0.6662473794549265,0.6119933256321397,7.0,1.0,1.0,0.3006289308176101,0.0,7.0
3030,0.64,999.0,1.0,0.75,0.0,0.0,0.0,0.6324279835390946,0.6166053845009668,23.0,0.0,0.0,0.0,0.0,23.0
3031,0.8113207547169812,999.0,1.0,0.9473684210526315,0.0,0.0,0.0,0.6841006652327407,0.6432962200351667,9.0,1.0,1.0,0.1764001197963463,0.0,9.0
3032,0.6349206349206349,999.0,1.0,0.5348837209302325,0.0,0.0,0.0,0.5945461945461945,0.5496800976800976,3.0,0.0,0.0,0.019536019536019467,0.0,3.0
3033,1.0,999.0,0.0,1.0,0.0,1.0,3.0,0.7664736696994762,0.6957816377171216,18.0,2.0,1.0,0.29032258064516125,1.0,17.0
3034,0.49019607843137253,999.0,1.0,0.49019607843137253,0.0,0.0,0.0,0.4696757490875138,0.46085013358193816,0.0,0.0,0.0,0.025910364145658227,0.0,0.0
3035,0.8472222222222222,999.0,1.0,0.9473684210526315,0.0,0.0,0.0,0.8047954671088999,0.7460712240288584,17.0,3.0,1.0,0.05617744610281927,0.0,17.0
3036,0.43478260869565216,999.0,1.0,0.660377358490566,0.0,0.0,0.0,0.43478260869565216,0.43455377574370707,0.0,0.0,0.0,0.0,0.0,0.0
3037,0.8157894736842105,999.0,1.0,0.7321428571428571,0.0,0.0,0.0,0.6931935636873087,0.6385872942168744,20.0,1.0,1.0,0.13224516988674218,0.0,20.0
3038,0.6428571428571429,999.0,0.0,1.0,0.0,1.0,3.0,0.6248196248196248,0.6003223726627982,5.0,0.0,0.0,0.006493506493506551,3.0,2.0
3039,0.7948717948717948,999.0,1.0,0.8055555555555556,0.0,0.0,0.0,0.6536256952923619,0.5797468457468458,4.0,1.0,0.0,0.14672364672364668,0.0,4.0
3040,0.4787234042553192,999.0,1.0,0.5862068965517241,0.0,0.0,0.0,0.4747381920650408,0.470208768897561,0.0,0.0,0.0,0.004496600131607853,0.0,0.0
3041,0.5625,999.0,1.0,0.5925925925925926,0.0,0.0,0.0,0.4837962962962963,0.4619252873563219,1.0,0.0,0.0,0.11805555555555558,0.0,1.0
3042,0.18518518518518517,999.0,1.0,0.3111111111111111,0.0,0.0,0.0,0.17497625830959163,0.17073917964328922,0.0,0.0,0.0,0.012108262108262102,0.0,0.0
3043,0.7457627118644068,999.0,1.0,0.7358490566037735,0.0,0.0,0.0,0.7334691735358586,0.7194465834865946,13.0,3.0,0.0,0.01242937853107351,0.0,13.0
3044,0.6301369863013698,999.0,1.0,0.5128205128205128,0.0,0.0,0.0,0.5922678843226789,0.5707661359990128,12.0,0.0,0.0,0.04347031963470316,0.0,12.0
3045,0.8292682926829268,999.0,1.0,0.8,0.0,0.0,0.0,0.6970787925964365,0.6414742259124717,6.0,1.0,1.0,0.1417682926829268,0.0,6.0
3046,1.0,999.0,0.0,1.0,0.0,1.0,49.0,0.8167226577081,0.7414072209984864,19.0,2.0,1.0,0.23404255319148937,10.0,9.0
3047,0.967741935483871,999.0,1.0,0.5555555555555556,0.0,0.0,0.0,0.6929292546403346,0.6252813623080102,6.0,1.0,1.0,0.40017436791630345,0.0,6.0
3048,0.6825396825396826,999.0,1.0,0.6226415094339622,0.0,0.0,0.0,0.6825396825396824,0.6590594132389798,34.0,0.0,0.0,0.0,0.0,34.0
3049,0.6458333333333334,999.0,1.0,0.5306122448979592,0.0,0.0,0.0,0.5094324766943815,0.4269064097245862,2.0,0.0,0.0,0.11522108843537415,0.0,2.0
3050,1.0,999.0,0.0,1.0,0.0,1.0,14.0,0.7419354838709676,0.6724340175953079,7.0,1.0,1.0,0.3870967741935484,3.0,4.0
3051,1.0,999.0,1.0,1.0,0.0,0.0,0.0,0.9093080435546188,0.8689682847793877,78.0,5.0,5.0,0.10769230769230764,0.0,78.0
3052,0.7848101265822784,999.0,0.0,1.0,0.0,1.0,1.0,0.6977262453852356,0.6573080338486335,22.0,1.0,0.0,0.09806313863047122,1.0,21.0
3053,0.8529411764705882,999.0,0.0,1.0,0.0,1.0,646.0,0.8105042016806724,0.7446735617323854,12.0,3.0,2.0,0.024369747899159577,11.0,1.0
3054,0.4,999.0,1.0,0.4146341463414634,0.0,0.0,0.0,0.36410256410256414,0.35420347394540946,0.0,0.0,0.0,0.05384615384615388,0.0,0.0
3055,0.47761194029850745,999.0,1.0,0.5306122448979592,0.0,0.0,0.0,0.44756729344616025,0.4292428625917789,0.0,0.0,0.0,0.03024351924587587,0.0,0.0
3056,1.0,999.0,0.0,1.0,0.0,1.0,114.0,0.6792929292929294,0.5791660235633072,2.0,1.0,1.0,0.41666666666666663,2.0,0.0
3057,0.359375,999.0,1.0,0.4857142857142857,0.0,0.0,0.0,0.29924242424242425,0.28561163101604276,0.0,0.0,0.0,0.08664772727272729,0.0,0.0
3058,0.573170731707317,999.0,1.0,0.543859649122807,0.0,0.0,0.0,0.5633765986782675,0.5558125204717828,8.0,0.0,0.0,0.011767222935387234,0.0,8.0
3059,1.0,999.0,0.0,1.0,0.0,1.0,974.0,0.7569444444444443,0.6660114045618246,6.0,1.0,1.0,0.33333333333333337,5.0,1.0
3060,1.0,999.0,0.0,1.0,0.0,1.0,5.0,0.8104575163398692,0.6778618113912231,3.0,2.0,1.0,0.23529411764705888,1.0,2.0
3061,0.5694444444444444,999.0,1.0,0.5675675675675675,0.0,0.0,0.0,0.46981481481481485,0.4273109668109668,1.0,0.0,0.0,0.12944444444444442,0.0,1.0
3062,1.0,999.0,0.0,1.0,0.0,1.0,16.0,0.7775735294117648,0.7179726890756303,9.0,1.0,1.0,0.32352941176470584,7.0,2.0
3063,0.8970588235294118,999.0,1.0,0.9423076923076923,0.0,0.0,0.0,0.8305511393746688,0.7344487619578131,22.0,3.0,2.0,0.032193958664546884,0.0,22.0
3064,1.0,999.0,0.0,1.0,0.0,1.0,7.0,0.8065268065268065,0.7503872992678963,42.0,2.0,1.0,0.2727272727272727,3.0,39.0
3065,1.0,999.0,0.0,1.0,0.0,1.0,60.0,0.6888888888888888,0.5894252873563218,3.0,1.0,1.0,0.43333333333333335,3.0,0.0
3066,0.6153846153846154,999.0,1.0,0.6785714285714286,0.0,0.0,0.0,0.5736967736967737,0.5336917484285906,3.0,0.0,0.0,0.02079002079002079,0.0,3.0
3067,0.5892857142857143,999.0,1.0,0.45,0.0,0.0,0.0,0.5534887566137566,0.5367567155067154,8.0,0.0,0.0,0.03373015873015872,0.0,8.0
3068,0.6,999.0,1.0,0.7878787878787878,0.0,0.0,0.0,0.5903947903947904,0.5744615933379977,13.0,0.0,0.0,0.00659340659340657,0.0,13.0
3069,0.375,999.0,1.0,0.38095238095238093,0.0,0.0,0.0,0.34722222222222215,0.3244117647058823,0.0,0.0,0.0,0.041666666666666685,0.0,0.0
3070,0.13636363636363635,999.0,1.0,0.18181818181818182,0.0,0.0,0.0,0.13059947299077734,0.1283596837944664,0.0,0.0,0.0,0.005928853754940705,0.0,0.0
3071,0.6373626373626373,999.0,1.0,0.49,0.0,0.0,0.0,0.42338402338402337,0.3673604955578337,1.0,0.0,0.0,0.29548229548229543,0.0,1.0
3072,0.5365853658536586,999.0,1.0,0.4883720930232558,0.0,0.0,0.0,0.5199470599357157,0.5053981876522506,3.0,0.0,0.0,0.024957458876914362,0.0,3.0
3073,0.6938775510204082,999.0,0.0,1.0,0.0,1.0,2.0,0.612579066714405,0.567547440028643,5.0,0.0,0.0,0.09387755102040818,2.0,3.0
3074,0.6551724137931034,999.0,0.0,1.0,0.0,1.0,5.0,0.603448275862069,0.5420467185761957,3.0,0.0,0.0,0.0,3.0,0.0
3075,1.0,999.0,0.0,1.0,0.0,1.0,701.0,0.922211188348229,0.8769341400646404,98.0,14.0,5.0,0.07547169811320753,93.0,5.0
3076,0.5714285714285714,999.0,1.0,0.5614035087719298,0.0,0.0,0.0,0.519222367846221,0.4995096111839231,2.0,0.0,0.0,0.0714285714285714,0.0,2.0
3077,1.0,999.0,0.0,1.0,0.0,1.0,3.0,0.7368421052631579,0.6421052631578947,5.0,1.0,1.0,0.3157894736842105,1.0,4.0
3078,0.6629213483146067,999.0,1.0,1.0,0.0,0.0,0.0,0.6342236153762069,0.5421323934210627,3.0,0.0,0.0,0.014569699962958316,0.0,3.0
3079,1.0,999.0,0.0,1.0,0.0,1.0,3.0,0.5951932562102052,0.4927802893904588,1.0,1.0,1.0,0.5873015873015873,1.0,0.0
3080,0.9166666666666666,999.0,1.0,0.9166666666666666,0.0,0.0,0.0,0.6392857142857142,0.5615714285714286,2.0,1.0,1.0,0.3738095238095238,0.0,2.0
3081,0.4,999.0,1.0,0.5161290322580645,0.0,0.0,0.0,0.3895691609977325,0.37989534275248565,0.0,0.0,0.0,0.01224489795918371,0.0,0.0
3082,1.0,999.0,0.0,1.0,0.0,1.0,53.0,0.581992337164751,0.49061384201516267,1.0,1.0,1.0,0.6206896551724138,1.0,0.0
3083,0.5555555555555556,999.0,1.0,0.6785714285714286,0.0,0.0,0.0,0.5041423001949318,0.4700235064786148,2.0,0.0,0.0,0.0292397660818714,0.0,2.0
3084,1.0,999.0,0.0,1.0,0.0,1.0,4.0,0.8103658536585366,0.7529268292682928,6.0,2.0,1.0,0.24390243902439024,1.0,5.0
3085,0.7088607594936709,999.0,1.0,0.6610169491525424,0.0,0.0,0.0,0.6012279149092049,0.5594394516482256,4.0,1.0,0.0,0.13351829374024626,0.0,4.0
3086,0.5555555555555556,999.0,1.0,0.5555555555555556,0.0,0.0,0.0,0.5037037037037037,0.45136728565299994,2.0,0.0,0.0,0.0,0.0,2.0
3087,0.7906976744186046,999.0,0.0,1.0,0.0,1.0,1073.0,0.7883885865083292,0.777380977991954,125.0,19.0,0.0,0.003463631865413097,86.0,39.0
3088,1.0,999.0,0.0,1.0,0.0,1.0,127.0,0.6740887349496948,0.5863799246867819,3.0,1.0,1.0,0.4883720930232558,3.0,0.0
3089,0.6909090909090909,999.0,1.0,0.6428571428571429,0.0,0.0,0.0,0.6826839826839827,0.6786580086580087,105.0,0.0,0.0,0.012337662337662314,0.0,105.0
3090,0.8888888888888888,999.0,1.0,0.8524590163934426,0.0,0.0,0.0,0.7295725520040589,0.6687294466953931,16.0,2.0,1.0,0.1765601217656012,0.0,16.0
3091,0.7727272727272727,999.0,0.0,1.0,0.0,1.0,701.0,0.7209327315710294,0.6923385505072435,13.0,2.0,0.0,0.049323017408123726,13.0,0.0
3092,0.7575757575757576,999.0,1.0,0.6190476190476191,0.0,0.0,0.0,0.7229437229437229,0.7125541125541126,23.0,2.0,0.0,0.04329004329004327,0.0,23.0
3093,0.5535714285714286,999.0,1.0,0.7073170731707317,0.0,0.0,0.0,0.5322841000807103,0.5018077360340893,3.0,0.0,0.0,0.028147699757869238,0.0,3.0
3094,0.6714285714285714,999.0,1.0,0.5853658536585366,0.0,0.0,0.0,0.6576647097195042,0.6111897349226116,6.0,0.0,0.0,0.0,0.0,6.0
3095,0.5319148936170213,999.0,1.0,0.6296296296296297,0.0,0.0,0.0,0.5072369373281228,0.4825167655714768,2.0,0.0,0.0,0.03191489361702127,0.0,2.0
3096,1.0,999.0,0.0,1.0,0.0,1.0,6.0,0.7828282828282828,0.6874835309617918,19.0,1.0,1.0,0.31818181818181823,2.0,17.0
3097,0.8387096774193549,999.0,0.0,1.0,0.0,1.0,1073.0,0.7933740191804709,0.7497086220345983,230.0,3.0,2.0,0.0,166.0,64.0
3098,1.0,999.0,0.0,1.0,0.0,1.0,974.0,0.7901234567901234,0.7427248677248677,15.0,1.0,1.0,0.31481481481481477,10.0,5.0
3099,0.5333333333333333,999.0,1.0,0.5333333333333333,0.0,0.0,0.0,0.4858585858585858,0.4518567074923811,2.0,0.0,0.0,0.033333333333333326,0.0,2.0
3100,0.84,999.0,0.0,1.0,0.0,1.0,33.0,0.7629021706809396,0.7392227838900453,262.0,5.0,1.0,0.10315789473684212,15.0,247.0
3101,0.46296296296296297,999.0,1.0,0.4444444444444444,0.0,0.0,0.0,0.4409876543209877,0.4230239651416122,0.0,0.0,0.0,0.002962962962962945,0.0,0.0
3102,0.6666666666666666,999.0,1.0,0.5961538461538461,0.0,0.0,0.0,0.6092811711615677,0.5878671589576611,9.0,0.0,0.0,0.08176100628930816,0.0,9.0
3103,1.0,999.0,0.0,1.0,0.0,1.0,462.0,0.75,0.6781362007168459,5.0,1.0,1.0,0.375,5.0,0.0
3104,1.0,999.0,0.0,1.0,0.0,1.0,5.0,0.5979779958370502,0.49238560287803895,1.0,1.0,1.0,0.5789473684210527,1.0,0.0
3105,0.8571428571428571,999.0,0.0,1.0,0.0,1.0,201.0,0.8178780284043441,0.7940638581994474,310.0,16.0,2.0,0.032581453634085156,188.0,122.0
3106,1.0,999.0,0.0,1.0,0.0,1.0,4.0,0.8697983697983697,0.7598455598455598,17.0,2.0,2.0,0.08108108108108103,1.0,16.0
3107,0.8208955223880597,999.0,1.0,0.6764705882352942,0.0,0.0,0.0,0.64821265903881,0.5186079607200896,2.0,2.0,1.0,0.03518123667377404,0.0,2.0
3108,0.35714285714285715,999.0,1.0,0.5135135135135135,0.0,0.0,0.0,0.33707696915244084,0.3300759687255071,0.0,0.0,0.0,0.023809523809523836,0.0,0.0
3109,0.575,999.0,1.0,0.5172413793103449,0.0,0.0,0.0,0.4807394273706331,0.44425554639576054,1.0,0.0,0.0,0.11203703703703699,0.0,1.0
3110,0.7254901960784313,999.0,0.0,1.0,0.0,1.0,974.0,0.7123428858722977,0.6995211161387631,72.0,3.0,0.0,0.013951734539969785,28.0,44.0
3111,0.8048780487804879,999.0,0.0,1.0,0.0,1.0,93.0,0.7103730611774203,0.667987402597925,9.0,1.0,1.0,0.13821138211382122,9.0,0.0
3112,0.8,999.0,0.0,1.0,0.0,1.0,4.0,0.7833333333333333,0.764,7.0,5.0,2.0,0.0,4.0,3.0
3113,0.6714285714285714,999.0,1.0,0.6666666666666666,0.0,0.0,0.0,0.6229965156794425,0.6041989656875797,16.0,0.0,0.0,0.0714285714285714,0.0,16.0
3114,0.7608695652173914,999.0,0.0,1.0,0.0,1.0,59.0,0.7297906602254428,0.7126711441027453,24.0,4.0,0.0,0.0434782608695653,6.0,18.0
3115,0.9344262295081968,999.0,1.0,1.0,0.0,0.0,0.0,0.7426150312821731,0.68163079483108,17.0,1.0,1.0,0.278688524590164,0.0,17.0
3116,0.7710843373493976,999.0,1.0,0.5,0.0,0.0,0.0,0.6633191552656647,0.6150127697551435,5.0,1.0,0.0,0.15406306075365295,0.0,5.0
3117,1.0,999.0,1.0,1.0,0.0,0.0,0.0,0.7965315587820125,0.7156000946894974,6.0,2.0,1.0,0.2068965517241379,0.0,6.0
3118,0.8723404255319149,999.0,0.0,1.0,0.0,1.0,13.0,0.8122035260124538,0.7683610766464334,33.0,4.0,2.0,0.04881101376720909,13.0,20.0
3119,1.0,999.0,0.0,1.0,0.0,1.0,46.0,0.9649479873360471,0.90478697421981,66.0,5.0,4.0,0.045454545454545414,6.0,60.0
3120,0.2962962962962963,999.0,1.0,0.4444444444444444,0.0,0.0,0.0,0.2927689594356261,0.2880517265385686,0.0,0.0,0.0,0.0,0.0,0.0
3121,0.7045454545454546,999.0,0.0,1.0,0.0,1.0,701.0,0.6623847167325428,0.643264163372859,21.0,1.0,0.0,0.052371541501976315,21.0,0.0
3122,1.0,999.0,0.0,1.0,0.0,1.0,2.0,0.8461538461538461,0.7892049127343245,19.0,4.0,1.0,0.23076923076923073,1.0,18.0
3123,0.7727272727272727,999.0,0.0,1.0,0.0,1.0,74.0,0.7727272727272728,0.7716701902748414,53.0,13.0,0.0,0.0,38.0,15.0
3124,0.7297297297297297,999.0,0.0,1.0,0.0,1.0,56.0,0.6897385190068116,0.6162821357943309,5.0,2.0,0.0,0.0,5.0,0.0
3125,1.0,999.0,0.0,1.0,0.0,1.0,87.0,0.8937499999999999,0.8162499999999999,38.0,4.0,2.0,0.09999999999999998,7.0,31.0
3126,0.4634146341463415,999.0,1.0,0.7272727272727273,0.0,0.0,0.0,0.420475382147856,0.4053515622048588,0.0,0.0,0.0,0.053158223889931244,0.0,0.0
3127,1.0,999.0,0.0,1.0,0.0,1.0,4.0,0.7956989247311829,0.7322782890079886,13.0,1.0,1.0,0.30645161290322576,1.0,12.0
3128,0.7358490566037735,999.0,1.0,0.7777777777777778,0.0,0.0,0.0,0.7092117455085155,0.6847863065643685,55.0,2.0,0.0,0.005079825834542806,0.0,55.0
3129,0.7692307692307693,999.0,1.0,0.7872340425531915,0.0,0.0,0.0,0.6797887311073341,0.6188622496534114,8.0,2.0,0.0,0.06431273644388402,0.0,8.0
3130,0.6379310344827587,999.0,1.0,0.5254237288135594,0.0,0.0,0.0,0.5902543715610866,0.5724339584593668,14.0,0.0,0.0,0.06650246305418728,0.0,14.0
3131,1.0,999.0,0.0,1.0,0.0,1.0,17.0,0.8631701631701633,0.811699090383301,35.0,6.0,2.0,0.1923076923076923,5.0,30.0
3132,1.0,999.0,0.0,1.0,0.0,1.0,49.0,0.8661816578483247,0.7803150553150553,27.0,3.0,2.0,0.1607142857142857,13.0,14.0
3133,0.7333333333333333,999.0,1.0,0.6341463414634146,0.0,0.0,0.0,0.613034188034188,0.5742094017094017,5.0,1.0,0.0,0.16923076923076918,0.0,5.0
3134,0.6862745098039216,999.0,1.0,0.48484848484848486,0.0,0.0,0.0,0.6009911976275182,0.5710059926633674,7.0,0.0,0.0,0.12695247590561654,0.0,7.0
3135,1.0,999.0,0.0,1.0,0.0,1.0,974.0,0.840202747765773,0.7931326376704528,69.0,5.0,1.0,0.22448979591836737,39.0,30.0
3136,0.8783783783783784,999.0,1.0,0.8166666666666667,0.0,0.0,0.0,0.8512723249565356,0.8379870236659045,30.0,14.0,7.0,0.03627311522048371,0.0,30.0
3137,0.9230769230769231,999.0,0.0,1.0,0.0,1.0,3.0,0.859314115835855,0.798167655021875,12.0,4.0,3.0,0.08249721293199563,3.0,9.0
3138,0.5208333333333334,999.0,1.0,0.4864864864864865,0.0,0.0,0.0,0.5140495086923659,0.4913215853717373,4.0,0.0,0.0,0.009722222222222299,0.0,4.0
3139,0.6724137931034483,999.0,1.0,0.6,0.0,0.0,0.0,0.6324712643678162,0.612724516862448,44.0,0.0,0.0,0.04741379310344829,0.0,44.0
3140,0.5245901639344263,999.0,1.0,0.5263157894736842,0.0,0.0,0.0,0.5111206979196625,0.5052231433894787,4.0,0.0,0.0,0.015818234109864826,0.0,4.0
3141,0.7848101265822784,999.0,1.0,0.6666666666666666,0.0,0.0,0.0,0.7310244773014691,0.7113255219743208,46.0,3.0,0.0,0.07892777364110193,0.0,46.0
3142,0.2857142857142857,999.0,1.0,0.2878787878787879,0.0,0.0,0.0,0.27419750061259496,0.26369882823640944,0.0,0.0,0.0,0.012987012987012991,0.0,0.0
3143,0.6888888888888889,999.0,1.0,0.7428571428571429,0.0,0.0,0.0,0.655354267310789,0.6123614965566861,6.0,0.0,0.0,0.03671497584541061,0.0,6.0
3144,0.47297297297297297,999.0,1.0,0.5416666666666666,0.0,0.0,0.0,0.42370387075136756,0.40659102054416485,0.0,0.0,0.0,0.06507823613086772,0.0,0.0
3145,0.30434782608695654,999.0,1.0,0.3230769230769231,0.0,0.0,0.0,0.30346947738252084,0.3014566864295125,0.0,0.0,0.0,0.0013175230566535023,0.0,0.0
3146,0.4714285714285714,999.0,1.0,0.39285714285714285,0.0,0.0,0.0,0.467063492063492,0.4623157208088714,0.0,0.0,0.0,0.0,0.0,0.0
3147,0.42,999.0,1.0,0.35,0.0,0.0,0.0,0.411870286576169,0.39582623384125265,0.0,0.0,0.0,0.008235294117647063,0.0,0.0
3148,0.7526881720430108,999.0,1.0,0.5121951219512195,0.0,0.0,0.0,0.665643443470358,0.6196107851833383,16.0,1.0,0.0,0.0722758009089901,0.0,16.0
3149,0.42,999.0,1.0,0.6206896551724138,0.0,0.0,0.0,0.4085347985347985,0.39703392259914,0.0,0.0,0.0,0.010000000000000009,0.0,0.0
3150,0.8695652173913043,999.0,1.0,0.8378378378378378,0.0,0.0,0.0,0.6895424836601306,0.6355294117647059,19.0,1.0,1.0,0.23913043478260865,0.0,19.0
3151,1.0,999.0,0.0,1.0,0.0,1.0,974.0,0.7594073126532352,0.6630517949993486,11.0,2.0,1.0,0.26415094339622647,11.0,0.0
3152,0.7821782178217822,999.0,1.0,0.6708860759493671,0.0,0.0,0.0,0.7469409095502529,0.7270636282989592,65.0,2.0,0.0,0.022562833206397626,0.0,65.0
3153,0.8,999.0,1.0,1.0,0.0,0.0,0.0,0.8000000000000002,0.8,371.0,28.0,5.0,0.0,0.0,371.0
3154,1.0,999.0,0.0,1.0,0.0,1.0,28.0,0.7267080745341614,0.659703005640037,7.0,1.0,1.0,0.3913043478260869,3.0,4.0
3155,0.6666666666666666,999.0,1.0,0.6666666666666666,0.0,0.0,0.0,0.604040404040404,0.5705909090909091,7.0,0.0,0.0,0.06666666666666665,0.0,7.0
3156,0.45,999.0,1.0,0.4084507042253521,0.0,0.0,0.0,0.44039812646370025,0.43101065356840546,0.0,0.0,0.0,0.007377049180327888,0.0,0.0
3157,1.0,999.0,0.0,1.0,0.0,1.0,701.0,0.9086879432624113,0.8709050736497546,127.0,32.0,4.0,0.125,118.0,9.0
3158,0.42857142857142855,999.0,1.0,0.43243243243243246,0.0,0.0,0.0,0.3986394557823129,0.38014227913387577,0.0,0.0,0.0,0.028571428571428525,0.0,0.0
3159,0.625,999.0,1.0,0.6904761904761905,0.0,0.0,0.0,0.6031297134238311,0.5796643893191208,13.0,0.0,0.0,0.028846153846153855,0.0,13.0
3160,0.6630434782608695,999.0,1.0,0.6153846153846154,0.0,0.0,0.0,0.6239448956840262,0.6029383659818442,40.0,0.0,0.0,0.04765886287625409,0.0,40.0
3161,0.8444444444444444,999.0,0.0,1.0,0.0,1.0,4.0,0.796787603930461,0.7234241918608495,4.0,4.0,1.0,0.04852607709750567,4.0,0.0
3162,1.0,999.0,0.0,1.0,0.0,1.0,1.0,0.7909207161125321,0.7174501569402465,9.0,2.0,1.0,0.27941176470588236,1.0,8.0
3163,1.0,999.0,0.0,1.0,0.0,1.0,6.0,0.7630065359477124,0.667630074251923,8.0,2.0,1.0,0.26,1.0,7.0
3164,0.7111111111111111,999.0,0.0,1.0,0.0,1.0,19.0,0.6935587761674719,0.6828019323671497,17.0,1.0,0.0,0.01545893719806768,14.0,3.0
3165,1.0,999.0,0.0,1.0,0.0,1.0,6.0,0.6847222222222222,0.5859093211752786,2.0,1.0,1.0,0.39583333333333337,1.0,1.0
3166,0.6329113924050633,999.0,1.0,0.717391304347826,0.0,0.0,0.0,0.6219409282700422,0.6031645569620254,15.0,0.0,0.0,0.0,0.0,15.0
3167,0.6346153846153846,999.0,1.0,0.7804878048780488,0.0,0.0,0.0,0.6206887883358472,0.5991217369513515,13.0,0.0,0.0,0.007164404223227727,0.0,13.0
3168,1.0,999.0,0.0,1.0,0.0,1.0,7.0,0.8070793180133432,0.6795417084550648,4.0,2.0,2.0,0.19718309859154926,2.0,2.0
3169,0.5394736842105263,999.0,1.0,0.5660377358490566,0.0,0.0,0.0,0.4603719709831764,0.4227025977495826,1.0,0.0,0.0,0.0849282296650718,0.0,1.0
3170,0.515625,999.0,1.0,0.6078431372549019,0.0,0.0,0.0,0.4374834656084656,0.41296177747828694,1.0,0.0,0.0,0.11562499999999998,0.0,1.0
3171,0.575,999.0,1.0,0.575,0.0,0.0,0.0,0.4843495934959349,0.46537115588547184,1.0,0.0,0.0,0.13597560975609752,0.0,1.0
3172,0.8217821782178217,999.0,1.0,0.7526881720430108,0.0,0.0,0.0,0.7354658542777356,0.7030976943848231,18.0,1.0,1.0,0.12947448591012944,0.0,18.0
3173,1.0,999.0,0.0,1.0,0.0,1.0,59.0,0.8829450675870003,0.790449781063062,10.0,4.0,2.0,0.10526315789473684,5.0,5.0
3174,0.5,999.0,0.0,1.0,0.0,1.0,462.0,0.44102564102564107,0.4211371237458194,1.0,0.0,0.0,0.07692307692307693,1.0,0.0
3175,0.5512820512820513,999.0,1.0,0.5535714285714286,0.0,0.0,0.0,0.5399770164476047,0.5293625539545843,5.0,0.0,0.0,0.010105580693816063,0.0,5.0
3176,0.40350877192982454,999.0,1.0,0.5789473684210527,0.0,0.0,0.0,0.36830464138488295,0.35652133048429224,0.0,0.0,0.0,0.04636591478696739,0.0,0.0
3177,0.75,999.0,1.0,0.9318181818181818,0.0,0.0,0.0,0.6245265151515151,0.5888428932178932,8.0,1.0,0.0,0.171875,0.0,8.0
3178,0.6785714285714286,999.0,1.0,0.7428571428571429,0.0,0.0,0.0,0.6746031746031745,0.6714285714285714,51.0,0.0,0.0,0.0,0.0,51.0
3179,0.86,999.0,1.0,0.75,0.0,0.0,0.0,0.7587362637362638,0.6691580143993938,7.0,2.0,2.0,0.033076923076923115,0.0,7.0
3180,1.0,999.0,0.0,1.0,0.0,1.0,1073.0,0.8628205128205129,0.8174121956474897,88.0,6.0,2.0,0.19999999999999996,62.0,26.0
3181,0.76,999.0,0.0,1.0,0.0,1.0,74.0,0.7447549019607843,0.7198221288515407,48.0,3.0,0.0,0.014901960784313717,35.0,13.0
3182,0.5308641975308642,999.0,1.0,0.4864864864864865,0.0,0.0,0.0,0.510773691329247,0.4960391947494327,2.0,0.0,0.0,0.01804368471035145,0.0,2.0
3183,0.42857142857142855,999.0,1.0,0.43243243243243246,0.0,0.0,0.0,0.4021164021164021,0.38532746431906095,0.0,0.0,0.0,0.028571428571428525,0.0,0.0
3184,0.4222222222222222,999.0,1.0,0.4722222222222222,0.0,0.0,0.0,0.4118561501540225,0.4051624705802183,0.0,0.0,0.0,0.013131313131313105,0.0,0.0
3185,0.5813953488372093,999.0,1.0,0.5333333333333333,0.0,0.0,0.0,0.5080841638981174,0.4851403534113342,1.0,0.0,0.0,0.10520487264673317,0.0,1.0
3186,0.6363636363636364,999.0,1.0,0.55,0.0,0.0,0.0,0.5487065779748707,0.4840476944658129,2.0,0.0,0.0,0.026607538802660757,0.0,2.0
3187,0.8490566037735849,999.0,1.0,0.8222222222222222,0.0,0.0,0.0,0.8121475406702223,0.7653105024241114,25.0,4.0,2.0,0.027628032345013542,0.0,25.0
3188,0.42857142857142855,999.0,1.0,0.42,0.0,0.0,0.0,0.4095479991706406,0.38331692566193915,0.0,0.0,0.0,0.024725274725274693,0.0,0.0
3189,0.64,999.0,1.0,0.5526315789473685,0.0,0.0,0.0,0.5960864345738296,0.5233511483333492,3.0,0.0,0.0,0.022352941176470575,0.0,3.0
3190,1.0,999.0,0.0,1.0,0.0,1.0,5.0,0.7269426289034132,0.6584926213672052,6.0,1.0,1.0,0.40740740740740744,1.0,5.0
3191,0.5625,999.0,0.0,1.0,0.0,1.0,27.0,0.4990468409586057,0.4763511814982403,1.0,0.0,0.0,0.07230392156862747,1.0,0.0
3192,0.8070175438596491,999.0,0.0,1.0,0.0,1.0,1.0,0.7777777777777777,0.7509750318935666,119.0,6.0,2.0,0.0,1.0,118.0
3193,0.4,999.0,1.0,0.36507936507936506,0.0,0.0,0.0,0.3942577030812325,0.3789788642729819,0.0,0.0,0.0,0.0029411764705882804,0.0,0.0
3194,0.24242424242424243,999.0,1.0,0.2909090909090909,0.0,0.0,0.0,0.23853507085783207,0.23491705138387883,0.0,0.0,0.0,0.003618272274988704,0.0,0.0
3195,0.5588235294117647,999.0,0.0,1.0,0.0,1.0,5.0,0.5035905271199389,0.443896476550709,2.0,0.0,0.0,0.015966386554621903,2.0,0.0
3196,0.43859649122807015,999.0,1.0,0.5555555555555556,0.0,0.0,0.0,0.4326185834957765,0.4246505151768309,0.0,0.0,0.0,0.005263157894736803,0.0,0.0
3197,0.9210526315789473,999.0,1.0,1.0,0.0,0.0,0.0,0.8618983355825461,0.8087140929246193,49.0,5.0,2.0,0.0,0.0,49.0
3198,1.0,999.0,0.0,1.0,0.0,1.0,20.0,0.8609385783298826,0.7963035940058603,6.0,4.0,1.0,0.2028985507246377,4.0,2.0
3199,0.6153846153846154,999.0,1.0,0.5909090909090909,0.0,0.0,0.0,0.5582897548358075,0.5349738529014845,5.0,0.0,0.0,0.07152496626180838,0.0,5.0
3200,0.6571428571428571,999.0,1.0,0.6216216216216216,0.0,0.0,0.0,0.4856534862006818,0.43052252650301776,1.0,0.0,0.0,0.2061624649859944,0.0,1.0
3201,0.825,999.0,1.0,0.5806451612903226,0.0,0.0,0.0,0.738620230700976,0.6712840265324737,10.0,2.0,1.0,0.1076086956521739,0.0,10.0
3202,0.6410256410256411,999.0,1.0,0.6774193548387096,0.0,0.0,0.0,0.5544159544159544,0.530015327462136,4.0,0.0,0.0,0.12991452991453,0.0,4.0
3203,0.5673076923076923,999.0,1.0,0.7023809523809523,0.0,0.0,0.0,0.48964694875909825,0.4570381692554589,1.0,0.0,0.0,0.10001797268152407,0.0,1.0
3204,1.0,999.0,0.0,1.0,0.0,1.0,97.0,0.8726817042606516,0.8278452228131303,9.0,6.0,2.0,0.17142857142857137,9.0,0.0
3205,1.0,999.0,1.0,1.0,0.0,0.0,0.0,0.8395061728395062,0.8074074074074075,88.0,7.0,1.0,0.2407407407407407,0.0,88.0
3206,0.5405405405405406,999.0,0.0,1.0,0.0,1.0,3.0,0.49645002145002154,0.4560951210951211,2.0,0.0,0.0,0.016731016731016735,2.0,0.0
3207,0.7419354838709677,999.0,0.0,1.0,0.0,1.0,9.0,0.7059427803379417,0.6503513824884793,5.0,2.0,0.0,0.02318548387096775,3.0,2.0
3208,1.0,999.0,0.0,1.0,0.0,1.0,3.0,0.7026143790849674,0.5893405107401051,3.0,1.0,1.0,0.3921568627450981,1.0,2.0
3209,0.48717948717948717,999.0,1.0,0.5277777777777778,0.0,0.0,0.0,0.4413919413919414,0.41300589654248193,0.0,0.0,0.0,0.034798534798534786,0.0,0.0
3210,0.8571428571428571,999.0,1.0,0.7959183673469388,0.0,0.0,0.0,0.8495422202318754,0.8406399662854668,111.0,7.0,6.0,0.006568144499178974,0.0,111.0
3211,0.6222222222222222,999.0,0.0,1.0,0.0,1.0,5.0,0.6057753230167023,0.601225283183014,15.0,0.0,0.0,0.02452107279693483,5.0,10.0
3212,0.8070175438596491,999.0,1.0,0.7884615384615384,0.0,0.0,0.0,0.6651596941070625,0.6140345009681394,19.0,1.0,1.0,0.15701754385964906,0.0,19.0
3213,0.59375,999.0,1.0,0.6,0.0,0.0,0.0,0.5756141752338612,0.5690973186996386,51.0,0.0,0.0,0.01997950819672134,0.0,51.0
3214,1.0,999.0,0.0,1.0,0.0,1.0,2.0,0.8318874429985542,0.7340161867293651,13.0,2.0,2.0,0.1216216216216216,1.0,12.0
3215,0.49382716049382713,999.0,1.0,0.4634146341463415,0.0,0.0,0.0,0.45640236656785116,0.43917608527537605,0.0,0.0,0.0,0.04701864985552928,0.0,0.0
3216,0.6888888888888889,999.0,1.0,0.639344262295082,0.0,0.0,0.0,0.6502645502645502,0.6371882274582732,71.0,0.0,0.0,0.05793650793650795,0.0,71.0
3217,1.0,999.0,0.0,1.0,0.0,1.0,15.0,0.7335309617918314,0.6445630215195433,5.0,1.0,1.0,0.38636363636363635,2.0,3.0
3218,0.5,999.0,1.0,0.6666666666666666,0.0,0.0,0.0,0.47202797202797203,0.4611072497482233,1.0,0.0,0.0,0.038461538461538436,0.0,1.0
3219,0.6226415094339622,999.0,1.0,0.5476190476190477,0.0,0.0,0.0,0.48172557356718926,0.44288149798646737,1.0,0.0,0.0,0.2001062981663566,0.0,1.0
3220,0.8918918918918919,999.0,0.0,1.0,0.0,1.0,12.0,0.8002212739054845,0.7435473984896321,18.0,2.0,2.0,0.049786628733997196,10.0,8.0
3221,0.7543859649122807,999.0,1.0,0.6818181818181818,0.0,0.0,0.0,0.6862573099415205,0.6156937799043062,4.0,2.0,0.0,0.0,0.0,4.0
3222,1.0,999.0,0.0,1.0,0.0,1.0,670.0,0.9548022598870056,0.9457627118644067,399.0,75.0,25.0,0.06779661016949157,313.0,86.0
3223,0.6388888888888888,999.0,0.0,1.0,0.0,1.0,3.0,0.5519019019019019,0.473427489642806,2.0,0.0,0.0,0.04429429429429421,2.0,0.0
3224,0.43859649122807015,999.0,1.0,0.4791666666666667,0.0,0.0,0.0,0.4252062080082836,0.4144888041700495,0.0,0.0,0.0,0.010025062656641603,0.0,0.0
3225,1.0,999.0,0.0,1.0,0.0,1.0,15.0,0.8452380952380952,0.7686300935468526,13.0,3.0,1.0,0.2142857142857143,3.0,10.0
3226,1.0,999.0,0.0,1.0,0.0,1.0,3.0,0.789044289044289,0.7135780885780886,14.0,2.0,1.0,0.2692307692307693,1.0,13.0
3227,1.0,999.0,0.0,1.0,0.0,1.0,2.0,0.8438914027149321,0.6618903971845148,4.0,2.0,2.0,0.11538461538461542,1.0,3.0
3228,0.711864406779661,999.0,1.0,0.6842105263157895,0.0,0.0,0.0,0.6777838527428467,0.6550036449790413,57.0,1.0,0.0,0.03444505194095138,0.0,57.0
3229,1.0,999.0,0.0,1.0,0.0,1.0,1073.0,0.8656573922531369,0.8178071337645806,79.0,6.0,2.0,0.19148936170212771,64.0,15.0
3230,0.7288135593220338,999.0,0.0,1.0,0.0,1.0,5.0,0.683742450808494,0.6629606344195226,5.0,1.0,0.0,0.056399766218585556,5.0,0.0
3231,0.8409090909090909,999.0,1.0,0.7407407407407407,0.0,0.0,0.0,0.6080808080808081,0.5464765232882813,2.0,1.0,1.0,0.34090909090909094,0.0,2.0
3232,0.8409090909090909,999.0,0.0,1.0,0.0,1.0,5.0,0.773056653491436,0.7252154677620515,14.0,2.0,2.0,0.0365612648221344,5.0,9.0
3233,0.5,999.0,1.0,0.47368421052631576,0.0,0.0,0.0,0.49645390070921985,0.4521580547112462,2.0,0.0,0.0,0.0,0.0,2.0
3234,1.0,999.0,0.0,1.0,0.0,1.0,2.0,0.8461538461538461,0.7892049127343245,19.0,4.0,1.0,0.23076923076923073,1.0,18.0
3235,1.0,999.0,0.0,1.0,0.0,1.0,7.0,0.7928751576292559,0.7110192122246124,5.0,2.0,1.0,0.21153846153846156,1.0,4.0
3236,0.5116279069767442,999.0,0.0,1.0,0.0,1.0,646.0,0.4853011631833997,0.4689766162773868,1.0,0.0,0.0,0.03543743078626804,1.0,0.0
3237,0.390625,999.0,1.0,0.45454545454545453,0.0,0.0,0.0,0.36749646892655363,0.3607616864084696,0.0,0.0,0.0,0.034692796610169496,0.0,0.0
3238,1.0,999.0,0.0,1.0,0.0,1.0,4.0,0.9233188195452348,0.8387039354053017,116.0,5.0,3.0,0.037735849056603765,1.0,115.0
3239,0.7746478873239436,999.0,1.0,0.673469387755102,0.0,0.0,0.0,0.7459912355469154,0.6860183866483462,5.0,2.0,0.0,0.007524599652710795,0.0,5.0
3240,1.0,999.0,0.0,1.0,0.0,1.0,24.0,0.9635416666666666,0.9103483606557378,22.0,10.0,4.0,0.0,5.0,17.0
3241,1.0,999.0,0.0,1.0,0.0,1.0,4.0,0.9777777777777779,0.8101801801801802,7.0,3.0,3.0,0.0,1.0,6.0
3242,0.6833333333333333,999.0,1.0,0.75,0.0,0.0,0.0,0.6533898305084747,0.6306209763287826,38.0,0.0,0.0,0.01666666666666672,0.0,38.0
3243,0.54,999.0,1.0,0.574468085106383,0.0,0.0,0.0,0.533913043478261,0.5280401337792642,7.0,0.0,0.0,0.0,0.0,7.0
3244,1.0,999.0,0.0,1.0,0.0,1.0,24.0,0.8350970017636685,0.71135231870526,6.0,2.0,2.0,0.1428571428571429,2.0,4.0
3245,0.8117647058823529,999.0,1.0,0.8208955223880597,0.0,0.0,0.0,0.757479621061908,0.746622604097819,57.0,7.0,1.0,0.08142762723066754,0.0,57.0
3246,1.0,999.0,0.0,1.0,0.0,1.0,52.0,0.7773918077869446,0.7114842154355833,5.0,1.0,1.0,0.30612244897959184,4.0,1.0
3247,0.825,999.0,0.0,1.0,0.0,1.0,701.0,0.7732578397212544,0.7455948507115775,61.0,4.0,1.0,0.04451219512195115,60.0,1.0
3248,0.5789473684210527,999.0,1.0,0.7352941176470589,0.0,0.0,0.0,0.5768208399787347,0.5678572098695938,7.0,0.0,0.0,0.0031897926634768536,0.0,7.0
3249,0.4318181818181818,999.0,1.0,0.4222222222222222,0.0,0.0,0.0,0.4014442672337409,0.3769516667232233,0.0,0.0,0.0,0.03708133971291866,0.0,0.0
3250,0.3404255319148936,999.0,1.0,0.3918918918918919,0.0,0.0,0.0,0.31745071247316026,0.2919318502219147,0.0,0.0,0.0,0.028498926410306435,0.0,0.0
3251,0.7,999.0,1.0,0.5416666666666666,0.0,0.0,0.0,0.6720238095238095,0.6524579831932773,28.0,1.0,0.0,0.012499999999999956,0.0,28.0
3252,0.6376811594202898,999.0,1.0,0.5873015873015873,0.0,0.0,0.0,0.5609917590224496,0.4782617220801364,2.0,0.0,0.0,0.07768115942028975,0.0,2.0
3253,0.6911764705882353,999.0,1.0,0.7647058823529411,0.0,0.0,0.0,0.6378567643273526,0.6216490383378741,7.0,0.0,0.0,0.07689075630252096,0.0,7.0
3254,1.0,999.0,0.0,1.0,0.0,1.0,15.0,0.8452380952380952,0.7686300935468526,13.0,3.0,1.0,0.2142857142857143,3.0,10.0
3255,0.4230769230769231,999.0,1.0,0.4230769230769231,0.0,0.0,0.0,0.4013431013431013,0.39318681318681314,0.0,0.0,0.0,0.02307692307692305,0.0,0.0
3256,1.0,999.0,0.0,1.0,0.0,1.0,5.0,0.6881720430107526,0.6173369395904726,5.0,1.0,1.0,0.467741935483871,1.0,4.0
3257,1.0,999.0,0.0,1.0,0.0,1.0,37.0,0.8245018115942028,0.7248180460208491,7.0,3.0,1.0,0.26086956521739135,4.0,3.0
3258,0.3148148148148148,999.0,1.0,0.17543859649122806,0.0,0.0,0.0,0.3034788708907635,0.29882767030928864,0.0,0.0,0.0,0.013929859062602412,0.0,0.0
3259,1.0,999.0,0.0,1.0,0.0,1.0,19.0,0.8195286195286196,0.7347793726741095,9.0,2.0,2.0,0.1777777777777778,4.0,5.0
3260,1.0,999.0,0.0,1.0,0.0,1.0,47.0,0.8699290780141844,0.7875870764381403,8.0,3.0,2.0,0.17021276595744683,8.0,0.0
3261,0.5441176470588235,999.0,1.0,0.627906976744186,0.0,0.0,0.0,0.5278547894567662,0.5182054109874926,5.0,0.0,0.0,0.012867647058823484,0.0,5.0
3262,1.0,999.0,0.0,1.0,0.0,1.0,153.0,0.9044444444444445,0.8705887445887447,162.0,19.0,8.0,0.12,51.0,111.0
3263,0.5903614457831325,999.0,1.0,0.6296296296296297,0.0,0.0,0.0,0.5548297842532922,0.5328978705519754,11.0,0.0,0.0,0.027861445783132543,0.0,11.0
3264,0.9298245614035088,999.0,0.0,1.0,0.0,1.0,1073.0,0.8633455876650068,0.8081705227621743,92.0,4.0,3.0,0.0849969751966122,78.0,14.0
3265,0.9318181818181818,999.0,0.0,1.0,0.0,1.0,1073.0,0.8654208754208753,0.8472525252525251,269.0,24.0,11.0,0.08737373737373733,144.0,125.0
3266,0.3508771929824561,999.0,1.0,0.48,0.0,0.0,0.0,0.34108816268814107,0.3311464041063911,0.0,0.0,0.0,0.006614897900488914,0.0,0.0
3267,0.4,999.0,1.0,0.6764705882352942,0.0,0.0,0.0,0.39370015948963316,0.383918208901327,0.0,0.0,0.0,0.0052631578947368585,0.0,0.0
3268,1.0,999.0,0.0,1.0,0.0,1.0,176.0,0.7797943133696309,0.7203132351952678,9.0,1.0,1.0,0.3157894736842105,9.0,0.0
3269,1.0,999.0,0.0,1.0,0.0,1.0,11.0,0.8659090909090909,0.7733686918840841,9.0,3.0,2.0,0.17500000000000004,3.0,6.0
3270,0.725,999.0,1.0,0.4523809523809524,0.0,0.0,0.0,0.5958333333333333,0.48604251012145755,3.0,1.0,0.0,0.16249999999999998,0.0,3.0
3271,0.7368421052631579,999.0,0.0,1.0,0.0,1.0,9.0,0.6900584795321637,0.6746411483253587,9.0,1.0,0.0,0.07017543859649122,7.0,2.0
3272,1.0,999.0,0.0,1.0,0.0,1.0,5.0,0.9175133043057571,0.8013246794981548,5.0,4.0,3.0,0.11538461538461542,1.0,4.0
3273,0.546875,999.0,1.0,0.43283582089552236,0.0,0.0,0.0,0.4228563454335926,0.38316500122747854,1.0,0.0,0.0,0.16225961538461536,0.0,1.0
3274,0.7428571428571429,999.0,1.0,0.7105263157894737,0.0,0.0,0.0,0.7285926082812665,0.7198013686671951,179.0,6.0,0.0,0.01046277665995976,0.0,179.0
3275,0.32,999.0,1.0,0.35,0.0,0.0,0.0,0.3,0.285528146742568,0.0,0.0,0.0,0.020000000000000018,0.0,0.0
3276,0.7638888888888888,999.0,1.0,0.4594594594594595,0.0,0.0,0.0,0.7502156265854896,0.735891859082198,10.0,5.0,0.0,0.01046423135464225,0.0,10.0
3277,1.0,999.0,1.0,1.0,0.0,0.0,0.0,0.9185272228750491,0.8455137967271437,274.0,7.0,2.0,0.027027027027026973,0.0,274.0
3278,0.8666666666666667,999.0,0.0,1.0,0.0,1.0,153.0,0.8555555555555556,0.8351831008889977,110.0,14.0,6.0,0.01666666666666672,38.0,72.0
3279,0.42857142857142855,999.0,1.0,0.44680851063829785,0.0,0.0,0.0,0.4228571428571428,0.4194917743284692,0.0,0.0,0.0,0.008571428571428563,0.0,0.0
3280,0.2916666666666667,999.0,1.0,0.2916666666666667,0.0,0.0,0.0,0.2886141636141636,0.28448764710466834,0.0,0.0,0.0,0.0032051282051282493,0.0,0.0
3281,0.9578947368421052,999.0,0.0,1.0,0.0,1.0,3.0,0.9075768651426546,0.8665335548365922,24.0,7.0,4.0,0.05164473684210524,3.0,21.0
3282,1.0,999.0,0.0,1.0,0.0,1.0,1098.0,0.7843749999999999,0.7271284965034964,62.0,2.0,1.0,0.296875,41.0,21.0
3283,0.9322033898305084,999.0,1.0,1.0,0.0,0.0,0.0,0.9048022598870057,0.859344092305952,199.0,11.0,4.0,0.0,0.0,199.0
3284,1.0,999.0,0.0,1.0,0.0,1.0,974.0,0.809748427672956,0.7377721335268504,13.0,2.0,1.0,0.25,11.0,2.0
3285,0.6774193548387096,999.0,1.0,0.7708333333333334,0.0,0.0,0.0,0.6702633385109995,0.6542884762185597,27.0,0.0,0.0,0.007206588881262799,0.0,27.0
3286,1.0,999.0,0.0,1.0,0.0,1.0,95.0,0.8646451329378158,0.817625639576859,6.0,6.0,2.0,0.16216216216216217,6.0,0.0
3287,1.0,999.0,0.0,1.0,0.0,1.0,5.0,0.7581395348837209,0.6899177345356747,6.0,1.0,1.0,0.32558139534883723,1.0,5.0
3288,0.5348837209302325,999.0,1.0,0.6052631578947368,0.0,0.0,0.0,0.5046834625322998,0.4880061559507524,2.0,0.0,0.0,0.03488372093023251,0.0,2.0
3289,1.0,999.0,0.0,1.0,0.0,1.0,26.0,0.8030149051490515,0.7033669141039237,8.0,2.0,2.0,0.19512195121951215,5.0,3.0
3290,0.6229508196721312,999.0,1.0,0.5918367346938775,0.0,0.0,0.0,0.5384228807745266,0.47451571676880955,2.0,0.0,0.0,0.10824493731919005,0.0,2.0
3291,1.0,999.0,0.0,1.0,0.0,1.0,4.0,0.8973544973544972,0.7706178266178265,5.0,3.0,2.0,0.08571428571428574,1.0,4.0
3292,1.0,999.0,0.0,1.0,0.0,1.0,1073.0,0.8682594989215198,0.8167890326862451,203.0,11.0,2.0,0.1707317073170732,123.0,80.0
3293,0.6756756756756757,999.0,1.0,0.6666666666666666,0.0,0.0,0.0,0.6296619199845006,0.5731459892000027,4.0,0.0,0.0,0.0,0.0,4.0
3294,1.0,999.0,0.0,1.0,0.0,1.0,18.0,0.8075168764823936,0.7227518841311944,5.0,2.0,1.0,0.27586206896551724,4.0,1.0
3295,0.86,999.0,0.0,1.0,0.0,1.0,1.0,0.5750736961451247,0.48796241060526774,1.0,1.0,1.0,0.39061224489795915,1.0,0.0
3296,1.0,999.0,0.0,1.0,0.0,1.0,1098.0,0.8182149362477231,0.7729843827871058,63.0,4.0,1.0,0.2666666666666667,29.0,34.0
3297,0.7283950617283951,999.0,1.0,0.7540983606557377,0.0,0.0,0.0,0.7176642183674532,0.7050171356716347,51.0,2.0,0.0,0.0,0.0,51.0
3298,0.55,999.0,1.0,0.6301369863013698,0.0,0.0,0.0,0.4840345199568501,0.4249761369643177,1.0,0.0,0.0,0.06456310679611654,0.0,1.0
3299,0.5517241379310345,999.0,1.0,0.34782608695652173,0.0,0.0,0.0,0.5117066310789674,0.4803481607567376,2.0,0.0,0.0,0.046106160402944574,0.0,2.0
3300,0.8484848484848485,999.0,1.0,0.926829268292683,0.0,0.0,0.0,0.749637197005618,0.7182033708349498,289.0,2.0,1.0,0.13226863226863228,0.0,289.0
3301,1.0,999.0,0.0,1.0,0.0,1.0,3.0,0.9375,0.7435283687943263,3.0,3.0,3.0,0.03125,1.0,2.0
3302,0.5,999.0,1.0,0.40425531914893614,0.0,0.0,0.0,0.465,0.4383837535014005,1.0,0.0,0.0,0.025000000000000022,0.0,1.0
3303,0.5166666666666667,999.0,1.0,0.5641025641025641,0.0,0.0,0.0,0.5166666666666667,0.4951648351648353,3.0,0.0,0.0,0.0,0.0,3.0
3304,1.0,999.0,0.0,1.0,0.0,1.0,14.0,0.8713450292397661,0.7300268451300665,4.0,2.0,2.0,0.0,4.0,0.0
3305,0.6268656716417911,999.0,1.0,0.5555555555555556,0.0,0.0,0.0,0.522523234817029,0.4849425123187888,2.0,0.0,0.0,0.12037216514828464,0.0,2.0
3306,0.7551020408163265,999.0,1.0,0.7317073170731707,0.0,0.0,0.0,0.7483673469387755,0.7211292517006802,8.0,3.0,0.0,0.005102040816326481,0.0,8.0
3307,0.7450980392156863,999.0,1.0,0.7021276595744681,0.0,0.0,0.0,0.6355005159958721,0.5841351092065163,4.0,1.0,0.0,0.14509803921568631,0.0,4.0
3308,0.6363636363636364,999.0,1.0,0.6949152542372882,0.0,0.0,0.0,0.5702772404900065,0.5211104628491134,3.0,0.0,0.0,0.06189555125725332,0.0,3.0
3309,0.6666666666666666,999.0,0.0,1.0,0.0,1.0,26.0,0.6257631257631258,0.568481131271829,4.0,0.0,0.0,0.05128205128205121,4.0,0.0
3310,0.6666666666666666,999.0,1.0,0.6551724137931034,0.0,0.0,0.0,0.5592592592592592,0.5332299741602067,4.0,0.0,0.0,0.15555555555555556,0.0,4.0
3311,0.9354838709677419,999.0,1.0,1.0,0.0,0.0,0.0,0.9066997518610421,0.8634067608100802,24.0,10.0,4.0,0.043176178660049525,0.0,24.0
3312,0.30357142857142855,999.0,1.0,0.4864864864864865,0.0,0.0,0.0,0.2983068302941261,0.29549924969162716,0.0,0.0,0.0,0.005325814536340845,0.0,0.0
3313,1.0,999.0,0.0,1.0,0.0,1.0,3.0,0.7761194029850746,0.690847698129073,10.0,1.0,1.0,0.32835820895522383,1.0,9.0
3314,1.0,999.0,0.0,1.0,0.0,1.0,44.0,0.839957264957265,0.7895148995148995,12.0,5.0,1.0,0.20512820512820518,12.0,0.0
3315,0.7297297297297297,999.0,1.0,0.6415094339622641,0.0,0.0,0.0,0.7138515822726349,0.7088304298830614,18.0,6.0,0.0,0.019203413940256042,0.0,18.0
3316,0.7333333333333333,999.0,0.0,1.0,0.0,1.0,11.0,0.6919944789510005,0.6698736899545797,11.0,1.0,0.0,0.042857142857142816,10.0,1.0
3317,0.4523809523809524,999.0,1.0,0.45,0.0,0.0,0.0,0.38247213779128675,0.3600955275727312,0.0,0.0,0.0,0.0906788247213779,0.0,0.0
3318,0.5045871559633027,999.0,1.0,0.7457627118644068,0.0,0.0,0.0,0.479861635583509,0.470319753779832,1.0,0.0,0.0,0.034501685877832644,0.0,1.0
3319,0.6046511627906976,999.0,1.0,0.631578947368421,0.0,0.0,0.0,0.5999089734554851,0.5821221434840931,29.0,0.0,0.0,0.0004844961240310086,0.0,29.0
3320,0.37037037037037035,999.0,1.0,0.37142857142857144,0.0,0.0,0.0,0.3491272882077479,0.33308379998035165,0.0,0.0,0.0,0.003703703703703709,0.0,0.0
3321,0.7142857142857143,999.0,1.0,0.6346153846153846,0.0,0.0,0.0,0.589710813903026,0.48988091011052315,2.0,1.0,0.0,0.024144869215291798,0.0,2.0
3322,0.7719298245614035,999.0,0.0,1.0,0.0,1.0,4.0,0.7140072403230299,0.6455989143295645,4.0,2.0,0.0,0.05263157894736836,3.0,1.0
3323,0.6046511627906976,999.0,1.0,0.6046511627906976,0.0,0.0,0.0,0.5468189297963878,0.5085726413002926,2.0,0.0,0.0,0.039433771486349856,0.0,2.0
3324,0.8,999.0,1.0,0.75,0.0,0.0,0.0,0.7949685534591197,0.7608660686668729,41.0,4.0,1.0,0.007547169811320753,0.0,41.0
3325,1.0,999.0,0.0,1.0,0.0,1.0,97.0,0.8577524893314367,0.8122705412179096,9.0,6.0,1.0,0.21052631578947367,9.0,0.0
3326,0.5689655172413793,999.0,1.0,0.6410256410256411,0.0,0.0,0.0,0.5563218390804597,0.537071791972866,14.0,0.0,0.0,0.018965517241379293,0.0,14.0
3327,1.0,999.0,0.0,1.0,0.0,1.0,14.0,0.7954006638217165,0.7288743852211345,11.0,2.0,1.0,0.2894736842105263,6.0,5.0
3328,0.8823529411764706,999.0,0.0,1.0,0.0,1.0,1.0,0.8528838808250573,0.8102249521509484,5.0,5.0,3.0,0.009625668449197877,1.0,4.0
3329,0.7142857142857143,999.0,1.0,0.6428571428571429,0.0,0.0,0.0,0.7053571428571429,0.6959415584415585,203.0,2.0,0.0,0.0,0.0,203.0
3330,0.43103448275862066,999.0,1.0,0.48936170212765956,0.0,0.0,0.0,0.4104189222421299,0.3913493925609642,0.0,0.0,0.0,0.024254821741671484,0.0,0.0
3331,0.8666666666666667,999.0,1.0,0.8428571428571429,0.0,0.0,0.0,0.8437837837837838,0.8309622533926332,30.0,17.0,5.0,0.015315315315315381,0.0,30.0
3332,1.0,999.0,0.0,1.0,0.0,1.0,2.0,0.9153439153439153,0.7639075654940277,5.0,3.0,3.0,0.11111111111111116,1.0,4.0
3333,1.0,999.0,0.0,1.0,0.0,1.0,16.0,0.922100122100122,0.8618315018315018,12.0,5.0,2.0,0.02857142857142858,1.0,11.0
3334,0.5217391304347826,999.0,1.0,0.6333333333333333,0.0,0.0,0.0,0.5084482998885173,0.4983725513616818,2.0,0.0,0.0,0.0025083612040133207,0.0,2.0
3335,1.0,999.0,0.0,1.0,0.0,1.0,19.0,0.9603545684784726,0.7609746458489883,3.0,3.0,3.0,0.017241379310344862,3.0,0.0
3336,0.75,999.0,0.0,1.0,0.0,1.0,24.0,0.723389355742297,0.6410441954559603,4.0,3.0,0.0,0.0357142857142857,4.0,0.0
3337,0.8260869565217391,999.0,1.0,0.8,0.0,0.0,0.0,0.7242512077294686,0.6636512537382103,11.0,1.0,1.0,0.1460869565217391,0.0,11.0
3338,1.0,999.0,0.0,1.0,0.0,1.0,1098.0,0.8489858906525574,0.7749829322409967,46.0,3.0,2.0,0.18518518518518523,28.0,18.0
3339,0.3645833333333333,999.0,1.0,0.4,0.0,0.0,0.0,0.3474354425021166,0.32886114054032023,0.0,0.0,0.0,0.016757246376811585,0.0,0.0
3340,1.0,999.0,0.0,1.0,0.0,1.0,4.0,0.7062567713976166,0.5204297142312024,2.0,2.0,2.0,0.14084507042253525,1.0,1.0
3341,0.5,999.0,1.0,0.4807692307692308,0.0,0.0,0.0,0.47518518518518515,0.4630600547730829,1.0,0.0,0.0,0.02777777777777779,0.0,1.0
3342,0.5531914893617021,999.0,1.0,0.575,0.0,0.0,0.0,0.4021749408983452,0.36216975520475864,1.0,0.0,0.0,0.21985815602836883,0.0,1.0
3343,0.8428571428571429,999.0,1.0,0.8103448275862069,0.0,0.0,0.0,0.824126984126984,0.7945281385281384,34.0,6.0,2.0,0.0,0.0,34.0
3344,0.723404255319149,999.0,1.0,0.723404255319149,0.0,0.0,0.0,0.6924440807419531,0.6808752534766184,122.0,1.0,0.0,0.042553191489361764,0.0,122.0
3345,0.43243243243243246,999.0,1.0,0.6129032258064516,0.0,0.0,0.0,0.42782317200921854,0.4194000342837552,0.0,0.0,0.0,0.0,0.0,0.0
3346,0.6923076923076923,999.0,1.0,0.5813953488372093,0.0,0.0,0.0,0.5911588411588412,0.5445803621665691,3.0,0.0,0.0,0.14685314685314688,0.0,3.0
3347,0.9047619047619048,999.0,0.0,1.0,0.0,1.0,2.0,0.754920634920635,0.652952380952381,5.0,2.0,1.0,0.1847619047619048,2.0,3.0
3348,1.0,999.0,0.0,1.0,0.0,1.0,3.0,0.7965146750524109,0.6919573363213571,8.0,2.0,1.0,0.27083333333333337,1.0,7.0
3349,1.0,999.0,0.0,1.0,0.0,1.0,670.0,0.9404761904761904,0.8928571428571427,318.0,30.0,9.0,0.0,253.0,65.0
3350,0.8363636363636363,999.0,0.0,1.0,0.0,1.0,14.0,0.8174627632254751,0.8023420647149461,11.0,10.0,2.0,0.0,10.0,1.0
3351,0.6122448979591837,999.0,0.0,1.0,0.0,1.0,2.0,0.5386775922490208,0.5013745667400152,2.0,0.0,0.0,0.06679035250463827,2.0,0.0
3352,0.345679012345679,999.0,1.0,0.38181818181818183,0.0,0.0,0.0,0.34225714977348964,0.3395209565307604,0.0,0.0,0.0,0.002821869488536133,0.0,0.0
3353,1.0,999.0,0.0,1.0,0.0,1.0,4.0,0.7518115942028986,0.6927536231884057,92.0,1.0,1.0,0.3695652173913043,1.0,91.0
3354,0.2857142857142857,999.0,1.0,0.45161290322580644,0.0,0.0,0.0,0.2612511671335201,0.24636742501878803,0.0,0.0,0.0,0.02100840336134452,0.0,0.0
3355,0.855072463768116,999.0,1.0,0.6071428571428571,0.0,0.0,0.0,0.5477692526285877,0.4772890025575448,1.0,1.0,1.0,0.45507246376811594,0.0,1.0
3356,1.0,999.0,0.0,1.0,0.0,1.0,15.0,0.8333333333333334,0.7535286935286936,6.0,3.0,1.0,0.24137931034482762,3.0,3.0
3357,1.0,999.0,0.0,1.0,0.0,1.0,70.0,0.7681159420289855,0.7135291396854765,25.0,1.0,1.0,0.34782608695652173,19.0,6.0
3358,0.5641025641025641,999.0,0.0,1.0,0.0,1.0,70.0,0.5508547008547008,0.5189906217813194,3.0,0.0,0.0,0.014102564102564052,1.0,2.0
3359,0.9230769230769231,999.0,1.0,0.9375,0.0,0.0,0.0,0.7277167277167278,0.6652290704464617,8.0,1.0,1.0,0.28205128205128205,0.0,8.0
3360,0.4262295081967213,999.0,1.0,0.6041666666666666,0.0,0.0,0.0,0.41427182153772873,0.40175607537877756,0.0,0.0,0.0,0.00250069463739927,0.0,0.0
3361,0.7727272727272727,999.0,1.0,1.0,0.0,0.0,0.0,0.7651515151515151,0.7480934666356662,297.0,6.0,0.0,0.0,0.0,297.0
3362,1.0,999.0,0.0,1.0,0.0,1.0,646.0,0.7559758339900183,0.6950949343562751,21.0,1.0,1.0,0.36170212765957444,21.0,0.0
3363,0.5789473684210527,999.0,0.0,1.0,0.0,1.0,8.0,0.5563662945241893,0.5079061554520551,3.0,0.0,0.0,0.003947368421052699,0.0,3.0
3364,0.7017543859649122,999.0,1.0,0.4107142857142857,0.0,0.0,0.0,0.6071900180558923,0.5432028997224243,3.0,1.0,0.0,0.13032581453634084,0.0,3.0
3365,0.32,999.0,1.0,0.3148148148148148,0.0,0.0,0.0,0.3110201429499675,0.3001073624231519,0.0,0.0,0.0,0.005185185185185182,0.0,0.0
3366,0.7586206896551724,999.0,1.0,1.0,0.0,0.0,0.0,0.7446768419069154,0.7418880723572641,242.0,12.0,0.0,0.02091577162238545,0.0,242.0
3367,0.7788461538461539,999.0,1.0,0.6607142857142857,0.0,0.0,0.0,0.7621391664053284,0.7270901839847437,27.0,3.0,0.0,0.006568926123381558,0.0,27.0
3368,0.8,999.0,1.0,1.0,0.0,0.0,0.0,0.7673881673881674,0.7364892384610695,77.0,3.0,1.0,0.0121212121212122,0.0,77.0
3369,0.6363636363636364,999.0,0.0,1.0,0.0,1.0,123.0,0.4730455818691113,0.43421179055068426,1.0,0.0,0.0,0.2393048128342246,1.0,0.0
3370,0.6666666666666666,999.0,1.0,0.6744186046511628,0.0,0.0,0.0,0.6626262626262626,0.6313992869875222,11.0,0.0,0.0,0.0,0.0,11.0
3371,1.0,999.0,0.0,1.0,0.0,1.0,1.0,0.9411764705882352,0.9097493606138107,314.0,20.0,8.0,0.08823529411764708,1.0,313.0
3372,0.64,999.0,1.0,0.5945945945945946,0.0,0.0,0.0,0.5278053939714437,0.4698539680901833,1.0,0.0,0.0,0.14819672131147543,0.0,1.0
3373,0.7352941176470589,999.0,0.0,1.0,0.0,1.0,10.0,0.7041623667010665,0.6875380704271439,9.0,2.0,0.0,0.024767801857585203,8.0,1.0
3374,0.9326923076923077,999.0,0.0,1.0,0.0,1.0,4.0,0.8834283000949666,0.8406476769827809,10.0,6.0,4.0,0.05769230769230771,4.0,6.0
3375,1.0,999.0,1.0,1.0,0.0,0.0,0.0,0.890909090909091,0.7780237154150198,24.0,3.0,3.0,0.1636363636363637,0.0,24.0
3376,0.47058823529411764,999.0,0.0,1.0,0.0,1.0,7.0,0.43875050020008005,0.4243313812011292,0.0,0.0,0.0,0.03308823529411764,0.0,0.0
3377,0.8095238095238095,999.0,1.0,0.8666666666666667,0.0,0.0,0.0,0.8095238095238096,0.799202657807309,157.0,10.0,4.0,0.0,0.0,157.0
3378,0.7346938775510204,999.0,1.0,0.5882352941176471,0.0,0.0,0.0,0.6273414223176224,0.5255573957634547,2.0,1.0,0.0,0.05544859453215256,0.0,2.0
3379,0.6666666666666666,999.0,1.0,1.0,0.0,0.0,0.0,0.6409214092140921,0.621654859823452,20.0,0.0,0.0,0.03252032520325199,0.0,20.0
3380,0.5428571428571428,999.0,1.0,1.0,0.0,0.0,0.0,0.5042727943890734,0.48366394282687797,2.0,0.0,0.0,0.03122923588039861,0.0,2.0
3381,0.5909090909090909,999.0,1.0,0.5227272727272727,0.0,0.0,0.0,0.42346542346542343,0.3678258848070169,1.0,0.0,0.0,0.2447552447552448,0.0,1.0
3382,0.8837209302325582,999.0,1.0,0.9743589743589743,0.0,0.0,0.0,0.753832902670112,0.7158656330749353,228.0,1.0,1.0,0.19483204134366927,0.0,228.0
3383,0.618421052631579,999.0,1.0,0.5942028985507246,0.0,0.0,0.0,0.592056656793499,0.5813531666602303,15.0,0.0,0.0,0.034005468215994594,0.0,15.0
3384,1.0,999.0,0.0,1.0,0.0,1.0,974.0,0.8414529914529915,0.7822792022792022,50.0,4.0,2.0,0.1923076923076923,37.0,13.0
3385,0.2926829268292683,999.0,1.0,0.3684210526315789,0.0,0.0,0.0,0.27775578080456126,0.27285647600153373,0.0,0.0,0.0,0.019955654101995568,0.0,0.0
3386,0.7777777777777778,999.0,0.0,1.0,0.0,1.0,11.0,0.7578538359788359,0.7148921006354242,7.0,3.0,0.0,0.01215277777777779,7.0,0.0
3387,1.0,999.0,0.0,1.0,0.0,1.0,11.0,0.8143162393162394,0.7553881625620755,25.0,3.0,1.0,0.275,1.0,24.0
3388,0.8214285714285714,999.0,1.0,1.0,0.0,0.0,0.0,0.7588789682539683,0.6947876140335504,7.0,2.0,1.0,0.03809523809523807,0.0,7.0
3389,0.825,999.0,0.0,1.0,0.0,1.0,2.0,0.7503839205058718,0.7185636856368564,16.0,2.0,1.0,0.09329268292682924,2.0,14.0
3390,0.8717948717948718,999.0,0.0,1.0,0.0,1.0,6.0,0.8503543881592662,0.8193035419864687,9.0,7.0,3.0,0.02179487179487183,6.0,3.0
3391,1.0,999.0,0.0,1.0,0.0,1.0,11.0,0.845170068027211,0.7468210701905285,8.0,3.0,1.0,0.22448979591836737,2.0,6.0
3392,0.9310344827586207,999.0,0.0,1.0,0.0,1.0,30.0,0.7983281086729362,0.6782744709829156,4.0,2.0,2.0,0.10344827586206895,2.0,2.0
3393,1.0,999.0,0.0,1.0,0.0,1.0,9.0,0.8162393162393163,0.7327991452991454,11.0,2.0,2.0,0.16666666666666663,1.0,10.0
3394,0.5,999.0,1.0,0.5142857142857142,0.0,0.0,0.0,0.44110275689223055,0.418609022556391,1.0,0.0,0.0,0.07142857142857145,0.0,1.0
3395,0.868421052631579,999.0,1.0,0.9375,0.0,0.0,0.0,0.6773524720893142,0.5980451746046342,3.0,1.0,1.0,0.268421052631579,0.0,3.0
3396,1.0,999.0,0.0,1.0,0.0,1.0,462.0,0.7777777777777777,0.7269489247311827,18.0,1.0,1.0,0.33333333333333337,5.0,13.0
3397,0.7317073170731707,999.0,1.0,0.7317073170731707,0.0,0.0,0.0,0.6790383728305368,0.6497972375348,9.0,1.0,0.0,0.07213284898806438,0.0,9.0
3398,0.6721311475409836,999.0,1.0,1.0,0.0,0.0,0.0,0.664903930900758,0.5561341393623725,3.0,0.0,0.0,0.010840824960338447,0.0,3.0
3399,0.5945945945945946,999.0,1.0,0.4827586206896552,0.0,0.0,0.0,0.5491953491953492,0.49473460082155735,2.0,0.0,0.0,0.03049203049203053,0.0,2.0
3400,0.8387096774193549,999.0,0.0,1.0,0.0,1.0,272.0,0.7841153470185729,0.7292827675331777,49.0,3.0,1.0,0.0750733137829912,22.0,27.0
3401,1.0,999.0,1.0,1.0,0.0,0.0,0.0,0.9152542372881357,0.866683531495067,199.0,12.0,2.0,0.05084745762711862,0.0,199.0
3402,0.6551724137931034,999.0,1.0,0.6,0.0,0.0,0.0,0.6477693356711475,0.644141827391389,98.0,0.0,0.0,0.011104617182933985,0.0,98.0
3403,0.42,999.0,1.0,0.4117647058823529,0.0,0.0,0.0,0.4077469135802469,0.391098452407783,0.0,0.0,0.0,0.0125925925925926,0.0,0.0
3404,0.6333333333333333,999.0,1.0,0.6333333333333333,0.0,0.0,0.0,0.5775132275132275,0.5465079365079365,5.0,0.0,0.0,0.06190476190476191,0.0,5.0
3405,1.0,999.0,0.0,1.0,0.0,1.0,1.0,0.8743961352657005,0.7772692601067888,6.0,3.0,3.0,0.18840579710144922,1.0,5.0
3406,0.4166666666666667,999.0,1.0,0.44,0.0,0.0,0.0,0.3947657703365466,0.38014304429148016,0.0,0.0,0.0,0.019406392694063967,0.0,0.0
3407,0.9397590361445783,999.0,1.0,0.9215686274509803,0.0,0.0,0.0,0.8549784596879105,0.8057247619524943,14.0,5.0,3.0,0.11870640456563097,0.0,14.0
3408,0.6888888888888889,999.0,1.0,0.7368421052631579,0.0,0.0,0.0,0.5100048100048099,0.46790764790764783,1.0,0.0,0.0,0.25252525252525254,0.0,1.0
3409,0.8775510204081632,999.0,0.0,1.0,0.0,1.0,2.0,0.8569614512471655,0.84494610151753,78.0,15.0,8.0,0.017551020408163254,1.0,77.0
3410,0.8,999.0,0.0,1.0,0.0,1.0,13.0,0.5834971484043199,0.4931260375497925,1.0,1.0,1.0,0.31219512195121957,1.0,0.0
3411,0.9761904761904762,999.0,1.0,0.9777777777777777,0.0,0.0,0.0,0.8277962347729789,0.7537147779008244,8.0,2.0,2.0,0.16666666666666663,0.0,8.0
3412,0.7428571428571429,999.0,1.0,0.7272727272727273,0.0,0.0,0.0,0.705026455026455,0.6648763381321521,12.0,2.0,0.0,0.020634920634920673,0.0,12.0
3413,0.7560975609756098,999.0,0.0,1.0,0.0,1.0,41.0,0.7138757589126278,0.6890325260546474,31.0,2.0,0.0,0.04498644986449862,30.0,1.0
3414,1.0,999.0,0.0,1.0,0.0,1.0,4.0,0.7665692007797271,0.6843918868902213,9.0,1.0,1.0,0.3055555555555556,1.0,8.0
3415,0.66,999.0,1.0,0.625,0.0,0.0,0.0,0.638581560283688,0.5854559459306387,4.0,0.0,0.0,0.0,0.0,4.0
3416,0.5913978494623656,999.0,1.0,0.5396825396825397,0.0,0.0,0.0,0.4593608773570204,0.4277034829359514,1.0,0.0,0.0,0.18514784946236562,0.0,1.0
3417,0.6304347826086957,999.0,1.0,0.6129032258064516,0.0,0.0,0.0,0.5570893719806763,0.5279592969472711,3.0,0.0,0.0,0.1096014492753623,0.0,3.0
3418,0.7,999.0,1.0,0.7,0.0,0.0,0.0,0.5007147498375568,0.44019629176299924,1.0,1.0,0.0,0.29259259259259257,0.0,1.0
3419,0.40540540540540543,999.0,1.0,0.5,0.0,0.0,0.0,0.3897770449494587,0.37704804515149337,0.0,0.0,0.0,0.02079002079002079,0.0,0.0
3420,1.0,999.0,0.0,1.0,0.0,1.0,37.0,0.8358974358974359,0.778371040723982,6.0,4.0,2.0,0.19999999999999996,6.0,0.0
3421,0.3888888888888889,999.0,1.0,0.31666666666666665,0.0,0.0,0.0,0.36595441595441597,0.3520929747759016,0.0,0.0,0.0,0.02991452991452992,0.0,0.0
3422,0.8266666666666667,999.0,1.0,0.6923076923076923,0.0,0.0,0.0,0.6513580246913581,0.5342627647143776,2.0,2.0,1.0,0.10666666666666669,0.0,2.0
3423,1.0,999.0,0.0,1.0,0.0,1.0,25.0,0.7932692307692308,0.7479615384615386,60.0,1.0,1.0,0.3076923076923077,2.0,58.0
3424,0.4857142857142857,999.0,1.0,0.4857142857142857,0.0,0.0,0.0,0.3918727106227106,0.3684569597069597,0.0,0.0,0.0,0.13956043956043956,0.0,0.0
3425,0.7209302325581395,999.0,1.0,0.9166666666666666,0.0,0.0,0.0,0.7003171247357294,0.6610236081747709,18.0,2.0,0.0,0.0,0.0,18.0
3426,0.6578947368421053,999.0,0.0,1.0,0.0,1.0,123.0,0.6422757848706441,0.6204706757950331,13.0,0.0,0.0,0.01686909581646423,6.0,7.0
3427,1.0,999.0,0.0,1.0,0.0,1.0,9.0,0.8377589453860641,0.7714725715327136,10.0,3.0,1.0,0.2033898305084746,2.0,8.0
3428,0.8163265306122449,999.0,0.0,1.0,0.0,1.0,9.0,0.7706327814144526,0.7105278169968197,9.0,2.0,2.0,0.0,5.0,4.0
3429,1.0,999.0,0.0,1.0,0.0,1.0,61.0,0.7471264367816092,0.6777382276603634,9.0,1.0,1.0,0.3448275862068966,4.0,5.0
3430,0.8548387096774194,999.0,0.0,1.0,0.0,1.0,13.0,0.840725806451613,0.7807991202346042,22.0,4.0,3.0,0.0,8.0,14.0
3431,0.7592592592592593,999.0,0.0,1.0,0.0,1.0,1.0,0.7087779288372541,0.6506223540865206,8.0,1.0,0.0,0.06960408684546615,1.0,7.0
3432,0.5681818181818182,999.0,1.0,0.71875,0.0,0.0,0.0,0.530479210711769,0.5118986375381724,3.0,0.0,0.0,0.056553911205074026,0.0,3.0
3433,0.851063829787234,999.0,0.0,1.0,0.0,1.0,1073.0,0.8009118541033434,0.7768885758766402,159.0,6.0,1.0,0.06534954407294835,101.0,58.0
3434,1.0,999.0,0.0,1.0,0.0,1.0,9.0,0.6067632850241546,0.5197696827262044,1.0,1.0,1.0,0.5797101449275363,1.0,0.0
3435,0.4090909090909091,999.0,1.0,0.45714285714285713,0.0,0.0,0.0,0.3956228956228956,0.3793634014564247,0.0,0.0,0.0,0.009090909090909094,0.0,0.0
3436,1.0,999.0,0.0,1.0,0.0,1.0,15.0,0.8234610917537747,0.7371849931123896,11.0,3.0,1.0,0.24390243902439024,1.0,10.0
3437,0.9487179487179487,999.0,0.0,1.0,0.0,1.0,22.0,0.87530196568934,0.846242872383475,23.0,10.0,4.0,0.09505941213258284,11.0,12.0
3438,1.0,999.0,0.0,1.0,0.0,1.0,60.0,0.7074074074074074,0.5934640522875816,3.0,1.0,1.0,0.43333333333333335,2.0,1.0
3439,0.8985507246376812,999.0,1.0,0.9473684210526315,0.0,0.0,0.0,0.7070531400966183,0.5776869212452598,2.0,2.0,1.0,0.1159420289855072,0.0,2.0
3440,0.84,999.0,0.0,1.0,0.0,1.0,2.0,0.7292604059167527,0.6480230886288503,7.0,2.0,2.0,0.03607843137254896,2.0,5.0
3441,0.6617647058823529,999.0,1.0,0.7692307692307693,0.0,0.0,0.0,0.6441198905191368,0.6002577563325981,5.0,0.0,0.0,0.009590792838874651,0.0,5.0
3442,1.0,999.0,0.0,1.0,0.0,1.0,8.0,0.886437908496732,0.8096672047892912,71.0,3.0,2.0,0.125,2.0,69.0
3443,0.6119402985074627,999.0,1.0,0.5283018867924528,0.0,0.0,0.0,0.5904535294541784,0.55161180399373,4.0,0.0,0.0,0.017737399956738065,0.0,4.0
3444,0.7297297297297297,999.0,0.0,1.0,0.0,1.0,14.0,0.7133287133287133,0.6756162756162756,12.0,2.0,0.0,0.011781011781011763,12.0,0.0
3445,1.0,999.0,0.0,1.0,0.0,1.0,20.0,0.6875,0.5789864864864864,3.0,1.0,1.0,0.4375,1.0,2.0
3446,0.6666666666666666,999.0,0.0,1.0,0.0,1.0,670.0,0.6634920634920635,0.5948694316436252,4.0,0.0,0.0,0.0,2.0,2.0
3447,0.7971014492753623,999.0,0.0,1.0,0.0,1.0,1.0,0.7933057280883368,0.784159767564544,34.0,10.0,0.0,0.0,1.0,33.0
3448,0.22,999.0,1.0,0.3783783783783784,0.0,0.0,0.0,0.21580015612802497,0.21389304914240204,0.0,0.0,0.0,0.005714285714285727,0.0,0.0
3449,0.5454545454545454,999.0,1.0,0.631578947368421,0.0,0.0,0.0,0.5407925407925407,0.5337778500569198,9.0,0.0,0.0,0.006993006993006978,0.0,9.0
3450,0.75,999.0,1.0,0.75,0.0,0.0,0.0,0.5659826493159826,0.49673244673244676,2.0,1.0,0.0,0.20945945945945943,0.0,2.0
3451,0.8913043478260869,999.0,0.0,1.0,0.0,1.0,1073.0,0.8768115942028984,0.8652173913043477,121.0,13.0,8.0,0.0,94.0,27.0
3452,1.0,999.0,0.0,1.0,0.0,1.0,13.0,0.7992922143579374,0.7068480558874898,5.0,2.0,1.0,0.2325581395348837,2.0,3.0
3453,0.8333333333333334,999.0,0.0,1.0,0.0,1.0,3.0,0.732050232050232,0.6392301392301392,4.0,2.0,1.0,0.07657657657657657,3.0,1.0
3454,0.7924528301886793,999.0,0.0,1.0,0.0,1.0,6.0,0.7517417424277034,0.7054712749648189,7.0,2.0,0.0,0.024595687331536387,5.0,2.0
3455,1.0,999.0,0.0,1.0,0.0,1.0,4.0,0.7124274099883855,0.566463538191613,2.0,2.0,1.0,0.22857142857142854,1.0,1.0
3456,0.8395061728395061,999.0,1.0,0.7777777777777778,0.0,0.0,0.0,0.7844103684271828,0.7656462210563098,266.0,11.0,1.0,0.0673542741053289,0.0,266.0
3457,0.46774193548387094,999.0,0.0,1.0,0.0,1.0,5.0,0.4418616909129243,0.42225987169061174,0.0,0.0,0.0,0.036369386464263076,0.0,0.0
3458,0.6794871794871795,999.0,1.0,0.6666666666666666,0.0,0.0,0.0,0.5886356441911997,0.562272295605629,6.0,0.0,0.0,0.13627730294396967,0.0,6.0
3459,0.7083333333333334,999.0,1.0,0.7608695652173914,0.0,0.0,0.0,0.6941455443966205,0.6822881924388381,72.0,1.0,0.0,0.01715686274509809,0.0,72.0
3460,0.5384615384615384,999.0,1.0,0.5384615384615384,0.0,0.0,0.0,0.40170940170940167,0.3655946065428824,1.0,0.0,0.0,0.20512820512820512,0.0,1.0
3461,1.0,999.0,0.0,1.0,0.0,1.0,87.0,0.8472222222222223,0.7610805860805862,11.0,3.0,2.0,0.16666666666666663,7.0,4.0
3462,0.72,999.0,0.0,1.0,0.0,1.0,974.0,0.66,0.6318156028368794,10.0,1.0,0.0,0.05999999999999994,9.0,1.0
3463,0.48484848484848486,999.0,0.0,1.0,0.0,1.0,1.0,0.35224796989502877,0.32043969102792635,0.0,0.0,0.0,0.19073083778966132,0.0,0.0
3464,1.0,999.0,0.0,1.0,0.0,1.0,33.0,1.0,1.0,633.0,79.0,34.0,0.0,22.0,611.0
3465,0.6451612903225806,999.0,0.0,1.0,0.0,1.0,17.0,0.5894877585645105,0.5536926551387064,5.0,0.0,0.0,0.03910068426197455,5.0,0.0
3466,0.676056338028169,999.0,1.0,0.5625,0.0,0.0,0.0,0.6508066581306018,0.6361982805926468,47.0,0.0,0.0,0.03605633802816899,0.0,47.0
3467,0.37037037037037035,999.0,1.0,0.4909090909090909,0.0,0.0,0.0,0.36016106087285243,0.350368936993195,0.0,0.0,0.0,0.002723311546840912,0.0,0.0
3468,0.7777777777777778,999.0,0.0,1.0,0.0,1.0,646.0,0.6694208081555474,0.6264710625420948,11.0,1.0,0.0,0.15513626834381555,11.0,0.0
3469,0.9444444444444444,999.0,0.0,1.0,0.0,1.0,670.0,0.9037037037037038,0.8662154156425285,49.0,11.0,4.0,0.02777777777777779,30.0,19.0
3470,0.775,999.0,0.0,1.0,0.0,1.0,59.0,0.768430369787569,0.7573996852871755,269.0,8.0,0.0,0.0008064516129032695,22.0,247.0
3471,0.5151515151515151,999.0,1.0,0.6764705882352942,0.0,0.0,0.0,0.4383155673478254,0.4108216076439476,1.0,0.0,0.0,0.10245310245310246,0.0,1.0
3472,1.0,999.0,0.0,1.0,0.0,1.0,33.0,0.8814814814814814,0.7169304212913236,3.0,2.0,2.0,0.0,1.0,2.0
3473,0.7021276595744681,999.0,0.0,1.0,0.0,1.0,24.0,0.6568578331496265,0.6333153801618847,14.0,1.0,0.0,0.04906643508467223,8.0,6.0
3474,0.7,999.0,0.0,1.0,0.0,1.0,462.0,0.6285714285714286,0.5642837600156342,2.0,2.0,0.0,0.0,2.0,0.0
3475,0.8490566037735849,999.0,0.0,1.0,0.0,1.0,4.0,0.7678072277128881,0.7160323841659333,24.0,3.0,1.0,0.11691374663072784,1.0,23.0
3476,1.0,999.0,0.0,1.0,0.0,1.0,47.0,0.8386630532971996,0.7837916813950747,12.0,4.0,2.0,0.19512195121951215,10.0,2.0
3477,1.0,999.0,0.0,1.0,0.0,1.0,7.0,0.8408564814814815,0.7498507750708455,9.0,2.0,2.0,0.171875,2.0,7.0
3478,0.45098039215686275,999.0,1.0,0.45098039215686275,0.0,0.0,0.0,0.4232859810590903,0.4062234046160837,0.0,0.0,0.0,0.040266106442577054,0.0,0.0
3479,0.8514851485148515,999.0,1.0,0.8493150684931506,0.0,0.0,0.0,0.7774181264280274,0.7204678526209424,10.0,4.0,1.0,0.11110053313023605,0.0,10.0
3480,0.7272727272727273,999.0,1.0,0.6304347826086957,0.0,0.0,0.0,0.677375371510862,0.6553141117954061,13.0,1.0,0.0,0.052854122621564525,0.0,13.0
3481,0.5806451612903226,999.0,0.0,1.0,0.0,1.0,1.0,0.4359726295210166,0.3909953424184923,1.0,0.0,0.0,0.1867057673509287,1.0,0.0
3482,0.7894736842105263,999.0,0.0,1.0,0.0,1.0,29.0,0.7285714285714286,0.7002059202059202,10.0,2.0,0.0,0.07894736842105265,9.0,1.0
3483,1.0,999.0,0.0,1.0,0.0,1.0,1098.0,0.8377697116354104,0.7893284936479128,35.0,5.0,1.0,0.22807017543859653,19.0,16.0
3484,0.704225352112676,999.0,1.0,0.8076923076923077,0.0,0.0,0.0,0.6342126835084582,0.5366251710806846,3.0,1.0,0.0,0.0613682092555331,0.0,3.0
3485,0.7727272727272727,999.0,0.0,1.0,0.0,1.0,701.0,0.737037037037037,0.7195348837209302,57.0,3.0,0.0,0.045454545454545414,55.0,2.0
3486,0.4222222222222222,999.0,1.0,0.47619047619047616,0.0,0.0,0.0,0.41569229112833767,0.4106653746770026,0.0,0.0,0.0,0.0036175710594315014,0.0,0.0
3487,1.0,999.0,0.0,1.0,0.0,1.0,9.0,0.6945026787794083,0.6079868737253252,3.0,1.0,1.0,0.42592592592592593,1.0,2.0
3488,1.0,999.0,0.0,1.0,0.0,1.0,9.0,0.7985507246376811,0.7036059592581331,7.0,2.0,1.0,0.30000000000000004,5.0,2.0
3489,1.0,999.0,0.0,1.0,0.0,1.0,114.0,0.6792929292929294,0.5791660235633072,2.0,1.0,1.0,0.41666666666666663,2.0,0.0
3490,1.0,999.0,0.0,1.0,0.0,1.0,28.0,0.8085106382978724,0.7259944495837188,8.0,2.0,1.0,0.23404255319148937,2.0,6.0
3491,1.0,999.0,0.0,1.0,0.0,1.0,28.0,0.7603850050658562,0.7081281878620352,17.0,1.0,1.0,0.3571428571428571,11.0,6.0
3492,0.631578947368421,999.0,1.0,0.4807692307692308,0.0,0.0,0.0,0.4716127902905823,0.3899797223671205,1.0,0.0,0.0,0.14377406931964054,0.0,1.0
3493,0.7222222222222222,999.0,1.0,0.6923076923076923,0.0,0.0,0.0,0.7119498968814036,0.6938366047955088,127.0,3.0,0.0,0.009893455098934578,0.0,127.0
3494,1.0,999.0,0.0,1.0,0.0,1.0,15.0,0.7082082082082083,0.5963534963534963,3.0,1.0,1.0,0.38888888888888884,1.0,2.0
3495,1.0,999.0,0.0,1.0,0.0,1.0,3.0,0.7801238738738738,0.6923527623548845,8.0,2.0,1.0,0.28125,1.0,7.0
3496,0.34177215189873417,999.0,1.0,0.5111111111111111,0.0,0.0,0.0,0.3164556962025316,0.3108738752478267,0.0,0.0,0.0,0.03797468354430378,0.0,0.0
3497,0.7441860465116279,999.0,0.0,1.0,0.0,1.0,70.0,0.5244689419108023,0.47030572015164135,1.0,1.0,0.0,0.30782241014799155,1.0,0.0
3498,1.0,999.0,0.0,1.0,0.0,1.0,20.0,0.8531073446327685,0.8148572499807021,38.0,7.0,1.0,0.22033898305084743,2.0,36.0
3499,0.7555555555555555,999.0,1.0,0.5918367346938775,0.0,0.0,0.0,0.6346992382453376,0.6025016663882002,7.0,1.0,0.0,0.1810874704491725,0.0,7.0
3500,0.4854368932038835,999.0,1.0,0.5217391304347826,0.0,0.0,0.0,0.4795878982215493,0.46731202899552066,0.0,0.0,0.0,0.0,0.0,0.0
3501,0.7454545454545455,999.0,0.0,1.0,0.0,1.0,1.0,0.6693181818181818,0.6265909090909091,35.0,2.0,0.0,0.045454545454545525,1.0,34.0
3502,1.0,999.0,0.0,1.0,0.0,1.0,3.0,0.8382066276803118,0.7542060278902384,8.0,3.0,1.0,0.2222222222222222,1.0,7.0
3503,0.5752212389380531,999.0,1.0,0.5465116279069767,0.0,0.0,0.0,0.5618433990581173,0.5501920067581259,10.0,0.0,0.0,0.0,0.0,10.0
3504,1.0,999.0,0.0,1.0,0.0,1.0,974.0,0.8685807656395892,0.7975904751700316,23.0,4.0,2.0,0.1785714285714286,17.0,6.0
3505,1.0,999.0,0.0,1.0,0.0,1.0,1.0,0.8970588235294117,0.8187547746371276,74.0,6.0,2.0,0.08823529411764708,1.0,73.0
3506,0.639344262295082,999.0,1.0,0.6875,0.0,0.0,0.0,0.6252793021209596,0.6046757779938872,12.0,0.0,0.0,0.012225618227285406,0.0,12.0
3507,0.5657894736842105,999.0,1.0,0.5,0.0,0.0,0.0,0.491644330734243,0.4374108408647882,2.0,0.0,0.0,0.04727095516569202,0.0,2.0
3508,0.8214285714285714,999.0,0.0,1.0,0.0,1.0,4.0,0.7588789682539683,0.6947876140335504,7.0,2.0,1.0,0.03809523809523807,4.0,3.0
3509,0.5142857142857142,999.0,0.0,1.0,0.0,1.0,7.0,0.4919240669240669,0.46013255147401483,1.0,0.0,0.0,0.02779922779922772,1.0,0.0
3510,0.5161290322580645,999.0,0.0,1.0,0.0,1.0,8.0,0.5061771448868223,0.4952598314268144,2.0,0.0,0.0,0.0026155187445510153,0.0,2.0
3511,1.0,999.0,0.0,1.0,0.0,1.0,17.0,0.788849043715847,0.6811506172965057,8.0,2.0,2.0,0.180327868852459,2.0,6.0
3512,0.6756756756756757,999.0,0.0,1.0,0.0,1.0,108.0,0.6013121817469643,0.5443458676067372,2.0,0.0,0.0,0.025675675675675635,1.0,1.0
3513,1.0,999.0,0.0,1.0,0.0,1.0,6.0,0.9133333333333334,0.8063448275862071,7.0,4.0,2.0,0.0,1.0,6.0
3514,0.7962962962962963,999.0,0.0,1.0,0.0,1.0,1.0,0.6853455186788521,0.5974627224627225,3.0,2.0,0.0,0.0508417508417508,1.0,2.0
3515,1.0,999.0,0.0,1.0,0.0,1.0,3.0,0.7896501152315106,0.6690281643770016,4.0,2.0,2.0,0.18918918918918914,1.0,3.0
3516,0.8125,999.0,0.0,1.0,0.0,1.0,2.0,0.7708333333333334,0.7306912681912683,8.0,3.0,1.0,0.0625,1.0,7.0
3517,0.7777777777777778,999.0,1.0,0.6551724137931034,0.0,0.0,0.0,0.7043476564024509,0.6649101811430579,19.0,2.0,0.0,0.07264957264957261,0.0,19.0
3518,0.45454545454545453,999.0,1.0,0.6451612903225806,0.0,0.0,0.0,0.40661221521625385,0.3894580453101236,0.0,0.0,0.0,0.0623885918003565,0.0,0.0
3519,0.7804878048780488,999.0,1.0,0.703125,0.0,0.0,0.0,0.7551381973768058,0.7415342848674588,30.0,7.0,0.0,0.03630175836642091,0.0,30.0
3520,0.6779661016949152,999.0,0.0,1.0,0.0,1.0,1.0,0.6036342032104743,0.5560783098744158,3.0,0.0,0.0,0.052966101694915224,1.0,2.0
3521,0.5319148936170213,999.0,1.0,0.6296296296296297,0.0,0.0,0.0,0.5072369373281228,0.4825167655714768,2.0,0.0,0.0,0.03191489361702127,0.0,2.0
3522,1.0,999.0,0.0,1.0,0.0,1.0,61.0,0.7777777777777777,0.7269489247311827,30.0,1.0,1.0,0.33333333333333337,6.0,24.0
3523,0.7586206896551724,999.0,0.0,1.0,0.0,1.0,11.0,0.7417624521072796,0.7250574712643678,14.0,4.0,0.0,0.025287356321839094,11.0,3.0
3524,0.9090909090909091,999.0,1.0,0.7045454545454546,0.0,0.0,0.0,0.7654004837103429,0.721309255743447,63.0,1.0,1.0,0.21212121212121204,0.0,63.0
3525,0.6875,999.0,1.0,0.43478260869565216,0.0,0.0,0.0,0.4723814229249012,0.4203664191543129,1.0,0.0,0.0,0.30568181818181817,0.0,1.0
3526,0.7659574468085106,999.0,0.0,1.0,0.0,1.0,13.0,0.7152509477426493,0.6832386189600549,18.0,2.0,0.0,0.06007509386733412,7.0,11.0
3527,0.5789473684210527,999.0,1.0,0.46511627906976744,0.0,0.0,0.0,0.538220551378446,0.5228834907782276,4.0,0.0,0.0,0.06109022556390975,0.0,4.0
3528,0.5121951219512195,999.0,1.0,0.6153846153846154,0.0,0.0,0.0,0.4890779605470474,0.46328804616949826,1.0,0.0,0.0,0.02382302892796373,0.0,1.0
3529,0.4946236559139785,999.0,1.0,0.75,0.0,0.0,0.0,0.4827403104501114,0.4724915726635525,0.0,0.0,0.0,0.0007964954201513663,0.0,0.0
3530,0.8518518518518519,999.0,1.0,0.9583333333333334,0.0,0.0,0.0,0.714058144165671,0.6637290041464615,8.0,1.0,1.0,0.20669056152927123,0.0,8.0
3531,1.0,999.0,0.0,1.0,0.0,1.0,272.0,0.8305084745762712,0.7914003228410008,160.0,11.0,1.0,0.2542372881355932,32.0,128.0
3532,0.5544554455445545,999.0,1.0,0.6875,0.0,0.0,0.0,0.5366766865365782,0.5178445470863248,4.0,0.0,0.0,0.02615355875210168,0.0,4.0
3533,0.4166666666666667,999.0,1.0,0.4166666666666667,0.0,0.0,0.0,0.40208536982730525,0.38745913902549894,0.0,0.0,0.0,0.013440860215053807,0.0,0.0
3534,0.8837209302325582,999.0,1.0,0.868421052631579,0.0,0.0,0.0,0.8293884582256675,0.786009143311469,13.0,5.0,2.0,0.03927648578811371,0.0,13.0
3535,1.0,999.0,0.0,1.0,0.0,1.0,30.0,0.8333333333333334,0.7223320158102767,7.0,3.0,1.0,0.23684210526315785,5.0,2.0
3536,1.0,999.0,0.0,1.0,0.0,1.0,11.0,0.9206535947712418,0.866882722900481,6.0,5.0,3.0,0.0980392156862745,4.0,2.0
3537,0.4444444444444444,999.0,1.0,0.4722222222222222,0.0,0.0,0.0,0.3896296296296296,0.34290476190476193,0.0,0.0,0.0,0.0,0.0,0.0
3538,1.0,999.0,0.0,1.0,0.0,1.0,70.0,0.8048780487804877,0.7658536585365854,20.0,6.0,1.0,0.29268292682926833,17.0,3.0
3539,1.0,999.0,1.0,1.0,0.0,0.0,0.0,0.8529411764705882,0.7668371696504688,35.0,3.0,1.0,0.22058823529411764,0.0,35.0
3540,0.26666666666666666,999.0,1.0,0.28,0.0,0.0,0.0,0.24825396825396825,0.24272527472527475,0.0,0.0,0.0,0.026666666666666672,0.0,0.0
3541,0.782608695652174,999.0,1.0,0.7111111111111111,0.0,0.0,0.0,0.763216983057767,0.7133396943847108,20.0,3.0,0.0,0.02204531537048382,0.0,20.0
3542,1.0,999.0,0.0,1.0,0.0,1.0,94.0,0.8733333333333334,0.8334883720930233,50.0,10.0,3.0,0.18000000000000005,15.0,35.0
3543,1.0,999.0,0.0,1.0,0.0,1.0,4.0,0.7793859649122806,0.6700493739183548,4.0,2.0,1.0,0.23684210526315785,1.0,3.0
3544,0.8064516129032258,999.0,0.0,1.0,0.0,1.0,4.0,0.7878537233375943,0.7631162744065969,16.0,4.0,1.0,0.01857282502443791,4.0,12.0
3545,0.29931972789115646,999.0,1.0,0.375,0.0,0.0,0.0,0.29705215419501135,0.2925170068027211,0.0,0.0,0.0,0.0,0.0,0.0
3546,0.625,999.0,1.0,0.6888888888888889,0.0,0.0,0.0,0.6083333333333334,0.6035964912280702,47.0,0.0,0.0,0.025000000000000022,0.0,47.0
3547,0.6363636363636364,999.0,1.0,0.6129032258064516,0.0,0.0,0.0,0.5678524374176548,0.4824861384226766,3.0,0.0,0.0,0.09090909090909094,0.0,3.0
3548,0.6956521739130435,999.0,1.0,0.6956521739130435,0.0,0.0,0.0,0.6450960566228513,0.6117290192113245,8.0,0.0,0.0,0.02123356926188069,0.0,8.0
3549,0.7358490566037735,999.0,1.0,0.6071428571428571,0.0,0.0,0.0,0.692315901621256,0.6560070366845889,77.0,2.0,0.0,0.03409467063886129,0.0,77.0
3550,1.0,999.0,1.0,1.0,0.0,0.0,0.0,0.8095012626262627,0.7381500819000819,35.0,2.0,1.0,0.21212121212121215,0.0,35.0
3551,0.7833333333333333,999.0,1.0,0.68,0.0,0.0,0.0,0.7833333333333333,0.78,107.0,9.0,0.0,0.0,0.0,107.0
3552,0.4166666666666667,999.0,1.0,0.46,0.0,0.0,0.0,0.3919437340153453,0.37904124040920717,0.0,0.0,0.0,0.03431372549019612,0.0,0.0
3553,1.0,999.0,0.0,1.0,0.0,1.0,27.0,0.8643518518518518,0.7986865828092242,13.0,4.0,2.0,0.1777777777777778,5.0,8.0
3554,1.0,999.0,0.0,1.0,0.0,1.0,11.0,0.7620526471458149,0.5993699530673632,3.0,1.0,1.0,0.32608695652173914,2.0,1.0
3555,0.5192307692307693,999.0,1.0,0.38095238095238093,0.0,0.0,0.0,0.427045177045177,0.4018053375196232,1.0,0.0,0.0,0.13827838827838834,0.0,1.0
3556,0.5806451612903226,999.0,1.0,0.6153846153846154,0.0,0.0,0.0,0.5317847415563604,0.5162137020766734,4.0,0.0,0.0,0.07318247472315842,0.0,4.0
3557,0.723404255319149,999.0,1.0,0.7307692307692307,0.0,0.0,0.0,0.6435589941972921,0.5806808510638298,4.0,1.0,0.0,0.04340425531914893,0.0,4.0
3558,0.7045454545454546,999.0,1.0,0.5609756097560976,0.0,0.0,0.0,0.6895551257253385,0.6714906656814378,34.0,2.0,0.0,0.0,0.0,34.0
3559,0.8055555555555556,999.0,1.0,0.78125,0.0,0.0,0.0,0.6666151691179499,0.6009567557917577,4.0,1.0,1.0,0.12739463601532575,0.0,4.0
3560,0.6060606060606061,999.0,1.0,0.5681818181818182,0.0,0.0,0.0,0.5231488725464629,0.49069604621695345,1.0,0.0,0.0,0.11255411255411257,0.0,1.0
3561,0.6444444444444445,999.0,1.0,0.5454545454545454,0.0,0.0,0.0,0.5417378917378918,0.5014063714063715,2.0,0.0,0.0,0.1444444444444445,0.0,2.0
3562,1.0,999.0,0.0,1.0,0.0,1.0,35.0,0.6649572649572649,0.5821911421911422,2.0,1.0,1.0,0.4666666666666667,2.0,0.0
3563,1.0,999.0,0.0,1.0,0.0,1.0,47.0,0.9017094017094017,0.8676923076923078,26.0,11.0,6.0,0.1282051282051282,7.0,19.0
3564,0.9387755102040817,999.0,1.0,1.0,0.0,0.0,0.0,0.9387755102040817,0.9142857142857143,352.0,17.0,6.0,0.0,0.0,352.0
3565,0.5376344086021505,999.0,1.0,0.5142857142857142,0.0,0.0,0.0,0.5287108198359687,0.5156400629374722,4.0,0.0,0.0,0.009544520961701108,0.0,4.0
3566,0.6851851851851852,999.0,1.0,0.5263157894736842,0.0,0.0,0.0,0.6238752877170957,0.6116133082234777,12.0,0.0,0.0,0.09196484620213441,0.0,12.0
3567,1.0,999.0,1.0,0.975609756097561,0.0,0.0,0.0,0.8553191489361702,0.8003219241443109,68.0,4.0,2.0,0.19999999999999996,0.0,68.0
3568,0.7592592592592593,999.0,1.0,0.74,0.0,0.0,0.0,0.6823640630137806,0.6418410243292156,16.0,1.0,0.0,0.0985449735449736,0.0,16.0
3569,0.7971014492753623,999.0,1.0,0.7058823529411765,0.0,0.0,0.0,0.6007064568074386,0.5455496097719965,2.0,1.0,0.0,0.2809724170172978,0.0,2.0
3570,1.0,999.0,0.0,1.0,0.0,1.0,9.0,0.7142685418920544,0.5958338524079598,2.0,2.0,1.0,0.2978723404255319,2.0,0.0
3571,1.0,999.0,0.0,1.0,0.0,1.0,156.0,0.7621664050235478,0.6401735730576701,3.0,1.0,1.0,0.34615384615384615,3.0,0.0
3572,0.9705882352941176,999.0,1.0,0.8679245283018868,0.0,0.0,0.0,0.9298871063576946,0.897326203208556,243.0,21.0,12.0,0.0,0.0,243.0
3573,1.0,999.0,0.0,1.0,0.0,1.0,61.0,0.698005698005698,0.6205128205128205,4.0,1.0,1.0,0.4444444444444444,1.0,3.0
3574,1.0,999.0,0.0,1.0,0.0,1.0,1.0,0.8550497121925694,0.8073694499570511,86.0,7.0,1.0,0.20408163265306123,1.0,85.0
3575,0.7692307692307693,999.0,0.0,1.0,0.0,1.0,701.0,0.6972396025027603,0.6633437615016562,18.0,1.0,0.0,0.07832167832167836,18.0,0.0
3576,0.7936507936507936,999.0,1.0,0.7142857142857143,0.0,0.0,0.0,0.7773707773707774,0.7521755193396984,147.0,6.0,0.0,0.024420024420024333,0.0,147.0
3577,0.6410256410256411,999.0,1.0,0.6410256410256411,0.0,0.0,0.0,0.6012721129000199,0.5802754628619632,11.0,0.0,0.0,0.059630292188431744,0.0,11.0
3578,0.4014084507042254,999.0,1.0,0.3978494623655914,0.0,0.0,0.0,0.39104804264181575,0.37950696051974153,0.0,0.0,0.0,0.002912210102721635,0.0,0.0
3579,1.0,999.0,0.0,1.0,0.0,1.0,27.0,0.890909090909091,0.8274367012298047,7.0,5.0,3.0,0.12727272727272732,6.0,1.0
3580,0.8214285714285714,999.0,0.0,1.0,0.0,1.0,201.0,0.8203463203463204,0.809449171518137,309.0,24.0,3.0,0.0,187.0,122.0
3581,1.0,999.0,0.0,1.0,0.0,1.0,40.0,0.7445196647324307,0.6673249066618686,6.0,1.0,1.0,0.34090909090909094,3.0,3.0
3582,0.3448275862068966,999.0,1.0,0.6153846153846154,0.0,0.0,0.0,0.29357500736811076,0.28109124098000626,0.0,0.0,0.0,0.07559681697612736,0.0,0.0
3583,1.0,999.0,0.0,1.0,0.0,1.0,3.0,0.876984126984127,0.7334154351395731,4.0,3.0,2.0,0.08333333333333337,1.0,3.0
3584,0.575,999.0,1.0,0.5263157894736842,0.0,0.0,0.0,0.43445945945945946,0.3591372141372141,1.0,0.0,0.0,0.19662162162162156,0.0,1.0
3585,0.85,999.0,0.0,1.0,0.0,1.0,701.0,0.7607723577235772,0.7171704853412171,41.0,3.0,1.0,0.125,40.0,1.0
3586,1.0,999.0,1.0,1.0,0.0,0.0,0.0,0.959349593495935,0.9028824833702883,135.0,15.0,5.0,0.0,0.0,135.0
3587,0.32142857142857145,999.0,1.0,0.3023255813953488,0.0,0.0,0.0,0.2844611528822055,0.2520560020741509,0.0,0.0,0.0,0.0,0.0,0.0
3588,0.8421052631578947,999.0,1.0,0.8181818181818182,0.0,0.0,0.0,0.7772141621659783,0.742384835327756,120.0,3.0,1.0,0.08496240601503757,0.0,120.0
3589,1.0,999.0,0.0,1.0,0.0,1.0,1.0,0.8637992831541218,0.782229543837236,6.0,4.0,1.0,0.20430107526881724,1.0,5.0
3590,0.5443037974683544,999.0,1.0,0.5,0.0,0.0,0.0,0.5169324346539536,0.5007463932397698,3.0,0.0,0.0,0.037810290974848004,0.0,3.0
3591,0.2625,999.0,1.0,0.32857142857142857,0.0,0.0,0.0,0.25679384603136696,0.2553421304036303,0.0,0.0,0.0,0.0077830188679245405,0.0,0.0
3592,0.7021276595744681,999.0,0.0,1.0,0.0,1.0,7.0,0.683022145028224,0.6341175541783445,6.0,1.0,0.0,0.028658271819366088,3.0,3.0
3593,1.0,999.0,0.0,1.0,0.0,1.0,37.0,0.8245018115942028,0.7248180460208491,7.0,3.0,1.0,0.26086956521739135,4.0,3.0
3594,0.7037037037037037,999.0,1.0,0.5681818181818182,0.0,0.0,0.0,0.6867470779900158,0.6450790997885648,11.0,1.0,0.0,0.025132275132275117,0.0,11.0
3595,0.6507936507936508,999.0,0.0,1.0,0.0,1.0,272.0,0.6264880952380952,0.6117217341482047,32.0,0.0,0.0,0.015873015873015928,17.0,15.0
3596,0.5365853658536586,999.0,1.0,0.5,0.0,0.0,0.0,0.4755789603350579,0.44895706072047714,1.0,0.0,0.0,0.07825203252032525,0.0,1.0
3597,0.328125,999.0,1.0,0.328125,0.0,0.0,0.0,0.301465395480226,0.29293051933941766,0.0,0.0,0.0,0.03998940677966101,0.0,0.0
3598,0.6302521008403361,999.0,1.0,0.5529411764705883,0.0,0.0,0.0,0.603802785130362,0.5863167587975153,15.0,0.0,0.0,0.027077497665732975,0.0,15.0
3599,0.851063829787234,999.0,0.0,1.0,0.0,1.0,2.0,0.7724315888688021,0.7100711982192405,6.0,3.0,1.0,0.11032308904649335,2.0,4.0
3600,1.0,999.0,1.0,1.0,0.0,0.0,0.0,1.0,0.9771428571428572,266.0,44.0,14.0,0.0,0.0,266.0
3601,0.9393939393939394,999.0,1.0,0.7586206896551724,0.0,0.0,0.0,0.9301841948900772,0.8960190136660724,112.0,9.0,4.0,0.0,0.0,112.0
3602,1.0,999.0,0.0,1.0,0.0,1.0,3.0,0.7024482109227872,0.5873225850902577,2.0,1.0,1.0,0.33333333333333337,1.0,1.0
3603,0.7567567567567568,999.0,1.0,0.96,0.0,0.0,0.0,0.7138068300858998,0.6750776146124984,17.0,2.0,0.0,0.0,0.0,17.0
3604,1.0,999.0,0.0,1.0,0.0,1.0,11.0,0.7575757575757575,0.6923444976076555,9.0,1.0,1.0,0.36363636363636365,1.0,8.0
3605,1.0,999.0,0.0,1.0,0.0,1.0,61.0,0.9025641025641026,0.8659928266178266,22.0,7.0,4.0,0.1384615384615384,10.0,12.0
3606,0.782051282051282,999.0,1.0,0.7605633802816901,0.0,0.0,0.0,0.6886309151553055,0.6681785490931833,94.0,1.0,0.0,0.13570981863664788,0.0,94.0
3607,0.5853658536585366,999.0,1.0,0.6060606060606061,0.0,0.0,0.0,0.5807200929152149,0.572822299651568,8.0,0.0,0.0,0.0,0.0,8.0
3608,0.5365853658536586,999.0,1.0,0.6470588235294118,0.0,0.0,0.0,0.509669869425967,0.4939914090014595,2.0,0.0,0.0,0.02749445676274953,0.0,2.0
3609,0.3780487804878049,999.0,1.0,0.48214285714285715,0.0,0.0,0.0,0.3720828795814535,0.3520785565777009,0.0,0.0,0.0,0.004554804584190442,0.0,0.0
3610,0.75,999.0,0.0,1.0,0.0,1.0,646.0,0.72638326585695,0.7076248313090419,56.0,2.0,0.0,0.013157894736842146,53.0,3.0
3611,0.6862745098039216,999.0,1.0,0.6,0.0,0.0,0.0,0.5627078360876965,0.5208414848694012,2.0,0.0,0.0,0.15900178253119435,0.0,2.0
3612,0.7164179104477612,999.0,1.0,0.6896551724137931,0.0,0.0,0.0,0.6832504145936982,0.6737647903789796,124.0,1.0,0.0,0.04975124378109452,0.0,124.0
3613,0.7272727272727273,999.0,0.0,1.0,0.0,1.0,6.0,0.6586243170789644,0.6238971903985502,15.0,1.0,0.0,0.09569377990430628,4.0,11.0
3614,1.0,999.0,0.0,1.0,0.0,1.0,7.0,0.7555555555555555,0.6636853002070393,4.0,1.0,1.0,0.33333333333333337,1.0,3.0
3615,0.7169811320754716,999.0,1.0,0.6153846153846154,0.0,0.0,0.0,0.5885663602644734,0.5067112447301126,2.0,1.0,0.0,0.08364779874213835,0.0,2.0
3616,0.6888888888888889,999.0,1.0,0.7111111111111111,0.0,0.0,0.0,0.6563721616353195,0.636130989288884,111.0,0.0,0.0,0.0402402402402402,0.0,111.0
3617,1.0,999.0,0.0,1.0,0.0,1.0,670.0,1.0,0.9875,207.0,27.0,9.0,0.0,155.0,52.0
3618,0.7627118644067796,999.0,0.0,1.0,0.0,1.0,6.0,0.7472653642614647,0.7327548229524833,16.0,5.0,0.0,0.021332554061952003,6.0,10.0
3619,1.0,999.0,0.0,1.0,0.0,1.0,4.0,0.8440359672157237,0.728869341523464,19.0,2.0,2.0,0.10169491525423724,1.0,18.0
3620,0.46,999.0,1.0,0.5882352941176471,0.0,0.0,0.0,0.43728395061728403,0.41661565338923834,0.0,0.0,0.0,0.03407407407407409,0.0,0.0
3621,0.3392857142857143,999.0,1.0,0.3269230769230769,0.0,0.0,0.0,0.2857660455486542,0.26412510139001544,0.0,0.0,0.0,0.078416149068323,0.0,0.0
3622,0.9166666666666666,999.0,0.0,1.0,0.0,1.0,28.0,0.7424603174603175,0.6930952380952381,18.0,1.0,1.0,0.2309523809523809,11.0,7.0
3623,0.7857142857142857,999.0,1.0,0.8,0.0,0.0,0.0,0.7380952380952381,0.6428571428571429,5.0,3.0,0.0,0.0714285714285714,0.0,5.0
3624,0.8059701492537313,999.0,0.0,1.0,0.0,1.0,18.0,0.7940765461855662,0.7872533811274888,15.0,6.0,1.0,0.012319355602937732,15.0,0.0
3625,0.6805555555555556,999.0,1.0,0.6,0.0,0.0,0.0,0.5959559987337765,0.5647217749662525,6.0,0.0,0.0,0.11645299145299148,0.0,6.0
3626,0.8333333333333334,999.0,0.0,1.0,0.0,1.0,3.0,0.7836979836979837,0.579064944064944,3.0,2.0,2.0,0.004761904761904745,3.0,0.0
3627,0.48484848484848486,999.0,1.0,0.4888888888888889,0.0,0.0,0.0,0.44589709807101113,0.42321848324653377,0.0,0.0,0.0,0.023310023310023298,0.0,0.0
3628,0.36,999.0,1.0,0.38095238095238093,0.0,0.0,0.0,0.35574273778295923,0.33876503872087893,0.0,0.0,0.0,0.003835616438356171,0.0,0.0
3629,0.7948717948717948,999.0,0.0,1.0,0.0,1.0,13.0,0.7671930373149886,0.7011152190707428,6.0,3.0,0.0,0.0198717948717948,2.0,4.0
3630,1.0,999.0,0.0,1.0,0.0,1.0,28.0,0.7267080745341614,0.659703005640037,7.0,1.0,1.0,0.3913043478260869,3.0,4.0
3631,0.3699421965317919,999.0,1.0,0.43478260869565216,0.0,0.0,0.0,0.3488023296549308,0.3383953218435914,0.0,0.0,0.0,0.017341040462427737,0.0,0.0
3632,0.9545454545454546,999.0,1.0,0.8245614035087719,0.0,0.0,0.0,0.8434343434343434,0.8104256854256853,174.0,19.0,1.0,0.16666666666666674,0.0,174.0
3633,0.7631578947368421,999.0,0.0,1.0,0.0,1.0,244.0,0.7278664140024859,0.6692779879363753,6.0,2.0,0.0,0.0012531328320802837,6.0,0.0
3634,0.29411764705882354,999.0,1.0,0.40476190476190477,0.0,0.0,0.0,0.2891020176186417,0.28613726690921315,0.0,0.0,0.0,0.004262574595055413,0.0,0.0
3635,0.7078651685393258,999.0,1.0,0.8,0.0,0.0,0.0,0.5844399046646237,0.5570025952810437,6.0,1.0,0.0,0.1851378958120531,0.0,6.0
3636,0.7209302325581395,999.0,0.0,1.0,0.0,1.0,7.0,0.6505664877757901,0.6026052243300548,5.0,1.0,0.0,0.06708407871198563,4.0,1.0
3637,0.7714285714285715,999.0,0.0,1.0,0.0,1.0,8.0,0.7125073125073125,0.6612165087165087,7.0,2.0,0.0,0.04169884169884175,6.0,1.0
3638,0.31746031746031744,999.0,1.0,0.6363636363636364,0.0,0.0,0.0,0.30966555870875173,0.3064506663185568,0.0,0.0,0.0,0.011008704557091631,0.0,0.0
3639,0.6170212765957447,999.0,1.0,0.6444444444444445,0.0,0.0,0.0,0.588292398087661,0.5735903934298153,9.0,0.0,0.0,0.03520309477756289,0.0,9.0
3640,0.7741935483870968,999.0,0.0,1.0,0.0,1.0,44.0,0.7161290322580646,0.6615614773258531,14.0,2.0,0.0,0.0,10.0,4.0
3641,0.660377358490566,999.0,1.0,0.5,0.0,0.0,0.0,0.5979035639412998,0.5338913284756068,3.0,0.0,0.0,0.060377358490566024,0.0,3.0
3642,0.7843137254901961,999.0,0.0,1.0,0.0,1.0,701.0,0.6892631696553265,0.6515695976996286,8.0,1.0,0.0,0.1304675716440422,8.0,0.0
3643,0.6037735849056604,999.0,1.0,0.5813953488372093,0.0,0.0,0.0,0.5205700309473894,0.48641609264250774,2.0,0.0,0.0,0.09583707696915245,0.0,2.0
3644,1.0,999.0,0.0,1.0,0.0,1.0,25.0,0.8108747044917258,0.7492940534642663,47.0,2.0,1.0,0.23404255319148937,2.0,45.0
3645,1.0,999.0,0.0,1.0,0.0,1.0,41.0,0.8341170323928945,0.7709050020444324,7.0,4.0,1.0,0.20454545454545459,3.0,4.0
3646,0.6122448979591837,999.0,1.0,0.5714285714285714,0.0,0.0,0.0,0.5633673469387755,0.5212489196936637,3.0,0.0,0.0,0.052244897959183634,0.0,3.0
3647,1.0,999.0,0.0,1.0,0.0,1.0,70.0,0.8351626016260162,0.7551995565410199,31.0,3.0,1.0,0.2195121951219512,4.0,27.0
3648,1.0,999.0,0.0,1.0,0.0,1.0,21.0,0.7816091954022989,0.7222988505747127,9.0,1.0,1.0,0.31034482758620685,7.0,2.0
3649,0.5737704918032787,999.0,1.0,0.5,0.0,0.0,0.0,0.4942330210772834,0.46192442803098543,1.0,0.0,0.0,0.10234192037470724,0.0,1.0
3650,0.5657894736842105,999.0,1.0,0.4909090909090909,0.0,0.0,0.0,0.5549707602339181,0.5428967768257854,12.0,0.0,0.0,0.0,0.0,12.0
3651,0.7843137254901961,999.0,1.0,0.926829268292683,0.0,0.0,0.0,0.7310799017236308,0.6009667816138886,3.0,2.0,0.0,0.048464668886422535,0.0,3.0
3652,0.8571428571428571,999.0,0.0,1.0,0.0,1.0,1.0,0.7938988095238094,0.7339058716707021,15.0,3.0,2.0,0.0357142857142857,1.0,14.0
3653,0.7692307692307693,999.0,0.0,1.0,0.0,1.0,1.0,0.6310962467484207,0.567164241555546,3.0,1.0,0.0,0.1958974358974359,1.0,2.0
3654,0.7727272727272727,999.0,0.0,1.0,0.0,1.0,14.0,0.6977518280039288,0.6746510968023574,11.0,1.0,0.0,0.0992578849721707,4.0,7.0
3655,0.7142857142857143,999.0,1.0,0.7142857142857143,0.0,0.0,0.0,0.5878824721377913,0.530517016206292,2.0,1.0,0.0,0.15428571428571425,0.0,2.0
3656,0.7529411764705882,999.0,1.0,0.6779661016949152,0.0,0.0,0.0,0.688529770882712,0.6515017009134656,21.0,1.0,0.0,0.06666666666666665,0.0,21.0
3657,1.0,999.0,0.0,1.0,0.0,1.0,156.0,0.7950980392156862,0.7150253614959498,5.0,2.0,1.0,0.2647058823529411,3.0,2.0
3658,0.6338028169014085,999.0,1.0,0.6875,0.0,0.0,0.0,0.5252033768480551,0.47673818772499466,1.0,0.0,0.0,0.1476917057902974,0.0,1.0
3659,0.6808510638297872,999.0,1.0,0.7692307692307693,0.0,0.0,0.0,0.6181068171949631,0.5531717826246701,3.0,0.0,0.0,0.007381676074685206,0.0,3.0
3660,0.7321428571428571,999.0,1.0,0.6744186046511628,0.0,0.0,0.0,0.7321428571428571,0.7321428571428571,191.0,5.0,0.0,0.0,0.0,191.0
3661,1.0,999.0,0.0,1.0,0.0,1.0,47.0,0.8039215686274511,0.7400105988341282,8.0,3.0,1.0,0.2941176470588235,6.0,2.0
3662,0.2835820895522388,999.0,1.0,0.3953488372093023,0.0,0.0,0.0,0.261160009302335,0.2510728171756039,0.0,0.0,0.0,0.030060962791675416,0.0,0.0
3663,0.34523809523809523,999.0,1.0,0.6666666666666666,0.0,0.0,0.0,0.3384353741496598,0.3342496998799519,0.0,0.0,0.0,0.008503401360544227,0.0,0.0
3664,0.7222222222222222,999.0,1.0,0.6268656716417911,0.0,0.0,0.0,0.7138047138047138,0.6842828282828284,12.0,2.0,0.0,0.0,0.0,12.0
3665,0.7972972972972973,999.0,1.0,0.7083333333333334,0.0,0.0,0.0,0.7972972972972973,0.7869937629937629,163.0,6.0,0.0,0.0,0.0,163.0
3666,1.0,999.0,0.0,1.0,0.0,1.0,6.0,0.8282828282828283,0.7434882154882155,5.0,2.0,2.0,0.18181818181818177,1.0,4.0
3667,0.5647058823529412,999.0,1.0,0.5652173913043478,0.0,0.0,0.0,0.512100028417164,0.4905608617546518,1.0,0.0,0.0,0.07137254901960782,0.0,1.0
3668,0.6857142857142857,999.0,1.0,0.5806451612903226,0.0,0.0,0.0,0.5476190476190476,0.48966165413533835,2.0,0.0,0.0,0.18571428571428572,0.0,2.0
3669,0.3157894736842105,999.0,1.0,0.3170731707317073,0.0,0.0,0.0,0.28626233889391783,0.2777968923026689,0.0,0.0,0.0,0.0430622009569378,0.0,0.0
3670,0.4791666666666667,999.0,1.0,0.6382978723404256,0.0,0.0,0.0,0.4296497584541063,0.4055481396728536,0.0,0.0,0.0,0.04438405797101452,0.0,0.0
3671,0.6351351351351351,999.0,1.0,0.6285714285714286,0.0,0.0,0.0,0.6181314647981314,0.6067763147763148,14.0,0.0,0.0,0.008468468468468382,0.0,14.0
3672,1.0,999.0,0.0,1.0,0.0,1.0,23.0,0.850877192982456,0.7827485380116959,17.0,3.0,2.0,0.1578947368421053,6.0,11.0
3673,1.0,999.0,0.0,1.0,0.0,1.0,28.0,0.7496985357450473,0.6822866539145608,5.0,1.0,1.0,0.3555555555555555,4.0,1.0
3674,0.7222222222222222,999.0,1.0,0.5853658536585366,0.0,0.0,0.0,0.6604938271604938,0.6380116959064328,18.0,1.0,0.0,0.09259259259259256,0.0,18.0
3675,0.75,999.0,1.0,0.6097560975609756,0.0,0.0,0.0,0.6273796192609183,0.5873562048254097,7.0,1.0,0.0,0.17105263157894735,0.0,7.0
3676,0.46534653465346537,999.0,1.0,0.3870967741935484,0.0,0.0,0.0,0.44142071710034686,0.42429602947776945,0.0,0.0,0.0,0.03235684393181587,0.0,0.0
3677,0.45901639344262296,999.0,1.0,0.3157894736842105,0.0,0.0,0.0,0.4417564983931985,0.4336331340085967,0.0,0.0,0.0,0.023532522474881024,0.0,0.0
3678,0.4583333333333333,999.0,1.0,0.47619047619047616,0.0,0.0,0.0,0.4440045248868778,0.42669736099752376,0.0,0.0,0.0,0.016025641025641024,0.0,0.0
3679,0.8235294117647058,999.0,0.0,1.0,0.0,1.0,11.0,0.6847961861541813,0.6439134259782231,13.0,1.0,1.0,0.20283975659229203,8.0,5.0
3680,0.5825242718446602,999.0,1.0,0.5339805825242718,0.0,0.0,0.0,0.4866115009559208,0.45156741603746997,1.0,0.0,0.0,0.1408576051779935,0.0,1.0
3681,0.9615384615384616,999.0,1.0,0.8412698412698413,0.0,0.0,0.0,0.7335164835164836,0.6656220576254532,14.0,1.0,1.0,0.326923076923077,0.0,14.0
3682,0.7954545454545454,999.0,0.0,1.0,0.0,1.0,1073.0,0.68997668997669,0.6522213081036611,20.0,1.0,0.0,0.13636363636363635,10.0,10.0
3683,0.7377049180327869,999.0,1.0,0.78,0.0,0.0,0.0,0.6648657162030761,0.6206143449760829,5.0,1.0,0.0,0.09484777517564402,0.0,5.0
3684,1.0,999.0,0.0,1.0,0.0,1.0,9.0,0.9423076923076924,0.8434382400122221,6.0,4.0,4.0,0.07692307692307687,1.0,5.0
3685,0.8095238095238095,999.0,0.0,1.0,0.0,1.0,8.0,0.7743386243386244,0.7436796536796537,283.0,3.0,1.0,0.02619047619047621,8.0,275.0
3686,0.5681818181818182,999.0,1.0,0.5,0.0,0.0,0.0,0.46639694732393666,0.43078156462077705,1.0,0.0,0.0,0.13339920948616607,0.0,1.0
3687,0.38461538461538464,999.0,1.0,0.4594594594594595,0.0,0.0,0.0,0.35252378648605065,0.34212651678958955,0.0,0.0,0.0,0.044992743105950694,0.0,0.0
3688,1.0,999.0,0.0,1.0,0.0,1.0,7.0,0.7781408859840232,0.7141067538126362,9.0,1.0,1.0,0.3137254901960784,1.0,8.0
3689,0.5617977528089888,999.0,1.0,0.5714285714285714,0.0,0.0,0.0,0.49045581749840944,0.47078256605835334,1.0,0.0,0.0,0.09788022703579291,0.0,1.0
3690,1.0,999.0,0.0,1.0,0.0,1.0,158.0,0.8387096774193549,0.7925436277102063,135.0,4.0,1.0,0.24193548387096775,31.0,104.0
3691,0.775,999.0,1.0,0.775,0.0,0.0,0.0,0.7102437417654809,0.694262187088274,9.0,1.0,0.0,0.09318181818181825,0.0,9.0
3692,0.44680851063829785,999.0,1.0,0.43243243243243246,0.0,0.0,0.0,0.4320244055068836,0.412042926132413,0.0,0.0,0.0,0.009308510638297851,0.0,0.0
3693,1.0,999.0,0.0,1.0,0.0,1.0,11.0,0.87363184079602,0.7896172699157773,8.0,3.0,3.0,0.17910447761194026,4.0,4.0
3694,0.2692307692307692,999.0,1.0,0.2692307692307692,0.0,0.0,0.0,0.2692307692307692,0.26742987470750273,0.0,0.0,0.0,0.0,0.0,0.0
3695,0.5333333333333333,999.0,1.0,0.44,0.0,0.0,0.0,0.45146198830409356,0.4269747539580659,1.0,0.0,0.0,0.11228070175438598,0.0,1.0
3696,1.0,999.0,0.0,1.0,0.0,1.0,94.0,0.7940917107583774,0.7417883597883598,13.0,2.0,1.0,0.2962962962962963,3.0,10.0
3697,1.0,999.0,0.0,1.0,0.0,1.0,56.0,0.7317073170731708,0.6368967306694344,4.0,1.0,1.0,0.3414634146341463,3.0,1.0
3698,0.6285714285714286,999.0,1.0,0.5161290322580645,0.0,0.0,0.0,0.48859357696566996,0.4454288734521293,1.0,0.0,0.0,0.18671096345514948,0.0,1.0
3699,1.0,999.0,0.0,1.0,0.0,1.0,4.0,0.5796387520525451,0.4649386764514685,1.0,1.0,1.0,0.5714285714285714,1.0,0.0
3700,0.6136363636363636,999.0,1.0,0.4691358024691358,0.0,0.0,0.0,0.5809496059496059,0.5595842563233868,6.0,0.0,0.0,0.046328671328671356,0.0,6.0
3701,0.7428571428571429,999.0,0.0,1.0,0.0,1.0,646.0,0.6984126984126985,0.6633719433719434,68.0,1.0,0.0,0.05714285714285716,59.0,9.0
3702,0.78,999.0,1.0,0.6,0.0,0.0,0.0,0.7413941299790356,0.7186460017969452,79.0,4.0,0.0,0.044150943396226494,0.0,79.0
3703,1.0,999.0,0.0,1.0,0.0,1.0,3.0,0.7664736696994762,0.6957816377171216,18.0,2.0,1.0,0.29032258064516125,1.0,17.0
3704,0.7666666666666667,999.0,1.0,0.7666666666666667,0.0,0.0,0.0,0.7101010101010101,0.6714375619638777,12.0,1.0,0.0,0.0696969696969697,0.0,12.0
3705,0.7692307692307693,999.0,0.0,1.0,0.0,1.0,15.0,0.7106227106227107,0.6663736263736264,12.0,2.0,0.0,0.02564102564102566,8.0,4.0
3706,0.6666666666666666,999.0,1.0,0.56,0.0,0.0,0.0,0.5945165945165946,0.5323374870743292,3.0,0.0,0.0,0.09523809523809523,0.0,3.0
3707,1.0,999.0,0.0,1.0,0.0,1.0,28.0,0.8748295343853497,0.8106984772516386,16.0,7.0,2.0,0.15517241379310343,7.0,9.0
3708,0.6904761904761905,999.0,0.0,1.0,0.0,1.0,974.0,0.6797711332595053,0.647063360227812,26.0,0.0,0.0,0.016057585825027698,17.0,9.0
3709,1.0,999.0,0.0,1.0,0.0,1.0,65.0,0.7412329272794388,0.6828349944629014,7.0,1.0,1.0,0.38095238095238093,4.0,3.0
3710,0.6785714285714286,999.0,1.0,0.7105263157894737,0.0,0.0,0.0,0.6588669950738916,0.6477011494252873,27.0,0.0,0.0,0.023399014778325178,0.0,27.0
3711,0.8666666666666667,999.0,1.0,0.8285714285714286,0.0,0.0,0.0,0.8437837837837838,0.8309622533926332,30.0,13.0,5.0,0.015315315315315381,0.0,30.0
3712,0.37333333333333335,999.0,1.0,0.45098039215686275,0.0,0.0,0.0,0.37005847953216375,0.3656248313090419,0.0,0.0,0.0,0.0049122807017544234,0.0,0.0
3713,0.675,999.0,1.0,0.5272727272727272,0.0,0.0,0.0,0.6573170731707317,0.6315995462280205,11.0,0.0,0.0,0.0,0.0,11.0
3714,1.0,999.0,0.0,1.0,0.0,1.0,6.0,0.7441707717569787,0.6576135741652982,7.0,1.0,1.0,0.31034482758620685,1.0,6.0
3715,0.7368421052631579,999.0,1.0,0.7368421052631579,0.0,0.0,0.0,0.6910685805422646,0.5853554340396444,3.0,2.0,0.0,0.0368421052631579,0.0,3.0
3716,0.5333333333333333,999.0,1.0,0.4897959183673469,0.0,0.0,0.0,0.502102102102102,0.487954278389061,2.0,0.0,0.0,0.033333333333333326,0.0,2.0
3717,0.8076923076923077,999.0,0.0,1.0,0.0,1.0,6.0,0.7877492877492878,0.770204431583742,13.0,7.0,1.0,0.02991452991452992,6.0,7.0
3718,0.8285714285714286,999.0,0.0,1.0,0.0,1.0,4.0,0.8211334961334961,0.8074665602103153,34.0,5.0,3.0,0.009126984126984206,4.0,30.0
3719,0.5362318840579711,999.0,1.0,0.4852941176470588,0.0,0.0,0.0,0.5022113356467306,0.4682414839277209,2.0,0.0,0.0,0.01510512349459081,0.0,2.0
3720,1.0,999.0,0.0,1.0,0.0,1.0,12.0,0.8899572649572649,0.8371489621489621,19.0,7.0,2.0,0.125,2.0,17.0
3721,0.7578947368421053,999.0,1.0,0.527027027027027,0.0,0.0,0.0,0.7278088839119073,0.6719794479942033,17.0,3.0,0.0,0.0451287793952968,0.0,17.0
3722,1.0,999.0,0.0,1.0,0.0,1.0,1073.0,0.8333333333333334,0.7625432953983177,46.0,3.0,1.0,0.25,32.0,14.0
3723,0.45161290322580644,999.0,1.0,0.35443037974683544,0.0,0.0,0.0,0.36325277315113813,0.3418422211145734,0.0,0.0,0.0,0.12853598014888334,0.0,0.0
3724,0.7843137254901961,999.0,1.0,0.7058823529411765,0.0,0.0,0.0,0.7792860734037205,0.7493018315800424,189.0,5.0,0.0,0.0,0.0,189.0
3725,0.37209302325581395,999.0,1.0,0.36619718309859156,0.0,0.0,0.0,0.3664552501761804,0.3615725993582653,0.0,0.0,0.0,0.008456659619450302,0.0,0.0
3726,0.7916666666666666,999.0,0.0,1.0,0.0,1.0,701.0,0.772124183006536,0.7249528314822432,19.0,3.0,0.0,0.026960784313725505,19.0,0.0
3727,0.6491228070175439,999.0,1.0,0.6078431372549019,0.0,0.0,0.0,0.6285157337788917,0.6065805941134889,6.0,0.0,0.0,0.0,0.0,6.0
3728,0.5949367088607594,999.0,0.0,1.0,0.0,1.0,8.0,0.5718744581238079,0.5442235759731858,6.0,0.0,0.0,0.005895612970348463,2.0,4.0
3729,1.0,999.0,0.0,1.0,0.0,1.0,44.0,0.7906976744186046,0.7393023255813953,11.0,1.0,1.0,0.3023255813953488,11.0,0.0
3730,0.6129032258064516,999.0,1.0,0.6129032258064516,0.0,0.0,0.0,0.5662058371735791,0.548504864311316,5.0,0.0,0.0,0.07004608294930881,0.0,5.0
3731,1.0,999.0,0.0,1.0,0.0,1.0,48.0,0.7931034482758621,0.7225287356321839,8.0,1.0,1.0,0.31034482758620685,4.0,4.0
3732,0.647887323943662,999.0,1.0,0.6451612903225806,0.0,0.0,0.0,0.6275933704893428,0.6115070986145451,36.0,0.0,0.0,0.018257694314032347,0.0,36.0
3733,1.0,999.0,0.0,1.0,0.0,1.0,974.0,0.7627118644067797,0.6598902563502435,4.0,2.0,1.0,0.2542372881355932,4.0,0.0
3734,0.7536231884057971,999.0,1.0,0.7291666666666666,0.0,0.0,0.0,0.7536231884057972,0.7521739130434784,130.0,10.0,0.0,0.0,0.0,130.0
3735,0.75,999.0,1.0,0.75,0.0,0.0,0.0,0.7191358024691358,0.7024898848428262,46.0,3.0,0.0,0.04629629629629628,0.0,46.0
3736,0.8695652173913043,999.0,1.0,0.8695652173913043,0.0,0.0,0.0,0.6846323382087758,0.6191272290122221,9.0,1.0,1.0,0.2566619915848527,0.0,9.0
3737,0.7222222222222222,999.0,1.0,0.7115384615384616,0.0,0.0,0.0,0.69510582010582,0.6643650793650793,5.0,1.0,0.0,0.025793650793650813,0.0,5.0
3738,0.6176470588235294,999.0,1.0,0.532258064516129,0.0,0.0,0.0,0.5929791271347248,0.5864998418722327,27.0,0.0,0.0,0.03700189753320682,0.0,27.0
3739,0.6041666666666666,999.0,1.0,0.5757575757575758,0.0,0.0,0.0,0.5317056309703369,0.48506111443125866,2.0,0.0,0.0,0.07475490196078427,0.0,2.0
3740,1.0,999.0,0.0,1.0,0.0,1.0,8.0,0.8383673469387755,0.792150842945874,121.0,4.0,1.0,0.24,1.0,120.0
3741,1.0,999.0,0.0,1.0,0.0,1.0,7.0,0.7485632183908045,0.6898275862068965,16.0,1.0,1.0,0.375,2.0,14.0
3742,1.0,999.0,0.0,1.0,0.0,1.0,17.0,0.8646163123775065,0.8231176135134604,28.0,9.0,2.0,0.19402985074626866,11.0,17.0
3743,0.6851851851851852,999.0,1.0,0.8085106382978723,0.0,0.0,0.0,0.6565432098765432,0.6379346405228759,54.0,0.0,0.0,0.040740740740740744,0.0,54.0
3744,0.4666666666666667,999.0,1.0,0.4074074074074074,0.0,0.0,0.0,0.38769841269841265,0.3678529657477026,0.0,0.0,0.0,0.11746031746031749,0.0,0.0
3745,0.5512820512820513,999.0,1.0,0.40350877192982454,0.0,0.0,0.0,0.5443619495834686,0.5142714907377355,4.0,0.0,0.0,0.0069782538136968775,0.0,4.0
3746,1.0,999.0,0.0,1.0,0.0,1.0,13.0,0.5456349206349206,0.44556277056277055,1.0,1.0,1.0,0.6666666666666667,1.0,0.0
3747,1.0,999.0,1.0,1.0,0.0,0.0,0.0,0.975609756097561,0.882801751094434,52.0,8.0,3.0,0.0,0.0,52.0
3748,0.5614035087719298,999.0,1.0,0.6666666666666666,0.0,0.0,0.0,0.5204678362573099,0.5007379714547189,2.0,0.0,0.0,0.05076521089958941,0.0,2.0
3749,1.0,999.0,0.0,1.0,0.0,1.0,646.0,0.8064516129032259,0.7633064516129032,46.0,4.0,1.0,0.29032258064516125,37.0,9.0
3750,1.0,999.0,0.0,1.0,0.0,1.0,17.0,0.9703703703703703,0.8097643097643097,14.0,3.0,3.0,0.0,3.0,11.0
3751,0.20270270270270271,999.0,1.0,0.25925925925925924,0.0,0.0,0.0,0.19785857285857286,0.19552005922973664,0.0,0.0,0.0,0.006274131274131289,0.0,0.0
3752,0.6395348837209303,999.0,1.0,0.5833333333333334,0.0,0.0,0.0,0.6353320257775287,0.6200336228635471,15.0,0.0,0.0,0.0009806668534604324,0.0,15.0
3753,0.6857142857142857,999.0,1.0,0.43243243243243246,0.0,0.0,0.0,0.511033681765389,0.4595686120076364,1.0,0.0,0.0,0.2285714285714286,0.0,1.0
3754,0.5789473684210527,999.0,1.0,0.5555555555555556,0.0,0.0,0.0,0.5101917584659322,0.4733108222753265,2.0,0.0,0.0,0.06731946144430845,0.0,2.0
3755,1.0,999.0,0.0,1.0,0.0,1.0,11.0,0.7916666666666666,0.6858974358974359,5.0,2.0,1.0,0.25,3.0,2.0
3756,0.7586206896551724,999.0,1.0,1.0,0.0,0.0,0.0,0.694596919227461,0.629064892414646,4.0,2.0,0.0,0.025287356321839094,0.0,4.0
3757,0.35789473684210527,999.0,1.0,0.48148148148148145,0.0,0.0,0.0,0.3532538507036607,0.34777662032001555,0.0,0.0,0.0,0.006543385490753895,0.0,0.0
3758,0.7021276595744681,999.0,1.0,0.6818181818181818,0.0,0.0,0.0,0.5381169310968764,0.4627500900474912,1.0,1.0,0.0,0.2238667900092507,0.0,1.0
3759,0.54,999.0,1.0,0.54,0.0,0.0,0.0,0.48094339622641513,0.46107277628032345,1.0,0.0,0.0,0.08716981132075474,0.0,1.0
3760,1.0,999.0,0.0,1.0,0.0,1.0,2.0,0.9115646258503401,0.8385479709125029,26.0,5.0,3.0,0.12244897959183676,1.0,25.0
3761,0.6065573770491803,999.0,1.0,0.42857142857142855,0.0,0.0,0.0,0.5429818122502242,0.5157269755488924,3.0,0.0,0.0,0.08416931734768784,0.0,3.0
3762,1.0,999.0,0.0,1.0,0.0,1.0,8.0,0.7416192283364959,0.6578747628083491,7.0,1.0,1.0,0.32352941176470584,2.0,5.0
3763,0.7906976744186046,999.0,0.0,1.0,0.0,1.0,30.0,0.713324557554483,0.6587354752734306,5.0,1.0,0.0,0.09258446687143485,1.0,4.0
3764,0.9148936170212766,999.0,0.0,1.0,0.0,1.0,10.0,0.8308783415166393,0.7918506623845845,15.0,7.0,2.0,0.1063829787234043,7.0,8.0
3765,0.23376623376623376,999.0,1.0,0.25396825396825395,0.0,0.0,0.0,0.2226679087438581,0.21758120922677887,0.0,0.0,0.0,0.014718614718614714,0.0,0.0
3766,0.6216216216216216,999.0,1.0,0.660377358490566,0.0,0.0,0.0,0.6188588588588588,0.5939819819819819,5.0,0.0,0.0,0.0,0.0,5.0
3767,1.0,999.0,0.0,1.0,0.0,1.0,4.0,0.7016242937853107,0.6229303148198225,4.0,1.0,1.0,0.4375,1.0,3.0
3768,1.0,999.0,1.0,1.0,0.0,0.0,0.0,0.8055555555555555,0.6289473684210527,2.0,2.0,2.0,0.0,0.0,2.0
3769,0.7758620689655172,999.0,0.0,1.0,0.0,1.0,60.0,0.6943845785440613,0.64345784160059,12.0,1.0,0.0,0.10919540229885061,11.0,1.0
3770,0.4339622641509434,999.0,1.0,0.3953488372093023,0.0,0.0,0.0,0.40180742627481925,0.37560826528870106,0.0,0.0,0.0,0.002927781392322748,0.0,0.0
3771,0.5853658536585366,999.0,1.0,0.6,0.0,0.0,0.0,0.5400188843517394,0.486934681769689,2.0,0.0,0.0,0.021263289555972453,0.0,2.0
3772,0.7435897435897436,999.0,0.0,1.0,0.0,1.0,701.0,0.7161172161172162,0.689832931296346,28.0,2.0,0.0,0.02930402930402931,28.0,0.0
3773,0.8461538461538461,999.0,1.0,0.782608695652174,0.0,0.0,0.0,0.545014245014245,0.46519036519036516,1.0,1.0,1.0,0.4461538461538461,0.0,1.0
3774,0.21875,999.0,1.0,0.2857142857142857,0.0,0.0,0.0,0.1947612303716955,0.18715085587007613,0.0,0.0,0.0,0.032703488372093026,0.0,0.0
3775,0.6274509803921569,999.0,0.0,1.0,0.0,1.0,42.0,0.5336073025701509,0.4947675561452651,1.0,0.0,0.0,0.13622291021671828,1.0,0.0
3776,0.8823529411764706,999.0,1.0,0.8367346938775511,0.0,0.0,0.0,0.8099602159704461,0.7571676831267624,88.0,3.0,1.0,0.1029411764705882,0.0,88.0
3777,0.7887323943661971,999.0,1.0,0.7307692307692307,0.0,0.0,0.0,0.6743098188625619,0.6389372502416055,12.0,1.0,0.0,0.14489677792784095,0.0,12.0
3778,1.0,999.0,0.0,1.0,0.0,1.0,106.0,0.6991552956465238,0.591946881091618,4.0,1.0,1.0,0.42105263157894735,4.0,0.0
3779,0.5806451612903226,999.0,0.0,1.0,0.0,1.0,2.0,0.5514226808820849,0.536586554828235,9.0,0.0,0.0,0.03827227993439042,1.0,8.0
3780,1.0,999.0,0.0,1.0,0.0,1.0,123.0,0.893939393939394,0.8407114624505929,21.0,7.0,3.0,0.13636363636363635,15.0,6.0
3781,0.7307692307692307,999.0,1.0,0.6842105263157895,0.0,0.0,0.0,0.713473633284954,0.6536619919894624,4.0,2.0,0.0,0.019230769230769162,0.0,4.0
3782,0.75,999.0,1.0,0.717391304347826,0.0,0.0,0.0,0.726111111111111,0.6998176100628931,13.0,3.0,0.0,0.030000000000000027,0.0,13.0
3783,1.0,999.0,0.0,1.0,0.0,1.0,462.0,0.7634408602150536,0.6797491039426522,5.0,1.0,1.0,0.3548387096774194,5.0,0.0
3784,1.0,999.0,0.0,1.0,0.0,1.0,1.0,0.5452762923351159,0.45135483934916965,1.0,1.0,1.0,0.6818181818181819,1.0,0.0
3785,0.8205128205128205,999.0,1.0,0.8169014084507042,0.0,0.0,0.0,0.7163665662223702,0.6824952644087467,13.0,1.0,1.0,0.14946018893387314,0.0,13.0
3786,0.8297872340425532,999.0,0.0,1.0,0.0,1.0,13.0,0.7506382978723405,0.724998363338789,19.0,4.0,1.0,0.1097872340425532,8.0,11.0
3787,0.6428571428571429,999.0,1.0,0.5405405405405406,0.0,0.0,0.0,0.6066232787672537,0.5761251300510499,5.0,0.0,0.0,0.00905432595573441,0.0,5.0
3788,1.0,999.0,0.0,1.0,0.0,1.0,35.0,0.7602693602693602,0.7040103159252096,15.0,1.0,1.0,0.3555555555555555,14.0,1.0
3789,1.0,999.0,0.0,1.0,0.0,1.0,2.0,0.8761904761904762,0.7457142857142858,5.0,2.0,2.0,0.0,2.0,3.0
3790,1.0,999.0,0.0,1.0,0.0,1.0,3.0,0.8017462763225476,0.7477885271161181,9.0,2.0,1.0,0.2727272727272727,1.0,8.0
3791,1.0,999.0,0.0,1.0,0.0,1.0,22.0,0.8874643874643874,0.8270857203060593,306.0,10.0,2.0,0.11538461538461542,8.0,298.0
3792,1.0,999.0,0.0,1.0,0.0,1.0,10.0,0.935672514619883,0.8726315789473684,44.0,12.0,3.0,0.0,3.0,41.0
3793,0.7777777777777778,999.0,0.0,1.0,0.0,1.0,11.0,0.7578538359788359,0.7148921006354242,7.0,3.0,0.0,0.01215277777777779,7.0,0.0
3794,0.35714285714285715,999.0,1.0,0.3114754098360656,0.0,0.0,0.0,0.3516563146997929,0.3416431394692264,0.0,0.0,0.0,0.007142857142857173,0.0,0.0
3795,0.6078431372549019,999.0,1.0,0.6326530612244898,0.0,0.0,0.0,0.5749087513793395,0.5570505139854984,6.0,0.0,0.0,0.036414565826330514,0.0,6.0
3796,1.0,999.0,0.0,1.0,0.0,1.0,20.0,0.8319272125723739,0.7422671664901482,7.0,3.0,1.0,0.24615384615384617,5.0,2.0
3797,1.0,999.0,0.0,1.0,0.0,1.0,35.0,0.871091871091871,0.7680766635990516,6.0,3.0,2.0,0.17460317460317465,4.0,2.0
3798,0.7121212121212122,999.0,0.0,1.0,0.0,1.0,9.0,0.6969696969696969,0.6732542819499341,9.0,2.0,0.0,0.0,9.0,0.0
3799,0.9090909090909091,999.0,0.0,1.0,0.0,1.0,1.0,0.8722405958430803,0.809058643220134,14.0,5.0,3.0,0.017786561264822143,1.0,13.0
3800,0.7058823529411765,999.0,0.0,1.0,0.0,1.0,93.0,0.70291146761735,0.6884135472370766,41.0,2.0,0.0,0.0,27.0,14.0
3801,1.0,999.0,1.0,0.9682539682539683,0.0,0.0,0.0,0.9251784251784251,0.8848367848367849,28.0,17.0,6.0,0.09459459459459463,0.0,28.0
3802,1.0,999.0,0.0,1.0,0.0,1.0,27.0,0.8757044125465178,0.7929588794119686,7.0,4.0,2.0,0.12727272727272732,6.0,1.0
3803,0.5333333333333333,999.0,1.0,0.41935483870967744,0.0,0.0,0.0,0.5243867243867243,0.5093688767372978,3.0,0.0,0.0,0.0,0.0,3.0
3804,0.3148148148148148,999.0,1.0,0.36363636363636365,0.0,0.0,0.0,0.2978775162683209,0.2870863461989752,0.0,0.0,0.0,0.02171136653895278,0.0,0.0
3805,0.75,999.0,0.0,1.0,0.0,1.0,10.0,0.7006172839506172,0.6629510155316607,15.0,1.0,0.0,0.06481481481481477,2.0,13.0
3806,0.5769230769230769,999.0,1.0,0.5833333333333334,0.0,0.0,0.0,0.5733081126523749,0.5672649837017298,9.0,0.0,0.0,0.0031525851197982124,0.0,9.0
3807,0.6206896551724138,999.0,1.0,0.55,0.0,0.0,0.0,0.5105595553871417,0.44332203460214803,2.0,0.0,0.0,0.06684350132625994,0.0,2.0
3808,0.8478260869565217,999.0,1.0,0.75,0.0,0.0,0.0,0.8201193520886615,0.7678644655285883,101.0,3.0,2.0,0.0,0.0,101.0
3809,0.7058823529411765,999.0,1.0,0.5777777777777777,0.0,0.0,0.0,0.5936345552713839,0.5449271719092691,3.0,1.0,0.0,0.14066496163682873,0.0,3.0
3810,0.5853658536585366,999.0,1.0,0.5555555555555556,0.0,0.0,0.0,0.47479674796747967,0.43527051345866674,1.0,0.0,0.0,0.1463414634146341,0.0,1.0
3811,1.0,999.0,0.0,1.0,0.0,1.0,60.0,0.5737874097007224,0.4815938743918621,1.0,1.0,1.0,0.631578947368421,1.0,0.0
3812,0.6025641025641025,999.0,1.0,0.5616438356164384,0.0,0.0,0.0,0.5704940770730244,0.5524246513720198,11.0,0.0,0.0,0.03311965811965811,0.0,11.0
3813,0.6,999.0,0.0,1.0,0.0,1.0,4.0,0.5794871794871795,0.5437464662996578,3.0,0.0,0.0,0.0,2.0,1.0
3814,0.8173076923076923,999.0,1.0,0.68,0.0,0.0,0.0,0.7803458009880028,0.7327521893704882,66.0,3.0,2.0,0.0,0.0,66.0
3815,1.0,999.0,0.0,1.0,0.0,1.0,23.0,0.9090909090909092,0.8481719367588934,15.0,4.0,4.0,0.13636363636363635,13.0,2.0
3816,1.0,999.0,0.0,1.0,0.0,1.0,4.0,0.6627906976744186,0.5652068861371187,2.0,1.0,1.0,0.5,1.0,1.0
3817,0.9387755102040817,999.0,0.0,1.0,0.0,1.0,1073.0,0.9316485743233464,0.8975759000509076,168.0,18.0,5.0,0.00260529743812421,131.0,37.0
3818,1.0,999.0,0.0,1.0,0.0,1.0,5.0,0.6666666666666666,0.5951219512195122,3.0,1.0,1.0,0.5,1.0,2.0
3819,0.4235294117647059,999.0,1.0,0.3508771929824561,0.0,0.0,0.0,0.3821962186304553,0.3686435738749024,0.0,0.0,0.0,0.052742894910773275,0.0,0.0
3820,1.0,999.0,0.0,1.0,0.0,1.0,3.0,0.7110889553561538,0.6364894387874628,14.0,1.0,1.0,0.3921568627450981,2.0,12.0
3821,0.2878787878787879,999.0,1.0,0.42857142857142855,0.0,0.0,0.0,0.2713683704455924,0.264577570803565,0.0,0.0,0.0,0.020273154075971023,0.0,0.0
3822,1.0,999.0,0.0,1.0,0.0,1.0,3.0,0.8382066276803118,0.7542060278902384,8.0,3.0,1.0,0.2222222222222222,1.0,7.0
3823,0.6417910447761194,999.0,0.0,1.0,0.0,1.0,701.0,0.6032465875749459,0.5855257159020949,13.0,0.0,0.0,0.05717566016073472,13.0,0.0
3824,0.6285714285714286,999.0,1.0,0.7837837837837838,0.0,0.0,0.0,0.5945003353454058,0.5826786087645985,16.0,0.0,0.0,0.051106639839034185,0.0,16.0
3825,0.6865671641791045,999.0,1.0,0.5172413793103449,0.0,0.0,0.0,0.6526029980814879,0.6423567114085112,6.0,0.0,0.0,0.04767827529021562,0.0,6.0
3826,0.7741935483870968,999.0,1.0,0.6530612244897959,0.0,0.0,0.0,0.7675883256528419,0.7653149001536098,16.0,6.0,0.0,0.007526881720430034,0.0,16.0
3827,1.0,999.0,0.0,1.0,0.0,1.0,4.0,0.6884160756501182,0.6212163120567376,16.0,1.0,1.0,0.4666666666666667,1.0,15.0
3828,0.4090909090909091,999.0,1.0,0.4782608695652174,0.0,0.0,0.0,0.403030303030303,0.40181818181818174,0.0,0.0,0.0,0.009090909090909094,0.0,0.0
3829,0.776595744680851,999.0,1.0,0.5277777777777778,0.0,0.0,0.0,0.7588652482269503,0.7346938775510204,19.0,4.0,0.0,0.0,0.0,19.0
3830,1.0,999.0,0.0,1.0,0.0,1.0,8.0,0.780982905982906,0.7131180454765361,7.0,2.0,1.0,0.29166666666666663,1.0,6.0
3831,0.4666666666666667,999.0,1.0,0.33766233766233766,0.0,0.0,0.0,0.37464788732394366,0.35256651017214397,0.0,0.0,0.0,0.13333333333333336,0.0,0.0
3832,0.6382978723404256,999.0,1.0,0.4722222222222222,0.0,0.0,0.0,0.6382978723404256,0.6169409875551988,10.0,0.0,0.0,0.0,0.0,10.0
3833,1.0,999.0,0.0,1.0,0.0,1.0,11.0,0.8085769980506822,0.7179844164137092,7.0,2.0,1.0,0.26315789473684215,3.0,4.0
3834,0.775,999.0,0.0,1.0,0.0,1.0,20.0,0.6862293144208037,0.6507852077001013,19.0,1.0,0.0,0.10833333333333339,3.0,16.0
3835,0.5178571428571429,999.0,1.0,0.6037735849056604,0.0,0.0,0.0,0.49348811565792694,0.48205346052776105,1.0,0.0,0.0,0.026948051948052,0.0,1.0
3836,1.0,999.0,0.0,1.0,0.0,1.0,2.0,0.8005847953216373,0.68804318488529,5.0,3.0,1.0,0.29824561403508776,1.0,4.0
3837,1.0,999.0,0.0,1.0,0.0,1.0,2.0,0.9871794871794872,0.9211543992389549,329.0,22.0,5.0,0.0,2.0,327.0
3838,0.9090909090909091,999.0,1.0,0.875,0.0,0.0,0.0,0.586415882967607,0.5104209583519929,1.0,1.0,1.0,0.4727272727272727,0.0,1.0
3839,0.6,999.0,1.0,0.6571428571428571,0.0,0.0,0.0,0.5894506235254466,0.5823067377516317,20.0,0.0,0.0,0.01304347826086949,0.0,20.0
3840,0.975609756097561,999.0,1.0,0.9743589743589743,0.0,0.0,0.0,0.7644797378206339,0.6918018777800996,7.0,1.0,1.0,0.3089430894308943,0.0,7.0
3841,0.64,999.0,1.0,0.75,0.0,0.0,0.0,0.6324279835390946,0.6166053845009668,23.0,0.0,0.0,0.0,0.0,23.0
3842,1.0,999.0,0.0,1.0,0.0,1.0,3.0,0.7246300211416491,0.6281113460183227,4.0,1.0,1.0,0.34883720930232553,1.0,3.0
3843,0.5277777777777778,999.0,1.0,0.5277777777777778,0.0,0.0,0.0,0.46060606060606063,0.4163636363636363,1.0,0.0,0.0,0.09595959595959597,0.0,1.0
3844,1.0,999.0,0.0,1.0,0.0,1.0,4.0,0.9555555555555556,0.8068468468468468,7.0,3.0,3.0,0.06666666666666665,1.0,6.0
3845,0.8367346938775511,999.0,1.0,0.6764705882352942,0.0,0.0,0.0,0.8367346938775512,0.8212396069538928,90.0,9.0,4.0,0.0,0.0,90.0
3846,0.8857142857142857,999.0,1.0,0.8507462686567164,0.0,0.0,0.0,0.6259285922257097,0.5467273288311807,2.0,1.0,1.0,0.3733175914994097,0.0,2.0
3847,0.7586206896551724,999.0,1.0,0.6756756756756757,0.0,0.0,0.0,0.7192756796205071,0.6474551896322354,4.0,2.0,0.0,0.0419540229885057,0.0,4.0
3848,0.6944444444444444,999.0,1.0,0.6944444444444444,0.0,0.0,0.0,0.6379855465221319,0.6011643994420309,6.0,0.0,0.0,0.08468834688346882,0.0,6.0
3849,0.8035714285714286,999.0,0.0,1.0,0.0,1.0,7.0,0.7524571064073524,0.7293310161680855,7.0,4.0,1.0,0.061635944700460854,7.0,0.0
3850,0.7083333333333334,999.0,0.0,1.0,0.0,1.0,6.0,0.6432748538011697,0.6037952022914429,6.0,1.0,0.0,0.08333333333333337,3.0,3.0
3851,0.7317073170731707,999.0,1.0,0.7222222222222222,0.0,0.0,0.0,0.5342624854819976,0.41870563943734673,2.0,1.0,0.0,0.14634146341463417,0.0,2.0
3852,0.5666666666666667,999.0,1.0,0.6862745098039216,0.0,0.0,0.0,0.5269905533063428,0.5052833695545725,2.0,0.0,0.0,0.043589743589743546,0.0,2.0
3853,1.0,999.0,0.0,1.0,0.0,1.0,1.0,0.956989247311828,0.8843882205182443,135.0,8.0,3.0,0.0,1.0,134.0
3854,1.0,999.0,0.0,1.0,0.0,1.0,26.0,0.8145795523290986,0.7697313379548362,25.0,6.0,1.0,0.26315789473684215,8.0,17.0
3855,0.7397260273972602,999.0,1.0,0.813953488372093,0.0,0.0,0.0,0.7348908244521214,0.7313921382934734,130.0,5.0,0.0,0.0055488122073867885,0.0,130.0
3856,0.6282051282051282,999.0,1.0,0.5128205128205128,0.0,0.0,0.0,0.5625620074069967,0.5375737341245632,4.0,0.0,0.0,0.07557354925775972,0.0,4.0
3857,0.75,999.0,1.0,0.6052631578947368,0.0,0.0,0.0,0.708204334365325,0.6749226006191951,35.0,2.0,0.0,0.02450980392156865,0.0,35.0
3858,1.0,999.0,0.0,1.0,0.0,1.0,106.0,0.6929824561403509,0.6040247678018577,3.0,1.0,1.0,0.42105263157894735,2.0,1.0
3859,0.5277777777777778,999.0,1.0,0.5428571428571428,0.0,0.0,0.0,0.4810593268040077,0.4451435325903411,2.0,0.0,0.0,0.017139479905437405,0.0,2.0
3860,0.7592592592592593,999.0,0.0,1.0,0.0,1.0,14.0,0.7085537918871253,0.6480830948044064,6.0,2.0,0.0,0.0,4.0,2.0
3861,0.5974025974025974,999.0,1.0,0.4375,0.0,0.0,0.0,0.573173566480126,0.5629828074996985,21.0,0.0,0.0,0.029501362834696176,0.0,21.0
3862,0.6349206349206349,999.0,1.0,0.4074074074074074,0.0,0.0,0.0,0.4111426992024007,0.36357366506223737,1.0,0.0,0.0,0.3349206349206349,0.0,1.0
3863,0.37209302325581395,999.0,1.0,0.5,0.0,0.0,0.0,0.36549898344151255,0.3568646074562119,0.0,0.0,0.0,0.0025278058645096246,0.0,0.0
3864,0.8705882352941177,999.0,0.0,1.0,0.0,1.0,1.0,0.8071356315155039,0.7817172763451998,144.0,15.0,2.0,0.06335931963146701,1.0,143.0
3865,1.0,999.0,0.0,1.0,0.0,1.0,23.0,0.7347763347763347,0.6233781161367368,3.0,1.0,1.0,0.37142857142857144,3.0,0.0
3866,0.30612244897959184,999.0,1.0,0.25,0.0,0.0,0.0,0.2969126111983255,0.293905142476571,0.0,0.0,0.0,0.01381475667189952,0.0,0.0
3867,0.7045454545454546,999.0,0.0,1.0,0.0,1.0,2.0,0.4925790928149419,0.43490055541942335,1.0,1.0,0.0,0.30871212121212127,1.0,0.0
3868,0.6595744680851063,999.0,0.0,1.0,0.0,1.0,974.0,0.6060761047463176,0.5581874418235317,3.0,0.0,0.0,0.06342062193126019,1.0,2.0
3869,0.6296296296296297,999.0,0.0,1.0,0.0,1.0,462.0,0.6074074074074074,0.5729961685823756,4.0,0.0,0.0,0.029629629629629672,3.0,1.0
3870,0.631578947368421,999.0,1.0,0.5490196078431373,0.0,0.0,0.0,0.5580781048666865,0.5171214530839463,2.0,0.0,0.0,0.07225691347011598,0.0,2.0
3871,0.7333333333333333,999.0,1.0,0.7380952380952381,0.0,0.0,0.0,0.7128594816668211,0.6968288388471875,22.0,2.0,0.0,0.016161616161616155,0.0,22.0
3872,0.6404494382022472,999.0,1.0,0.625,0.0,0.0,0.0,0.5726287835406138,0.5447008656299863,5.0,0.0,0.0,0.09789624671288555,0.0,5.0
3873,0.4186046511627907,999.0,1.0,0.6176470588235294,0.0,0.0,0.0,0.37619846682299624,0.3542693027558462,0.0,0.0,0.0,0.049039433771486396,0.0,0.0
3874,1.0,999.0,0.0,1.0,0.0,1.0,974.0,0.8510520487264673,0.807297895902547,126.0,13.0,1.0,0.2142857142857143,44.0,82.0
3875,0.8918918918918919,999.0,1.0,0.8450704225352113,0.0,0.0,0.0,0.8504596904596905,0.8270774337090125,30.0,20.0,4.0,0.04573804573804574,0.0,30.0
3876,0.3684210526315789,999.0,1.0,0.3783783783783784,0.0,0.0,0.0,0.34891779052012256,0.34257150362740624,0.0,0.0,0.0,0.028798411122144985,0.0,0.0
3877,0.5454545454545454,999.0,1.0,0.5454545454545454,0.0,0.0,0.0,0.5335090030742204,0.5219921942973624,6.0,0.0,0.0,0.012121212121212088,0.0,6.0
3878,0.5925925925925926,999.0,1.0,0.5483870967741935,0.0,0.0,0.0,0.5793754538852578,0.5640958605664488,7.0,0.0,0.0,0.0,0.0,7.0
3879,0.6785714285714286,999.0,1.0,0.6785714285714286,0.0,0.0,0.0,0.551541689472724,0.503540398299019,2.0,0.0,0.0,0.1507936507936508,0.0,2.0
3880,0.9333333333333333,999.0,1.0,0.9166666666666666,0.0,0.0,0.0,0.8367521367521368,0.780940170940171,21.0,4.0,2.0,0.09999999999999998,0.0,21.0
3881,0.7285714285714285,999.0,1.0,0.5849056603773585,0.0,0.0,0.0,0.6013046314416177,0.5107827788649706,3.0,1.0,0.0,0.1532289628180039,0.0,3.0
3882,0.4166666666666667,999.0,1.0,0.46296296296296297,0.0,0.0,0.0,0.40694119177725735,0.38630307984622864,0.0,0.0,0.0,0.005952380952380987,0.0,0.0
3883,1.0,999.0,0.0,1.0,0.0,1.0,53.0,0.7575757575757575,0.6645454545454544,8.0,1.0,1.0,0.31818181818181823,5.0,3.0
3884,0.6176470588235294,999.0,1.0,0.7,0.0,0.0,0.0,0.6058823529411765,0.5970429252782194,15.0,0.0,0.0,0.01764705882352946,0.0,15.0
3885,0.7804878048780488,999.0,0.0,1.0,0.0,1.0,33.0,0.7582246171298923,0.7458438611870264,56.0,9.0,0.0,0.030487804878048808,13.0,43.0
3886,1.0,999.0,0.0,1.0,0.0,1.0,5.0,0.8090225563909774,0.7281408065618592,26.0,2.0,1.0,0.2571428571428571,1.0,25.0
3887,0.967741935483871,999.0,1.0,0.5416666666666666,0.0,0.0,0.0,0.6929292546403346,0.6252813623080102,6.0,1.0,1.0,0.40017436791630345,0.0,6.0
3888,1.0,999.0,0.0,1.0,0.0,1.0,5.0,0.6428571428571429,0.548362582690941,2.0,1.0,1.0,0.5,1.0,1.0
3889,1.0,999.0,0.0,1.0,0.0,1.0,57.0,0.8728233830845772,0.8394406361855878,19.0,10.0,3.0,0.1875,2.0,17.0
3890,0.6935483870967742,999.0,0.0,1.0,0.0,1.0,22.0,0.603405017921147,0.5563683832776933,3.0,0.0,0.0,0.07688172043010755,0.0,3.0
3891,0.2926829268292683,999.0,1.0,0.35555555555555557,0.0,0.0,0.0,0.28892976375273777,0.28576222983634214,0.0,0.0,0.0,0.002360346184106965,0.0,0.0
3892,0.6788990825688074,999.0,1.0,0.5614035087719298,0.0,0.0,0.0,0.6381465125629695,0.6148370600801545,16.0,0.0,0.0,0.05943005602013485,0.0,16.0
3893,0.5492957746478874,999.0,1.0,0.5686274509803921,0.0,0.0,0.0,0.5247652582159624,0.5187290179432761,6.0,0.0,0.0,0.036795774647887414,0.0,6.0
3894,1.0,999.0,0.0,1.0,0.0,1.0,123.0,0.755026455026455,0.6991994478951,15.0,1.0,1.0,0.3571428571428571,7.0,8.0
3895,0.65625,999.0,1.0,0.65625,0.0,0.0,0.0,0.6345088961510531,0.5912316534801055,5.0,0.0,0.0,0.02662037037037035,0.0,5.0
3896,0.6818181818181818,999.0,1.0,0.6428571428571429,0.0,0.0,0.0,0.6574299890673619,0.6369069730322539,16.0,0.0,0.0,0.029644268774703497,0.0,16.0
3897,1.0,999.0,0.0,1.0,0.0,1.0,14.0,0.8064605959342801,0.6196312649170164,3.0,2.0,1.0,0.26315789473684215,3.0,0.0
3898,0.8181818181818182,999.0,0.0,1.0,0.0,1.0,14.0,0.6928530588907947,0.6179366596904486,4.0,1.0,1.0,0.15780445969125223,3.0,1.0
3899,0.8229166666666666,999.0,1.0,0.8181818181818182,0.0,0.0,0.0,0.8027365236523653,0.7493266804055971,14.0,4.0,2.0,0.0,0.0,14.0
3900,0.6805555555555556,999.0,1.0,0.65,0.0,0.0,0.0,0.6568142477691229,0.6448028343757594,18.0,0.0,0.0,0.02302130898021315,0.0,18.0
3901,0.8767123287671232,999.0,1.0,0.8431372549019608,0.0,0.0,0.0,0.7722374429223744,0.7396409732161112,76.0,4.0,1.0,0.15671232876712327,0.0,76.0
3902,0.6666666666666666,999.0,0.0,1.0,0.0,1.0,18.0,0.6287878787878788,0.5963704716336296,7.0,0.0,0.0,0.030303030303030276,5.0,2.0
3903,0.5576923076923077,999.0,1.0,0.7368421052631579,0.0,0.0,0.0,0.5499557913351016,0.5237318821187904,4.0,0.0,0.0,0.0,0.0,4.0
3904,1.0,999.0,0.0,1.0,0.0,1.0,25.0,0.8103703703703703,0.7386897546897547,5.0,3.0,1.0,0.28,5.0,0.0
3905,0.74,999.0,1.0,0.7948717948717948,0.0,0.0,0.0,0.6910083256244217,0.6676882986562974,32.0,1.0,0.0,0.059148936170212774,0.0,32.0
3906,1.0,999.0,0.0,1.0,0.0,1.0,28.0,0.923076923076923,0.8357509157509158,21.0,4.0,2.0,0.0,12.0,9.0
3907,0.5714285714285714,999.0,1.0,0.5909090909090909,0.0,0.0,0.0,0.5374774144663985,0.4968022381535233,2.0,0.0,0.0,0.018796992481202923,0.0,2.0
3908,0.7115384615384616,999.0,1.0,0.5945945945945946,0.0,0.0,0.0,0.6946979574098219,0.676643335849402,32.0,2.0,0.0,0.0,0.0,32.0
3909,0.8913043478260869,999.0,0.0,1.0,0.0,1.0,1.0,0.6083851229403993,0.5118324205655863,1.0,1.0,1.0,0.40007627765064835,1.0,0.0
3910,0.6792452830188679,999.0,1.0,0.5454545454545454,0.0,0.0,0.0,0.5509248982611913,0.5192341842397337,1.0,0.0,0.0,0.18904920458749536,0.0,1.0
3911,0.5072463768115942,999.0,1.0,0.5714285714285714,0.0,0.0,0.0,0.48895692998571133,0.4788127544826549,1.0,0.0,0.0,0.014288630332720986,0.0,1.0
3912,0.65,999.0,1.0,0.7068965517241379,0.0,0.0,0.0,0.6356877853881279,0.6250128521464904,59.0,0.0,0.0,0.009375000000000022,0.0,59.0
3913,0.5849056603773585,999.0,1.0,0.5576923076923077,0.0,0.0,0.0,0.5717552887364208,0.5527816800291828,10.0,0.0,0.0,0.0,0.0,10.0
3914,0.6756756756756757,999.0,1.0,0.7272727272727273,0.0,0.0,0.0,0.6572358072358072,0.6238286638286639,14.0,0.0,0.0,0.018532818532818518,0.0,14.0
3915,0.6363636363636364,999.0,0.0,1.0,0.0,1.0,123.0,0.615096195217899,0.5857243837974061,5.0,0.0,0.0,0.01567398119122254,4.0,1.0
3916,1.0,999.0,0.0,1.0,0.0,1.0,9.0,0.8452830188679245,0.7800269541778976,93.0,4.0,2.0,0.19999999999999996,1.0,92.0
3917,0.4305555555555556,999.0,1.0,0.375,0.0,0.0,0.0,0.420935545935546,0.41789466089466093,0.0,0.0,0.0,0.013888888888888895,0.0,0.0
3918,0.515625,999.0,1.0,0.6078431372549019,0.0,0.0,0.0,0.4374834656084656,0.41296177747828694,1.0,0.0,0.0,0.11562499999999998,0.0,1.0
3919,0.8166666666666667,999.0,0.0,1.0,0.0,1.0,1.0,0.5888888888888889,0.49723076923076925,2.0,1.0,1.0,0.2666666666666666,1.0,1.0
3920,0.38333333333333336,999.0,1.0,0.5142857142857142,0.0,0.0,0.0,0.3755847953216374,0.37201754385964914,0.0,0.0,0.0,0.00833333333333336,0.0,0.0
3921,0.7878787878787878,999.0,1.0,0.5263157894736842,0.0,0.0,0.0,0.7817493969546208,0.7348505039736383,9.0,3.0,0.0,0.006628787878787845,0.0,9.0
3922,0.6375,999.0,1.0,0.5675675675675675,0.0,0.0,0.0,0.6348765432098765,0.6327777777777779,12.0,0.0,0.0,0.0,0.0,12.0
3923,1.0,999.0,0.0,1.0,0.0,1.0,106.0,0.8474025974025974,0.7584415584415585,12.0,2.0,2.0,0.13636363636363635,6.0,6.0
3924,0.8679245283018868,999.0,0.0,1.0,0.0,1.0,4.0,0.8252056119980647,0.7403417198798781,5.0,4.0,3.0,0.06023222060957911,4.0,1.0
3925,0.23728813559322035,999.0,1.0,0.2727272727272727,0.0,0.0,0.0,0.21697981712756467,0.21018789027653878,0.0,0.0,0.0,0.026761819803746673,0.0,0.0
3926,0.6415094339622641,999.0,1.0,0.5161290322580645,0.0,0.0,0.0,0.5185983827493261,0.4891590296495957,1.0,0.0,0.0,0.184366576819407,0.0,1.0
3927,0.5897435897435898,999.0,0.0,1.0,0.0,1.0,7.0,0.5635180422414465,0.5519824609556341,11.0,0.0,0.0,0.03655210038188761,7.0,4.0
3928,1.0,999.0,0.0,1.0,0.0,1.0,5.0,0.9428861788617886,0.7954571975131517,7.0,3.0,3.0,0.025000000000000022,1.0,6.0
3929,0.6666666666666666,999.0,1.0,0.5333333333333333,0.0,0.0,0.0,0.4444444444444445,0.3894954507857734,1.0,0.0,0.0,0.31481481481481477,0.0,1.0
3930,1.0,999.0,0.0,1.0,0.0,1.0,25.0,0.8824194460146976,0.8248296165736717,5.0,4.0,3.0,0.1724137931034483,4.0,1.0
3931,1.0,999.0,0.0,1.0,0.0,1.0,701.0,0.8400728597449909,0.7910833428866215,46.0,5.0,1.0,0.21311475409836067,45.0,1.0
3932,1.0,999.0,0.0,1.0,0.0,1.0,1.0,0.7484126984126984,0.6456197230665316,4.0,1.0,1.0,0.35,1.0,3.0
3933,1.0,999.0,0.0,1.0,0.0,1.0,2.0,0.7932263814616757,0.6432323405049123,2.0,2.0,2.0,0.09090909090909094,1.0,1.0
3934,0.6944444444444444,999.0,0.0,1.0,0.0,1.0,175.0,0.6145244547683572,0.5499112540575956,2.0,0.0,0.0,0.0087301587301587,2.0,0.0
3935,0.82,999.0,0.0,1.0,0.0,1.0,6.0,0.7820479302832245,0.6708681024322297,5.0,3.0,2.0,0.01607843137254894,5.0,0.0
3936,0.864406779661017,999.0,0.0,1.0,0.0,1.0,9.0,0.8430990205975594,0.7805447270438504,12.0,4.0,3.0,0.00986132511556248,8.0,4.0
3937,0.2786885245901639,999.0,1.0,0.3877551020408163,0.0,0.0,0.0,0.2708717032282378,0.26538016479408555,0.0,0.0,0.0,0.002826455624646673,0.0,0.0
3938,0.8695652173913043,999.0,1.0,0.8695652173913043,0.0,0.0,0.0,0.713210702341137,0.66088268083153,7.0,1.0,1.0,0.19565217391304346,0.0,7.0
3939,0.6052631578947368,999.0,1.0,0.5797101449275363,0.0,0.0,0.0,0.544405581464209,0.5084238871808029,2.0,0.0,0.0,0.035642904730179836,0.0,2.0
3940,1.0,999.0,0.0,1.0,0.0,1.0,18.0,0.8210628531073446,0.7207627118644068,5.0,3.0,1.0,0.265625,4.0,1.0
3941,0.7272727272727273,999.0,1.0,0.5952380952380952,0.0,0.0,0.0,0.6974921630094043,0.6657680250783699,19.0,2.0,0.0,0.0,0.0,19.0
3942,1.0,999.0,0.0,1.0,0.0,1.0,11.0,0.9496296296296296,0.8364803639846743,7.0,4.0,3.0,0.040000000000000036,3.0,4.0
3943,0.4642857142857143,999.0,1.0,0.32432432432432434,0.0,0.0,0.0,0.42111592111592105,0.4053362193362193,0.0,0.0,0.0,0.051587301587301626,0.0,0.0
3944,0.5675675675675675,999.0,0.0,1.0,0.0,1.0,3.0,0.5346027846027845,0.520523149592917,4.0,0.0,0.0,0.044840294840294836,2.0,2.0
3945,0.36585365853658536,999.0,1.0,0.3170731707317073,0.0,0.0,0.0,0.34417344173441733,0.33847685415629664,0.0,0.0,0.0,0.03252032520325204,0.0,0.0
3946,0.660377358490566,999.0,0.0,1.0,0.0,1.0,1.0,0.5631440282862418,0.5240472766265806,3.0,0.0,0.0,0.1379892987890735,0.0,3.0
3947,0.75,999.0,1.0,0.6956521739130435,0.0,0.0,0.0,0.7232988802756245,0.6843496985357451,118.0,2.0,0.0,0.02777777777777779,0.0,118.0
3948,0.41904761904761906,999.0,1.0,0.3577981651376147,0.0,0.0,0.0,0.402919793346892,0.38755607181233104,0.0,0.0,0.0,0.021088435374149672,0.0,0.0
3949,1.0,999.0,0.0,1.0,0.0,1.0,87.0,0.8046296296296296,0.7526964769647696,14.0,2.0,1.0,0.275,9.0,5.0
3950,0.34523809523809523,999.0,1.0,0.43037974683544306,0.0,0.0,0.0,0.34012436589756173,0.33435225180674033,0.0,0.0,0.0,0.0,0.0,0.0
3951,0.38461538461538464,999.0,1.0,0.5454545454545454,0.0,0.0,0.0,0.3333581072711507,0.3163057503582446,0.0,0.0,0.0,0.07350427350427352,0.0,0.0
3952,0.8,999.0,1.0,0.7073170731707317,0.0,0.0,0.0,0.7360153256704981,0.6964479050797181,15.0,2.0,1.0,0.05862068965517242,0.0,15.0
3953,0.8823529411764706,999.0,1.0,0.8775510204081632,0.0,0.0,0.0,0.8080345943091042,0.7808207565854625,65.0,6.0,1.0,0.08605664488017428,0.0,65.0
3954,0.6326530612244898,999.0,1.0,0.6326530612244898,0.0,0.0,0.0,0.6094104308390023,0.5972065421913447,68.0,0.0,0.0,0.020408163265306145,0.0,68.0
3955,0.7058823529411765,999.0,0.0,1.0,0.0,1.0,2.0,0.5699502023031434,0.4419701213818861,2.0,1.0,0.0,0.011437908496732097,2.0,0.0
3956,1.0,999.0,0.0,1.0,0.0,1.0,94.0,0.6597506830601093,0.5622613220270288,2.0,1.0,1.0,0.4426229508196722,1.0,1.0
3957,0.765625,999.0,1.0,0.7121212121212122,0.0,0.0,0.0,0.7143954918032787,0.6855384056054997,37.0,2.0,0.0,0.04431352459016391,0.0,37.0
3958,1.0,999.0,0.0,1.0,0.0,1.0,12.0,0.5879647878071212,0.4534957185624089,1.0,1.0,1.0,0.5581395348837209,1.0,0.0
3959,0.4666666666666667,999.0,1.0,0.36585365853658536,0.0,0.0,0.0,0.37066184230363336,0.30239710538218,0.0,0.0,0.0,0.03030303030303033,0.0,0.0
3960,0.734375,999.0,0.0,1.0,0.0,1.0,1.0,0.584514193136181,0.46341517625015455,2.0,1.0,0.0,0.05255681818181823,1.0,1.0
3961,1.0,999.0,0.0,1.0,0.0,1.0,19.0,0.8008902585173772,0.6863071492395848,4.0,2.0,1.0,0.2033898305084746,1.0,3.0
3962,0.9142857142857143,999.0,1.0,0.875,0.0,0.0,0.0,0.794078144078144,0.7545421245421245,13.0,4.0,1.0,0.16428571428571426,0.0,13.0
3963,0.9166666666666666,999.0,1.0,0.9795918367346939,0.0,0.0,0.0,0.7904876926616057,0.7591787439613527,18.0,5.0,1.0,0.1865079365079365,0.0,18.0
3964,0.5217391304347826,999.0,1.0,0.6176470588235294,0.0,0.0,0.0,0.4694102292193491,0.44460910049457236,1.0,0.0,0.0,0.05832449628844111,0.0,1.0
3965,0.8333333333333334,999.0,0.0,1.0,0.0,1.0,1073.0,0.7870370370370371,0.7664082687338502,116.0,8.0,1.0,0.05555555555555558,55.0,61.0
3966,1.0,999.0,0.0,1.0,0.0,1.0,1.0,1.0,1.0,187.0,27.0,12.0,0.0,1.0,186.0
3967,0.7916666666666666,999.0,0.0,1.0,0.0,1.0,2.0,0.7628825995807128,0.6643673663862343,4.0,3.0,0.0,0.011666666666666603,2.0,2.0
3968,0.4230769230769231,999.0,1.0,0.5641025641025641,0.0,0.0,0.0,0.41157988321108885,0.39892048567279403,0.0,0.0,0.0,0.015669515669515688,0.0,0.0
3969,1.0,999.0,0.0,1.0,0.0,1.0,17.0,0.6816961889425657,0.5615617446766941,2.0,1.0,1.0,0.3623188405797102,2.0,0.0
3970,0.3392857142857143,999.0,1.0,0.5,0.0,0.0,0.0,0.3275403588093789,0.3138739420615836,0.0,0.0,0.0,0.016705069124423988,0.0,0.0
3971,0.78,999.0,0.0,1.0,0.0,1.0,2.0,0.6550501253132832,0.5898186568115203,4.0,1.0,0.0,0.148421052631579,2.0,2.0
3972,1.0,999.0,0.0,1.0,0.0,1.0,123.0,0.7861599546228021,0.7245500953952456,30.0,2.0,1.0,0.29268292682926833,21.0,9.0
3973,0.7349397590361446,999.0,1.0,0.373134328358209,0.0,0.0,0.0,0.6731204066427313,0.6580114381248329,18.0,1.0,0.0,0.08788093550673282,0.0,18.0
3974,0.5652173913043478,999.0,1.0,0.6470588235294118,0.0,0.0,0.0,0.5538949275362318,0.538054845947848,5.0,0.0,0.0,0.0,0.0,5.0
3975,1.0,999.0,0.0,1.0,0.0,1.0,974.0,0.9136212624584718,0.8446374039397295,97.0,5.0,3.0,0.11627906976744184,36.0,61.0
3976,0.813953488372093,999.0,1.0,0.8048780487804879,0.0,0.0,0.0,0.7136089577950043,0.6497062551801471,13.0,2.0,1.0,0.09173126614987082,0.0,13.0
3977,1.0,999.0,0.0,1.0,0.0,1.0,24.0,0.8350970017636685,0.71135231870526,6.0,2.0,2.0,0.1428571428571429,2.0,4.0
3978,0.7333333333333333,999.0,1.0,0.7333333333333333,0.0,0.0,0.0,0.6774179037336933,0.6601092788255818,33.0,1.0,0.0,0.07543859649122797,0.0,33.0
3979,0.7611940298507462,999.0,1.0,0.6333333333333333,0.0,0.0,0.0,0.7468820282150889,0.7439005093650272,21.0,6.0,0.0,0.021468002453486013,0.0,21.0
3980,0.6833333333333333,999.0,1.0,0.8571428571428571,0.0,0.0,0.0,0.6722222222222222,0.6296969696969696,14.0,0.0,0.0,0.0,0.0,14.0
3981,0.5578947368421052,999.0,1.0,0.4647887323943662,0.0,0.0,0.0,0.4738437001594897,0.4440562739633947,1.0,0.0,0.0,0.1260765550239234,0.0,1.0
3982,0.9066666666666666,999.0,1.0,0.828125,0.0,0.0,0.0,0.88028129395218,0.8488329223519097,30.0,13.0,4.0,0.03324894514767929,0.0,30.0
3983,0.4725274725274725,999.0,1.0,0.5384615384615384,0.0,0.0,0.0,0.45665445665445664,0.44796612258791946,0.0,0.0,0.0,0.02380952380952378,0.0,0.0
3984,0.7272727272727273,999.0,1.0,0.5952380952380952,0.0,0.0,0.0,0.6974921630094043,0.6657680250783699,19.0,2.0,0.0,0.0,0.0,19.0
3985,0.43333333333333335,999.0,1.0,0.7037037037037037,0.0,0.0,0.0,0.38737060041407867,0.3686542443064182,0.0,0.0,0.0,0.05238095238095242,0.0,0.0
3986,1.0,999.0,0.0,1.0,0.0,1.0,17.0,0.8305084745762712,0.7537217514124294,9.0,3.0,1.0,0.2542372881355932,4.0,5.0
3987,1.0,999.0,0.0,1.0,0.0,1.0,26.0,0.8051587301587301,0.7411597542242703,5.0,2.0,1.0,0.2678571428571429,3.0,2.0
3988,1.0,999.0,0.0,1.0,0.0,1.0,3.0,0.7189327485380117,0.5925915331807781,3.0,1.0,1.0,0.39583333333333337,1.0,2.0
3989,0.49206349206349204,999.0,1.0,0.5862068965517241,0.0,0.0,0.0,0.4670514670514671,0.4487663493384317,0.0,0.0,0.0,0.022366522366522312,0.0,0.0
3990,1.0,999.0,0.0,1.0,0.0,1.0,4.0,0.8639455782312925,0.7449103594107934,4.0,3.0,1.0,0.20408163265306123,1.0,3.0
3991,0.6842105263157895,999.0,0.0,1.0,0.0,1.0,8.0,0.5964912280701754,0.5407017543859649,3.0,0.0,0.0,0.07894736842105265,2.0,1.0
3992,1.0,999.0,0.0,1.0,0.0,1.0,5.0,0.8132716049382717,0.6911743813394126,4.0,2.0,1.0,0.20833333333333337,3.0,1.0
3993,1.0,999.0,0.0,1.0,0.0,1.0,17.0,0.8571428571428572,0.7870411322423707,16.0,4.0,2.0,0.1428571428571429,8.0,8.0
3994,1.0,999.0,0.0,1.0,0.0,1.0,15.0,0.8234610917537747,0.7371849931123896,11.0,3.0,1.0,0.24390243902439024,1.0,10.0
3995,1.0,999.0,0.0,1.0,0.0,1.0,201.0,0.906993006993007,0.8679430808842573,316.0,42.0,6.0,0.11538461538461542,188.0,128.0
3996,1.0,999.0,0.0,1.0,0.0,1.0,462.0,0.5848484848484848,0.4709090909090909,1.0,1.0,1.0,0.5454545454545454,1.0,0.0
3997,0.7843137254901961,999.0,0.0,1.0,0.0,1.0,10.0,0.756948570674061,0.7450782333135276,19.0,5.0,0.0,0.025054466230936767,7.0,12.0
3998,1.0,999.0,0.0,1.0,0.0,1.0,4.0,0.7143317230273752,0.6105843279340721,3.0,1.0,1.0,0.4222222222222223,1.0,2.0
3999,0.5098039215686274,999.0,1.0,0.5,0.0,0.0,0.0,0.5032679738562091,0.48919482686691695,3.0,0.0,0.0,0.009803921568627416,0.0,3.0
4000,1.0,999.0,0.0,1.0,0.0,1.0,18.0,0.8359449192782527,0.7678827410406358,14.0,4.0,1.0,0.20370370370370372,14.0,0.0
4001,0.7692307692307693,999.0,0.0,1.0,0.0,1.0,6.0,0.6817730073544027,0.6306917113893858,6.0,2.0,0.0,0.05128205128205132,2.0,4.0
4002,0.6338028169014085,999.0,1.0,0.5428571428571428,0.0,0.0,0.0,0.6163308967730434,0.5846253778906658,10.0,0.0,0.0,0.026207880192547717,0.0,10.0
4003,0.4864864864864865,999.0,1.0,0.5,0.0,0.0,0.0,0.4309487465633645,0.4090409460512262,0.0,0.0,0.0,0.0678818353236958,0.0,0.0
4004,1.0,999.0,0.0,1.0,0.0,1.0,16.0,0.7807807807807808,0.683102614809932,6.0,1.0,1.0,0.32432432432432434,1.0,5.0
4005,0.7105263157894737,999.0,1.0,0.41379310344827586,0.0,0.0,0.0,0.5960249278606146,0.5035129611509586,2.0,1.0,0.0,0.12078272604588391,0.0,2.0
4006,0.9206349206349206,999.0,0.0,1.0,0.0,1.0,1.0,0.8980703392468098,0.8700922035480858,557.0,56.0,9.0,0.0,1.0,556.0
4007,0.84,999.0,0.0,1.0,0.0,1.0,2.0,0.8069714562167393,0.7763310218781916,24.0,5.0,1.0,0.04754716981132068,2.0,22.0
4008,0.6346153846153846,999.0,1.0,0.5882352941176471,0.0,0.0,0.0,0.608869272803699,0.5805451064100067,13.0,0.0,0.0,0.0,0.0,13.0
4009,0.5757575757575758,999.0,0.0,1.0,0.0,1.0,42.0,0.5548577884104199,0.5179241607122862,3.0,0.0,0.0,0.013257575757575801,2.0,1.0
4010,0.7313432835820896,999.0,1.0,0.6744186046511628,0.0,0.0,0.0,0.6699500236374688,0.6530574342251252,95.0,1.0,0.0,0.08518943742824336,0.0,95.0
4011,0.6041666666666666,999.0,1.0,0.6808510638297872,0.0,0.0,0.0,0.5978174603174603,0.5908333333333333,61.0,0.0,0.0,0.004166666666666652,0.0,61.0
4012,0.5555555555555556,999.0,1.0,0.5116279069767442,0.0,0.0,0.0,0.5304232804232805,0.48367332309267796,3.0,0.0,0.0,0.037698412698412676,0.0,3.0
4013,1.0,999.0,0.0,1.0,0.0,1.0,3.0,0.8709677419354839,0.8067823258335591,29.0,4.0,3.0,0.19354838709677424,3.0,26.0
4014,1.0,999.0,0.0,1.0,0.0,1.0,26.0,0.9171455938697318,0.837787356321839,28.0,7.0,2.0,0.04166666666666663,18.0,10.0
4015,0.6363636363636364,999.0,1.0,0.71875,0.0,0.0,0.0,0.5383502544627864,0.46363259330011247,2.0,0.0,0.0,0.106951871657754,0.0,2.0
4016,0.5172413793103449,999.0,1.0,0.45,0.0,0.0,0.0,0.45667305236270755,0.42344561770151606,1.0,0.0,0.0,0.06724137931034485,0.0,1.0
4017,0.7105263157894737,999.0,1.0,0.6181818181818182,0.0,0.0,0.0,0.7026540710751238,0.6950101641640616,15.0,2.0,0.0,0.005398110661268496,0.0,15.0
4018,1.0,999.0,1.0,1.0,0.0,0.0,0.0,0.9185272228750491,0.8455137967271437,274.0,7.0,2.0,0.027027027027026973,0.0,274.0
4019,1.0,999.0,0.0,1.0,0.0,1.0,4.0,0.8055555555555555,0.7407441016333939,11.0,2.0,1.0,0.25,1.0,10.0
4020,0.7906976744186046,999.0,1.0,0.7906976744186046,0.0,0.0,0.0,0.6182980998367713,0.5111323125874847,2.0,2.0,0.0,0.08857001484413651,0.0,2.0
4021,0.8205128205128205,999.0,1.0,1.0,0.0,0.0,0.0,0.7949778018271169,0.7586580961010185,94.0,4.0,1.0,0.023215523215523226,0.0,94.0
4022,0.7384615384615385,999.0,1.0,0.7049180327868853,0.0,0.0,0.0,0.62999222999223,0.5574825174825175,2.0,1.0,0.0,0.041491841491841486,0.0,2.0
4023,0.8513513513513513,999.0,1.0,0.9444444444444444,0.0,0.0,0.0,0.8053100217734365,0.7862116382570228,72.0,6.0,1.0,0.06726044226044225,0.0,72.0
4024,0.6666666666666666,999.0,1.0,0.65625,0.0,0.0,0.0,0.5912698412698413,0.5286816578483245,2.0,0.0,0.0,0.00952380952380949,0.0,2.0
4025,1.0,999.0,0.0,1.0,0.0,1.0,201.0,0.906993006993007,0.8679430808842573,316.0,42.0,6.0,0.11538461538461542,188.0,128.0
4026,1.0,999.0,0.0,1.0,0.0,1.0,24.0,0.9130434782608695,0.840339455940479,16.0,10.0,2.0,0.0,2.0,14.0
4027,1.0,999.0,0.0,1.0,0.0,1.0,33.0,0.8534798534798536,0.735993635993636,7.0,3.0,2.0,0.15384615384615385,4.0,3.0
4028,0.6976744186046512,999.0,1.0,0.6857142857142857,0.0,0.0,0.0,0.5391345418559669,0.46618669639098,2.0,0.0,0.0,0.1870361207323108,0.0,2.0
4029,0.7755102040816326,999.0,0.0,1.0,0.0,1.0,7.0,0.7548802129547472,0.7213725722172928,14.0,4.0,0.0,0.025510204081632626,4.0,10.0
4030,0.7096774193548387,999.0,0.0,1.0,0.0,1.0,1.0,0.5340580696449108,0.45470714225643005,2.0,1.0,0.0,0.15895278167367932,1.0,1.0
4031,1.0,999.0,1.0,1.0,0.0,0.0,0.0,0.9833333333333334,0.9034680134680135,68.0,8.0,4.0,0.0,0.0,68.0
4032,0.8541666666666666,999.0,1.0,0.7837837837837838,0.0,0.0,0.0,0.8541666666666666,0.8541666666666666,461.0,41.0,10.0,0.0,0.0,461.0
4033,0.4915254237288136,999.0,1.0,0.4727272727272727,0.0,0.0,0.0,0.4765899792784655,0.4601928634452994,0.0,0.0,0.0,0.018798151001540864,0.0,0.0
4034,0.5151515151515151,999.0,1.0,0.6,0.0,0.0,0.0,0.46996278575225947,0.45633664581033007,1.0,0.0,0.0,0.06778309409888356,0.0,1.0
4035,0.34615384615384615,999.0,1.0,0.4909090909090909,0.0,0.0,0.0,0.3398290598290598,0.3348498168498168,0.0,0.0,0.0,0.006153846153846121,0.0,0.0
4036,0.6129032258064516,999.0,1.0,0.6,0.0,0.0,0.0,0.5497965707643128,0.49898840189162774,2.0,0.0,0.0,0.06290322580645158,0.0,2.0
4037,0.7111111111111111,999.0,0.0,1.0,0.0,1.0,701.0,0.5996564437740908,0.5597938662644545,4.0,1.0,0.0,0.142483660130719,2.0,2.0
4038,1.0,999.0,0.0,1.0,0.0,1.0,5.0,0.789272030651341,0.6049303806403199,2.0,2.0,2.0,0.04597701149425293,1.0,1.0
4039,1.0,999.0,0.0,1.0,0.0,1.0,49.0,0.8167226577081,0.7414072209984864,19.0,2.0,1.0,0.23404255319148937,10.0,9.0
4040,0.7903225806451613,999.0,0.0,1.0,0.0,1.0,2.0,0.4893253267711621,0.41945591593750164,1.0,1.0,0.0,0.4321136254212807,1.0,0.0
4041,0.5263157894736842,999.0,1.0,0.7777777777777778,0.0,0.0,0.0,0.4421052631578948,0.4141809068124858,1.0,0.0,0.0,0.12631578947368416,0.0,1.0
4042,0.6785714285714286,999.0,1.0,0.7105263157894737,0.0,0.0,0.0,0.6588669950738916,0.6477011494252873,27.0,0.0,0.0,0.023399014778325178,0.0,27.0
4043,0.6341463414634146,999.0,1.0,0.6190476190476191,0.0,0.0,0.0,0.6240805265195509,0.6043637493155362,5.0,0.0,0.0,0.015098722415795574,0.0,5.0
4044,0.8269230769230769,999.0,0.0,1.0,0.0,1.0,71.0,0.8115133759787847,0.7918441958000368,26.0,7.0,2.0,0.015602322206095698,14.0,12.0
4045,0.7241379310344828,999.0,1.0,0.7241379310344828,0.0,0.0,0.0,0.5142475273990912,0.46292203889808353,1.0,1.0,0.0,0.30553327987169204,0.0,1.0
4046,0.43137254901960786,999.0,1.0,0.96,0.0,0.0,0.0,0.413229659679964,0.39879986477349566,0.0,0.0,0.0,0.019607843137254943,0.0,0.0
4047,0.4482758620689655,999.0,1.0,0.4878048780487805,0.0,0.0,0.0,0.37363163656267107,0.35421235234917103,0.0,0.0,0.0,0.10899014778325122,0.0,0.0
4048,1.0,999.0,0.0,1.0,0.0,1.0,1.0,0.6695372363821561,0.5713022368030372,2.0,1.0,1.0,0.4789915966386554,1.0,1.0
4049,0.7346938775510204,999.0,0.0,1.0,0.0,1.0,137.0,0.5990646258503401,0.5559300035803794,3.0,1.0,0.0,0.17219387755102045,1.0,2.0
4050,0.48484848484848486,999.0,1.0,0.5384615384615384,0.0,0.0,0.0,0.37113997113997116,0.33229359229359223,0.0,0.0,0.0,0.141991341991342,0.0,0.0
4051,0.6739130434782609,999.0,1.0,0.6590909090909091,0.0,0.0,0.0,0.6246376811594203,0.6051244890375326,9.0,0.0,0.0,0.07391304347826089,0.0,9.0
4052,0.7666666666666667,999.0,1.0,0.6976744186046512,0.0,0.0,0.0,0.6697678042699081,0.6112356825619448,8.0,1.0,0.0,0.08924731182795709,0.0,8.0
4053,0.75,999.0,1.0,0.6551724137931034,0.0,0.0,0.0,0.6421463632307006,0.6016231796693197,11.0,1.0,0.0,0.12777777777777777,0.0,11.0
4054,0.8035714285714286,999.0,1.0,0.8717948717948718,0.0,0.0,0.0,0.7647707231040565,0.75515873015873,111.0,12.0,1.0,0.0535714285714286,0.0,111.0
4055,0.4222222222222222,999.0,1.0,0.46551724137931033,0.0,0.0,0.0,0.38519682595114757,0.3614966059491989,0.0,0.0,0.0,0.036680053547523406,0.0,0.0
4056,1.0,999.0,0.0,1.0,0.0,1.0,56.0,0.5589816571790006,0.4677699466883528,1.0,1.0,1.0,0.6612903225806452,1.0,0.0
4057,1.0,999.0,0.0,1.0,0.0,1.0,1073.0,0.89247311827957,0.8636981566820279,298.0,29.0,5.0,0.16129032258064513,193.0,105.0
4058,0.375,999.0,1.0,0.4482758620689655,0.0,0.0,0.0,0.3208137715179969,0.301872427133672,0.0,0.0,0.0,0.07922535211267606,0.0,0.0
4059,0.8333333333333334,999.0,1.0,0.7741935483870968,0.0,0.0,0.0,0.7043650793650794,0.6164965986394557,4.0,2.0,1.0,0.125,0.0,4.0
4060,1.0,999.0,0.0,1.0,0.0,1.0,1073.0,0.9703703703703703,0.9088601944842978,146.0,27.0,5.0,0.0,101.0,45.0
4061,0.5978260869565217,999.0,1.0,0.45454545454545453,0.0,0.0,0.0,0.5454456661271418,0.5297990452459054,8.0,0.0,0.0,0.07151029748283755,0.0,8.0
4062,0.5517241379310345,999.0,1.0,0.34782608695652173,0.0,0.0,0.0,0.5117066310789674,0.4803481607567376,2.0,0.0,0.0,0.046106160402944574,0.0,2.0
4063,0.6511627906976745,999.0,0.0,1.0,0.0,1.0,11.0,0.6235024665257224,0.5963676847645181,8.0,0.0,0.0,0.0,8.0,0.0
4064,0.8,999.0,0.0,1.0,0.0,1.0,1.0,0.6769959725183606,0.641451820799152,5.0,1.0,1.0,0.18095238095238098,1.0,4.0
4065,0.6923076923076923,999.0,1.0,0.7727272727272727,0.0,0.0,0.0,0.6376657824933688,0.5874071618037136,4.0,0.0,0.0,0.07161803713527848,0.0,4.0
4066,0.525,999.0,1.0,0.5555555555555556,0.0,0.0,0.0,0.5166666666666667,0.51,5.0,0.0,0.0,0.0,0.0,5.0
4067,1.0,999.0,0.0,1.0,0.0,1.0,70.0,0.8358074673864148,0.7662142101615786,20.0,3.0,1.0,0.21052631578947367,6.0,14.0
4068,0.896551724137931,999.0,1.0,0.8181818181818182,0.0,0.0,0.0,0.8568472077092767,0.831081245321891,123.0,5.0,4.0,0.05210727969348661,0.0,123.0
4069,1.0,999.0,0.0,1.0,0.0,1.0,11.0,0.7698412698412698,0.7179047619047619,14.0,1.0,1.0,0.33333333333333337,2.0,12.0
4070,0.6125,999.0,1.0,0.5384615384615384,0.0,0.0,0.0,0.6125,0.6120779220779221,83.0,0.0,0.0,0.0,0.0,83.0
4071,0.8,999.0,0.0,1.0,0.0,1.0,701.0,0.740727835849787,0.7125076549466793,23.0,2.0,1.0,0.06829268292682933,22.0,1.0
4072,0.717391304347826,999.0,0.0,1.0,0.0,1.0,8.0,0.7123034227567068,0.7082331174838112,8.0,5.0,0.0,0.0,8.0,0.0
4073,1.0,999.0,0.0,1.0,0.0,1.0,8.0,0.8654970760233919,0.7744706594071387,62.0,2.0,2.0,0.07017543859649122,1.0,61.0
4074,0.7555555555555555,999.0,0.0,1.0,0.0,1.0,21.0,0.7175805675805677,0.6347150072150073,5.0,2.0,0.0,0.0174603174603174,5.0,0.0
4075,0.7384615384615385,999.0,1.0,0.926829268292683,0.0,0.0,0.0,0.7012019230769231,0.6613008639910813,25.0,2.0,0.0,0.0040865384615385025,0.0,25.0
4076,1.0,999.0,0.0,1.0,0.0,1.0,21.0,0.797979797979798,0.7575757575757576,8.0,1.0,1.0,0.303030303030303,8.0,0.0
4077,0.5666666666666667,999.0,1.0,0.6428571428571429,0.0,0.0,0.0,0.5555926337906315,0.5466889136077122,11.0,0.0,0.0,0.014942528735632177,0.0,11.0
4078,0.38461538461538464,999.0,1.0,0.5,0.0,0.0,0.0,0.3763935340022296,0.36983612040133773,0.0,0.0,0.0,0.009615384615384637,0.0,0.0
4079,0.696969696969697,999.0,0.0,1.0,0.0,1.0,7.0,0.5252965191989581,0.4770826734241368,1.0,0.0,0.0,0.23268398268398272,0.0,1.0
4080,1.0,999.0,0.0,1.0,0.0,1.0,96.0,0.8302564102564102,0.775342175066313,18.0,4.0,1.0,0.24,2.0,16.0
4081,1.0,999.0,1.0,1.0,0.0,0.0,0.0,0.7904094827586207,0.7030782368249837,9.0,2.0,1.0,0.2068965517241379,0.0,9.0
4082,1.0,999.0,0.0,1.0,0.0,1.0,5.0,0.7365689865689866,0.6420838420838421,4.0,1.0,1.0,0.30952380952380953,1.0,3.0
4083,1.0,999.0,0.0,1.0,0.0,1.0,9.0,0.6406438631790744,0.5572030987293625,1.0,1.0,1.0,0.5352112676056338,1.0,0.0
4084,1.0,999.0,0.0,1.0,0.0,1.0,15.0,0.8252514367816092,0.7661925287356322,28.0,3.0,1.0,0.2586206896551724,10.0,18.0
4085,0.9,999.0,1.0,0.8787878787878788,0.0,0.0,0.0,0.7444444444444445,0.6283238456672992,4.0,2.0,1.0,0.1941176470588235,0.0,4.0
4086,1.0,999.0,0.0,1.0,0.0,1.0,6.0,0.7899749373433584,0.7213862098072624,17.0,1.0,1.0,0.3142857142857143,1.0,16.0
4087,0.6842105263157895,999.0,1.0,0.49122807017543857,0.0,0.0,0.0,0.614216085534396,0.5414950018444087,3.0,0.0,0.0,0.09099018733273867,0.0,3.0
4088,0.5106382978723404,999.0,1.0,0.6153846153846154,0.0,0.0,0.0,0.487075511055486,0.46295959234757733,1.0,0.0,0.0,0.030638297872340403,0.0,1.0
4089,0.7647058823529411,999.0,0.0,1.0,0.0,1.0,670.0,0.6678344622023511,0.6313824955032288,13.0,1.0,0.0,0.13055954088952648,10.0,3.0
4090,0.6721311475409836,999.0,1.0,0.7027027027027027,0.0,0.0,0.0,0.6313577133249265,0.620126103404792,23.0,0.0,0.0,0.05674653215636816,0.0,23.0
4091,0.75,999.0,0.0,1.0,0.0,1.0,17.0,0.7412280701754387,0.7270897832817338,216.0,7.0,0.0,0.0,10.0,206.0
4092,0.9310344827586207,999.0,1.0,0.9310344827586207,0.0,0.0,0.0,0.8076628352490421,0.6728329952670723,4.0,3.0,1.0,0.1724137931034483,0.0,4.0
4093,0.631578947368421,999.0,1.0,0.6842105263157895,0.0,0.0,0.0,0.6115288220551378,0.585250626566416,10.0,0.0,0.0,0.0,0.0,10.0
4094,0.8235294117647058,999.0,1.0,0.625,0.0,0.0,0.0,0.7137955182072829,0.6640667846085803,5.0,1.0,1.0,0.1485294117647058,0.0,5.0
4095,0.6052631578947368,999.0,1.0,0.6666666666666666,0.0,0.0,0.0,0.6052631578947368,0.5864641277991728,13.0,0.0,0.0,0.0,0.0,13.0
4096,0.3389830508474576,999.0,1.0,0.5625,0.0,0.0,0.0,0.31931155458356114,0.31311821918620353,0.0,0.0,0.0,0.026483050847457612,0.0,0.0
4097,1.0,999.0,0.0,1.0,0.0,1.0,69.0,0.7510822510822509,0.6395382395382395,4.0,1.0,1.0,0.31818181818181823,2.0,2.0
4098,0.6428571428571429,999.0,0.0,1.0,0.0,1.0,45.0,0.6362942612942614,0.6068942961800106,6.0,0.0,0.0,0.001831501831501825,4.0,2.0
4099,0.7166666666666667,999.0,1.0,0.6382978723404256,0.0,0.0,0.0,0.6523809523809524,0.5947820254862508,4.0,2.0,0.0,0.0,0.0,4.0
4100,0.27941176470588236,999.0,1.0,0.3157894736842105,0.0,0.0,0.0,0.2641690009337068,0.25350140056022413,0.0,0.0,0.0,0.004411764705882337,0.0,0.0
4101,1.0,999.0,0.0,1.0,0.0,1.0,67.0,0.7991452991452991,0.7414545980335454,13.0,2.0,1.0,0.2692307692307693,6.0,7.0
4102,0.4,999.0,1.0,0.47619047619047616,0.0,0.0,0.0,0.39322033898305087,0.38977835723598436,0.0,0.0,0.0,0.010169491525423735,0.0,0.0
4103,0.43243243243243246,999.0,1.0,0.5081967213114754,0.0,0.0,0.0,0.3684677976561819,0.34175483589707994,0.0,0.0,0.0,0.06534382483749573,0.0,0.0
4104,0.7037037037037037,999.0,1.0,0.6904761904761905,0.0,0.0,0.0,0.6582809224318659,0.6378256963162624,43.0,1.0,0.0,0.0621942697414396,0.0,43.0
4105,0.42857142857142855,999.0,1.0,0.4594594594594595,0.0,0.0,0.0,0.40972222222222215,0.40397286821705425,0.0,0.0,0.0,0.02380952380952378,0.0,0.0
4106,0.8082191780821918,999.0,1.0,0.4246575342465753,0.0,0.0,0.0,0.7388899607691813,0.6822228653503977,8.0,3.0,1.0,0.10399382596951579,0.0,8.0
4107,1.0,999.0,0.0,1.0,0.0,1.0,646.0,0.8421052631578947,0.7928625219646891,65.0,6.0,1.0,0.23684210526315785,62.0,3.0
4108,1.0,999.0,0.0,1.0,0.0,1.0,5.0,0.8199643493761141,0.7298357524828114,8.0,2.0,2.0,0.17647058823529416,1.0,7.0
4109,0.704225352112676,999.0,1.0,0.5573770491803278,0.0,0.0,0.0,0.6872613458528951,0.6640761057573511,8.0,2.0,0.0,0.0,0.0,8.0
4110,0.5205479452054794,999.0,1.0,0.48717948717948717,0.0,0.0,0.0,0.5046270928462709,0.4951813189989018,2.0,0.0,0.0,0.020547945205479423,0.0,2.0
4111,0.5645161290322581,999.0,1.0,1.0,0.0,0.0,0.0,0.5615292712066906,0.5470399208997652,7.0,0.0,0.0,0.0,0.0,7.0
4112,0.47619047619047616,999.0,0.0,1.0,0.0,1.0,15.0,0.4503968253968254,0.43025260902619394,0.0,0.0,0.0,0.038690476190476164,0.0,0.0
4113,0.7021276595744681,999.0,0.0,1.0,0.0,1.0,93.0,0.6711378353376504,0.5800331285530176,3.0,1.0,0.0,0.021276595744680882,3.0,0.0
4114,0.5172413793103449,999.0,1.0,0.5,0.0,0.0,0.0,0.398366606170599,0.36260536825021766,1.0,0.0,0.0,0.15517241379310348,0.0,1.0
4115,0.89,999.0,1.0,0.8045977011494253,0.0,0.0,0.0,0.8285822160579442,0.7974316161555851,22.0,7.0,2.0,0.07095238095238099,0.0,22.0
4116,0.45652173913043476,999.0,1.0,0.54,0.0,0.0,0.0,0.4368750275318268,0.4204583498524294,0.0,0.0,0.0,0.02795031055900621,0.0,0.0
4117,1.0,999.0,0.0,1.0,0.0,1.0,11.0,0.6649689731881513,0.5873596722911791,2.0,1.0,1.0,0.4794520547945206,1.0,1.0
4118,1.0,999.0,1.0,1.0,0.0,0.0,0.0,0.8783783783783784,0.779054054054054,57.0,2.0,2.0,0.0,0.0,57.0
4119,0.7169811320754716,999.0,0.0,1.0,0.0,1.0,20.0,0.5653673370654503,0.5177166428407739,2.0,1.0,0.0,0.20928882438316398,2.0,0.0
4120,0.45714285714285713,999.0,1.0,0.5806451612903226,0.0,0.0,0.0,0.43793923793923795,0.43158945369471685,0.0,0.0,0.0,0.024710424710424672,0.0,0.0
4121,0.7222222222222222,999.0,0.0,1.0,0.0,1.0,6.0,0.5077604913751884,0.4568820001542667,1.0,1.0,0.0,0.3071278825995807,1.0,0.0
4122,0.47540983606557374,999.0,1.0,0.4722222222222222,0.0,0.0,0.0,0.4352194606028556,0.3943442367481868,0.0,0.0,0.0,0.0,0.0,0.0
4123,0.46808510638297873,999.0,1.0,0.4883720930232558,0.0,0.0,0.0,0.44947908241310713,0.43843019606295125,0.0,0.0,0.0,0.01910551454624404,0.0,0.0
4124,1.0,999.0,0.0,1.0,0.0,1.0,150.0,0.7488328664799253,0.6595038015206083,5.0,1.0,1.0,0.37254901960784315,4.0,1.0
4125,1.0,999.0,0.0,1.0,0.0,1.0,23.0,0.924264007597341,0.8701918277389975,137.0,16.0,3.0,0.09259259259259256,1.0,136.0
4126,0.18604651162790697,999.0,1.0,0.2222222222222222,0.0,0.0,0.0,0.184349959543758,0.18069769502450042,0.0,0.0,0.0,0.0008613264427217993,0.0,0.0
4127,0.9402985074626866,999.0,0.0,1.0,0.0,1.0,1.0,0.8405691698065446,0.730880410130152,5.0,3.0,2.0,0.12601279317697234,1.0,4.0
4128,0.6046511627906976,999.0,1.0,0.5,0.0,0.0,0.0,0.4885544265610237,0.45538336818732644,1.0,0.0,0.0,0.16986855409504548,0.0,1.0
4129,0.4032258064516129,999.0,1.0,0.5510204081632653,0.0,0.0,0.0,0.39381720430107525,0.38591718825228694,0.0,0.0,0.0,0.0,0.0,0.0
4130,0.821917808219178,999.0,1.0,0.7058823529411765,0.0,0.0,0.0,0.810008638775762,0.804924102184376,396.0,21.0,2.0,0.01110699740836718,0.0,396.0
4131,0.6666666666666666,999.0,1.0,0.575,0.0,0.0,0.0,0.6336996336996337,0.6074149021709997,5.0,0.0,0.0,0.04761904761904756,0.0,5.0
4132,0.6216216216216216,999.0,1.0,0.41379310344827586,0.0,0.0,0.0,0.5698140448140449,0.4943077817271366,3.0,0.0,0.0,0.046621621621621645,0.0,3.0
4133,0.34146341463414637,999.0,1.0,0.425531914893617,0.0,0.0,0.0,0.3115667098699973,0.2964841854661579,0.0,0.0,0.0,0.037115588547189826,0.0,0.0
4134,1.0,999.0,0.0,1.0,0.0,1.0,14.0,0.757957957957958,0.6628962307835546,5.0,2.0,1.0,0.2666666666666667,1.0,4.0
4135,0.2127659574468085,999.0,1.0,0.2631578947368421,0.0,0.0,0.0,0.19912711402073105,0.19498344307844556,0.0,0.0,0.0,0.020458265139116194,0.0,0.0
4136,0.6388888888888888,999.0,1.0,0.45161290322580644,0.0,0.0,0.0,0.5849827560353876,0.4681325107640896,3.0,0.0,0.0,0.04914529914529908,0.0,3.0
4137,0.8070175438596491,999.0,0.0,1.0,0.0,1.0,7.0,0.7937370307489152,0.7776335667923797,547.0,22.0,2.0,0.007017543859649034,5.0,542.0
4138,1.0,999.0,0.0,1.0,0.0,1.0,4.0,0.7000000000000001,0.5997962648556876,3.0,1.0,1.0,0.4,1.0,2.0
4139,1.0,999.0,0.0,1.0,0.0,1.0,1098.0,0.8455974842767295,0.7649446974625894,26.0,2.0,2.0,0.1132075471698113,13.0,13.0
4140,0.6,999.0,1.0,0.5476190476190477,0.0,0.0,0.0,0.49708644020988674,0.4610888062381725,1.0,0.0,0.0,0.1352112676056338,0.0,1.0
4141,0.7631578947368421,999.0,1.0,0.5652173913043478,0.0,0.0,0.0,0.679406850459482,0.5876384986034109,3.0,2.0,0.0,0.0,0.0,3.0
4142,1.0,999.0,0.0,1.0,0.0,1.0,670.0,0.7121511755658098,0.5735870016357821,2.0,1.0,1.0,0.3513513513513513,2.0,0.0
4143,0.625,999.0,0.0,1.0,0.0,1.0,69.0,0.4883333333333333,0.4366507936507936,1.0,0.0,0.0,0.185,1.0,0.0
4144,0.6804123711340206,999.0,1.0,0.5666666666666667,0.0,0.0,0.0,0.6576694931149156,0.6079613699027806,6.0,0.0,0.0,0.027351146644224777,0.0,6.0
4145,0.5142857142857142,999.0,1.0,0.5142857142857142,0.0,0.0,0.0,0.4145320197044335,0.3805021575590942,1.0,0.0,0.0,0.13497536945812805,0.0,1.0
4146,1.0,999.0,0.0,1.0,0.0,1.0,17.0,0.832033788174139,0.7220153882369121,4.0,3.0,1.0,0.2407407407407407,3.0,1.0
4147,1.0,999.0,0.0,1.0,0.0,1.0,6.0,0.8740896358543417,0.7866159436747673,18.0,3.0,2.0,0.15714285714285714,5.0,13.0
4148,1.0,999.0,0.0,1.0,0.0,1.0,21.0,0.797979797979798,0.7575757575757576,8.0,1.0,1.0,0.303030303030303,8.0,0.0
4149,1.0,999.0,0.0,1.0,0.0,1.0,974.0,0.8533333333333334,0.8012857142857144,66.0,4.0,1.0,0.21999999999999997,40.0,26.0
4150,0.11428571428571428,999.0,1.0,0.15,0.0,0.0,0.0,0.11216931216931215,0.10940685045948202,0.0,0.0,0.0,0.003174603174603177,0.0,0.0
4151,1.0,999.0,0.0,1.0,0.0,1.0,24.0,0.8109161793372319,0.764327485380117,21.0,3.0,1.0,0.2777777777777778,4.0,17.0
4152,0.6181818181818182,999.0,1.0,0.6,0.0,0.0,0.0,0.6108225108225108,0.5698833370019811,4.0,0.0,0.0,0.01103896103896107,0.0,4.0
4153,0.4,999.0,1.0,0.5,0.0,0.0,0.0,0.3328207671957672,0.3163818468802646,0.0,0.0,0.0,0.09841269841269845,0.0,0.0
4154,1.0,999.0,0.0,1.0,0.0,1.0,8.0,0.5343320848938826,0.4257730162877798,1.0,1.0,1.0,0.6666666666666667,1.0,0.0
4155,0.6222222222222222,999.0,1.0,0.6222222222222222,0.0,0.0,0.0,0.5845502645502646,0.5747301587301588,52.0,0.0,0.0,0.050793650793650835,0.0,52.0
4156,1.0,999.0,0.0,1.0,0.0,1.0,47.0,0.7854561878952123,0.6548657304754866,3.0,2.0,1.0,0.2777777777777778,3.0,0.0
4157,1.0,999.0,0.0,1.0,0.0,1.0,974.0,0.7627923976608186,0.6772832817337461,6.0,1.0,1.0,0.3157894736842105,6.0,0.0
4158,0.578125,999.0,1.0,0.5689655172413793,0.0,0.0,0.0,0.5463846697682905,0.4892328969455835,2.0,0.0,0.0,0.009159482758620663,0.0,2.0
4159,1.0,999.0,0.0,1.0,0.0,1.0,97.0,0.8726817042606516,0.8278452228131303,9.0,6.0,2.0,0.17142857142857137,9.0,0.0
4160,1.0,999.0,0.0,1.0,0.0,1.0,11.0,0.7827097089752996,0.6432796715390259,3.0,2.0,1.0,0.25531914893617025,2.0,1.0
4161,1.0,999.0,0.0,1.0,0.0,1.0,12.0,0.8844797178130511,0.7713267413974405,15.0,3.0,2.0,0.1428571428571429,2.0,13.0
4162,1.0,999.0,1.0,1.0,0.0,0.0,0.0,0.9114219114219114,0.8544289044289044,271.0,13.0,2.0,0.06060606060606055,0.0,271.0
4163,0.7441860465116279,999.0,1.0,0.574468085106383,0.0,0.0,0.0,0.6748994171311935,0.6468001153949953,46.0,1.0,0.0,0.09112482202183203,0.0,46.0
4164,1.0,999.0,0.0,1.0,0.0,1.0,3.0,0.871345029239766,0.8401427297056199,327.0,17.0,4.0,0.19298245614035092,3.0,324.0
4165,0.32558139534883723,999.0,0.0,1.0,0.0,1.0,25.0,0.3190950798924221,0.31012242511146876,0.0,0.0,0.0,0.0,0.0,0.0
4166,1.0,999.0,0.0,1.0,0.0,1.0,7.0,1.0,0.8755555555555556,8.0,3.0,3.0,0.0,2.0,6.0
4167,1.0,999.0,0.0,1.0,0.0,1.0,10.0,0.96875,0.9127651515151515,11.0,6.0,4.0,0.0,1.0,10.0
4168,0.8611111111111112,999.0,0.0,1.0,0.0,1.0,701.0,0.7621955994049018,0.7260114562440144,46.0,3.0,1.0,0.14018087855297168,45.0,1.0
4169,0.4583333333333333,999.0,1.0,0.44680851063829785,0.0,0.0,0.0,0.409853249475891,0.3926730832887735,0.0,0.0,0.0,0.06210691823899367,0.0,0.0
4170,0.5294117647058824,999.0,1.0,0.75,0.0,0.0,0.0,0.5099182726263748,0.4823985888198067,2.0,0.0,0.0,0.019977802441731418,0.0,2.0
4171,0.345679012345679,999.0,1.0,0.4888888888888889,0.0,0.0,0.0,0.32890155112377334,0.32325556482060547,0.0,0.0,0.0,0.025166191832858453,0.0,0.0
4172,0.72,999.0,1.0,0.7083333333333334,0.0,0.0,0.0,0.684596912521441,0.6515914808461979,58.0,1.0,0.0,0.04075471698113209,0.0,58.0
4173,1.0,999.0,1.0,1.0,0.0,0.0,0.0,0.8412698412698413,0.8048351648351648,15.0,6.0,1.0,0.23809523809523814,0.0,15.0
4174,0.8481012658227848,999.0,1.0,0.863013698630137,0.0,0.0,0.0,0.842305932591124,0.8238591693107719,39.0,11.0,4.0,0.0047277718468811125,0.0,39.0
4175,0.8115942028985508,999.0,0.0,1.0,0.0,1.0,196.0,0.8038266825491364,0.7937235509858624,181.0,14.0,2.0,0.0033750248163589847,113.0,68.0
4176,0.7386363636363636,999.0,1.0,0.6746987951807228,0.0,0.0,0.0,0.7251393242772554,0.7109456635318705,29.0,3.0,0.0,0.0030041797283176797,0.0,29.0
4177,0.373134328358209,999.0,1.0,0.3076923076923077,0.0,0.0,0.0,0.3724121328839673,0.3646237503186157,0.0,0.0,0.0,0.0,0.0,0.0
4178,0.9178082191780822,999.0,1.0,0.8955223880597015,0.0,0.0,0.0,0.9162647115570133,0.8834781251798219,30.0,18.0,7.0,0.0023152614316033215,0.0,30.0
4179,1.0,999.0,0.0,1.0,0.0,1.0,974.0,0.8222222222222223,0.7606819421713038,17.0,4.0,1.0,0.2666666666666667,11.0,6.0
4180,0.5714285714285714,999.0,1.0,0.47368421052631576,0.0,0.0,0.0,0.44789510006901306,0.41156113411548195,1.0,0.0,0.0,0.18012422360248442,0.0,1.0
4181,0.5,999.0,1.0,0.6415094339622641,0.0,0.0,0.0,0.4850552306692657,0.47226120857699805,1.0,0.0,0.0,0.018518518518518545,0.0,1.0
4182,0.5192307692307693,999.0,1.0,0.6129032258064516,0.0,0.0,0.0,0.496969696969697,0.4904895104895105,1.0,0.0,0.0,0.028321678321678367,0.0,1.0
4183,0.4262295081967213,999.0,1.0,0.5833333333333334,0.0,0.0,0.0,0.42440268856719815,0.41520195796790504,0.0,0.0,0.0,0.00030358227079535505,0.0,0.0
4184,1.0,999.0,0.0,1.0,0.0,1.0,1073.0,0.8421052631578947,0.8041003671970625,132.0,9.0,1.0,0.23684210526315785,91.0,41.0
4185,1.0,999.0,0.0,1.0,0.0,1.0,17.0,0.8558139534883722,0.8157105943152455,12.0,5.0,2.0,0.19999999999999996,9.0,3.0
4186,0.5208333333333334,999.0,1.0,0.7575757575757576,0.0,0.0,0.0,0.5005341880341881,0.4739672364672365,2.0,0.0,0.0,0.02083333333333337,0.0,2.0
4187,0.7213114754098361,999.0,1.0,0.6896551724137931,0.0,0.0,0.0,0.6828945189600928,0.6363167979561423,10.0,2.0,0.0,0.0,0.0,10.0
4188,0.5636363636363636,999.0,1.0,0.5471698113207547,0.0,0.0,0.0,0.5138047138047138,0.4829683628740232,1.0,0.0,0.0,0.07474747474747473,0.0,1.0
4189,0.6818181818181818,999.0,1.0,0.5833333333333334,0.0,0.0,0.0,0.6336654213366542,0.6024214750242146,7.0,0.0,0.0,0.02428393524283934,0.0,7.0
4190,1.0,999.0,0.0,1.0,0.0,1.0,16.0,0.7807807807807808,0.683102614809932,6.0,1.0,1.0,0.32432432432432434,1.0,5.0
4191,1.0,999.0,0.0,1.0,0.0,1.0,7.0,0.9623655913978495,0.9144729262672812,283.0,36.0,8.0,0.0,7.0,276.0
4192,0.7014925373134329,999.0,1.0,0.5,0.0,0.0,0.0,0.7014925373134329,0.7014925373134329,316.0,8.0,0.0,0.0,0.0,316.0
4193,0.7884615384615384,999.0,1.0,0.6857142857142857,0.0,0.0,0.0,0.7756410256410257,0.7422987007148316,179.0,3.0,0.0,0.019230769230769162,0.0,179.0
4194,0.75,999.0,1.0,0.75,0.0,0.0,0.0,0.6929824561403509,0.6411740890688259,8.0,2.0,0.0,0.0,0.0,8.0
4195,1.0,999.0,0.0,1.0,0.0,1.0,69.0,0.9393939393939394,0.8545454545454547,25.0,4.0,4.0,0.09090909090909094,3.0,22.0
4196,1.0,999.0,0.0,1.0,0.0,1.0,5.0,0.9019607843137255,0.814894419306184,7.0,4.0,3.0,0.1470588235294118,1.0,6.0
4197,0.72,999.0,1.0,0.43478260869565216,0.0,0.0,0.0,0.7015384615384616,0.6901054668601838,48.0,1.0,0.0,0.027692307692307683,0.0,48.0
4198,0.6101694915254238,999.0,1.0,0.54,0.0,0.0,0.0,0.5537866559053,0.5140180252892117,3.0,0.0,0.0,0.07683615819209044,0.0,3.0
4199,0.4230769230769231,999.0,1.0,0.4772727272727273,0.0,0.0,0.0,0.412290008841733,0.3882830962141307,0.0,0.0,0.0,0.009283819628647216,0.0,0.0
4200,1.0,999.0,0.0,1.0,0.0,1.0,1098.0,0.8076923076923078,0.7665325959443607,127.0,5.0,1.0,0.28846153846153844,53.0,74.0
4201,1.0,999.0,0.0,1.0,0.0,1.0,21.0,0.8033126293995859,0.7500998225377107,48.0,2.0,1.0,0.2857142857142857,4.0,44.0
4202,0.8524590163934426,999.0,0.0,1.0,0.0,1.0,1098.0,0.8128777529392283,0.7607399635828189,18.0,4.0,2.0,0.00870901639344257,10.0,8.0
4203,0.4878048780487805,999.0,1.0,0.5166666666666667,0.0,0.0,0.0,0.46696288126706326,0.4494363182719921,0.0,0.0,0.0,0.008931638612160786,0.0,0.0
4204,0.3258426966292135,999.0,1.0,0.3389830508474576,0.0,0.0,0.0,0.32241339722841506,0.3171593785432346,0.0,0.0,0.0,0.0015183723048891595,0.0,0.0
4205,0.4625,999.0,1.0,0.6507936507936508,0.0,0.0,0.0,0.45871693121693125,0.44023015873015875,0.0,0.0,0.0,0.0021825396825397303,0.0,0.0
4206,0.5483870967741935,999.0,1.0,0.7241379310344828,0.0,0.0,0.0,0.5342642579627758,0.527176912265588,6.0,0.0,0.0,0.02029720913374411,0.0,6.0
4207,0.5138888888888888,999.0,0.0,1.0,0.0,1.0,7.0,0.5069127346524607,0.4998820472301082,3.0,0.0,0.0,0.0070395738203956615,0.0,3.0
4208,0.5671641791044776,999.0,0.0,1.0,0.0,1.0,7.0,0.5448820210541495,0.5344371276030913,8.0,0.0,0.0,0.03093229504650652,1.0,7.0
4209,1.0,999.0,1.0,1.0,0.0,0.0,0.0,0.8843053579895686,0.8511095305832148,16.0,10.0,6.0,0.1578947368421053,0.0,16.0
4210,1.0,999.0,1.0,1.0,0.0,0.0,0.0,0.8843053579895686,0.8511095305832148,16.0,10.0,6.0,0.1578947368421053,0.0,16.0
4211,0.5862068965517241,999.0,0.0,1.0,0.0,1.0,7.0,0.5755480183405565,0.5701375541737328,12.0,0.0,0.0,0.012436404748445429,2.0,10.0
4212,0.4177215189873418,999.0,1.0,0.4057971014492754,0.0,0.0,0.0,0.3893398046211833,0.3690802935035148,0.0,0.0,0.0,0.008082964770474321,0.0,0.0
4213,0.4888888888888889,999.0,1.0,1.0,0.0,0.0,0.0,0.4835861201866461,0.463485005445321,0.0,0.0,0.0,0.005742821473158521,0.0,0.0
4214,0.4888888888888889,999.0,1.0,1.0,0.0,0.0,0.0,0.4835861201866461,0.463485005445321,0.0,0.0,0.0,0.005742821473158521,0.0,0.0
4215,0.4888888888888889,999.0,1.0,1.0,0.0,0.0,0.0,0.4835861201866461,0.463485005445321,0.0,0.0,0.0,0.005742821473158521,0.0,0.0
4216,0.4888888888888889,999.0,1.0,1.0,0.0,0.0,0.0,0.4835861201866461,0.463485005445321,0.0,0.0,0.0,0.005742821473158521,0.0,0.0
4217,0.5510204081632653,999.0,1.0,1.0,0.0,0.0,0.0,0.5119552771603691,0.5002028692665185,1.0,0.0,0.0,0.05597090321277021,0.0,1.0
4218,0.42857142857142855,999.0,1.0,0.4057971014492754,0.0,0.0,0.0,0.3931083532344151,0.37293571901135614,0.0,0.0,0.0,0.02613240418118462,0.0,0.0
4219,0.40229885057471265,999.0,1.0,0.4666666666666667,0.0,0.0,0.0,0.3457457534763786,0.33067194188174553,0.0,0.0,0.0,0.08314991440449987,0.0,0.0
4220,0.40229885057471265,999.0,1.0,0.4666666666666667,0.0,0.0,0.0,0.3457457534763786,0.33067194188174553,0.0,0.0,0.0,0.08314991440449987,0.0,0.0
4221,0.40229885057471265,999.0,1.0,0.4666666666666667,0.0,0.0,0.0,0.3457457534763786,0.33067194188174553,0.0,0.0,0.0,0.08314991440449987,0.0,0.0
4222,0.6176470588235294,999.0,0.0,1.0,0.0,1.0,12.0,0.563710481130603,0.5121758685102945,2.0,0.0,0.0,0.008951406649616356,2.0,0.0
4223,0.6428571428571429,999.0,0.0,1.0,0.0,1.0,45.0,0.6362942612942614,0.6068942961800106,6.0,0.0,0.0,0.001831501831501825,4.0,2.0
4224,0.6060606060606061,999.0,1.0,0.4057971014492754,0.0,0.0,0.0,0.5702538202538202,0.5434856254856255,5.0,0.0,0.0,0.029137529137529206,0.0,5.0
4225,0.5833333333333334,999.0,1.0,0.29545454545454547,0.0,0.0,0.0,0.530525611216797,0.5061779280866154,2.0,0.0,0.0,0.05701754385964919,0.0,2.0
4226,0.5072463768115942,999.0,1.0,0.5303030303030303,0.0,0.0,0.0,0.48095238095238096,0.40250780084113413,1.0,0.0,0.0,0.014492753623188415,0.0,1.0
4227,0.5072463768115942,999.0,1.0,0.5303030303030303,0.0,0.0,0.0,0.48095238095238096,0.40250780084113413,1.0,0.0,0.0,0.014492753623188415,0.0,1.0
4228,0.49206349206349204,999.0,1.0,0.5166666666666667,0.0,0.0,0.0,0.44408586727863836,0.4242292981449608,0.0,0.0,0.0,0.061507936507936456,0.0,0.0
4229,0.5072463768115942,999.0,1.0,0.5303030303030303,0.0,0.0,0.0,0.48095238095238096,0.40250780084113413,1.0,0.0,0.0,0.014492753623188415,0.0,1.0
4230,0.48,999.0,1.0,0.5217391304347826,0.0,0.0,0.0,0.4766666666666666,0.4670550198525241,0.0,0.0,0.0,0.0050000000000000044,0.0,0.0
4231,0.48,999.0,1.0,0.5217391304347826,0.0,0.0,0.0,0.4766666666666666,0.4670550198525241,0.0,0.0,0.0,0.0050000000000000044,0.0,0.0
4232,0.48,999.0,1.0,0.5217391304347826,0.0,0.0,0.0,0.4766666666666666,0.4670550198525241,0.0,0.0,0.0,0.0050000000000000044,0.0,0.0
4233,0.6333333333333333,999.0,1.0,0.6333333333333333,0.0,0.0,0.0,0.6265232974910394,0.6015918094356125,9.0,0.0,0.0,0.0,0.0,9.0
4234,0.6333333333333333,999.0,1.0,0.6333333333333333,0.0,0.0,0.0,0.6265232974910394,0.6015918094356125,9.0,0.0,0.0,0.0,0.0,9.0
4235,0.6333333333333333,999.0,1.0,0.6333333333333333,0.0,0.0,0.0,0.6265232974910394,0.6015918094356125,9.0,0.0,0.0,0.0,0.0,9.0
4236,0.48,999.0,1.0,0.5217391304347826,0.0,0.0,0.0,0.4766666666666666,0.4670550198525241,0.0,0.0,0.0,0.0050000000000000044,0.0,0.0
4237,0.48,999.0,1.0,0.5217391304347826,0.0,0.0,0.0,0.4766666666666666,0.4670550198525241,0.0,0.0,0.0,0.0050000000000000044,0.0,0.0
4238,0.48,999.0,1.0,0.5217391304347826,0.0,0.0,0.0,0.4766666666666666,0.4670550198525241,0.0,0.0,0.0,0.0050000000000000044,0.0,0.0
4239,0.6333333333333333,999.0,1.0,0.6333333333333333,0.0,0.0,0.0,0.6265232974910394,0.6015918094356125,9.0,0.0,0.0,0.0,0.0,9.0
4240,0.6333333333333333,999.0,1.0,0.6333333333333333,0.0,0.0,0.0,0.6265232974910394,0.6015918094356125,9.0,0.0,0.0,0.0,0.0,9.0
4241,0.6333333333333333,999.0,1.0,0.6333333333333333,0.0,0.0,0.0,0.6265232974910394,0.6015918094356125,9.0,0.0,0.0,0.0,0.0,9.0
4242,0.4897959183673469,999.0,1.0,0.5333333333333333,0.0,0.0,0.0,0.48805163090877374,0.47830716902145476,0.0,0.0,0.0,0.002616431187859758,0.0,0.0
4243,0.4897959183673469,999.0,1.0,0.5333333333333333,0.0,0.0,0.0,0.48805163090877374,0.47830716902145476,0.0,0.0,0.0,0.002616431187859758,0.0,0.0
4244,0.4897959183673469,999.0,1.0,0.5333333333333333,0.0,0.0,0.0,0.48805163090877374,0.47830716902145476,0.0,0.0,0.0,0.002616431187859758,0.0,0.0
4245,0.6551724137931034,999.0,1.0,0.6551724137931034,0.0,0.0,0.0,0.6478927203065133,0.6101883348866107,8.0,0.0,0.0,0.0,0.0,8.0
4246,0.6551724137931034,999.0,1.0,0.6551724137931034,0.0,0.0,0.0,0.6478927203065133,0.6101883348866107,8.0,0.0,0.0,0.0,0.0,8.0
4247,0.6551724137931034,999.0,1.0,0.6551724137931034,0.0,0.0,0.0,0.6478927203065133,0.6101883348866107,8.0,0.0,0.0,0.0,0.0,8.0
4248,0.2542372881355932,999.0,1.0,0.2647058823529412,0.0,0.0,0.0,0.25020469990993205,0.24173121155435084,0.0,0.0,0.0,0.004237288135593209,0.0,0.0
4249,0.25,999.0,1.0,0.30158730158730157,0.0,0.0,0.0,0.24152263374485594,0.23780201974809317,0.0,0.0,0.0,0.010000000000000009,0.0,0.0
4250,0.47058823529411764,999.0,1.0,0.7380952380952381,0.0,0.0,0.0,0.45513963161021986,0.4265084365003785,0.0,0.0,0.0,0.0,0.0,0.0
4251,0.45714285714285713,999.0,0.0,1.0,0.0,1.0,6.0,0.44228249949768933,0.4308946138538648,0.0,0.0,0.0,0.01410488245931285,0.0,0.0
4252,0.463768115942029,999.0,1.0,0.7380952380952381,0.0,0.0,0.0,0.42001898069386706,0.40304938293257564,0.0,0.0,0.0,0.045857668180834976,0.0,0.0
4253,0.5901639344262295,999.0,1.0,0.7380952380952381,0.0,0.0,0.0,0.5732794676945829,0.5439676806167497,5.0,0.0,0.0,0.0028623471246421728,0.0,5.0
4254,0.5573770491803278,999.0,1.0,0.7380952380952381,0.0,0.0,0.0,0.5278346994535519,0.4993058616889379,2.0,0.0,0.0,0.0,0.0,2.0
4255,0.47692307692307695,999.0,1.0,0.7380952380952381,0.0,0.0,0.0,0.4294225382460677,0.4144102797043974,0.0,0.0,0.0,0.06263736263736264,0.0,0.0
4256,0.53125,999.0,1.0,0.7380952380952381,0.0,0.0,0.0,0.4737456082564779,0.4479198036263254,1.0,0.0,0.0,0.061553030303030276,0.0,1.0
4257,0.7868852459016393,999.0,1.0,0.7380952380952381,0.0,0.0,0.0,0.6865375062096373,0.609103365349765,3.0,1.0,0.0,0.15052160953800298,0.0,3.0
4258,0.8,999.0,1.0,0.7380952380952381,0.0,0.0,0.0,0.7043512043512044,0.6267964151525796,4.0,1.0,1.0,0.13846153846153852,0.0,4.0
4259,0.6229508196721312,999.0,1.0,0.7380952380952381,0.0,0.0,0.0,0.5498662620038474,0.5119041496214835,2.0,0.0,0.0,0.07456372289793767,0.0,2.0
4260,0.41818181818181815,999.0,1.0,0.65625,0.0,0.0,0.0,0.40352229188436084,0.39880561724485347,0.0,0.0,0.0,0.021630094043887105,0.0,0.0
4261,0.7058823529411765,999.0,1.0,0.7073170731707317,0.0,0.0,0.0,0.5573993808049535,0.5069886480908152,2.0,1.0,0.0,0.17956656346749233,0.0,2.0
4262,0.5131578947368421,999.0,1.0,0.6507936507936508,0.0,0.0,0.0,0.4979614529280949,0.4616569635526114,2.0,0.0,0.0,0.006115641215715395,0.0,2.0
4263,0.52,999.0,1.0,0.6612903225806451,0.0,0.0,0.0,0.5047619047619047,0.46771168296880905,2.0,0.0,0.0,0.005714285714285783,0.0,2.0
4264,0.5131578947368421,999.0,1.0,0.6507936507936508,0.0,0.0,0.0,0.4979614529280949,0.4616569635526114,2.0,0.0,0.0,0.006115641215715395,0.0,2.0
4265,0.3617021276595745,999.0,1.0,0.3770491803278688,0.0,0.0,0.0,0.34973404255319146,0.34021794967590085,0.0,0.0,0.0,0.007535460992907805,0.0,0.0
4266,0.3617021276595745,999.0,1.0,0.3770491803278688,0.0,0.0,0.0,0.34973404255319146,0.34021794967590085,0.0,0.0,0.0,0.007535460992907805,0.0,0.0
4267,0.32894736842105265,999.0,1.0,0.32894736842105265,0.0,0.0,0.0,0.308061821219716,0.29912280701754385,0.0,0.0,0.0,0.03132832080200504,0.0,0.0
4268,0.34285714285714286,999.0,1.0,0.21951219512195122,0.0,0.0,0.0,0.3391223155929038,0.3325056474202584,0.0,0.0,0.0,0.001680672268907557,0.0,0.0
4269,0.32222222222222224,999.0,1.0,0.23529411764705882,0.0,0.0,0.0,0.31849174475680503,0.3135440264459198,0.0,0.0,0.0,0.0022222222222222365,0.0,0.0
4270,0.32222222222222224,999.0,1.0,0.23529411764705882,0.0,0.0,0.0,0.31849174475680503,0.3135440264459198,0.0,0.0,0.0,0.0022222222222222365,0.0,0.0
4271,0.4339622641509434,999.0,1.0,0.4339622641509434,0.0,0.0,0.0,0.38451027705904584,0.36252077739018007,0.0,0.0,0.0,0.07032590051457976,0.0,0.0
4272,0.4339622641509434,999.0,1.0,0.4339622641509434,0.0,0.0,0.0,0.38451027705904584,0.36252077739018007,0.0,0.0,0.0,0.07032590051457976,0.0,0.0
4273,0.4339622641509434,999.0,1.0,0.4339622641509434,0.0,0.0,0.0,0.38451027705904584,0.36252077739018007,0.0,0.0,0.0,0.07032590051457976,0.0,0.0
4274,0.7894736842105263,999.0,0.0,1.0,0.0,1.0,6.0,0.7241595367729668,0.6681844214241213,5.0,2.0,0.0,0.01361161524500909,3.0,2.0
4275,0.8623853211009175,999.0,1.0,0.6666666666666666,0.0,0.0,0.0,0.7374617737003057,0.6793901780895845,6.0,1.0,1.0,0.17905198776758413,0.0,6.0
4276,0.5357142857142857,999.0,1.0,0.7843137254901961,0.0,0.0,0.0,0.5001690425246154,0.4860004402930943,1.0,0.0,0.0,0.04514824797843664,0.0,1.0
4277,0.5128205128205128,999.0,1.0,0.7111111111111111,0.0,0.0,0.0,0.5063832089148544,0.4985667674541759,3.0,0.0,0.0,0.006491398896462108,0.0,3.0
4278,0.5573770491803278,999.0,0.0,1.0,0.0,1.0,7.0,0.5455807095151357,0.538213810324466,7.0,0.0,0.0,0.01769450949778817,0.0,7.0
4279,0.6065573770491803,999.0,0.0,1.0,0.0,1.0,176.0,0.4803776488024529,0.45375039880528123,1.0,0.0,0.0,0.1862675219767166,1.0,0.0
4280,0.7272727272727273,999.0,1.0,0.5,0.0,0.0,0.0,0.6271409749670619,0.564963830263256,3.0,1.0,0.0,0.11857707509881421,0.0,3.0
4281,0.4666666666666667,999.0,1.0,0.7027027027027027,0.0,0.0,0.0,0.46461988304093566,0.4578016637838728,0.0,0.0,0.0,0.0,0.0,0.0
4282,0.7272727272727273,999.0,0.0,1.0,0.0,1.0,21.0,0.6551306799031774,0.6222577392488973,20.0,1.0,0.0,0.07610993657505283,9.0,11.0
4283,0.75,999.0,1.0,1.0,0.0,0.0,0.0,0.6949388209121246,0.6670243426083248,16.0,1.0,0.0,0.06034482758620685,0.0,16.0
4284,0.3698630136986301,999.0,1.0,0.6730769230769231,0.0,0.0,0.0,0.36138290932811484,0.3526224285236982,0.0,0.0,0.0,0.00622665006226647,0.0,0.0
4285,0.35802469135802467,999.0,1.0,0.6730769230769231,0.0,0.0,0.0,0.34995251661918325,0.3440800371032929,0.0,0.0,0.0,0.011870845204178526,0.0,0.0
4286,0.576271186440678,999.0,1.0,0.6730769230769231,0.0,0.0,0.0,0.5490679087077392,0.5310217728926278,4.0,0.0,0.0,0.03658864675813833,0.0,4.0
4287,0.4523809523809524,999.0,1.0,0.6730769230769231,0.0,0.0,0.0,0.44240171455361327,0.4276031908943301,0.0,0.0,0.0,0.007936507936507964,0.0,0.0
4288,0.4523809523809524,999.0,1.0,0.6730769230769231,0.0,0.0,0.0,0.44240171455361327,0.4276031908943301,0.0,0.0,0.0,0.007936507936507964,0.0,0.0
4289,0.4523809523809524,999.0,1.0,0.6730769230769231,0.0,0.0,0.0,0.44240171455361327,0.4276031908943301,0.0,0.0,0.0,0.007936507936507964,0.0,0.0
4290,0.3103448275862069,999.0,1.0,0.46296296296296297,0.0,0.0,0.0,0.30448643523356167,0.29318342386941065,0.0,0.0,0.0,0.003526645768025083,0.0,0.0
4291,0.44155844155844154,999.0,1.0,0.4057971014492754,0.0,0.0,0.0,0.4002123441147831,0.37707647890181334,0.0,0.0,0.0,0.026924295216978145,0.0,0.0
4292,0.44155844155844154,999.0,1.0,0.4057971014492754,0.0,0.0,0.0,0.4002123441147831,0.37707647890181334,0.0,0.0,0.0,0.026924295216978145,0.0,0.0
4293,0.44155844155844154,999.0,1.0,0.4057971014492754,0.0,0.0,0.0,0.4002123441147831,0.37707647890181334,0.0,0.0,0.0,0.026924295216978145,0.0,0.0
4294,0.44155844155844154,999.0,1.0,0.4057971014492754,0.0,0.0,0.0,0.4002123441147831,0.37707647890181334,0.0,0.0,0.0,0.026924295216978145,0.0,0.0
4295,0.3425925925925926,999.0,1.0,0.35802469135802467,0.0,0.0,0.0,0.33205298987948684,0.3228218751214599,0.0,0.0,0.0,0.0058578987150416095,0.0,0.0
4296,0.3425925925925926,999.0,1.0,0.35802469135802467,0.0,0.0,0.0,0.33205298987948684,0.3228218751214599,0.0,0.0,0.0,0.0058578987150416095,0.0,0.0
4297,0.3425925925925926,999.0,1.0,0.35802469135802467,0.0,0.0,0.0,0.33205298987948684,0.3228218751214599,0.0,0.0,0.0,0.0058578987150416095,0.0,0.0
4298,0.3425925925925926,999.0,1.0,0.35802469135802467,0.0,0.0,0.0,0.33205298987948684,0.3228218751214599,0.0,0.0,0.0,0.0058578987150416095,0.0,0.0
4299,0.3425925925925926,999.0,1.0,0.35802469135802467,0.0,0.0,0.0,0.33205298987948684,0.3228218751214599,0.0,0.0,0.0,0.0058578987150416095,0.0,0.0
4300,0.3425925925925926,999.0,1.0,0.35802469135802467,0.0,0.0,0.0,0.33205298987948684,0.3228218751214599,0.0,0.0,0.0,0.0058578987150416095,0.0,0.0
4301,0.6056338028169014,999.0,1.0,0.5849056603773585,0.0,0.0,0.0,0.5506772830716492,0.478528435570689,3.0,0.0,0.0,0.06717226435536294,0.0,3.0
4302,0.42857142857142855,999.0,0.0,1.0,0.0,1.0,6.0,0.4068452380952381,0.3938153656688139,0.0,0.0,0.0,0.022321428571428548,0.0,0.0
4303,0.7333333333333333,999.0,0.0,1.0,0.0,1.0,6.0,0.717512360135311,0.6333167806296816,4.0,3.0,0.0,0.01904761904761898,4.0,0.0
4304,0.6981132075471698,999.0,0.0,1.0,0.0,1.0,10.0,0.6771488469601676,0.6241464510332435,5.0,0.0,0.0,0.03144654088050314,5.0,0.0
4305,0.7037037037037037,999.0,0.0,1.0,0.0,1.0,10.0,0.6833001213953596,0.6017740739690776,3.0,1.0,0.0,0.03023431594860171,3.0,0.0
4306,0.6415094339622641,999.0,0.0,1.0,0.0,1.0,10.0,0.5473752555939956,0.47658110699180306,2.0,0.0,0.0,0.13241852487135508,2.0,0.0
4307,0.6610169491525424,999.0,1.0,1.0,0.0,0.0,0.0,0.618703903154898,0.5966191672897642,11.0,0.0,0.0,0.04563233376792697,0.0,11.0
4308,0.5789473684210527,999.0,1.0,1.0,0.0,0.0,0.0,0.5245979306129683,0.508984723020321,2.0,0.0,0.0,0.07389686337054757,0.0,2.0
4309,0.54,999.0,1.0,1.0,0.0,0.0,0.0,0.5228049970106046,0.5119408056384821,4.0,0.0,0.0,0.016635514018691677,0.0,4.0
4310,0.5729166666666666,999.0,1.0,1.0,0.0,0.0,0.0,0.5192550505050505,0.5037098930481283,2.0,0.0,0.0,0.07291666666666663,0.0,2.0
4311,0.5346534653465347,999.0,1.0,1.0,0.0,0.0,0.0,0.5177239946216844,0.5011156801954706,3.0,0.0,0.0,0.016134946828016195,0.0,3.0
4312,0.7195121951219512,999.0,1.0,1.0,0.0,0.0,0.0,0.6604835764669704,0.6290594477756978,10.0,1.0,0.0,0.06395663956639563,0.0,10.0
4313,0.5096153846153846,999.0,1.0,1.0,0.0,0.0,0.0,0.5029674573792221,0.48962721506553597,2.0,0.0,0.0,0.0005244755244755428,0.0,2.0
4314,0.53,999.0,1.0,1.0,0.0,0.0,0.0,0.5228353228083686,0.5138901581597,4.0,0.0,0.0,0.0016981132075472027,0.0,4.0
4315,0.5247524752475248,999.0,1.0,1.0,0.0,0.0,0.0,0.5177224887597794,0.503881199677886,3.0,0.0,0.0,0.0013879892662164162,0.0,3.0
4316,0.625,999.0,1.0,0.8076923076923077,0.0,0.0,0.0,0.5931831065759637,0.5683318822942021,6.0,0.0,0.0,0.04336734693877553,0.0,6.0
4317,0.5858585858585859,999.0,1.0,1.0,0.0,0.0,0.0,0.5672805375775672,0.5563289392067295,7.0,0.0,0.0,0.01443001443001446,0.0,7.0
4318,0.4090909090909091,999.0,1.0,0.4666666666666667,0.0,0.0,0.0,0.37441919191919193,0.36142349022136255,0.0,0.0,0.0,0.04909090909090913,0.0,0.0
4319,0.4090909090909091,999.0,1.0,0.4666666666666667,0.0,0.0,0.0,0.37441919191919193,0.36142349022136255,0.0,0.0,0.0,0.04909090909090913,0.0,0.0
4320,0.4090909090909091,999.0,1.0,0.4666666666666667,0.0,0.0,0.0,0.37441919191919193,0.36142349022136255,0.0,0.0,0.0,0.04909090909090913,0.0,0.0
4321,0.4090909090909091,999.0,1.0,0.4666666666666667,0.0,0.0,0.0,0.37441919191919193,0.36142349022136255,0.0,0.0,0.0,0.04909090909090913,0.0,0.0
4322,0.4090909090909091,999.0,1.0,0.4666666666666667,0.0,0.0,0.0,0.37441919191919193,0.36142349022136255,0.0,0.0,0.0,0.04909090909090913,0.0,0.0
4323,0.8085106382978723,999.0,0.0,1.0,0.0,1.0,176.0,0.7747865649672153,0.7315386056469958,67.0,3.0,1.0,0.02851063829787226,40.0,27.0
4324,0.6785714285714286,999.0,1.0,0.8,0.0,0.0,0.0,0.5819569415341633,0.5478554836018167,4.0,0.0,0.0,0.1375878220140515,0.0,4.0
4325,1.0,999.0,1.0,1.0,0.0,0.0,0.0,0.5964575330772514,0.5056320956039266,1.0,1.0,1.0,0.5909090909090908,0.0,1.0
4326,0.7,999.0,1.0,0.6571428571428571,0.0,0.0,0.0,0.6848960071182294,0.6533868241708494,11.0,1.0,0.0,0.020987654320987592,0.0,11.0
4327,0.49056603773584906,999.0,1.0,0.4791666666666667,0.0,0.0,0.0,0.4757338505848469,0.4554521167263509,0.0,0.0,0.0,0.013930523717157473,0.0,0.0
4328,0.49523809523809526,999.0,1.0,0.4791666666666667,0.0,0.0,0.0,0.48033887845208606,0.4596898135577381,0.0,0.0,0.0,0.014106019766397138,0.0,0.0
4329,0.49056603773584906,999.0,1.0,0.4791666666666667,0.0,0.0,0.0,0.4757338505848469,0.4554521167263509,0.0,0.0,0.0,0.013930523717157473,0.0,0.0
4330,0.49056603773584906,999.0,1.0,0.4791666666666667,0.0,0.0,0.0,0.4757338505848469,0.4554521167263509,0.0,0.0,0.0,0.013930523717157473,0.0,0.0
4331,0.49523809523809526,999.0,1.0,0.4791666666666667,0.0,0.0,0.0,0.48033887845208606,0.4596898135577381,0.0,0.0,0.0,0.014106019766397138,0.0,0.0
4332,0.47368421052631576,999.0,1.0,0.5,0.0,0.0,0.0,0.4465852130325814,0.4363817022202725,0.0,0.0,0.0,0.03618421052631576,0.0,0.0
4333,0.3783783783783784,999.0,1.0,0.3655913978494624,0.0,0.0,0.0,0.36860967502560427,0.3541537867807998,0.0,0.0,0.0,0.006696962449174837,0.0,0.0
4334,0.40384615384615385,999.0,1.0,0.39080459770114945,0.0,0.0,0.0,0.389489007636228,0.37198830325399396,0.0,0.0,0.0,0.020668583752695924,0.0,0.0
4335,0.3582089552238806,999.0,1.0,0.42028985507246375,0.0,0.0,0.0,0.3402161895834836,0.327547936726887,0.0,0.0,0.0,0.010986733001658366,0.0,0.0
4336,0.34782608695652173,999.0,1.0,0.35714285714285715,0.0,0.0,0.0,0.3205332943830437,0.3126401068522896,0.0,0.0,0.0,0.03931544865864939,0.0,0.0
4337,0.4155844155844156,999.0,1.0,0.47761194029850745,0.0,0.0,0.0,0.3935220335220335,0.3737635438875032,0.0,0.0,0.0,0.0022510822510822814,0.0,0.0
4338,0.5,999.0,1.0,0.4461538461538462,0.0,0.0,0.0,0.43179824561403507,0.40413389242336606,1.0,0.0,0.0,0.09210526315789475,0.0,1.0
4339,0.5657894736842105,999.0,1.0,0.7169811320754716,0.0,0.0,0.0,0.5399478425794214,0.5328006143795617,6.0,0.0,0.0,0.038762446657183536,0.0,6.0
4340,0.3711340206185567,999.0,1.0,0.45569620253164556,0.0,0.0,0.0,0.35933197375963566,0.35257317952764905,0.0,0.0,0.0,0.013109329260532043,0.0,0.0
4341,0.3153153153153153,999.0,1.0,0.3218390804597701,0.0,0.0,0.0,0.312517147936422,0.30433381817361793,0.0,0.0,0.0,0.0015898251192368873,0.0,0.0
4342,0.3153153153153153,999.0,1.0,0.3218390804597701,0.0,0.0,0.0,0.312517147936422,0.30433381817361793,0.0,0.0,0.0,0.0015898251192368873,0.0,0.0
4343,0.3153153153153153,999.0,1.0,0.3218390804597701,0.0,0.0,0.0,0.312517147936422,0.30433381817361793,0.0,0.0,0.0,0.0015898251192368873,0.0,0.0
4344,0.3153153153153153,999.0,1.0,0.3218390804597701,0.0,0.0,0.0,0.312517147936422,0.30433381817361793,0.0,0.0,0.0,0.0015898251192368873,0.0,0.0
4345,0.3153153153153153,999.0,1.0,0.3218390804597701,0.0,0.0,0.0,0.312517147936422,0.30433381817361793,0.0,0.0,0.0,0.0015898251192368873,0.0,0.0
4346,0.3153153153153153,999.0,1.0,0.3218390804597701,0.0,0.0,0.0,0.312517147936422,0.30433381817361793,0.0,0.0,0.0,0.0015898251192368873,0.0,0.0
4347,0.33653846153846156,999.0,1.0,0.3717948717948718,0.0,0.0,0.0,0.3309294871794872,0.32408117844238393,0.0,0.0,0.0,0.0032051282051282493,0.0,0.0
4348,0.33653846153846156,999.0,1.0,0.3717948717948718,0.0,0.0,0.0,0.3309294871794872,0.32408117844238393,0.0,0.0,0.0,0.0032051282051282493,0.0,0.0
4349,0.33653846153846156,999.0,1.0,0.3717948717948718,0.0,0.0,0.0,0.3309294871794872,0.32408117844238393,0.0,0.0,0.0,0.0032051282051282493,0.0,0.0
4350,0.33653846153846156,999.0,1.0,0.3717948717948718,0.0,0.0,0.0,0.3309294871794872,0.32408117844238393,0.0,0.0,0.0,0.0032051282051282493,0.0,0.0
4351,0.33653846153846156,999.0,1.0,0.3717948717948718,0.0,0.0,0.0,0.3309294871794872,0.32408117844238393,0.0,0.0,0.0,0.0032051282051282493,0.0,0.0
4352,0.33653846153846156,999.0,1.0,0.3717948717948718,0.0,0.0,0.0,0.3309294871794872,0.32408117844238393,0.0,0.0,0.0,0.0032051282051282493,0.0,0.0
4353,0.33653846153846156,999.0,1.0,0.3717948717948718,0.0,0.0,0.0,0.3309294871794872,0.32408117844238393,0.0,0.0,0.0,0.0032051282051282493,0.0,0.0
4354,0.33653846153846156,999.0,1.0,0.3717948717948718,0.0,0.0,0.0,0.3309294871794872,0.32408117844238393,0.0,0.0,0.0,0.0032051282051282493,0.0,0.0
4355,0.3333333333333333,999.0,1.0,0.3625,0.0,0.0,0.0,0.32748880558158905,0.32069541100852794,0.0,0.0,0.0,0.0037878787878787845,0.0,0.0
4356,0.330188679245283,999.0,1.0,0.35802469135802467,0.0,0.0,0.0,0.32864276103033047,0.3200939583002384,0.0,0.0,0.0,0.000291772028788162,0.0,0.0
4357,0.4230769230769231,999.0,1.0,1.0,0.0,0.0,0.0,0.4190731059663098,0.40707986818732256,0.0,0.0,0.0,0.005601194921583286,0.0,0.0
4358,0.4230769230769231,999.0,1.0,1.0,0.0,0.0,0.0,0.4190731059663098,0.40707986818732256,0.0,0.0,0.0,0.005601194921583286,0.0,0.0
4359,0.4230769230769231,999.0,1.0,1.0,0.0,0.0,0.0,0.4190731059663098,0.40707986818732256,0.0,0.0,0.0,0.005601194921583286,0.0,0.0
4360,0.45569620253164556,999.0,1.0,0.7636363636363637,0.0,0.0,0.0,0.4374785373436679,0.42498126211553033,0.0,0.0,0.0,0.013590939373750832,0.0,0.0
4361,0.47368421052631576,999.0,1.0,0.7636363636363637,0.0,0.0,0.0,0.4392712550607287,0.43065136063137394,0.0,0.0,0.0,0.05060728744939269,0.0,0.0
4362,0.5384615384615384,999.0,1.0,0.56,0.0,0.0,0.0,0.5055741360089185,0.4689694816053511,2.0,0.0,0.0,0.038461538461538436,0.0,2.0
4363,0.6,999.0,1.0,0.6444444444444445,0.0,0.0,0.0,0.5628756830601093,0.5036027625986642,3.0,0.0,0.0,0.042622950819672156,0.0,3.0
4364,0.6964285714285714,999.0,0.0,1.0,0.0,1.0,53.0,0.6385189669087975,0.5679426891871138,4.0,0.0,0.0,0.05357142857142849,3.0,1.0
4365,0.5925925925925926,999.0,1.0,0.5531914893617021,0.0,0.0,0.0,0.5003953049930061,0.4765083694364816,1.0,0.0,0.0,0.13227513227513227,0.0,1.0
4366,0.5925925925925926,999.0,1.0,0.5531914893617021,0.0,0.0,0.0,0.5003953049930061,0.4765083694364816,1.0,0.0,0.0,0.13227513227513227,0.0,1.0
4367,0.5925925925925926,999.0,1.0,0.5531914893617021,0.0,0.0,0.0,0.5003953049930061,0.4765083694364816,1.0,0.0,0.0,0.13227513227513227,0.0,1.0
4368,0.723404255319149,999.0,0.0,1.0,0.0,1.0,6.0,0.6368490374873353,0.6106969931138702,7.0,1.0,0.0,0.11626139817629189,3.0,4.0
4369,0.4827586206896552,999.0,1.0,0.546875,0.0,0.0,0.0,0.43628185907046485,0.408623335391128,0.0,0.0,0.0,0.037106446776611735,0.0,0.0
4370,0.5535714285714286,999.0,1.0,0.7027027027027027,0.0,0.0,0.0,0.5439712787716418,0.5264316073118251,4.0,0.0,0.0,0.00971177944862156,0.0,4.0
4371,0.6031746031746031,999.0,1.0,0.7027027027027027,0.0,0.0,0.0,0.5822045057339175,0.5685939940461451,7.0,0.0,0.0,0.018559218559218493,0.0,7.0
4372,0.358695652173913,999.0,1.0,0.46875,0.0,0.0,0.0,0.3259842463909785,0.3141389349313613,0.0,0.0,0.0,0.04051383399209485,0.0,0.0
4373,0.8676470588235294,999.0,0.0,1.0,0.0,1.0,2.0,0.7154977375565611,0.62263197586727,4.0,1.0,1.0,0.21380090497737558,2.0,2.0
4374,0.559322033898305,999.0,1.0,0.6222222222222222,0.0,0.0,0.0,0.504945272786486,0.42343817816464524,1.0,0.0,0.0,0.06809396372286647,0.0,1.0
4375,0.5666666666666667,999.0,1.0,0.5957446808510638,0.0,0.0,0.0,0.496506266640691,0.42724971523398436,1.0,0.0,0.0,0.09209039548022596,0.0,1.0
4376,0.30392156862745096,999.0,1.0,0.41935483870967744,0.0,0.0,0.0,0.294850095234922,0.2854237656546617,0.0,0.0,0.0,0.01301247771836006,0.0,0.0
4377,0.5818181818181818,999.0,1.0,0.6744186046511628,0.0,0.0,0.0,0.5749525910445451,0.5660241862056744,14.0,0.0,0.0,0.00774410774410772,0.0,14.0
4378,0.6491228070175439,999.0,1.0,0.6666666666666666,0.0,0.0,0.0,0.5912419938735728,0.5547451963241438,6.0,0.0,0.0,0.03245614035087718,0.0,6.0
4379,0.6060606060606061,999.0,1.0,0.6666666666666666,0.0,0.0,0.0,0.5364813549024076,0.46938881294144447,2.0,0.0,0.0,0.06320346320346326,0.0,2.0
4380,0.6833333333333333,999.0,1.0,0.6666666666666666,0.0,0.0,0.0,0.5940781440781441,0.5450772407567753,3.0,0.0,0.0,0.0987179487179487,0.0,3.0
4381,0.6666666666666666,999.0,1.0,0.5932203389830508,0.0,0.0,0.0,0.6083974069048695,0.5735351761690655,5.0,0.0,0.0,0.045454545454545414,0.0,5.0
4382,0.3670886075949367,999.0,1.0,0.5,0.0,0.0,0.0,0.3515083545529479,0.32823834606510205,0.0,0.0,0.0,0.00906391623691205,0.0,0.0
4383,0.6060606060606061,999.0,1.0,0.6666666666666666,0.0,0.0,0.0,0.5364813549024076,0.45616111341092813,2.0,0.0,0.0,0.06320346320346326,0.0,2.0
4384,0.603448275862069,999.0,1.0,0.5238095238095238,0.0,0.0,0.0,0.5919540229885057,0.5896551724137932,9.0,0.0,0.0,0.017241379310344862,0.0,9.0
4385,0.4666666666666667,999.0,1.0,0.603448275862069,0.0,0.0,0.0,0.4124431207081989,0.37472633126432553,0.0,0.0,0.0,0.048945147679324896,0.0,0.0
4386,0.5625,999.0,1.0,0.6666666666666666,0.0,0.0,0.0,0.48655992949471205,0.44698403461990416,1.0,0.0,0.0,0.0842391304347826,0.0,1.0
4387,0.7,999.0,0.0,1.0,0.0,1.0,6.0,0.6591337099811675,0.6293785310734463,8.0,1.0,0.0,0.055932203389830515,3.0,5.0
4388,0.5394736842105263,999.0,0.0,1.0,0.0,1.0,12.0,0.5332396648186122,0.5253492042965727,6.0,0.0,0.0,0.007006151742993905,6.0,0.0
4389,0.6666666666666666,999.0,0.0,1.0,0.0,1.0,53.0,0.6050914716168952,0.5482063981216523,4.0,0.0,0.0,0.07738095238095233,3.0,1.0
4390,0.2891566265060241,999.0,1.0,0.46296296296296297,0.0,0.0,0.0,0.28413614802899634,0.27832784266355165,0.0,0.0,0.0,0.006803685329553499,0.0,0.0
4391,0.3548387096774194,999.0,1.0,0.46296296296296297,0.0,0.0,0.0,0.3438707216849979,0.3317583304468962,0.0,0.0,0.0,0.007012622720897643,0.0,0.0
4392,0.2840909090909091,999.0,1.0,0.46296296296296297,0.0,0.0,0.0,0.275412167653547,0.2706261322867493,0.0,0.0,0.0,0.006313131313131326,0.0,0.0
4393,0.3253012048192771,999.0,1.0,0.46296296296296297,0.0,0.0,0.0,0.30920892873820865,0.3045248762424442,0.0,0.0,0.0,0.022975623423928282,0.0,0.0
4394,0.3424657534246575,999.0,1.0,0.46296296296296297,0.0,0.0,0.0,0.3264780900466699,0.31495134729518837,0.0,0.0,0.0,0.021952932911836975,0.0,0.0
4395,0.352112676056338,999.0,1.0,0.46296296296296297,0.0,0.0,0.0,0.3352451230509051,0.32311643274769314,0.0,0.0,0.0,0.023165307635285348,0.0,0.0
4396,0.3291139240506329,999.0,1.0,0.3116883116883117,0.0,0.0,0.0,0.3148400288385396,0.3025686135764157,0.0,0.0,0.0,0.019590114526823355,0.0,0.0
4397,0.325,999.0,1.0,0.39215686274509803,0.0,0.0,0.0,0.3168788496047335,0.31083338989733156,0.0,0.0,0.0,0.0031609195402299006,0.0,0.0
4398,0.25316455696202533,999.0,1.0,0.3050847457627119,0.0,0.0,0.0,0.24539281222373746,0.2379665979099877,0.0,0.0,0.0,0.006105733432613558,0.0,0.0
4399,0.5280898876404494,999.0,1.0,0.5352112676056338,0.0,0.0,0.0,0.47151225802911195,0.4494565678783081,1.0,0.0,0.0,0.07754043709099884,0.0,1.0
4400,0.7272727272727273,999.0,1.0,0.5909090909090909,0.0,0.0,0.0,0.6060606060606061,0.5574596135571745,3.0,1.0,0.0,0.1428571428571429,0.0,3.0
4401,0.5205479452054794,999.0,1.0,0.5423728813559322,0.0,0.0,0.0,0.5158583240775022,0.5095149944465013,5.0,0.0,0.0,0.007034431691965937,0.0,5.0
4402,0.28865979381443296,999.0,1.0,0.3880597014925373,0.0,0.0,0.0,0.2768726119241583,0.2708854719163997,0.0,0.0,0.0,0.015932521087160256,0.0,0.0
4403,0.3047619047619048,999.0,1.0,0.4444444444444444,0.0,0.0,0.0,0.30010214065305507,0.29572111898370645,0.0,0.0,0.0,0.003791030975497045,0.0,0.0
4404,0.45652173913043476,999.0,1.0,0.5,0.0,0.0,0.0,0.45416056016935347,0.44817382770295583,0.0,0.0,0.0,0.0,0.0,0.0
4405,0.5681818181818182,999.0,1.0,0.5970149253731343,0.0,0.0,0.0,0.5266960891695123,0.5124620979461518,3.0,0.0,0.0,0.0621577217962761,0.0,3.0
4406,0.5352112676056338,999.0,1.0,0.5245901639344263,0.0,0.0,0.0,0.5271892296540184,0.5163135377924111,5.0,0.0,0.0,0.002743735138101333,0.0,5.0
4407,0.6176470588235294,999.0,1.0,0.5319148936170213,0.0,0.0,0.0,0.59290127009708,0.5731650044824904,12.0,0.0,0.0,0.031932773109243695,0.0,12.0
4408,0.5454545454545454,999.0,1.0,0.5319148936170213,0.0,0.0,0.0,0.48051124107462134,0.4581697583434029,1.0,0.0,0.0,0.08599508599508593,0.0,1.0
4409,0.532258064516129,999.0,1.0,0.6410256410256411,0.0,0.0,0.0,0.510752688172043,0.49656859555752186,3.0,0.0,0.0,0.032258064516129004,0.0,3.0
4410,0.4444444444444444,999.0,1.0,0.7027027027027027,0.0,0.0,0.0,0.42942006771794006,0.41723107843145135,0.0,0.0,0.0,0.004884004884004867,0.0,0.0
4411,0.45454545454545453,999.0,1.0,0.38095238095238093,0.0,0.0,0.0,0.4354275024557861,0.4201914733116693,0.0,0.0,0.0,0.0051072522982635316,0.0,0.0
4412,0.43956043956043955,999.0,1.0,0.38095238095238093,0.0,0.0,0.0,0.42478101608536384,0.4109969028929136,0.0,0.0,0.0,0.004777830864787391,0.0,0.0
4413,0.425531914893617,999.0,1.0,0.4186046511627907,0.0,0.0,0.0,0.411125666434251,0.3982224493023369,0.0,0.0,0.0,0.00447928331466968,0.0,0.0
4414,0.40404040404040403,999.0,1.0,0.375,0.0,0.0,0.0,0.3964085297418631,0.38042753542753543,0.0,0.0,0.0,0.004040404040404011,0.0,0.0
4415,0.43010752688172044,999.0,1.0,0.38095238095238093,0.0,0.0,0.0,0.41598237802767657,0.4011865874199777,0.0,0.0,0.0,0.004575611988103412,0.0,0.0
4416,0.41414141414141414,999.0,1.0,0.40540540540540543,0.0,0.0,0.0,0.3872929902341667,0.3765376754639892,0.0,0.0,0.0,0.03178847296494358,0.0,0.0
4417,0.4,999.0,1.0,0.3956043956043956,0.0,0.0,0.0,0.3848719049663661,0.3781374286941054,0.0,0.0,0.0,0.01764705882352946,0.0,0.0
4418,0.3883495145631068,999.0,1.0,0.3829787234042553,0.0,0.0,0.0,0.37468793342579754,0.3679617680757402,0.0,0.0,0.0,0.01692094313453535,0.0,0.0
4419,0.45977011494252873,999.0,1.0,0.40540540540540543,0.0,0.0,0.0,0.43338209172567277,0.4187526592907228,0.0,0.0,0.0,0.021567867751517478,0.0,0.0
4420,0.45977011494252873,999.0,1.0,0.38095238095238093,0.0,0.0,0.0,0.43338209172567277,0.41959914750852195,0.0,0.0,0.0,0.021567867751517478,0.0,0.0
4421,0.5802469135802469,999.0,1.0,0.5238095238095238,0.0,0.0,0.0,0.5306249401856636,0.5154454809559263,3.0,0.0,0.0,0.06861900660350273,0.0,3.0
4422,0.42391304347826086,999.0,1.0,0.43478260869565216,0.0,0.0,0.0,0.417572233695192,0.4088042097823326,0.0,0.0,0.0,0.004558204768583429,0.0,0.0
4423,0.33043478260869563,999.0,1.0,0.38961038961038963,0.0,0.0,0.0,0.3201331963480301,0.31544948302620934,0.0,0.0,0.0,0.014195466369379406,0.0,0.0
4424,0.4444444444444444,999.0,1.0,0.3333333333333333,0.0,0.0,0.0,0.4267073979350194,0.4127208673324402,0.0,0.0,0.0,0.020531400966183555,0.0,0.0
4425,0.3867924528301887,999.0,1.0,0.3522727272727273,0.0,0.0,0.0,0.38089909855030646,0.37501473823704196,0.0,0.0,0.0,0.0036148827367307734,0.0,0.0
4426,0.49230769230769234,999.0,1.0,0.7027027027027027,0.0,0.0,0.0,0.4866750735603194,0.4654400989092746,0.0,0.0,0.0,0.0,0.0,0.0
4427,0.5,999.0,1.0,0.6842105263157895,0.0,0.0,0.0,0.4078362573099415,0.369888321550144,1.0,0.0,0.0,0.09649122807017546,0.0,1.0
4428,0.43243243243243246,999.0,1.0,0.8035714285714286,0.0,0.0,0.0,0.4180242495459887,0.4014639003769439,0.0,0.0,0.0,0.008519388954171592,0.0,0.0
4429,0.4857142857142857,999.0,1.0,0.65625,0.0,0.0,0.0,0.4464719377762856,0.430549829332438,0.0,0.0,0.0,0.05093167701863355,0.0,0.0
4430,0.3488372093023256,999.0,1.0,0.65625,0.0,0.0,0.0,0.3421510239002656,0.3327712844432521,0.0,0.0,0.0,0.00817786864298492,0.0,0.0
4431,0.4329896907216495,999.0,1.0,0.4909090909090909,0.0,0.0,0.0,0.41997292512756434,0.3996685408113675,0.0,0.0,0.0,0.0,0.0,0.0
4432,0.3853211009174312,999.0,1.0,0.3473684210526316,0.0,0.0,0.0,0.382262996941896,0.367717586524926,0.0,0.0,0.0,0.0,0.0,0.0
4433,0.5633802816901409,999.0,0.0,1.0,0.0,1.0,1.0,0.5457513851880048,0.5327841644461362,4.0,0.0,0.0,0.0228397411496003,1.0,3.0
4434,0.5633802816901409,999.0,0.0,1.0,0.0,1.0,1.0,0.5457513851880048,0.5327841644461362,4.0,0.0,0.0,0.0228397411496003,1.0,3.0
4435,0.4880952380952381,999.0,1.0,0.7272727272727273,0.0,0.0,0.0,0.46929246627509796,0.44908019378140074,0.0,0.0,0.0,0.01135105204872644,0.0,0.0
4436,0.4880952380952381,999.0,1.0,0.7272727272727273,0.0,0.0,0.0,0.46929246627509796,0.44908019378140074,0.0,0.0,0.0,0.01135105204872644,0.0,0.0
4437,0.5633802816901409,999.0,1.0,0.7272727272727273,0.0,0.0,0.0,0.4866440019426906,0.46148447066368387,1.0,0.0,0.0,0.11510441962117535,0.0,1.0
4438,0.5633802816901409,999.0,1.0,0.7272727272727273,0.0,0.0,0.0,0.4866440019426906,0.46148447066368387,1.0,0.0,0.0,0.11510441962117535,0.0,1.0
4439,0.6547619047619048,999.0,1.0,1.0,0.0,0.0,0.0,0.6041324575807334,0.587780201580826,18.0,0.0,0.0,0.06855500821018068,0.0,18.0
4440,0.6547619047619048,999.0,1.0,1.0,0.0,0.0,0.0,0.6041324575807334,0.587780201580826,18.0,0.0,0.0,0.06855500821018068,0.0,18.0
4441,0.6075949367088608,999.0,1.0,1.0,0.0,0.0,0.0,0.5867246997064947,0.5747738379117522,14.0,0.0,0.0,0.028049482163406192,0.0,14.0
4442,0.6075949367088608,999.0,1.0,1.0,0.0,0.0,0.0,0.5867246997064947,0.5747738379117522,14.0,0.0,0.0,0.028049482163406192,0.0,14.0
4443,0.8472222222222222,999.0,1.0,1.0,0.0,0.0,0.0,0.8014550264550264,0.7732626657969124,23.0,8.0,1.0,0.06150793650793651,0.0,23.0
4444,0.9154929577464789,999.0,1.0,1.0,0.0,0.0,0.0,0.807388122842493,0.7744833423428424,29.0,5.0,1.0,0.16206830021223229,0.0,29.0
4445,1.0,999.0,1.0,1.0,0.0,0.0,0.0,0.8225035161744022,0.7759636481661799,29.0,4.0,1.0,0.26582278481012656,0.0,29.0
4446,1.0,999.0,1.0,1.0,0.0,0.0,0.0,0.8225035161744022,0.7759636481661799,29.0,4.0,1.0,0.26582278481012656,0.0,29.0
4447,1.0,999.0,1.0,1.0,0.0,0.0,0.0,0.8225035161744022,0.7759636481661799,29.0,4.0,1.0,0.26582278481012656,0.0,29.0
4448,1.0,999.0,1.0,1.0,0.0,0.0,0.0,0.8225035161744022,0.7759636481661799,29.0,4.0,1.0,0.26582278481012656,0.0,29.0
4449,1.0,999.0,1.0,1.0,0.0,0.0,0.0,0.8225035161744022,0.7759636481661799,29.0,4.0,1.0,0.26582278481012656,0.0,29.0
4450,1.0,999.0,1.0,1.0,0.0,0.0,0.0,0.8225035161744022,0.7759636481661799,29.0,4.0,1.0,0.26582278481012656,0.0,29.0
4451,0.686046511627907,999.0,1.0,1.0,0.0,0.0,0.0,0.6560263040723362,0.6406535273072335,14.0,0.0,0.0,0.04318936877076407,0.0,14.0
4452,0.686046511627907,999.0,1.0,1.0,0.0,0.0,0.0,0.6560263040723362,0.6406535273072335,14.0,0.0,0.0,0.04318936877076407,0.0,14.0
4453,0.686046511627907,999.0,1.0,1.0,0.0,0.0,0.0,0.6560263040723362,0.6406535273072335,14.0,0.0,0.0,0.04318936877076407,0.0,14.0
4454,0.8026315789473685,999.0,1.0,1.0,0.0,0.0,0.0,0.7760575681628313,0.752816359079517,31.0,5.0,1.0,0.010423786739576224,0.0,31.0
4455,0.7023809523809523,999.0,1.0,1.0,0.0,0.0,0.0,0.6759168520552317,0.6565341787120518,20.0,1.0,0.0,0.028696741854636554,0.0,20.0
4456,1.0,999.0,1.0,1.0,0.0,0.0,0.0,0.8180708180708182,0.7713340423017844,13.0,4.0,1.0,0.2637362637362637,0.0,13.0
4457,0.7528089887640449,999.0,1.0,0.5070422535211268,0.0,0.0,0.0,0.6538172426793242,0.6187903456075945,22.0,1.0,0.0,0.13822565543071152,0.0,22.0
4458,0.7528089887640449,999.0,1.0,0.5070422535211268,0.0,0.0,0.0,0.6538172426793242,0.6187903456075945,22.0,1.0,0.0,0.13822565543071152,0.0,22.0
4459,0.7692307692307693,999.0,1.0,0.6301369863013698,0.0,0.0,0.0,0.7420242914979758,0.7298198380566803,20.0,5.0,0.0,0.03238866396761142,0.0,20.0
4460,0.7692307692307693,999.0,1.0,0.6301369863013698,0.0,0.0,0.0,0.7420242914979758,0.7298198380566803,20.0,5.0,0.0,0.03238866396761142,0.0,20.0
4461,0.6703296703296703,999.0,1.0,0.5070422535211268,0.0,0.0,0.0,0.6367447142523129,0.6168802940549564,18.0,0.0,0.0,0.04267009586158521,0.0,18.0
4462,0.6703296703296703,999.0,1.0,0.5070422535211268,0.0,0.0,0.0,0.6367447142523129,0.6168802940549564,18.0,0.0,0.0,0.04267009586158521,0.0,18.0
4463,0.7349397590361446,999.0,1.0,0.6571428571428571,0.0,0.0,0.0,0.7133947554925584,0.6971726557646708,20.0,2.0,0.0,0.012048192771084376,0.0,20.0
4464,0.8765432098765432,999.0,1.0,1.0,0.0,0.0,0.0,0.7819935166766653,0.7577804668256501,14.0,5.0,1.0,0.1353667392883079,0.0,14.0
4465,0.8765432098765432,999.0,1.0,1.0,0.0,0.0,0.0,0.7819935166766653,0.7577804668256501,14.0,5.0,1.0,0.1353667392883079,0.0,14.0
4466,0.8765432098765432,999.0,1.0,1.0,0.0,0.0,0.0,0.7819935166766653,0.7577804668256501,14.0,5.0,1.0,0.1353667392883079,0.0,14.0
4467,0.8765432098765432,999.0,1.0,1.0,0.0,0.0,0.0,0.7819935166766653,0.7577804668256501,14.0,5.0,1.0,0.1353667392883079,0.0,14.0
4468,1.0,999.0,1.0,1.0,0.0,0.0,0.0,0.8915056360708534,0.8544419541010557,26.0,6.0,4.0,0.14492753623188404,0.0,26.0
4469,1.0,999.0,1.0,1.0,0.0,0.0,0.0,0.8826719576719576,0.8491417470617183,22.0,5.0,4.0,0.17142857142857137,0.0,22.0
4470,1.0,999.0,1.0,1.0,0.0,0.0,0.0,0.8745847176079734,0.8353625658956204,19.0,7.0,3.0,0.1785714285714286,0.0,19.0
4471,1.0,999.0,1.0,1.0,0.0,0.0,0.0,0.8745847176079734,0.8353625658956204,19.0,7.0,3.0,0.1785714285714286,0.0,19.0
4472,1.0,999.0,1.0,1.0,0.0,0.0,0.0,0.8745847176079734,0.8353625658956204,19.0,7.0,3.0,0.1785714285714286,0.0,19.0
4473,1.0,999.0,1.0,1.0,0.0,0.0,0.0,0.8745847176079734,0.8353625658956204,19.0,7.0,3.0,0.1785714285714286,0.0,19.0
4474,1.0,999.0,1.0,1.0,0.0,0.0,0.0,0.9236985236985237,0.890947892687023,25.0,9.0,5.0,0.10769230769230764,0.0,25.0
4475,1.0,999.0,1.0,1.0,0.0,0.0,0.0,0.8180708180708182,0.7713340423017844,13.0,4.0,1.0,0.2637362637362637,0.0,13.0
4476,0.7560975609756098,999.0,1.0,1.0,0.0,0.0,0.0,0.7054337919914344,0.6814324053929378,32.0,1.0,0.0,0.07005104934770279,0.0,32.0
4477,0.7560975609756098,999.0,1.0,1.0,0.0,0.0,0.0,0.7054337919914344,0.6814324053929378,32.0,1.0,0.0,0.07005104934770279,0.0,32.0
4478,0.8271604938271605,999.0,1.0,1.0,0.0,0.0,0.0,0.7581215202130235,0.7280931701306809,18.0,2.0,1.0,0.07407407407407407,0.0,18.0
4479,0.8271604938271605,999.0,1.0,1.0,0.0,0.0,0.0,0.7581215202130235,0.7280931701306809,18.0,2.0,1.0,0.07407407407407407,0.0,18.0
4480,0.8271604938271605,999.0,1.0,1.0,0.0,0.0,0.0,0.7581215202130235,0.7280931701306809,18.0,2.0,1.0,0.07407407407407407,0.0,18.0
4481,0.6363636363636364,999.0,1.0,0.6363636363636364,0.0,0.0,0.0,0.6072736305888653,0.5879071940794987,9.0,0.0,0.0,0.04230423042304232,0.0,9.0
4482,0.6464646464646465,999.0,1.0,0.6363636363636364,0.0,0.0,0.0,0.617525193379553,0.5916809337979638,10.0,0.0,0.0,0.04250425042504258,0.0,10.0
4483,0.7029702970297029,999.0,1.0,1.0,0.0,0.0,0.0,0.6962571419973087,0.681851372577026,9.0,2.0,0.0,0.0008426374552348292,0.0,9.0
4484,0.7029702970297029,999.0,1.0,1.0,0.0,0.0,0.0,0.6962571419973087,0.681851372577026,9.0,2.0,0.0,0.0008426374552348292,0.0,9.0
4485,0.7582417582417582,999.0,1.0,0.8208955223880597,0.0,0.0,0.0,0.7441525336262179,0.7308214170829472,10.0,5.0,0.0,0.020868020868020865,0.0,10.0
4486,0.7582417582417582,999.0,1.0,0.8208955223880597,0.0,0.0,0.0,0.7441525336262179,0.7308214170829472,10.0,5.0,0.0,0.020868020868020865,0.0,10.0
4487,0.7582417582417582,999.0,1.0,0.8208955223880597,0.0,0.0,0.0,0.7441525336262179,0.7308214170829472,10.0,5.0,0.0,0.020868020868020865,0.0,10.0
4488,0.7582417582417582,999.0,1.0,0.8208955223880597,0.0,0.0,0.0,0.7441525336262179,0.7308214170829472,10.0,5.0,0.0,0.020868020868020865,0.0,10.0
4489,0.8214285714285714,999.0,1.0,0.8208955223880597,0.0,0.0,0.0,0.8034537925842273,0.7842582616074901,13.0,6.0,1.0,0.025974025974025983,0.0,13.0
4490,0.8214285714285714,999.0,1.0,0.8208955223880597,0.0,0.0,0.0,0.8034537925842273,0.7842582616074901,13.0,6.0,1.0,0.025974025974025983,0.0,13.0
4491,0.8214285714285714,999.0,1.0,0.8208955223880597,0.0,0.0,0.0,0.8034537925842273,0.7842582616074901,13.0,6.0,1.0,0.025974025974025983,0.0,13.0
4492,0.8214285714285714,999.0,1.0,0.8208955223880597,0.0,0.0,0.0,0.8034537925842273,0.7842582616074901,13.0,6.0,1.0,0.025974025974025983,0.0,13.0
4493,0.8214285714285714,999.0,1.0,0.8208955223880597,0.0,0.0,0.0,0.8034537925842273,0.7842582616074901,13.0,6.0,1.0,0.025974025974025983,0.0,13.0
4494,0.5701754385964912,999.0,1.0,0.7166666666666667,0.0,0.0,0.0,0.5440220922677063,0.5289346228819912,5.0,0.0,0.0,0.01754385964912275,0.0,5.0
4495,0.5779816513761468,999.0,1.0,1.0,0.0,0.0,0.0,0.5586920724535402,0.5464916307527868,13.0,0.0,0.0,0.01834862385321101,0.0,13.0
4496,1.0,999.0,1.0,1.0,0.0,0.0,0.0,0.9243986254295532,0.9007087628865978,8.0,5.0,5.0,0.11340206185567014,0.0,8.0
4497,0.6979166666666666,999.0,1.0,0.7692307692307693,0.0,0.0,0.0,0.6456018518518518,0.6257808354364849,8.0,0.0,0.0,0.05902777777777779,0.0,8.0
4498,0.6633663366336634,999.0,1.0,1.0,0.0,0.0,0.0,0.6197190509867313,0.6079557868766087,27.0,0.0,0.0,0.061325520307132786,0.0,27.0
4499,1.0,999.0,1.0,1.0,0.0,0.0,0.0,0.8804686803884879,0.8406610709333217,13.0,6.0,3.0,0.16091954022988508,0.0,13.0
4500,1.0,999.0,1.0,1.0,0.0,0.0,0.0,0.8804686803884879,0.8406610709333217,13.0,6.0,3.0,0.16091954022988508,0.0,13.0
4501,1.0,999.0,1.0,1.0,0.0,0.0,0.0,0.8804686803884879,0.8406610709333217,13.0,6.0,3.0,0.16091954022988508,0.0,13.0
4502,1.0,999.0,1.0,1.0,0.0,0.0,0.0,0.8804686803884879,0.8406610709333217,13.0,6.0,3.0,0.16091954022988508,0.0,13.0
4503,0.75,999.0,1.0,0.7166666666666667,0.0,0.0,0.0,0.7079971523493117,0.661050337236101,21.0,2.0,0.0,0.029069767441860517,0.0,21.0
4504,0.591304347826087,999.0,1.0,0.5268817204301075,0.0,0.0,0.0,0.5711409092961307,0.5499381024882475,8.0,0.0,0.0,0.0025193010971150676,0.0,8.0
4505,0.6363636363636364,999.0,1.0,0.5833333333333334,0.0,0.0,0.0,0.6144354088279321,0.5821386769560092,10.0,0.0,0.0,0.000849617672047609,0.0,10.0
4506,0.6126126126126126,999.0,1.0,0.5568181818181818,0.0,0.0,0.0,0.5919957453268467,0.5642641138627746,9.0,0.0,0.0,0.0009621271757194183,0.0,9.0
4507,0.6415094339622641,999.0,1.0,0.5903614457831325,0.0,0.0,0.0,0.6147828789338222,0.5868407418530469,9.0,0.0,0.0,0.015246807699637821,0.0,9.0
4508,0.8666666666666667,999.0,1.0,1.0,0.0,0.0,0.0,0.8173330001665833,0.7456725273726772,10.0,3.0,2.0,0.051449275362318914,0.0,10.0
4509,0.8666666666666667,999.0,1.0,1.0,0.0,0.0,0.0,0.8173330001665833,0.7456725273726772,10.0,3.0,2.0,0.051449275362318914,0.0,10.0
4510,0.8651685393258427,999.0,1.0,1.0,0.0,0.0,0.0,0.799829018075232,0.7232792697477148,11.0,3.0,2.0,0.04995114802149492,0.0,11.0
4511,0.6428571428571429,999.0,1.0,1.0,0.0,0.0,0.0,0.5879795116205816,0.5433487167900208,3.0,0.0,0.0,0.0463659147869675,0.0,3.0
4512,0.7244897959183674,999.0,1.0,1.0,0.0,0.0,0.0,0.6592743764172336,0.614935908773025,8.0,1.0,0.0,0.054489795918367334,0.0,8.0
4513,0.7395833333333334,999.0,1.0,1.0,0.0,0.0,0.0,0.6445860302049622,0.6124460625674217,20.0,1.0,0.0,0.13764158576051788,0.0,20.0
4514,0.7894736842105263,999.0,1.0,1.0,0.0,0.0,0.0,0.7408478954683174,0.697907860088008,12.0,2.0,0.0,0.04457572502685281,0.0,12.0
4515,0.7340425531914894,999.0,1.0,1.0,0.0,0.0,0.0,0.723363495557186,0.6907981231629815,19.0,3.0,0.0,0.010638297872340385,0.0,19.0
4516,0.8045977011494253,999.0,1.0,1.0,0.0,0.0,0.0,0.7420932666382858,0.6975286872556987,25.0,2.0,1.0,0.03916560238399325,0.0,25.0
4517,0.4423076923076923,999.0,1.0,0.5942028985507246,0.0,0.0,0.0,0.40690293810910916,0.3885030063417532,0.0,0.0,0.0,0.05100334448160532,0.0,0.0
4518,0.6629213483146067,999.0,1.0,0.6307692307692307,0.0,0.0,0.0,0.6174259279860571,0.58027552405841,7.0,0.0,0.0,0.037921348314606695,0.0,7.0
4519,0.6438356164383562,999.0,1.0,1.0,0.0,0.0,0.0,0.6149365752137083,0.5975821001669848,13.0,0.0,0.0,0.017329592341970623,0.0,13.0
4520,0.5402298850574713,999.0,1.0,0.5862068965517241,0.0,0.0,0.0,0.5289096753169806,0.5125935116122068,3.0,0.0,0.0,0.004147410830667164,0.0,3.0
4521,0.5841584158415841,999.0,1.0,0.6333333333333333,0.0,0.0,0.0,0.5603464085305453,0.5450256745756915,7.0,0.0,0.0,0.030966926479881973,0.0,7.0
4522,1.0,999.0,1.0,1.0,0.0,0.0,0.0,0.8268991282689914,0.7695522613600947,13.0,3.0,1.0,0.2465753424657534,0.0,13.0
4523,0.7647058823529411,999.0,1.0,1.0,0.0,0.0,0.0,0.7194642503466033,0.7006009199730283,23.0,2.0,0.0,0.048796791443850185,0.0,23.0
4524,0.7441860465116279,999.0,1.0,1.0,0.0,0.0,0.0,0.710183227625088,0.691311401776518,22.0,2.0,0.0,0.028276955602536957,0.0,22.0
4525,0.7647058823529411,999.0,1.0,1.0,0.0,0.0,0.0,0.7194642503466033,0.7006009199730283,23.0,2.0,0.0,0.048796791443850185,0.0,23.0
4526,0.7441860465116279,999.0,1.0,1.0,0.0,0.0,0.0,0.710183227625088,0.691311401776518,22.0,2.0,0.0,0.028276955602536957,0.0,22.0
4527,0.651685393258427,999.0,1.0,1.0,0.0,0.0,0.0,0.6378285116672905,0.6216706842361466,9.0,0.0,0.0,0.016391275611368217,0.0,9.0
4528,0.8888888888888888,999.0,1.0,1.0,0.0,0.0,0.0,0.8366920345002536,0.8131225344390449,41.0,10.0,2.0,0.06222222222222218,0.0,41.0
4529,0.8888888888888888,999.0,1.0,1.0,0.0,0.0,0.0,0.8366920345002536,0.8131225344390449,41.0,10.0,2.0,0.06222222222222218,0.0,41.0
4530,0.8311688311688312,999.0,1.0,1.0,0.0,0.0,0.0,0.7832528582528583,0.7619721907120283,29.0,7.0,1.0,0.0561688311688312,0.0,29.0
4531,0.8441558441558441,999.0,1.0,1.0,0.0,0.0,0.0,0.8167748917748918,0.7844618961285629,33.0,7.0,2.0,0.01298701298701288,0.0,33.0
4532,0.8441558441558441,999.0,1.0,1.0,0.0,0.0,0.0,0.8167748917748918,0.7844618961285629,33.0,7.0,2.0,0.01298701298701288,0.0,33.0
4533,0.6629213483146067,999.0,1.0,1.0,0.0,0.0,0.0,0.6086613640075039,0.5949840524470555,15.0,0.0,0.0,0.08050376589702424,0.0,15.0
4534,0.651685393258427,999.0,1.0,1.0,0.0,0.0,0.0,0.5976688126017593,0.5841332024546726,15.0,0.0,0.0,0.0802568218298556,0.0,15.0
4535,0.7078651685393258,999.0,1.0,1.0,0.0,0.0,0.0,0.6495141197045218,0.6305040314896881,21.0,1.0,0.0,0.08420925456083117,0.0,21.0
4536,0.6236559139784946,999.0,1.0,1.0,0.0,0.0,0.0,0.5724720292028153,0.5598097481339341,10.0,0.0,0.0,0.07628749292586301,0.0,10.0
4537,0.6774193548387096,999.0,1.0,1.0,0.0,0.0,0.0,0.6223980779541614,0.6043061937112724,15.0,0.0,0.0,0.07948121050881274,0.0,15.0
4538,0.6236559139784946,999.0,1.0,1.0,0.0,0.0,0.0,0.5724720292028153,0.5598097481339341,10.0,0.0,0.0,0.07628749292586301,0.0,10.0
4539,0.6774193548387096,999.0,1.0,1.0,0.0,0.0,0.0,0.6223980779541614,0.6043061937112724,15.0,0.0,0.0,0.07948121050881274,0.0,15.0
4540,0.6774193548387096,999.0,1.0,1.0,0.0,0.0,0.0,0.6223980779541614,0.6043061937112724,15.0,0.0,0.0,0.07948121050881274,0.0,15.0
4541,0.6263736263736264,999.0,1.0,1.0,0.0,0.0,0.0,0.5740430480668172,0.5610924955067569,11.0,0.0,0.0,0.07798652959943286,0.0,11.0
4542,0.7125,999.0,1.0,1.0,0.0,0.0,0.0,0.6710086826177951,0.6420744790536723,25.0,1.0,0.0,0.05052816901408452,0.0,25.0
4543,0.775,999.0,1.0,1.0,0.0,0.0,0.0,0.7083193238068555,0.6791392192668027,27.0,1.0,0.0,0.07620481927710843,0.0,27.0
4544,0.821917808219178,999.0,1.0,1.0,0.0,0.0,0.0,0.7424599976977092,0.712186524934415,32.0,2.0,1.0,0.10763209393346373,0.0,32.0
4545,1.0,999.0,1.0,1.0,0.0,0.0,0.0,0.8648424543946932,0.8024952162265595,16.0,5.0,2.0,0.16666666666666663,0.0,16.0
4546,1.0,999.0,1.0,1.0,0.0,0.0,0.0,0.8648424543946932,0.8024952162265595,16.0,5.0,2.0,0.16666666666666663,0.0,16.0
4547,1.0,999.0,1.0,1.0,0.0,0.0,0.0,0.8648424543946932,0.8024952162265595,16.0,5.0,2.0,0.16666666666666663,0.0,16.0
4548,1.0,999.0,1.0,1.0,0.0,0.0,0.0,0.8648424543946932,0.8024952162265595,16.0,5.0,2.0,0.16666666666666663,0.0,16.0
4549,1.0,999.0,1.0,1.0,0.0,0.0,0.0,0.8648424543946932,0.8024952162265595,16.0,5.0,2.0,0.16666666666666663,0.0,16.0
4550,1.0,999.0,1.0,1.0,0.0,0.0,0.0,0.8648424543946932,0.8024952162265595,16.0,5.0,2.0,0.16666666666666663,0.0,16.0
4551,0.921875,999.0,1.0,1.0,0.0,0.0,0.0,0.8465575650874947,0.7897066909512309,16.0,5.0,2.0,0.07680457746478875,0.0,16.0
4552,0.6865671641791045,999.0,1.0,0.9148936170212766,0.0,0.0,0.0,0.6494439566871525,0.6297194244101696,22.0,0.0,0.0,0.03656716417910444,0.0,22.0
4553,0.6865671641791045,999.0,1.0,0.9148936170212766,0.0,0.0,0.0,0.6494439566871525,0.6297194244101696,22.0,0.0,0.0,0.03656716417910444,0.0,22.0
4554,1.0,999.0,1.0,1.0,0.0,0.0,0.0,0.7235397452788757,0.6232217020012955,3.0,1.0,1.0,0.40909090909090906,0.0,3.0
4555,1.0,999.0,1.0,1.0,0.0,0.0,0.0,0.7235397452788757,0.6232217020012955,3.0,1.0,1.0,0.40909090909090906,0.0,3.0
4556,0.6619718309859155,999.0,1.0,0.9148936170212766,0.0,0.0,0.0,0.6419535732916014,0.6179079653090779,22.0,0.0,0.0,0.02308294209702666,0.0,22.0
4557,0.6619718309859155,999.0,1.0,0.9148936170212766,0.0,0.0,0.0,0.6419535732916014,0.6179079653090779,22.0,0.0,0.0,0.02308294209702666,0.0,22.0
4558,0.6619718309859155,999.0,1.0,0.9148936170212766,0.0,0.0,0.0,0.6419535732916014,0.6179079653090779,22.0,0.0,0.0,0.02308294209702666,0.0,22.0
4559,0.5783132530120482,999.0,1.0,1.0,0.0,0.0,0.0,0.5485876054655238,0.5281874393486277,4.0,0.0,0.0,0.0417278871583896,0.0,4.0
4560,0.5783132530120482,999.0,1.0,1.0,0.0,0.0,0.0,0.5485876054655238,0.5281874393486277,4.0,0.0,0.0,0.0417278871583896,0.0,4.0
4561,0.5783132530120482,999.0,1.0,1.0,0.0,0.0,0.0,0.5485876054655238,0.5281874393486277,4.0,0.0,0.0,0.0417278871583896,0.0,4.0
4562,0.5783132530120482,999.0,1.0,1.0,0.0,0.0,0.0,0.5485876054655238,0.5281874393486277,4.0,0.0,0.0,0.0417278871583896,0.0,4.0
4563,0.46938775510204084,999.0,1.0,0.313953488372093,0.0,0.0,0.0,0.4582504100931153,0.4456284255845614,0.0,0.0,0.0,0.011940946591402546,0.0,0.0
4564,0.46938775510204084,999.0,1.0,0.313953488372093,0.0,0.0,0.0,0.4582504100931153,0.4456284255845614,0.0,0.0,0.0,0.011940946591402546,0.0,0.0
4565,0.46938775510204084,999.0,1.0,0.313953488372093,0.0,0.0,0.0,0.4582504100931153,0.4456284255845614,0.0,0.0,0.0,0.011940946591402546,0.0,0.0
4566,0.46938775510204084,999.0,1.0,0.313953488372093,0.0,0.0,0.0,0.4582504100931153,0.4456284255845614,0.0,0.0,0.0,0.011940946591402546,0.0,0.0
4567,0.9444444444444444,999.0,1.0,1.0,0.0,0.0,0.0,0.8852044252044253,0.862245462140199,36.0,11.0,6.0,0.06444444444444442,0.0,36.0
4568,0.9444444444444444,999.0,1.0,1.0,0.0,0.0,0.0,0.8852044252044253,0.862245462140199,36.0,11.0,6.0,0.06444444444444442,0.0,36.0
4569,0.9444444444444444,999.0,1.0,1.0,0.0,0.0,0.0,0.8852044252044253,0.862245462140199,36.0,11.0,6.0,0.06444444444444442,0.0,36.0
4570,0.8831168831168831,999.0,1.0,1.0,0.0,0.0,0.0,0.8443722943722944,0.8171789321789322,32.0,11.0,3.0,0.05811688311688312,0.0,32.0
4571,0.8831168831168831,999.0,1.0,1.0,0.0,0.0,0.0,0.8443722943722944,0.8171789321789322,32.0,11.0,3.0,0.05811688311688312,0.0,32.0
4572,0.8831168831168831,999.0,1.0,1.0,0.0,0.0,0.0,0.8443722943722944,0.8171789321789322,32.0,11.0,3.0,0.05811688311688312,0.0,32.0
4573,0.7738095238095238,999.0,1.0,1.0,0.0,0.0,0.0,0.6927008177008176,0.6605667271796303,19.0,1.0,0.0,0.11724386724386726,0.0,19.0
4574,0.9452054794520548,999.0,1.0,1.0,0.0,0.0,0.0,0.8552826649438042,0.8240137548104384,33.0,6.0,2.0,0.11403664828322357,0.0,33.0
4575,0.9452054794520548,999.0,1.0,1.0,0.0,0.0,0.0,0.8552826649438042,0.8240137548104384,33.0,6.0,2.0,0.11403664828322357,0.0,33.0
4576,0.8076923076923077,999.0,1.0,1.0,0.0,0.0,0.0,0.7947938137811557,0.7851230415154467,27.0,6.0,1.0,0.010223953261927932,0.0,27.0
4577,0.8732394366197183,999.0,1.0,1.0,0.0,0.0,0.0,0.8182310235683105,0.7602140755217108,21.0,3.0,2.0,0.01797627872498142,0.0,21.0
4578,0.8732394366197183,999.0,1.0,1.0,0.0,0.0,0.0,0.8182310235683105,0.7602140755217108,21.0,3.0,2.0,0.01797627872498142,0.0,21.0
4579,0.8589743589743589,999.0,1.0,1.0,0.0,0.0,0.0,0.784190639983323,0.7551876751673501,36.0,6.0,1.0,0.10287679799874916,0.0,36.0
4580,0.75,999.0,1.0,1.0,0.0,0.0,0.0,0.6815873015873016,0.6635594270228417,33.0,1.0,0.0,0.09523809523809523,0.0,33.0
4581,0.75,999.0,1.0,1.0,0.0,0.0,0.0,0.6815873015873016,0.6635594270228417,33.0,1.0,0.0,0.09523809523809523,0.0,33.0
4582,0.7375,999.0,1.0,1.0,0.0,0.0,0.0,0.7328767450755403,0.7223659322677058,27.0,5.0,0.0,0.0025602409638554313,0.0,27.0
4583,0.7375,999.0,1.0,1.0,0.0,0.0,0.0,0.7328767450755403,0.7223659322677058,27.0,5.0,0.0,0.0025602409638554313,0.0,27.0
4584,0.6571428571428571,999.0,1.0,1.0,0.0,0.0,0.0,0.6346808993867817,0.6238865197076444,21.0,0.0,0.0,0.022007722007722053,0.0,21.0
4585,0.6571428571428571,999.0,1.0,1.0,0.0,0.0,0.0,0.6346808993867817,0.6238865197076444,21.0,0.0,0.0,0.022007722007722053,0.0,21.0
4586,0.6627906976744186,999.0,1.0,0.3815789473684211,0.0,0.0,0.0,0.6317829457364341,0.6165697674418604,17.0,0.0,0.0,0.03488372093023251,0.0,17.0
4587,0.6410256410256411,999.0,1.0,0.39705882352941174,0.0,0.0,0.0,0.6144242773456257,0.5963916143057136,17.0,0.0,0.0,0.023048112935753484,0.0,17.0
4588,0.6410256410256411,999.0,1.0,0.39705882352941174,0.0,0.0,0.0,0.6144242773456257,0.5963916143057136,17.0,0.0,0.0,0.023048112935753484,0.0,17.0
4589,0.7901234567901234,999.0,1.0,0.45,0.0,0.0,0.0,0.7594062316284539,0.7340021521097672,28.0,3.0,0.0,0.04012345679012341,0.0,28.0
4590,0.75,999.0,1.0,0.45,0.0,0.0,0.0,0.7276189141201757,0.7009737999532086,24.0,3.0,0.0,0.018292682926829285,0.0,24.0
4591,0.75,999.0,1.0,0.45,0.0,0.0,0.0,0.7276189141201757,0.7009737999532086,24.0,3.0,0.0,0.018292682926829285,0.0,24.0
4592,0.6395348837209303,999.0,1.0,0.3611111111111111,0.0,0.0,0.0,0.6171638018200203,0.5940576795882528,14.0,0.0,0.0,0.014534883720930258,0.0,14.0
4593,0.6395348837209303,999.0,1.0,0.3611111111111111,0.0,0.0,0.0,0.6171638018200203,0.5940576795882528,14.0,0.0,0.0,0.014534883720930258,0.0,14.0
4594,0.8076923076923077,999.0,1.0,0.45,0.0,0.0,0.0,0.7451475727337797,0.7069710768374078,25.0,2.0,1.0,0.06959706959706957,0.0,25.0
4595,0.8076923076923077,999.0,1.0,0.45,0.0,0.0,0.0,0.7451475727337797,0.7069710768374078,25.0,2.0,1.0,0.06959706959706957,0.0,25.0
4596,0.7536231884057971,999.0,1.0,0.45,0.0,0.0,0.0,0.6869220151828848,0.6614824774024137,18.0,1.0,0.0,0.09648033126293998,0.0,18.0
4597,0.8157894736842105,999.0,1.0,1.0,0.0,0.0,0.0,0.7772841193893826,0.756825017088175,29.0,6.0,1.0,0.03656869446343125,0.0,29.0
4598,0.8157894736842105,999.0,1.0,1.0,0.0,0.0,0.0,0.7772841193893826,0.756825017088175,29.0,6.0,1.0,0.03656869446343125,0.0,29.0
4599,0.8157894736842105,999.0,1.0,1.0,0.0,0.0,0.0,0.7772841193893826,0.756825017088175,29.0,6.0,1.0,0.03656869446343125,0.0,29.0
4600,0.6785714285714286,999.0,1.0,0.543859649122807,0.0,0.0,0.0,0.6693722943722943,0.6469225219225219,25.0,0.0,0.0,0.008116883116883189,0.0,25.0
4601,0.6785714285714286,999.0,1.0,0.543859649122807,0.0,0.0,0.0,0.6693722943722943,0.6469225219225219,25.0,0.0,0.0,0.008116883116883189,0.0,25.0
4602,0.6341463414634146,999.0,1.0,0.9148936170212766,0.0,0.0,0.0,0.6291063440754889,0.6248575514332645,22.0,0.0,0.0,0.007479674796747937,0.0,22.0
4603,0.6341463414634146,999.0,1.0,0.9148936170212766,0.0,0.0,0.0,0.6291063440754889,0.6248575514332645,22.0,0.0,0.0,0.007479674796747937,0.0,22.0
4604,0.6341463414634146,999.0,1.0,0.9148936170212766,0.0,0.0,0.0,0.6291063440754889,0.6248575514332645,22.0,0.0,0.0,0.007479674796747937,0.0,22.0
4605,0.6125,999.0,1.0,0.543859649122807,0.0,0.0,0.0,0.5996807967313585,0.5899160049205355,12.0,0.0,0.0,0.010227272727272751,0.0,12.0
4606,0.6125,999.0,1.0,0.543859649122807,0.0,0.0,0.0,0.5996807967313585,0.5899160049205355,12.0,0.0,0.0,0.010227272727272751,0.0,12.0
4607,0.6125,999.0,1.0,0.543859649122807,0.0,0.0,0.0,0.5996807967313585,0.5899160049205355,12.0,0.0,0.0,0.010227272727272751,0.0,12.0
4608,0.5189873417721519,999.0,1.0,0.8974358974358975,0.0,0.0,0.0,0.48727994427247134,0.47472303902725094,1.0,0.0,0.0,0.04601436879917892,0.0,1.0
4609,0.5189873417721519,999.0,1.0,0.8974358974358975,0.0,0.0,0.0,0.48727994427247134,0.47472303902725094,1.0,0.0,0.0,0.04601436879917892,0.0,1.0
4610,0.7777777777777778,999.0,1.0,1.0,0.0,0.0,0.0,0.7206605149670219,0.6981620747459789,28.0,2.0,0.0,0.06544901065449016,0.0,28.0
4611,0.7014925373134329,999.0,1.0,1.0,0.0,0.0,0.0,0.679869303437509,0.6552865359491984,27.0,1.0,0.0,0.026167861988757535,0.0,27.0
4612,0.7014925373134329,999.0,1.0,1.0,0.0,0.0,0.0,0.679869303437509,0.6552865359491984,27.0,1.0,0.0,0.026167861988757535,0.0,27.0
4613,0.6060606060606061,999.0,1.0,0.8974358974358975,0.0,0.0,0.0,0.5103152414923359,0.4828919779273484,1.0,0.0,0.0,0.13045084996304512,0.0,1.0
4614,0.6060606060606061,999.0,1.0,0.8974358974358975,0.0,0.0,0.0,0.5103152414923359,0.4828919779273484,1.0,0.0,0.0,0.13045084996304512,0.0,1.0
4615,0.7017543859649122,999.0,1.0,1.0,0.0,0.0,0.0,0.685547854860968,0.6700120984965181,20.0,1.0,0.0,0.023788284269997018,0.0,20.0
4616,0.4411764705882353,999.0,1.0,1.0,0.0,0.0,0.0,0.387642627672538,0.3482251114872438,0.0,0.0,0.0,0.024509803921568596,0.0,0.0
4617,0.4411764705882353,999.0,1.0,1.0,0.0,0.0,0.0,0.387642627672538,0.3482251114872438,0.0,0.0,0.0,0.024509803921568596,0.0,0.0
4618,0.4411764705882353,999.0,1.0,1.0,0.0,0.0,0.0,0.387642627672538,0.3482251114872438,0.0,0.0,0.0,0.024509803921568596,0.0,0.0
4619,0.41379310344827586,999.0,1.0,1.0,0.0,0.0,0.0,0.36188936781609193,0.3325283575317604,0.0,0.0,0.0,0.07004310344827586,0.0,0.0
4620,0.38235294117647056,999.0,1.0,1.0,0.0,0.0,0.0,0.36837762131879775,0.3588530568095435,0.0,0.0,0.0,0.01092436974789912,0.0,0.0
4621,0.6744186046511628,999.0,1.0,1.0,0.0,0.0,0.0,0.6564198520894592,0.6435041316924128,32.0,0.0,0.0,0.023255813953488302,0.0,32.0
4622,0.6744186046511628,999.0,1.0,1.0,0.0,0.0,0.0,0.6564198520894592,0.6435041316924128,32.0,0.0,0.0,0.023255813953488302,0.0,32.0
4623,0.6744186046511628,999.0,1.0,1.0,0.0,0.0,0.0,0.6564198520894592,0.6435041316924128,32.0,0.0,0.0,0.023255813953488302,0.0,32.0
4624,0.6744186046511628,999.0,1.0,1.0,0.0,0.0,0.0,0.6564198520894592,0.6435041316924128,32.0,0.0,0.0,0.023255813953488302,0.0,32.0
4625,0.6744186046511628,999.0,1.0,1.0,0.0,0.0,0.0,0.6564198520894592,0.6435041316924128,32.0,0.0,0.0,0.023255813953488302,0.0,32.0
4626,0.6829268292682927,999.0,1.0,1.0,0.0,0.0,0.0,0.6115956724243531,0.5756688372114176,7.0,0.0,0.0,0.08051719071407581,0.0,7.0
4627,0.6829268292682927,999.0,1.0,1.0,0.0,0.0,0.0,0.6115956724243531,0.5756688372114176,7.0,0.0,0.0,0.08051719071407581,0.0,7.0
4628,0.6829268292682927,999.0,1.0,1.0,0.0,0.0,0.0,0.6115956724243531,0.5756688372114176,7.0,0.0,0.0,0.08051719071407581,0.0,7.0
4629,0.5697674418604651,999.0,1.0,1.0,0.0,0.0,0.0,0.536092356422439,0.5196554138534634,4.0,0.0,0.0,0.042885721430357626,0.0,4.0
4630,0.5697674418604651,999.0,1.0,1.0,0.0,0.0,0.0,0.536092356422439,0.5196554138534634,4.0,0.0,0.0,0.042885721430357626,0.0,4.0
4631,0.5697674418604651,999.0,1.0,1.0,0.0,0.0,0.0,0.536092356422439,0.5196554138534634,4.0,0.0,0.0,0.042885721430357626,0.0,4.0
4632,0.5697674418604651,999.0,1.0,1.0,0.0,0.0,0.0,0.536092356422439,0.5196554138534634,4.0,0.0,0.0,0.042885721430357626,0.0,4.0
4633,0.6144578313253012,999.0,1.0,1.0,0.0,0.0,0.0,0.5955410105721026,0.5779944628025917,9.0,0.0,0.0,0.012185104052573892,0.0,9.0
4634,0.6144578313253012,999.0,1.0,1.0,0.0,0.0,0.0,0.5955410105721026,0.5779944628025917,9.0,0.0,0.0,0.012185104052573892,0.0,9.0
4635,0.6144578313253012,999.0,1.0,1.0,0.0,0.0,0.0,0.5955410105721026,0.5779944628025917,9.0,0.0,0.0,0.012185104052573892,0.0,9.0
4636,0.6144578313253012,999.0,1.0,1.0,0.0,0.0,0.0,0.5955410105721026,0.5779944628025917,9.0,0.0,0.0,0.012185104052573892,0.0,9.0
4637,0.6144578313253012,999.0,1.0,1.0,0.0,0.0,0.0,0.5955410105721026,0.5779944628025917,9.0,0.0,0.0,0.012185104052573892,0.0,9.0
4638,0.40350877192982454,999.0,1.0,0.5,0.0,0.0,0.0,0.37694372543380306,0.3669752470370356,0.0,0.0,0.0,0.0368421052631579,0.0,0.0
4639,0.40350877192982454,999.0,1.0,0.5,0.0,0.0,0.0,0.3811032556515667,0.3717608428674075,0.0,0.0,0.0,0.03037444357161556,0.0,0.0
4640,0.76,999.0,0.0,1.0,0.0,1.0,59.0,0.7036038961038962,0.673044937830452,22.0,1.0,0.0,0.07168831168831169,8.0,14.0
4641,0.5645161290322581,999.0,1.0,0.5789473684210527,0.0,0.0,0.0,0.4993695978871073,0.4823341283298799,1.0,0.0,0.0,0.08993985784581743,0.0,1.0
4642,0.5645161290322581,999.0,1.0,0.5789473684210527,0.0,0.0,0.0,0.4993695978871073,0.4823341283298799,1.0,0.0,0.0,0.08993985784581743,0.0,1.0
4643,0.5645161290322581,999.0,1.0,0.5789473684210527,0.0,0.0,0.0,0.4993695978871073,0.4823341283298799,1.0,0.0,0.0,0.08993985784581743,0.0,1.0
4644,0.5645161290322581,999.0,1.0,0.5789473684210527,0.0,0.0,0.0,0.4993695978871073,0.4823341283298799,1.0,0.0,0.0,0.08993985784581743,0.0,1.0
4645,0.44642857142857145,999.0,1.0,0.5789473684210527,0.0,0.0,0.0,0.4361658456486042,0.42372331691297205,0.0,0.0,0.0,0.01539408866995079,0.0,0.0
4646,0.44642857142857145,999.0,1.0,0.5789473684210527,0.0,0.0,0.0,0.4361658456486042,0.42372331691297205,0.0,0.0,0.0,0.01539408866995079,0.0,0.0
4647,0.44642857142857145,999.0,1.0,0.5789473684210527,0.0,0.0,0.0,0.4361658456486042,0.42372331691297205,0.0,0.0,0.0,0.01539408866995079,0.0,0.0
4648,0.5517241379310345,999.0,1.0,0.48333333333333334,0.0,0.0,0.0,0.5042606100795756,0.47679879029016964,1.0,0.0,0.0,0.05941644562334214,0.0,1.0
4649,0.5517241379310345,999.0,1.0,0.48333333333333334,0.0,0.0,0.0,0.5042606100795756,0.47679879029016964,1.0,0.0,0.0,0.05941644562334214,0.0,1.0
4650,0.5517241379310345,999.0,1.0,0.48333333333333334,0.0,0.0,0.0,0.5042606100795756,0.47679879029016964,1.0,0.0,0.0,0.05941644562334214,0.0,1.0
4651,0.53125,999.0,1.0,0.515625,0.0,0.0,0.0,0.5202290764790765,0.5064405552590484,3.0,0.0,0.0,0.016098484848484862,0.0,3.0
4652,0.53125,999.0,1.0,0.515625,0.0,0.0,0.0,0.5202290764790765,0.5064405552590484,3.0,0.0,0.0,0.016098484848484862,0.0,3.0
4653,1.0,999.0,0.0,1.0,0.0,1.0,3.0,0.8268640789649192,0.6967649991030894,4.0,3.0,1.0,0.24489795918367352,3.0,1.0
4654,1.0,999.0,0.0,1.0,0.0,1.0,3.0,0.8268640789649192,0.6967649991030894,4.0,3.0,1.0,0.24489795918367352,3.0,1.0
4655,1.0,999.0,0.0,1.0,0.0,1.0,3.0,0.8268640789649192,0.6967649991030894,4.0,3.0,1.0,0.24489795918367352,3.0,1.0
4656,1.0,999.0,0.0,1.0,0.0,1.0,3.0,0.880718954248366,0.7405525846702317,5.0,3.0,2.0,0.08333333333333337,3.0,2.0
4657,1.0,999.0,0.0,1.0,0.0,1.0,3.0,0.880718954248366,0.7405525846702317,5.0,3.0,2.0,0.08333333333333337,3.0,2.0
4658,1.0,999.0,0.0,1.0,0.0,1.0,3.0,0.880718954248366,0.7405525846702317,5.0,3.0,2.0,0.08333333333333337,3.0,2.0
4659,0.5454545454545454,999.0,1.0,0.5303030303030303,0.0,0.0,0.0,0.5294612794612794,0.5089517940202872,3.0,0.0,0.0,0.017676767676767624,0.0,3.0
4660,0.5454545454545454,999.0,1.0,0.5303030303030303,0.0,0.0,0.0,0.5294612794612794,0.5089517940202872,3.0,0.0,0.0,0.017676767676767624,0.0,3.0
4661,0.5454545454545454,999.0,1.0,0.5303030303030303,0.0,0.0,0.0,0.5294612794612794,0.5089517940202872,3.0,0.0,0.0,0.017676767676767624,0.0,3.0
4662,1.0,999.0,0.0,1.0,0.0,1.0,3.0,0.8905895691609977,0.7436340445269016,5.0,3.0,2.0,0.08333333333333337,3.0,2.0
4663,1.0,999.0,0.0,1.0,0.0,1.0,3.0,0.8905895691609977,0.7436340445269016,5.0,3.0,2.0,0.08333333333333337,3.0,2.0
4664,1.0,999.0,0.0,1.0,0.0,1.0,3.0,0.8905895691609977,0.7436340445269016,5.0,3.0,2.0,0.08333333333333337,3.0,2.0
4665,0.5138888888888888,999.0,1.0,0.6507936507936508,0.0,0.0,0.0,0.4147940970230127,0.3930625047254355,1.0,0.0,0.0,0.14484126984126977,0.0,1.0
4666,0.3116883116883117,999.0,1.0,0.29069767441860467,0.0,0.0,0.0,0.28866188012529476,0.2784258862451115,0.0,0.0,0.0,0.031200506810262874,0.0,0.0
4667,0.3116883116883117,999.0,1.0,0.29069767441860467,0.0,0.0,0.0,0.28866188012529476,0.2784258862451115,0.0,0.0,0.0,0.031200506810262874,0.0,0.0
4668,0.5806451612903226,999.0,1.0,0.58,0.0,0.0,0.0,0.40453178428706793,0.36078358670127303,1.0,0.0,0.0,0.2588060808305525,0.0,1.0
4669,0.36486486486486486,999.0,1.0,0.39655172413793105,0.0,0.0,0.0,0.29311321246805117,0.2743544376804359,0.0,0.0,0.0,0.1068003487358326,0.0,0.0
4670,0.37333333333333335,999.0,1.0,0.38333333333333336,0.0,0.0,0.0,0.32845782237086585,0.3082377863399984,0.0,0.0,0.0,0.06564102564102564,0.0,0.0
4671,0.32558139534883723,999.0,1.0,0.3157894736842105,0.0,0.0,0.0,0.318029047491758,0.30871216533716006,0.0,0.0,0.0,0.003742314889067122,0.0,0.0
4672,0.2972972972972973,999.0,1.0,0.359375,0.0,0.0,0.0,0.28133239092143203,0.2727320188225221,0.0,0.0,0.0,0.0233246945575713,0.0,0.0
4673,0.3815789473684211,999.0,1.0,0.4024390243902439,0.0,0.0,0.0,0.36885964912280705,0.36045159194282,0.0,0.0,0.0,0.019078947368421084,0.0,0.0
4674,0.3815789473684211,999.0,1.0,0.4024390243902439,0.0,0.0,0.0,0.36885964912280705,0.36045159194282,0.0,0.0,0.0,0.019078947368421084,0.0,0.0
4675,0.3815789473684211,999.0,1.0,0.4024390243902439,0.0,0.0,0.0,0.36885964912280705,0.36045159194282,0.0,0.0,0.0,0.019078947368421084,0.0,0.0
4676,0.3972602739726027,999.0,1.0,0.4024390243902439,0.0,0.0,0.0,0.38350234240645203,0.37511783479764993,0.0,0.0,0.0,0.02063689734922608,0.0,0.0
4677,0.3972602739726027,999.0,1.0,0.4024390243902439,0.0,0.0,0.0,0.38350234240645203,0.37511783479764993,0.0,0.0,0.0,0.02063689734922608,0.0,0.0
4678,0.6705882352941176,999.0,1.0,0.6923076923076923,0.0,0.0,0.0,0.6679890560875513,0.5186246590309259,3.0,0.0,0.0,0.0,0.0,3.0
4679,0.6705882352941176,999.0,1.0,0.6923076923076923,0.0,0.0,0.0,0.6679890560875513,0.5186246590309259,3.0,0.0,0.0,0.0,0.0,3.0
4680,0.6705882352941176,999.0,1.0,0.6923076923076923,0.0,0.0,0.0,0.6679890560875513,0.5186246590309259,3.0,0.0,0.0,0.0,0.0,3.0
4681,0.6785714285714286,999.0,1.0,0.6923076923076923,0.0,0.0,0.0,0.6759103641456582,0.5245938375350139,3.0,0.0,0.0,0.0,0.0,3.0
4682,0.6785714285714286,999.0,1.0,0.6923076923076923,0.0,0.0,0.0,0.6759103641456582,0.5245938375350139,3.0,0.0,0.0,0.0,0.0,3.0
4683,0.4177215189873418,999.0,1.0,0.6507936507936508,0.0,0.0,0.0,0.4043007472929694,0.37910842542025797,0.0,0.0,0.0,0.020131157541558642,0.0,0.0
4684,0.4177215189873418,999.0,1.0,0.6507936507936508,0.0,0.0,0.0,0.4043007472929694,0.37910842542025797,0.0,0.0,0.0,0.020131157541558642,0.0,0.0
4685,0.4125,999.0,1.0,0.47692307692307695,0.0,0.0,0.0,0.3815838404327248,0.36593559837728196,0.0,0.0,0.0,0.03318965517241379,0.0,0.0
4686,0.4411764705882353,999.0,1.0,0.6060606060606061,0.0,0.0,0.0,0.37552177194522746,0.35776920351801367,0.0,0.0,0.0,0.09789288849868305,0.0,0.0
4687,0.4528301886792453,999.0,1.0,0.6060606060606061,0.0,0.0,0.0,0.43841240681915794,0.43083302827052156,0.0,0.0,0.0,0.02145763965963743,0.0,0.0
4688,0.5245901639344263,999.0,1.0,0.4375,0.0,0.0,0.0,0.5054650139944022,0.4889644922676091,2.0,0.0,0.0,0.020590163934426253,0.0,2.0
4689,0.5245901639344263,999.0,1.0,0.4375,0.0,0.0,0.0,0.5054650139944022,0.4889644922676091,2.0,0.0,0.0,0.020590163934426253,0.0,2.0
4690,0.64,999.0,1.0,0.5070422535211268,0.0,0.0,0.0,0.5882766054004992,0.5547516775260137,5.0,0.0,0.0,0.07269230769230772,0.0,5.0
4691,0.64,999.0,1.0,0.5070422535211268,0.0,0.0,0.0,0.5882766054004992,0.5547516775260137,5.0,0.0,0.0,0.07269230769230772,0.0,5.0
4692,0.6095238095238096,999.0,1.0,1.0,0.0,0.0,0.0,0.5865546218487395,0.5756974789915967,18.0,0.0,0.0,0.0212885154061625,0.0,18.0
4693,0.29347826086956524,999.0,1.0,0.7924528301886793,0.0,0.0,0.0,0.2886569376682066,0.28612615814161513,0.0,0.0,0.0,0.0040045766590389165,0.0,0.0
4694,0.3373493975903614,999.0,1.0,1.0,0.0,0.0,0.0,0.33084060379448826,0.3237494603159087,0.0,0.0,0.0,0.004016064257028107,0.0,0.0
4695,0.29213483146067415,999.0,1.0,0.26582278481012656,0.0,0.0,0.0,0.2799540347293156,0.2732269364369325,0.0,0.0,0.0,0.017134831460674127,0.0,0.0
4696,0.3291139240506329,999.0,1.0,0.3283582089552239,0.0,0.0,0.0,0.2786235602691299,0.2620425572141095,0.0,0.0,0.0,0.07235716729387615,0.0,0.0
4697,0.675,999.0,1.0,0.6153846153846154,0.0,0.0,0.0,0.6571786575307702,0.6452815534928211,24.0,0.0,0.0,0.02635135135135136,0.0,24.0
4698,1.0,999.0,1.0,1.0,0.0,0.0,0.0,0.8874975154044922,0.8099859872445905,7.0,4.0,2.0,0.1282051282051282,0.0,7.0
4699,0.5522388059701493,999.0,1.0,0.7027027027027027,0.0,0.0,0.0,0.5419227392449516,0.5293012843384475,5.0,0.0,0.0,0.00812115891132581,0.0,5.0
4700,0.5915492957746479,999.0,0.0,1.0,0.0,1.0,1.0,0.5848423876592891,0.5711074527975936,9.0,0.0,0.0,0.0,1.0,8.0
4701,0.6288659793814433,999.0,1.0,0.746031746031746,0.0,0.0,0.0,0.613923068395965,0.6016256804298742,7.0,0.0,0.0,0.01596275357499166,0.0,7.0
4702,0.6417910447761194,999.0,1.0,1.0,0.0,0.0,0.0,0.583150500087554,0.555369752107327,6.0,0.0,0.0,0.07036247334754797,0.0,6.0
4703,0.6417910447761194,999.0,1.0,1.0,0.0,0.0,0.0,0.583150500087554,0.555369752107327,6.0,0.0,0.0,0.07036247334754797,0.0,6.0
4704,0.4230769230769231,999.0,1.0,0.4177215189873418,0.0,0.0,0.0,0.41086115142718915,0.4065166908563135,0.0,0.0,0.0,0.017416545718432486,0.0,0.0
4705,0.36633663366336633,999.0,1.0,0.53125,0.0,0.0,0.0,0.362199357190621,0.3528789149252848,0.0,0.0,0.0,0.0016307513104251714,0.0,0.0
4706,0.5394736842105263,999.0,1.0,0.5,0.0,0.0,0.0,0.44910681863757324,0.42755359204312915,1.0,0.0,0.0,0.12921727395411609,0.0,1.0
4707,0.5394736842105263,999.0,1.0,0.5,0.0,0.0,0.0,0.44910681863757324,0.42755359204312915,1.0,0.0,0.0,0.12921727395411609,0.0,1.0
4708,0.5396825396825397,999.0,1.0,0.5517241379310345,0.0,0.0,0.0,0.480363663462255,0.46599597585513075,1.0,0.0,0.0,0.08897831433042697,0.0,1.0
4709,0.4927536231884058,999.0,1.0,0.5,0.0,0.0,0.0,0.4413074847857457,0.4288870549740115,0.0,0.0,0.0,0.07716920760399021,0.0,0.0
4710,0.5074626865671642,999.0,1.0,0.5161290322580645,0.0,0.0,0.0,0.45359867330016584,0.4405802566116785,1.0,0.0,0.0,0.0807960199004975,0.0,1.0
4711,0.5074626865671642,999.0,1.0,0.5161290322580645,0.0,0.0,0.0,0.45359867330016584,0.4405802566116785,1.0,0.0,0.0,0.0807960199004975,0.0,1.0
4712,0.5074626865671642,999.0,1.0,0.5161290322580645,0.0,0.0,0.0,0.45359867330016584,0.4405802566116785,1.0,0.0,0.0,0.0807960199004975,0.0,1.0
4713,0.47435897435897434,999.0,1.0,0.40789473684210525,0.0,0.0,0.0,0.4404725992961287,0.43172542004279346,0.0,0.0,0.0,0.05082956259426846,0.0,0.0
4714,0.4457831325301205,999.0,1.0,0.40789473684210525,0.0,0.0,0.0,0.41526104417670684,0.40739838474778234,0.0,0.0,0.0,0.04578313253012045,0.0,0.0
4715,0.4788732394366197,999.0,1.0,0.7924528301886793,0.0,0.0,0.0,0.46857102209214885,0.44920984014604565,0.0,0.0,0.0,0.009176269739649967,0.0,0.0
4716,0.5529411764705883,999.0,1.0,0.41025641025641024,0.0,0.0,0.0,0.5072339292253404,0.4627249219918391,2.0,0.0,0.0,0.03681214421252377,0.0,2.0
4717,0.5529411764705883,999.0,1.0,0.41025641025641024,0.0,0.0,0.0,0.5072339292253404,0.4627249219918391,2.0,0.0,0.0,0.03681214421252377,0.0,2.0
4718,0.5529411764705883,999.0,1.0,0.41025641025641024,0.0,0.0,0.0,0.5072339292253404,0.4627249219918391,2.0,0.0,0.0,0.03681214421252377,0.0,2.0
4719,0.5529411764705883,999.0,1.0,0.41025641025641024,0.0,0.0,0.0,0.5072339292253404,0.4627249219918391,2.0,0.0,0.0,0.03681214421252377,0.0,2.0
4720,0.5529411764705883,999.0,1.0,0.41025641025641024,0.0,0.0,0.0,0.5072339292253404,0.4627249219918391,2.0,0.0,0.0,0.03681214421252377,0.0,2.0
4721,0.5529411764705883,999.0,1.0,0.41025641025641024,0.0,0.0,0.0,0.5072339292253404,0.4627249219918391,2.0,0.0,0.0,0.03681214421252377,0.0,2.0
4722,0.5529411764705883,999.0,1.0,0.41025641025641024,0.0,0.0,0.0,0.5072339292253404,0.4627249219918391,2.0,0.0,0.0,0.03681214421252377,0.0,2.0
4723,0.5529411764705883,999.0,1.0,0.41025641025641024,0.0,0.0,0.0,0.5072339292253404,0.4627249219918391,2.0,0.0,0.0,0.03681214421252377,0.0,2.0
4724,0.5529411764705883,999.0,1.0,0.41025641025641024,0.0,0.0,0.0,0.5072339292253404,0.4627249219918391,2.0,0.0,0.0,0.03681214421252377,0.0,2.0
4725,0.68,999.0,1.0,0.5555555555555556,0.0,0.0,0.0,0.6198157335223246,0.5647839019733738,4.0,0.0,0.0,0.05349397590361449,0.0,4.0
4726,0.68,999.0,1.0,0.5555555555555556,0.0,0.0,0.0,0.6198157335223246,0.5647839019733738,4.0,0.0,0.0,0.05349397590361449,0.0,4.0
4727,0.68,999.0,1.0,0.5555555555555556,0.0,0.0,0.0,0.6198157335223246,0.5647839019733738,4.0,0.0,0.0,0.05349397590361449,0.0,4.0
4728,0.68,999.0,1.0,0.5555555555555556,0.0,0.0,0.0,0.6198157335223246,0.5647839019733738,4.0,0.0,0.0,0.05349397590361449,0.0,4.0
4729,0.68,999.0,1.0,0.5555555555555556,0.0,0.0,0.0,0.6198157335223246,0.5647839019733738,4.0,0.0,0.0,0.05349397590361449,0.0,4.0
4730,0.68,999.0,1.0,0.5555555555555556,0.0,0.0,0.0,0.6198157335223246,0.5647839019733738,4.0,0.0,0.0,0.05349397590361449,0.0,4.0
4731,0.68,999.0,1.0,0.5555555555555556,0.0,0.0,0.0,0.6198157335223246,0.5647839019733738,4.0,0.0,0.0,0.05349397590361449,0.0,4.0
4732,0.68,999.0,1.0,0.5555555555555556,0.0,0.0,0.0,0.6198157335223246,0.5647839019733738,4.0,0.0,0.0,0.05349397590361449,0.0,4.0
4733,0.68,999.0,1.0,0.5555555555555556,0.0,0.0,0.0,0.6198157335223246,0.5647839019733738,4.0,0.0,0.0,0.05349397590361449,0.0,4.0
4734,0.36363636363636365,999.0,1.0,0.48717948717948717,0.0,0.0,0.0,0.33112644189755575,0.3228779927981079,0.0,0.0,0.0,0.04784688995215314,0.0,0.0
4735,0.37894736842105264,999.0,1.0,0.375,0.0,0.0,0.0,0.3256277949776402,0.3087372073282465,0.0,0.0,0.0,0.06522187822497422,0.0,0.0
4736,0.3695652173913043,999.0,1.0,0.48717948717948717,0.0,0.0,0.0,0.3229639389059679,0.309336760615533,0.0,0.0,0.0,0.06653491436100128,0.0,0.0
4737,0.39080459770114945,999.0,1.0,0.48717948717948717,0.0,0.0,0.0,0.34081784462378745,0.3263297872340426,0.0,0.0,0.0,0.07165566153093667,0.0,0.0
4738,0.40217391304347827,999.0,1.0,0.3076923076923077,0.0,0.0,0.0,0.3466183574879227,0.32005121499400674,0.0,0.0,0.0,0.06884057971014496,0.0,0.0
4739,0.3695652173913043,999.0,1.0,0.3448275862068966,0.0,0.0,0.0,0.3232084077973015,0.30976355399515104,0.0,0.0,0.0,0.06653491436100128,0.0,0.0
4740,0.48717948717948717,999.0,1.0,0.48717948717948717,0.0,0.0,0.0,0.4068376068376068,0.37574569632335997,0.0,0.0,0.0,0.08717948717948715,0.0,0.0
4741,0.3717948717948718,999.0,1.0,0.4222222222222222,0.0,0.0,0.0,0.34919798618428755,0.3391904335016173,0.0,0.0,0.0,0.02932911837021429,0.0,0.0
4742,0.3717948717948718,999.0,1.0,0.4222222222222222,0.0,0.0,0.0,0.34919798618428755,0.3391904335016173,0.0,0.0,0.0,0.02932911837021429,0.0,0.0
4743,0.36585365853658536,999.0,1.0,0.48717948717948717,0.0,0.0,0.0,0.3484469460079216,0.33795946410168326,0.0,0.0,0.0,0.019699812382739212,0.0,0.0
4744,0.3717948717948718,999.0,1.0,0.4222222222222222,0.0,0.0,0.0,0.34919798618428755,0.3391904335016173,0.0,0.0,0.0,0.02932911837021429,0.0,0.0
4745,0.37735849056603776,999.0,1.0,0.48717948717948717,0.0,0.0,0.0,0.35059699585972665,0.337990173383106,0.0,0.0,0.0,0.025506638714185903,0.0,0.0
4746,0.3246753246753247,999.0,1.0,0.3877551020408163,0.0,0.0,0.0,0.3208531974354759,0.3152432431180871,0.0,0.0,0.0,0.00324675324675322,0.0,0.0
4747,0.32894736842105265,999.0,1.0,0.48717948717948717,0.0,0.0,0.0,0.32492046458438345,0.31934788314623447,0.0,0.0,0.0,0.003646163601775554,0.0,0.0
4748,0.35526315789473684,999.0,1.0,0.48717948717948717,0.0,0.0,0.0,0.34627727856225937,0.3402225074882328,0.0,0.0,0.0,0.01315789473684209,0.0,0.0
4749,0.325,999.0,1.0,0.3584905660377358,0.0,0.0,0.0,0.3110076670317634,0.30310259218692953,0.0,0.0,0.0,0.018181818181818188,0.0,0.0
4750,0.32894736842105265,999.0,1.0,0.3958333333333333,0.0,0.0,0.0,0.3212486344065291,0.31619240408714094,0.0,0.0,0.0,0.008434547908232115,0.0,0.0
4751,0.3333333333333333,999.0,1.0,0.40425531914893614,0.0,0.0,0.0,0.3256164125729343,0.3203581122910615,0.0,0.0,0.0,0.008658008658008642,0.0,0.0
4752,0.36486486486486486,999.0,1.0,0.48717948717948717,0.0,0.0,0.0,0.35316659943525613,0.34613419389538785,0.0,0.0,0.0,0.013513513513513487,0.0,0.0
4753,0.3333333333333333,999.0,1.0,0.43478260869565216,0.0,0.0,0.0,0.3221089486149727,0.3128457887494032,0.0,0.0,0.0,0.008032128514056214,0.0,0.0
4754,0.3835616438356164,999.0,1.0,0.425531914893617,0.0,0.0,0.0,0.34739872732940896,0.334080262038671,0.0,0.0,0.0,0.0502283105022831,0.0,0.0
4755,0.3508771929824561,999.0,1.0,0.3333333333333333,0.0,0.0,0.0,0.3107837206267867,0.29808041340234126,0.0,0.0,0.0,0.05675954592363258,0.0,0.0
4756,0.3770491803278688,999.0,1.0,0.48717948717948717,0.0,0.0,0.0,0.3720598717034925,0.363702123488296,0.0,0.0,0.0,0.0002375861249702682,0.0,0.0
4757,0.33783783783783783,999.0,1.0,0.4444444444444444,0.0,0.0,0.0,0.32435185376361847,0.31459233585385254,0.0,0.0,0.0,0.01430842607313193,0.0,0.0
4758,0.46153846153846156,999.0,1.0,0.6666666666666666,0.0,0.0,0.0,0.35676867934932455,0.318054293175714,0.0,0.0,0.0,0.15384615384615385,0.0,0.0
4759,0.4666666666666667,999.0,1.0,0.6785714285714286,0.0,0.0,0.0,0.4403959515070626,0.4016896781839311,0.0,0.0,0.0,0.007207207207207189,0.0,0.0
4760,0.7166666666666667,999.0,0.0,1.0,0.0,1.0,1.0,0.5054970246805189,0.4486278851379817,1.0,1.0,0.0,0.30490196078431375,1.0,0.0
4761,0.5121951219512195,999.0,1.0,0.4375,0.0,0.0,0.0,0.5041105873243606,0.49526542324246775,2.0,0.0,0.0,0.00799344127895063,0.0,2.0
4762,0.4533333333333333,999.0,1.0,0.5161290322580645,0.0,0.0,0.0,0.42837855911026645,0.3605565472308657,0.0,0.0,0.0,0.011774891774891771,0.0,0.0
4763,0.7014925373134329,999.0,1.0,0.6666666666666666,0.0,0.0,0.0,0.6979334098737083,0.6164553084082198,4.0,2.0,0.0,0.0014925373134329067,0.0,4.0
4764,0.6727272727272727,999.0,1.0,0.625,0.0,0.0,0.0,0.5822569961914223,0.531029074562144,3.0,0.0,0.0,0.11535022354694491,0.0,3.0
4765,1.0,999.0,1.0,1.0,0.0,0.0,0.0,0.8834767866458008,0.8534344203358287,16.0,10.0,4.0,0.16901408450704225,0.0,16.0
4766,1.0,999.0,1.0,1.0,0.0,0.0,0.0,0.8834767866458008,0.8534344203358287,16.0,10.0,4.0,0.16901408450704225,0.0,16.0
4767,1.0,999.0,1.0,1.0,0.0,0.0,0.0,0.868505491793163,0.8380627545353573,16.0,10.0,2.0,0.1917808219178082,0.0,16.0
4768,1.0,999.0,1.0,1.0,0.0,0.0,0.0,0.868505491793163,0.8380627545353573,16.0,10.0,2.0,0.1917808219178082,0.0,16.0
4769,0.38823529411764707,999.0,1.0,0.4714285714285714,0.0,0.0,0.0,0.347518760590656,0.3367163845595218,0.0,0.0,0.0,0.05490196078431375,0.0,0.0
4770,0.36,999.0,1.0,0.6730769230769231,0.0,0.0,0.0,0.3250715488215488,0.3101944444444445,0.0,0.0,0.0,0.04686868686868684,0.0,0.0
4771,0.36,999.0,1.0,0.6730769230769231,0.0,0.0,0.0,0.3250715488215488,0.3101944444444445,0.0,0.0,0.0,0.04686868686868684,0.0,0.0
4772,0.36,999.0,1.0,0.6730769230769231,0.0,0.0,0.0,0.3250715488215488,0.3101944444444445,0.0,0.0,0.0,0.04686868686868684,0.0,0.0
4773,0.34,999.0,1.0,0.32857142857142857,0.0,0.0,0.0,0.32324206866579747,0.31456048454199453,0.0,0.0,0.0,0.017966101694915304,0.0,0.0
4774,0.34285714285714286,999.0,1.0,0.6730769230769231,0.0,0.0,0.0,0.30953509960359277,0.2999369257932032,0.0,0.0,0.0,0.04478021978021979,0.0,0.0
4775,0.58,999.0,1.0,1.0,0.0,0.0,0.0,0.5614776925262858,0.5504124513820329,8.0,0.0,0.0,0.014782608695652177,0.0,8.0
4776,0.22857142857142856,999.0,1.0,0.4418604651162791,0.0,0.0,0.0,0.22441041545519158,0.2214578434760135,0.0,0.0,0.0,0.004690831556503183,0.0,0.0
4777,0.7111111111111111,999.0,0.0,1.0,0.0,1.0,6.0,0.6005590496156534,0.5526431220770844,2.0,1.0,0.0,0.11111111111111116,2.0,0.0
4778,0.5061728395061729,999.0,1.0,0.4507042253521127,0.0,0.0,0.0,0.4170644228384553,0.3685453540114556,1.0,0.0,0.0,0.06797059231516162,0.0,1.0
4779,0.30337078651685395,999.0,1.0,0.5,0.0,0.0,0.0,0.284228377502805,0.2753092247058732,0.0,0.0,0.0,0.02488977385862612,0.0,0.0
4780,0.5263157894736842,999.0,1.0,0.6545454545454545,0.0,0.0,0.0,0.5131009341535657,0.509095128393374,7.0,0.0,0.0,0.01982228298017774,0.0,7.0
4781,0.47619047619047616,999.0,1.0,0.603448275862069,0.0,0.0,0.0,0.46777898027898024,0.4653022196280623,0.0,0.0,0.0,0.011544011544011523,0.0,0.0
4782,0.6666666666666666,999.0,0.0,1.0,0.0,1.0,6.0,0.6387123352165724,0.5985713164738589,7.0,0.0,0.0,0.01041666666666663,3.0,4.0
4783,0.44329896907216493,999.0,1.0,0.6774193548387096,0.0,0.0,0.0,0.4349040041834753,0.4265641491844635,0.0,0.0,0.0,0.005798969072164928,0.0,0.0
4784,0.44329896907216493,999.0,1.0,0.6774193548387096,0.0,0.0,0.0,0.4349040041834753,0.4265641491844635,0.0,0.0,0.0,0.005798969072164928,0.0,0.0
4785,0.44329896907216493,999.0,1.0,0.6774193548387096,0.0,0.0,0.0,0.4349040041834753,0.4265641491844635,0.0,0.0,0.0,0.005798969072164928,0.0,0.0
4786,0.45652173913043476,999.0,1.0,0.7924528301886793,0.0,0.0,0.0,0.45351985392430283,0.4491641264986663,0.0,0.0,0.0,0.0030333670374115274,0.0,0.0
4787,0.45652173913043476,999.0,1.0,0.7924528301886793,0.0,0.0,0.0,0.45351985392430283,0.4491641264986663,0.0,0.0,0.0,0.0030333670374115274,0.0,0.0
4788,0.45652173913043476,999.0,1.0,0.7924528301886793,0.0,0.0,0.0,0.45351985392430283,0.4491641264986663,0.0,0.0,0.0,0.0030333670374115274,0.0,0.0
4789,0.45652173913043476,999.0,1.0,0.7924528301886793,0.0,0.0,0.0,0.45351985392430283,0.4491641264986663,0.0,0.0,0.0,0.0030333670374115274,0.0,0.0
4790,0.44680851063829785,999.0,1.0,0.75,0.0,0.0,0.0,0.44361684795795986,0.4392407163281421,0.0,0.0,0.0,0.0036266924564796743,0.0,0.0
4791,0.44680851063829785,999.0,1.0,0.75,0.0,0.0,0.0,0.44361684795795986,0.4392407163281421,0.0,0.0,0.0,0.0036266924564796743,0.0,0.0
4792,0.44680851063829785,999.0,1.0,0.75,0.0,0.0,0.0,0.44361684795795986,0.4392407163281421,0.0,0.0,0.0,0.0036266924564796743,0.0,0.0
4793,0.44680851063829785,999.0,1.0,0.75,0.0,0.0,0.0,0.44361684795795986,0.4392407163281421,0.0,0.0,0.0,0.0036266924564796743,0.0,0.0
4794,0.47674418604651164,999.0,1.0,1.0,0.0,0.0,0.0,0.4718956172401254,0.4611566940155728,0.0,0.0,0.0,0.006155950752394002,0.0,0.0
4795,0.449438202247191,999.0,1.0,1.0,0.0,0.0,0.0,0.44388147022430385,0.44051944642690427,0.0,0.0,0.0,0.006256384065372822,0.0,0.0
4796,0.45454545454545453,999.0,1.0,1.0,0.0,0.0,0.0,0.4490885870196215,0.44553728313461355,0.0,0.0,0.0,0.006269592476489005,0.0,0.0
4797,0.45652173913043476,999.0,1.0,0.7924528301886793,0.0,0.0,0.0,0.45351985392430283,0.4491641264986663,0.0,0.0,0.0,0.0030333670374115274,0.0,0.0
4798,0.5679012345679012,999.0,1.0,1.0,0.0,0.0,0.0,0.5659896007118229,0.5477417767942881,5.0,0.0,0.0,0.0003336670003336595,0.0,5.0
4799,0.46835443037974683,999.0,1.0,1.0,0.0,0.0,0.0,0.4629329008752155,0.45758784972634264,0.0,0.0,0.0,0.007680273076376032,0.0,0.0
4800,0.3924050632911392,999.0,1.0,0.27692307692307694,0.0,0.0,0.0,0.3531576498885727,0.3412755838302665,0.0,0.0,0.0,0.05369538587178441,0.0,0.0
4801,0.3924050632911392,999.0,1.0,0.27692307692307694,0.0,0.0,0.0,0.3531576498885727,0.3412755838302665,0.0,0.0,0.0,0.05369538587178441,0.0,0.0
4802,0.4025974025974026,999.0,1.0,0.3,0.0,0.0,0.0,0.36702741702741704,0.3565654743266684,0.0,0.0,0.0,0.05259740259740264,0.0,0.0
4803,0.4025974025974026,999.0,1.0,0.3,0.0,0.0,0.0,0.36702741702741704,0.3565654743266684,0.0,0.0,0.0,0.05259740259740264,0.0,0.0
4804,0.4647887323943662,999.0,1.0,0.3695652173913043,0.0,0.0,0.0,0.4054197735432201,0.38610900698307493,0.0,0.0,0.0,0.08831814415907208,0.0,0.0
4805,0.4533333333333333,999.0,1.0,0.5,0.0,0.0,0.0,0.3977835398060117,0.3830391876556559,0.0,0.0,0.0,0.08254681647940071,0.0,0.0
4806,0.3684210526315789,999.0,1.0,0.35714285714285715,0.0,0.0,0.0,0.36331738437001593,0.3605974153736082,0.0,0.0,0.0,0.0047846889952152805,0.0,0.0
4807,0.45588235294117646,999.0,1.0,0.5686274509803921,0.0,0.0,0.0,0.4003118751305697,0.381959276977076,0.0,0.0,0.0,0.06699346405228757,0.0,0.0
4808,0.3838383838383838,999.0,1.0,0.27419354838709675,0.0,0.0,0.0,0.36321548821548816,0.3499292929292929,0.0,0.0,0.0,0.030303030303030276,0.0,0.0
4809,0.5625,999.0,1.0,0.6730769230769231,0.0,0.0,0.0,0.5293269494218862,0.49597454803151014,3.0,0.0,0.0,0.04351265822784811,0.0,3.0
4810,0.8235294117647058,999.0,1.0,1.0,0.0,0.0,0.0,0.8020035334218579,0.7817735486245434,28.0,6.0,2.0,0.0016116035455278066,0.0,28.0
4811,0.8235294117647058,999.0,1.0,1.0,0.0,0.0,0.0,0.8020035334218579,0.7817735486245434,28.0,6.0,2.0,0.0016116035455278066,0.0,28.0
4812,0.8235294117647058,999.0,1.0,1.0,0.0,0.0,0.0,0.8020035334218579,0.7817735486245434,28.0,6.0,2.0,0.0016116035455278066,0.0,28.0
4813,0.8235294117647058,999.0,1.0,1.0,0.0,0.0,0.0,0.8020035334218579,0.7817735486245434,28.0,6.0,2.0,0.0016116035455278066,0.0,28.0
4814,0.6,999.0,1.0,1.0,0.0,0.0,0.0,0.5902176255117432,0.5776214997477381,17.0,0.0,0.0,0.0117647058823529,0.0,17.0
4815,0.6,999.0,1.0,1.0,0.0,0.0,0.0,0.5902176255117432,0.5776214997477381,17.0,0.0,0.0,0.0117647058823529,0.0,17.0
4816,0.6,999.0,1.0,1.0,0.0,0.0,0.0,0.5902176255117432,0.5776214997477381,17.0,0.0,0.0,0.0117647058823529,0.0,17.0
4817,0.6,999.0,1.0,1.0,0.0,0.0,0.0,0.5902176255117432,0.5776214997477381,17.0,0.0,0.0,0.0117647058823529,0.0,17.0
4818,0.6790123456790124,999.0,1.0,1.0,0.0,0.0,0.0,0.6556390706323771,0.6403439287016147,25.0,0.0,0.0,0.02966169632836302,0.0,25.0
4819,0.6790123456790124,999.0,1.0,1.0,0.0,0.0,0.0,0.6556390706323771,0.6403439287016147,25.0,0.0,0.0,0.02966169632836302,0.0,25.0
4820,0.6790123456790124,999.0,1.0,1.0,0.0,0.0,0.0,0.6556390706323771,0.6403439287016147,25.0,0.0,0.0,0.02966169632836302,0.0,25.0
4821,0.6790123456790124,999.0,1.0,1.0,0.0,0.0,0.0,0.6556390706323771,0.6403439287016147,25.0,0.0,0.0,0.02966169632836302,0.0,25.0
4822,0.6571428571428571,999.0,1.0,1.0,0.0,0.0,0.0,0.625282968320943,0.6178155288977183,21.0,0.0,0.0,0.04603174603174598,0.0,21.0
4823,0.6349206349206349,999.0,0.0,1.0,0.0,1.0,1.0,0.5809049988154465,0.5530206112295664,5.0,0.0,0.0,0.0793650793650793,1.0,4.0
4824,0.8275862068965517,999.0,0.0,1.0,0.0,1.0,21.0,0.744563737667186,0.7194655153275844,28.0,2.0,1.0,0.11989389920424398,16.0,12.0
4825,0.6567164179104478,999.0,1.0,0.65,0.0,0.0,0.0,0.6082299360881503,0.5886953002047493,6.0,0.0,0.0,0.06251351935972316,0.0,6.0
4826,0.5373134328358209,999.0,1.0,0.5245901639344263,0.0,0.0,0.0,0.4997667910447761,0.4844859995378002,1.0,0.0,0.0,0.05293843283582089,0.0,1.0
4827,0.4838709677419355,999.0,1.0,0.42857142857142855,0.0,0.0,0.0,0.4331797235023041,0.41429379901366314,0.0,0.0,0.0,0.05529953917050695,0.0,0.0
4828,0.47619047619047616,999.0,1.0,0.4406779661016949,0.0,0.0,0.0,0.41282651480743926,0.3979169522089552,0.0,0.0,0.0,0.09321175278622085,0.0,0.0
4829,1.0,999.0,1.0,1.0,0.0,0.0,0.0,0.8678571428571429,0.8351459587666484,17.0,7.0,3.0,0.1964285714285714,0.0,17.0
4830,0.5735294117647058,999.0,1.0,0.54,0.0,0.0,0.0,0.5079437408766324,0.4818008041692347,1.0,0.0,0.0,0.09465617232808615,0.0,1.0
4831,0.5735294117647058,999.0,1.0,0.54,0.0,0.0,0.0,0.5079437408766324,0.4818008041692347,1.0,0.0,0.0,0.09465617232808615,0.0,1.0
4832,0.5735294117647058,999.0,1.0,0.54,0.0,0.0,0.0,0.5079437408766324,0.4818008041692347,1.0,0.0,0.0,0.09465617232808615,0.0,1.0
4833,0.676056338028169,999.0,1.0,1.0,0.0,0.0,0.0,0.6091324447322505,0.580162817196858,15.0,0.0,0.0,0.06494522691705784,0.0,15.0
4834,0.676056338028169,999.0,1.0,1.0,0.0,0.0,0.0,0.6091324447322505,0.580162817196858,15.0,0.0,0.0,0.06494522691705784,0.0,15.0
4835,0.6857142857142857,999.0,1.0,1.0,0.0,0.0,0.0,0.6211907101523871,0.5911076607637368,16.0,0.0,0.0,0.06599597585513084,0.0,16.0
4836,0.6857142857142857,999.0,1.0,1.0,0.0,0.0,0.0,0.6211907101523871,0.5911076607637368,16.0,0.0,0.0,0.06599597585513084,0.0,16.0
4837,0.765625,999.0,1.0,1.0,0.0,0.0,0.0,0.6850402661064425,0.6392043398440457,22.0,1.0,0.0,0.10848214285714286,0.0,22.0
4838,0.765625,999.0,1.0,1.0,0.0,0.0,0.0,0.6850402661064425,0.6392043398440457,22.0,1.0,0.0,0.10848214285714286,0.0,22.0
4839,0.6363636363636364,999.0,1.0,1.0,0.0,0.0,0.0,0.6130189206021949,0.6015904221287588,13.0,0.0,0.0,0.02190580503833517,0.0,13.0
4840,0.6363636363636364,999.0,1.0,1.0,0.0,0.0,0.0,0.6130189206021949,0.6015904221287588,13.0,0.0,0.0,0.02190580503833517,0.0,13.0
4841,0.5411764705882353,999.0,1.0,0.7068965517241379,0.0,0.0,0.0,0.47099499374217774,0.45026767897623027,1.0,0.0,0.0,0.09436795994993741,0.0,1.0
4842,0.5227272727272727,999.0,1.0,0.7068965517241379,0.0,0.0,0.0,0.45511850588859654,0.43492622248530977,1.0,0.0,0.0,0.0897375820056232,0.0,1.0
4843,0.5227272727272727,999.0,1.0,0.7068965517241379,0.0,0.0,0.0,0.4612291392182697,0.44006054321154464,1.0,0.0,0.0,0.07481060606060602,0.0,1.0
4844,0.5542168674698795,999.0,1.0,0.7068965517241379,0.0,0.0,0.0,0.48842802038192296,0.46484241897411016,1.0,0.0,0.0,0.09769512833944477,0.0,1.0
4845,0.863013698630137,999.0,1.0,1.0,0.0,0.0,0.0,0.6667650645021895,0.5965296269366078,4.0,1.0,1.0,0.23206131767775606,0.0,4.0
4846,0.6933333333333334,999.0,1.0,1.0,0.0,0.0,0.0,0.6171736442324678,0.5768318693829529,6.0,0.0,0.0,0.07568627450980392,0.0,6.0
4847,0.7096774193548387,999.0,1.0,1.0,0.0,0.0,0.0,0.6841230138194084,0.6427681805860174,18.0,1.0,0.0,0.018500948766603464,0.0,18.0
4848,0.7096774193548387,999.0,1.0,1.0,0.0,0.0,0.0,0.6841230138194084,0.6427681805860174,18.0,1.0,0.0,0.018500948766603464,0.0,18.0
4849,0.7096774193548387,999.0,1.0,1.0,0.0,0.0,0.0,0.6841230138194084,0.6427681805860174,18.0,1.0,0.0,0.018500948766603464,0.0,18.0
4850,0.7096774193548387,999.0,1.0,1.0,0.0,0.0,0.0,0.6841230138194084,0.6427681805860174,18.0,1.0,0.0,0.018500948766603464,0.0,18.0
4851,0.7384615384615385,999.0,1.0,1.0,0.0,0.0,0.0,0.6617917062361506,0.6273718206855634,22.0,1.0,0.0,0.07179487179487187,0.0,22.0
4852,0.7384615384615385,999.0,1.0,1.0,0.0,0.0,0.0,0.6617917062361506,0.6273718206855634,22.0,1.0,0.0,0.07179487179487187,0.0,22.0
4853,0.7384615384615385,999.0,1.0,1.0,0.0,0.0,0.0,0.6617917062361506,0.6273718206855634,22.0,1.0,0.0,0.07179487179487187,0.0,22.0
4854,0.7384615384615385,999.0,1.0,1.0,0.0,0.0,0.0,0.6617917062361506,0.6273718206855634,22.0,1.0,0.0,0.07179487179487187,0.0,22.0
4855,0.7384615384615385,999.0,1.0,1.0,0.0,0.0,0.0,0.6617917062361506,0.6273718206855634,22.0,1.0,0.0,0.07179487179487187,0.0,22.0
4856,0.7384615384615385,999.0,1.0,1.0,0.0,0.0,0.0,0.6617917062361506,0.6273718206855634,22.0,1.0,0.0,0.07179487179487187,0.0,22.0
4857,0.7096774193548387,999.0,1.0,1.0,0.0,0.0,0.0,0.6237164269422334,0.5963406028371517,16.0,1.0,0.0,0.123963133640553,0.0,16.0
4858,0.7096774193548387,999.0,1.0,1.0,0.0,0.0,0.0,0.6237164269422334,0.5963406028371517,16.0,1.0,0.0,0.123963133640553,0.0,16.0
4859,1.0,999.0,1.0,1.0,0.0,0.0,0.0,0.8423465423465423,0.7411272236535393,8.0,3.0,1.0,0.2153846153846154,0.0,8.0
4860,1.0,999.0,1.0,1.0,0.0,0.0,0.0,0.8423465423465423,0.7411272236535393,8.0,3.0,1.0,0.2153846153846154,0.0,8.0
4861,1.0,999.0,1.0,1.0,0.0,0.0,0.0,0.8423465423465423,0.7411272236535393,8.0,3.0,1.0,0.2153846153846154,0.0,8.0
4862,1.0,999.0,1.0,1.0,0.0,0.0,0.0,0.8423465423465423,0.7411272236535393,8.0,3.0,1.0,0.2153846153846154,0.0,8.0
4863,1.0,999.0,1.0,1.0,0.0,0.0,0.0,0.8423465423465423,0.7411272236535393,8.0,3.0,1.0,0.2153846153846154,0.0,8.0
4864,1.0,999.0,1.0,1.0,0.0,0.0,0.0,0.8423465423465423,0.7411272236535393,8.0,3.0,1.0,0.2153846153846154,0.0,8.0
4865,1.0,999.0,1.0,1.0,0.0,0.0,0.0,0.8423465423465423,0.7411272236535393,8.0,3.0,1.0,0.2153846153846154,0.0,8.0
4866,1.0,999.0,1.0,1.0,0.0,0.0,0.0,0.848603138155377,0.7997777186703523,12.0,5.0,1.0,0.2153846153846154,0.0,12.0
4867,1.0,999.0,1.0,1.0,0.0,0.0,0.0,0.848603138155377,0.7997777186703523,12.0,5.0,1.0,0.2153846153846154,0.0,12.0
4868,1.0,999.0,1.0,1.0,0.0,0.0,0.0,0.848603138155377,0.7997777186703523,12.0,5.0,1.0,0.2153846153846154,0.0,12.0
4869,1.0,999.0,1.0,1.0,0.0,0.0,0.0,0.848603138155377,0.7997777186703523,12.0,5.0,1.0,0.2153846153846154,0.0,12.0
4870,1.0,999.0,1.0,1.0,0.0,0.0,0.0,0.848603138155377,0.7997777186703523,12.0,5.0,1.0,0.2153846153846154,0.0,12.0
4871,1.0,999.0,1.0,1.0,0.0,0.0,0.0,0.848603138155377,0.7997777186703523,12.0,5.0,1.0,0.2153846153846154,0.0,12.0
4872,1.0,999.0,1.0,1.0,0.0,0.0,0.0,0.848603138155377,0.7997777186703523,12.0,5.0,1.0,0.2153846153846154,0.0,12.0
4873,1.0,999.0,1.0,1.0,0.0,0.0,0.0,0.8458266879319511,0.7881977671451356,25.0,5.0,2.0,0.18181818181818177,0.0,25.0
4874,1.0,999.0,1.0,1.0,0.0,0.0,0.0,0.8458266879319511,0.7881977671451356,25.0,5.0,2.0,0.18181818181818177,0.0,25.0
4875,1.0,999.0,1.0,1.0,0.0,0.0,0.0,0.8458266879319511,0.7881977671451356,25.0,5.0,2.0,0.18181818181818177,0.0,25.0
4876,1.0,999.0,1.0,1.0,0.0,0.0,0.0,0.8458266879319511,0.7881977671451356,25.0,5.0,2.0,0.18181818181818177,0.0,25.0
4877,1.0,999.0,1.0,1.0,0.0,0.0,0.0,0.8458266879319511,0.7881977671451356,25.0,5.0,2.0,0.18181818181818177,0.0,25.0
4878,0.5189873417721519,999.0,1.0,0.6481481481481481,0.0,0.0,0.0,0.4918123367490456,0.46729792836521683,1.0,0.0,0.0,0.030892103676913807,0.0,1.0
4879,0.59375,999.0,1.0,0.5070422535211268,0.0,0.0,0.0,0.5226739482200647,0.4901504883956715,2.0,0.0,0.0,0.06947815533980584,0.0,2.0
4880,0.59375,999.0,1.0,0.5070422535211268,0.0,0.0,0.0,0.5226739482200647,0.4901504883956715,2.0,0.0,0.0,0.06947815533980584,0.0,2.0
4881,0.5375,999.0,1.0,0.5384615384615384,0.0,0.0,0.0,0.5251582278481012,0.5190252169549304,5.0,0.0,0.0,0.01851265822784809,0.0,5.0
4882,0.6956521739130435,999.0,1.0,1.0,0.0,0.0,0.0,0.5817230273752013,0.5515029522275899,4.0,0.0,0.0,0.16787439613526567,0.0,4.0
4883,0.6956521739130435,999.0,1.0,1.0,0.0,0.0,0.0,0.5817230273752013,0.5515029522275899,4.0,0.0,0.0,0.16787439613526567,0.0,4.0
4884,0.6956521739130435,999.0,1.0,1.0,0.0,0.0,0.0,0.5817230273752013,0.5515029522275899,4.0,0.0,0.0,0.16787439613526567,0.0,4.0
4885,0.7710843373493976,999.0,1.0,1.0,0.0,0.0,0.0,0.6585021772530255,0.6291549278003947,12.0,1.0,0.0,0.16470135862599333,0.0,12.0
4886,0.7710843373493976,999.0,1.0,1.0,0.0,0.0,0.0,0.6585021772530255,0.6291549278003947,12.0,1.0,0.0,0.16470135862599333,0.0,12.0
4887,0.7710843373493976,999.0,1.0,1.0,0.0,0.0,0.0,0.6585021772530255,0.6291549278003947,12.0,1.0,0.0,0.16470135862599333,0.0,12.0
4888,0.7710843373493976,999.0,1.0,1.0,0.0,0.0,0.0,0.6585021772530255,0.6291549278003947,12.0,1.0,0.0,0.16470135862599333,0.0,12.0
4889,0.6947368421052632,999.0,1.0,1.0,0.0,0.0,0.0,0.6837053897861257,0.671742655044562,9.0,0.0,0.0,0.015125191619826284,0.0,9.0
4890,0.6947368421052632,999.0,1.0,1.0,0.0,0.0,0.0,0.6837053897861257,0.671742655044562,9.0,0.0,0.0,0.015125191619826284,0.0,9.0
4891,0.6947368421052632,999.0,1.0,1.0,0.0,0.0,0.0,0.6837053897861257,0.671742655044562,9.0,0.0,0.0,0.015125191619826284,0.0,9.0
4892,0.576271186440678,999.0,0.0,1.0,0.0,1.0,7.0,0.5636750949337779,0.5558189842516134,11.0,0.0,0.0,0.018894137260350163,2.0,9.0
4893,0.618421052631579,999.0,0.0,1.0,0.0,1.0,1098.0,0.5885890646512079,0.5769946861330352,8.0,0.0,0.0,0.03733997155049795,8.0,0.0
4894,0.7727272727272727,999.0,0.0,1.0,0.0,1.0,176.0,0.7156177156177156,0.6728931342629972,8.0,1.0,0.0,0.08041958041958042,8.0,0.0
4895,0.5194805194805194,999.0,0.0,1.0,0.0,1.0,176.0,0.48333333333333334,0.46778537252221464,1.0,0.0,0.0,0.03896103896103892,1.0,0.0
4896,0.5671641791044776,999.0,0.0,1.0,0.0,1.0,176.0,0.5462945015183821,0.5251451219636608,4.0,0.0,0.0,0.01492537313432829,4.0,0.0
4897,0.9285714285714286,999.0,0.0,1.0,0.0,1.0,176.0,0.8289473684210527,0.7640350877192982,50.0,3.0,2.0,0.1071428571428572,41.0,9.0
4898,0.8103448275862069,999.0,0.0,1.0,0.0,1.0,176.0,0.7924822667854737,0.7632703962394173,36.0,4.0,1.0,0.01373465809468144,28.0,8.0
4899,0.5857142857142857,999.0,1.0,0.7027027027027027,0.0,0.0,0.0,0.5789510006901312,0.5689922220357003,7.0,0.0,0.0,0.00600414078674949,0.0,7.0
4900,0.5857142857142857,999.0,1.0,0.7027027027027027,0.0,0.0,0.0,0.5789510006901312,0.5689922220357003,7.0,0.0,0.0,0.00600414078674949,0.0,7.0
4901,0.5857142857142857,999.0,1.0,0.7027027027027027,0.0,0.0,0.0,0.5789510006901312,0.5689922220357003,7.0,0.0,0.0,0.00600414078674949,0.0,7.0
4902,0.6333333333333333,999.0,1.0,0.7636363636363637,0.0,0.0,0.0,0.5771801298117089,0.5260277040552496,3.0,0.0,0.0,0.050915750915750846,0.0,3.0
4903,0.717391304347826,999.0,0.0,1.0,0.0,1.0,21.0,0.5503347208296621,0.49149960180913527,2.0,1.0,0.0,0.19887278582930756,1.0,1.0
4904,0.39759036144578314,999.0,1.0,0.5245901639344263,0.0,0.0,0.0,0.3672920252438325,0.3453752151462995,0.0,0.0,0.0,0.0075903614457831226,0.0,0.0
4905,0.40540540540540543,999.0,1.0,0.5245901639344263,0.0,0.0,0.0,0.3849596965386439,0.36791275486012326,0.0,0.0,0.0,0.015931721194879123,0.0,0.0
4906,0.45161290322580644,999.0,1.0,0.5245901639344263,0.0,0.0,0.0,0.42037890424987195,0.401140386028184,0.0,0.0,0.0,0.02304147465437789,0.0,0.0
4907,0.3786407766990291,999.0,1.0,0.4482758620689655,0.0,0.0,0.0,0.35868747157240977,0.3373065379567556,0.0,0.0,0.0,0.018175660419959383,0.0,0.0
4908,0.3548387096774194,999.0,1.0,0.46296296296296297,0.0,0.0,0.0,0.34767025089605735,0.3396069352266296,0.0,0.0,0.0,0.010752688172043001,0.0,0.0
4909,0.3368421052631579,999.0,1.0,0.46296296296296297,0.0,0.0,0.0,0.3298245614035088,0.3244628650249397,0.0,0.0,0.0,0.010526315789473661,0.0,0.0
4910,0.32989690721649484,999.0,1.0,0.4166666666666667,0.0,0.0,0.0,0.32302405498281783,0.3172001892868394,0.0,0.0,0.0,0.010309278350515483,0.0,0.0
4911,0.32967032967032966,999.0,1.0,1.0,0.0,0.0,0.0,0.3236804960209216,0.3204096706102646,0.0,0.0,0.0,0.007448107448107422,0.0,0.0
4912,0.2967032967032967,999.0,1.0,0.9318181818181818,0.0,0.0,0.0,0.2843446820191006,0.2744263096143612,0.0,0.0,0.0,0.007814407814407842,0.0,0.0
4913,0.5538461538461539,999.0,1.0,0.625,0.0,0.0,0.0,0.5134442134442135,0.49089481089481096,2.0,0.0,0.0,0.05384615384615388,0.0,2.0
4914,0.30434782608695654,999.0,1.0,0.27586206896551724,0.0,0.0,0.0,0.30050969271182176,0.2915314742754321,0.0,0.0,0.0,0.003462870334744128,0.0,0.0
4915,0.8076923076923077,999.0,1.0,0.7674418604651163,0.0,0.0,0.0,0.7657781640832488,0.6802816028712111,8.0,3.0,1.0,0.02991452991452992,0.0,8.0
4916,1.0,999.0,1.0,1.0,0.0,0.0,0.0,0.9111243465025477,0.8366205538474747,16.0,9.0,3.0,0.1159420289855072,0.0,16.0
4917,1.0,999.0,1.0,1.0,0.0,0.0,0.0,0.8646163123775065,0.8231176135134604,28.0,9.0,2.0,0.19402985074626866,0.0,28.0
4918,1.0,999.0,1.0,1.0,0.0,0.0,0.0,0.8646163123775065,0.8231176135134604,28.0,9.0,2.0,0.19402985074626866,0.0,28.0
4919,1.0,999.0,1.0,1.0,0.0,0.0,0.0,0.8646163123775065,0.8231176135134604,28.0,9.0,2.0,0.19402985074626866,0.0,28.0
4920,1.0,999.0,1.0,1.0,0.0,0.0,0.0,0.8646163123775065,0.8231176135134604,28.0,9.0,2.0,0.19402985074626866,0.0,28.0
4921,1.0,999.0,1.0,1.0,0.0,0.0,0.0,0.8646163123775065,0.8231176135134604,28.0,9.0,2.0,0.19402985074626866,0.0,28.0
4922,0.6060606060606061,999.0,1.0,0.5263157894736842,0.0,0.0,0.0,0.4921436588103254,0.39288403604193073,2.0,0.0,0.0,0.10606060606060608,0.0,2.0
4923,0.39325842696629215,999.0,1.0,0.4666666666666667,0.0,0.0,0.0,0.3544882041777675,0.344449773250853,0.0,0.0,0.0,0.05305224139928183,0.0,0.0
4924,0.39325842696629215,999.0,1.0,0.4666666666666667,0.0,0.0,0.0,0.3544882041777675,0.344449773250853,0.0,0.0,0.0,0.05305224139928183,0.0,0.0
4925,0.4675324675324675,999.0,1.0,0.7916666666666666,0.0,0.0,0.0,0.46012384240232346,0.44499071411012475,0.0,0.0,0.0,0.010389610389610393,0.0,0.0
4926,0.4675324675324675,999.0,1.0,0.7916666666666666,0.0,0.0,0.0,0.46012384240232346,0.44499071411012475,0.0,0.0,0.0,0.010389610389610393,0.0,0.0
4927,0.4675324675324675,999.0,1.0,0.7916666666666666,0.0,0.0,0.0,0.46012384240232346,0.44499071411012475,0.0,0.0,0.0,0.010389610389610393,0.0,0.0
4928,0.6065573770491803,999.0,1.0,0.7916666666666666,0.0,0.0,0.0,0.5828796083376605,0.562746007125316,7.0,0.0,0.0,0.018322082931533257,0.0,7.0
4929,0.6065573770491803,999.0,1.0,0.7916666666666666,0.0,0.0,0.0,0.5828796083376605,0.562746007125316,7.0,0.0,0.0,0.018322082931533257,0.0,7.0
4930,0.6065573770491803,999.0,1.0,0.7916666666666666,0.0,0.0,0.0,0.5828796083376605,0.562746007125316,7.0,0.0,0.0,0.018322082931533257,0.0,7.0
4931,0.6065573770491803,999.0,1.0,0.7916666666666666,0.0,0.0,0.0,0.5828796083376605,0.562746007125316,7.0,0.0,0.0,0.018322082931533257,0.0,7.0
4932,0.32051282051282054,999.0,1.0,0.29411764705882354,0.0,0.0,0.0,0.28331362585621,0.2745336300591806,0.0,0.0,0.0,0.0554525795489651,0.0,0.0
4933,0.32051282051282054,999.0,1.0,0.29411764705882354,0.0,0.0,0.0,0.28331362585621,0.2745336300591806,0.0,0.0,0.0,0.0554525795489651,0.0,0.0
4934,0.32051282051282054,999.0,1.0,0.29411764705882354,0.0,0.0,0.0,0.28331362585621,0.2745336300591806,0.0,0.0,0.0,0.0554525795489651,0.0,0.0
4935,0.27927927927927926,999.0,1.0,0.29577464788732394,0.0,0.0,0.0,0.2756327756327756,0.2726464493877116,0.0,0.0,0.0,0.002493564993564956,0.0,0.0
4936,0.27927927927927926,999.0,1.0,0.29577464788732394,0.0,0.0,0.0,0.2756327756327756,0.2726464493877116,0.0,0.0,0.0,0.002493564993564956,0.0,0.0
4937,0.2875,999.0,1.0,0.2753623188405797,0.0,0.0,0.0,0.2823525241066364,0.2780151059944026,0.0,0.0,0.0,0.00701219512195117,0.0,0.0
4938,0.2875,999.0,1.0,0.2753623188405797,0.0,0.0,0.0,0.2823525241066364,0.2780151059944026,0.0,0.0,0.0,0.00701219512195117,0.0,0.0
4939,0.2875,999.0,1.0,0.2753623188405797,0.0,0.0,0.0,0.2823525241066364,0.2780151059944026,0.0,0.0,0.0,0.00701219512195117,0.0,0.0
4940,0.2875,999.0,1.0,0.2753623188405797,0.0,0.0,0.0,0.2823525241066364,0.2780151059944026,0.0,0.0,0.0,0.00701219512195117,0.0,0.0
4941,1.0,999.0,1.0,1.0,0.0,0.0,0.0,0.8515808727462765,0.7765613529719354,7.0,3.0,1.0,0.2093023255813954,0.0,7.0
4942,1.0,999.0,1.0,1.0,0.0,0.0,0.0,0.8874975154044922,0.8099859872445905,7.0,4.0,2.0,0.1282051282051282,0.0,7.0
4943,0.38235294117647056,999.0,1.0,0.4,0.0,0.0,0.0,0.37953018831294894,0.36626474659448305,0.0,0.0,0.0,0.0023529411764705577,0.0,0.0
4944,0.6571428571428571,999.0,1.0,0.78,0.0,0.0,0.0,0.574080771549126,0.525408215251457,2.0,0.0,0.0,0.08571428571428574,0.0,2.0
4945,0.5789473684210527,999.0,1.0,0.7027027027027027,0.0,0.0,0.0,0.5653850535429482,0.5561996832618058,8.0,0.0,0.0,0.015311004784689053,0.0,8.0
4946,0.6349206349206349,999.0,1.0,0.7027027027027027,0.0,0.0,0.0,0.6242746202423621,0.6114965903272355,12.0,0.0,0.0,0.009920634920634885,0.0,12.0
4947,0.4411764705882353,999.0,1.0,0.7027027027027027,0.0,0.0,0.0,0.43781969309462915,0.43014487315095173,0.0,0.0,0.0,0.003676470588235281,0.0,0.0
4948,0.569620253164557,999.0,0.0,1.0,0.0,1.0,3.0,0.5455212295187859,0.5247153351138689,3.0,0.0,0.0,0.027067061675195347,0.0,3.0
4949,0.5113636363636364,999.0,1.0,0.4583333333333333,0.0,0.0,0.0,0.4704174672194694,0.45935077824627946,1.0,0.0,0.0,0.059750733137829914,0.0,1.0
4950,0.5925925925925926,999.0,1.0,0.5384615384615384,0.0,0.0,0.0,0.5167533667673841,0.4911964853512373,1.0,0.0,0.0,0.09833971902937416,0.0,1.0
4951,0.4489795918367347,999.0,1.0,0.410958904109589,0.0,0.0,0.0,0.43570331358349795,0.42186488871457983,0.0,0.0,0.0,0.010204081632653073,0.0,0.0
4952,0.37623762376237624,999.0,1.0,0.4,0.0,0.0,0.0,0.3717482386536526,0.3687227020574398,0.0,0.0,0.0,0.003897198230461363,0.0,0.0
4953,0.5054945054945055,999.0,1.0,0.5151515151515151,0.0,0.0,0.0,0.4918315018315018,0.4673871893871894,2.0,0.0,0.0,0.005494505494505475,0.0,2.0
4954,0.5125,999.0,1.0,0.4153846153846154,0.0,0.0,0.0,0.47995510586974,0.45063720322673095,1.0,0.0,0.0,0.02469512195121948,0.0,1.0
4955,0.39285714285714285,999.0,1.0,0.47692307692307695,0.0,0.0,0.0,0.3873626373626374,0.3792362462563947,0.0,0.0,0.0,0.008241758241758212,0.0,0.0
4956,0.5060240963855421,999.0,1.0,0.5,0.0,0.0,0.0,0.4977345278550098,0.4865973170746695,2.0,0.0,0.0,0.0060240963855421326,0.0,2.0
4957,0.5217391304347826,999.0,1.0,0.5147058823529411,0.0,0.0,0.0,0.46147589470570843,0.4410621072818291,1.0,0.0,0.0,0.08296362023070097,0.0,1.0
4958,0.5662650602409639,999.0,1.0,0.5223880597014925,0.0,0.0,0.0,0.4986688326339064,0.4752965376755819,1.0,0.0,0.0,0.09435494788141335,0.0,1.0
4959,0.5138888888888888,999.0,1.0,0.45588235294117646,0.0,0.0,0.0,0.5006613756613757,0.49137251637251633,2.0,0.0,0.0,0.01388888888888884,0.0,2.0
4960,0.4606741573033708,999.0,1.0,0.5285714285714286,0.0,0.0,0.0,0.43133583021223476,0.4237499517355882,0.0,0.0,0.0,0.044007490636704116,0.0,0.0
4961,0.3813559322033898,999.0,1.0,0.33695652173913043,0.0,0.0,0.0,0.329243249293177,0.3149060643535246,0.0,0.0,0.0,0.07127841282354486,0.0,0.0
4962,0.38596491228070173,999.0,1.0,0.31958762886597936,0.0,0.0,0.0,0.32864643688073225,0.31073526274006014,0.0,0.0,0.0,0.08437761069340016,0.0,0.0
4963,0.30701754385964913,999.0,1.0,0.3157894736842105,0.0,0.0,0.0,0.2980674726030763,0.2928798924288408,0.0,0.0,0.0,0.005546955624355032,0.0,0.0
4964,0.7101449275362319,999.0,1.0,0.6111111111111112,0.0,0.0,0.0,0.6828463093006878,0.6306892317395942,7.0,1.0,0.0,0.03408858950806293,0.0,7.0
4965,0.5454545454545454,999.0,1.0,0.5740740740740741,0.0,0.0,0.0,0.5302551329948589,0.516492639780311,4.0,0.0,0.0,0.006993006993006978,0.0,4.0
4966,0.5375,999.0,1.0,0.5740740740740741,0.0,0.0,0.0,0.5227880658436214,0.5075000000000001,4.0,0.0,0.0,0.006635802469135754,0.0,4.0
4967,0.5060240963855421,999.0,1.0,0.5,0.0,0.0,0.0,0.4977345278550098,0.4865973170746695,2.0,0.0,0.0,0.0060240963855421326,0.0,2.0
4968,0.4942528735632184,999.0,1.0,0.43661971830985913,0.0,0.0,0.0,0.4688797254663198,0.45256914079076027,0.0,0.0,0.0,0.02234276120366785,0.0,0.0
4969,0.5625,999.0,1.0,0.5740740740740741,0.0,0.0,0.0,0.5225839254453712,0.5028781445950121,2.0,0.0,0.0,0.04442771084337349,0.0,2.0
4970,0.5789473684210527,999.0,1.0,0.6470588235294118,0.0,0.0,0.0,0.5633842671194115,0.5463638936049802,6.0,0.0,0.0,0.0,0.0,6.0
4971,0.5,999.0,1.0,0.4576271186440678,0.0,0.0,0.0,0.49629217649239893,0.46985125526252797,1.0,0.0,0.0,0.005376344086021501,0.0,1.0
4972,0.5405405405405406,999.0,0.0,1.0,0.0,1.0,3.0,0.4680438266380971,0.44240524335127934,1.0,0.0,0.0,0.08484433800889501,0.0,1.0
4973,0.6612903225806451,999.0,0.0,1.0,0.0,1.0,1.0,0.572631365388517,0.49925904363703727,2.0,0.0,0.0,0.0009129640900791269,1.0,1.0
4974,0.5409836065573771,999.0,1.0,0.7027027027027027,0.0,0.0,0.0,0.503589966617136,0.48919331744440164,1.0,0.0,0.0,0.04945818282856351,0.0,1.0
4975,0.5113636363636364,999.0,1.0,0.4583333333333333,0.0,0.0,0.0,0.4643909106053034,0.4472085011440334,1.0,0.0,0.0,0.0548418972332016,0.0,1.0
4976,0.5277777777777778,999.0,1.0,0.49056603773584906,0.0,0.0,0.0,0.5093778621175882,0.49574554153571865,2.0,0.0,0.0,0.020928462709284612,0.0,2.0
4977,0.5131578947368421,999.0,1.0,0.5333333333333333,0.0,0.0,0.0,0.5042673620539518,0.48548470698397006,2.0,0.0,0.0,0.006664388243335706,0.0,2.0
4978,0.42105263157894735,999.0,1.0,0.5121951219512195,0.0,0.0,0.0,0.41087943225761997,0.4001194960892659,0.0,0.0,0.0,0.011528822055137833,0.0,0.0
4979,0.4827586206896552,999.0,1.0,0.5079365079365079,0.0,0.0,0.0,0.4557819404904289,0.439593955114243,0.0,0.0,0.0,0.022084463386284392,0.0,0.0
4980,0.47560975609756095,999.0,1.0,0.5357142857142857,0.0,0.0,0.0,0.4615045548045842,0.4464894782645826,0.0,0.0,0.0,0.005730238025271783,0.0,0.0
4981,0.7586206896551724,999.0,1.0,0.7027027027027027,0.0,0.0,0.0,0.7183923507710767,0.6875389069661424,21.0,2.0,0.0,0.012857977790765585,0.0,21.0
4982,0.4235294117647059,999.0,1.0,0.3898305084745763,0.0,0.0,0.0,0.4142338416848221,0.40715552699820823,0.0,0.0,0.0,0.011764705882352955,0.0,0.0
4983,0.44047619047619047,999.0,1.0,0.35526315789473684,0.0,0.0,0.0,0.42627797601957806,0.4090943569168462,0.0,0.0,0.0,0.020723104056437402,0.0,0.0
4984,0.847457627118644,999.0,0.0,1.0,0.0,1.0,1.0,0.7427606666261669,0.6812344022203691,8.0,2.0,1.0,0.10552214324767628,1.0,7.0
4985,0.6097560975609756,999.0,1.0,0.5833333333333334,0.0,0.0,0.0,0.5564266356949283,0.5165510168779499,3.0,0.0,0.0,0.05023228803716606,0.0,3.0
4986,0.7301587301587301,999.0,1.0,0.7058823529411765,0.0,0.0,0.0,0.6930152388200334,0.6367046656800797,10.0,2.0,0.0,0.011408730158730118,0.0,10.0
4987,0.7719298245614035,999.0,1.0,0.775,0.0,0.0,0.0,0.6546331378458025,0.5998640314354657,6.0,1.0,0.0,0.11619211964337073,0.0,6.0
4988,0.6027397260273972,999.0,1.0,0.5263157894736842,0.0,0.0,0.0,0.5288859515607893,0.4904369060937923,2.0,0.0,0.0,0.0632660418168709,0.0,2.0
4989,0.4444444444444444,999.0,1.0,0.5,0.0,0.0,0.0,0.4134822116749827,0.39840686486527294,0.0,0.0,0.0,0.03480589022757696,0.0,0.0
4990,0.5454545454545454,999.0,1.0,0.5254237288135594,0.0,0.0,0.0,0.5108716797605687,0.5007120625827094,1.0,0.0,0.0,0.05162738496071828,0.0,1.0
4991,0.6486486486486487,999.0,1.0,0.5471698113207547,0.0,0.0,0.0,0.5634985634985635,0.5072063361219987,2.0,0.0,0.0,0.051246051246051305,0.0,2.0
4992,0.4189189189189189,999.0,1.0,0.44642857142857145,0.0,0.0,0.0,0.41008096704299235,0.40159736071360036,0.0,0.0,0.0,0.0,0.0,0.0
4993,0.38235294117647056,999.0,1.0,0.37662337662337664,0.0,0.0,0.0,0.3790142319554084,0.3752329369976429,0.0,0.0,0.0,0.0014005602240896309,0.0,0.0
4994,0.43859649122807015,999.0,1.0,0.4186046511627907,0.0,0.0,0.0,0.4118072960178223,0.40417250021605733,0.0,0.0,0.0,0.03859649122807013,0.0,0.0
4995,0.4470588235294118,999.0,1.0,0.5,0.0,0.0,0.0,0.35992592184223476,0.33873986683083107,0.0,0.0,0.0,0.12747119466343243,0.0,0.0
4996,0.8983050847457628,999.0,0.0,1.0,0.0,1.0,21.0,0.8651972291153672,0.8253683374692203,41.0,7.0,3.0,0.04584606835232019,17.0,24.0
4997,0.5,999.0,1.0,0.3902439024390244,0.0,0.0,0.0,0.47253711201079623,0.4541680597700785,1.0,0.0,0.0,0.01315789473684209,0.0,1.0
4998,0.5125,999.0,1.0,0.3902439024390244,0.0,0.0,0.0,0.4680652342237708,0.446685842851553,1.0,0.0,0.0,0.06128048780487799,0.0,1.0
4999,0.4567901234567901,999.0,1.0,0.3902439024390244,0.0,0.0,0.0,0.43831479666917633,0.4213222113348391,0.0,0.0,0.0,0.011006990926669624,0.0,0.0
5000,0.5,999.0,1.0,0.3902439024390244,0.0,0.0,0.0,0.4770955165692008,0.4566216824111561,1.0,0.0,0.0,0.01315789473684209,0.0,1.0
5001,0.847457627118644,999.0,0.0,1.0,0.0,1.0,21.0,0.7910501300331809,0.7525321759220065,40.0,4.0,1.0,0.06779661016949146,13.0,27.0
5002,0.8461538461538461,999.0,1.0,0.8,0.0,0.0,0.0,0.7114902060701519,0.6823158103890791,16.0,1.0,1.0,0.19981238273921198,0.0,16.0
5003,0.825,999.0,1.0,0.7741935483870968,0.0,0.0,0.0,0.6941528016829221,0.6659034457156356,15.0,1.0,1.0,0.19404761904761902,0.0,15.0
5004,1.0,999.0,0.0,1.0,0.0,1.0,1.0,0.7068493150684931,0.6267398701523896,4.0,1.0,1.0,0.4,1.0,3.0
5005,0.8589743589743589,999.0,1.0,0.8035714285714286,0.0,0.0,0.0,0.8052098503905732,0.751549682844163,10.0,3.0,1.0,0.06135531135531125,0.0,10.0
5006,1.0,999.0,1.0,1.0,0.0,0.0,0.0,0.889089813140446,0.8394779842698098,10.0,5.0,3.0,0.1428571428571429,0.0,10.0
5007,0.4819277108433735,999.0,1.0,0.47692307692307695,0.0,0.0,0.0,0.47203098106712565,0.4494395188728335,0.0,0.0,0.0,0.01204819277108432,0.0,0.0
5008,1.0,999.0,1.0,1.0,0.0,0.0,0.0,0.7841587636108184,0.7212247755626751,18.0,1.0,1.0,0.3013698630136986,0.0,18.0
5009,0.7,999.0,0.0,1.0,0.0,1.0,3.0,0.677530795591368,0.659969717836275,9.0,1.0,0.0,0.011475409836065542,0.0,9.0
5010,0.8095238095238095,999.0,0.0,1.0,0.0,1.0,1.0,0.7657900971333808,0.7004986649762769,13.0,3.0,1.0,0.03809523809523807,1.0,12.0
5011,0.7014925373134329,999.0,1.0,0.64,0.0,0.0,0.0,0.65951627145657,0.6294558929049018,9.0,1.0,0.0,0.03482587064676623,0.0,9.0
5012,0.6166666666666667,999.0,0.0,1.0,0.0,1.0,3.0,0.6131313131313131,0.6011279267995686,7.0,0.0,0.0,0.0,0.0,7.0
5013,0.5230769230769231,999.0,1.0,0.42857142857142855,0.0,0.0,0.0,0.5076923076923077,0.4962032680805592,3.0,0.0,0.0,0.023076923076923106,0.0,3.0
5014,0.5675675675675675,999.0,1.0,0.5084745762711864,0.0,0.0,0.0,0.552046332046332,0.5396447876447876,7.0,0.0,0.0,0.00756756756756749,0.0,7.0
5015,0.5641025641025641,999.0,1.0,0.5882352941176471,0.0,0.0,0.0,0.5456563029026796,0.522130623846871,3.0,0.0,0.0,0.009754738015607556,0.0,3.0
5016,0.6176470588235294,999.0,1.0,0.5769230769230769,0.0,0.0,0.0,0.6014892369991475,0.5837649190110827,7.0,0.0,0.0,0.008951406649616356,0.0,7.0
5017,0.6714285714285714,999.0,1.0,0.6666666666666666,0.0,0.0,0.0,0.5958730158730159,0.5674285714285714,7.0,0.0,0.0,0.09809523809523801,0.0,7.0
5018,0.6351351351351351,999.0,1.0,0.6666666666666666,0.0,0.0,0.0,0.5511561561561561,0.5251936936936936,2.0,0.0,0.0,0.11013513513513506,0.0,2.0
5019,0.639344262295082,999.0,0.0,1.0,0.0,1.0,3.0,0.606470555735337,0.5870756107521264,7.0,0.0,0.0,0.026441036488630387,0.0,7.0
5020,0.4430379746835443,999.0,1.0,0.5245901639344263,0.0,0.0,0.0,0.4418787963091761,0.4312192318084942,0.0,0.0,0.0,0.0,0.0,0.0
5021,0.6166666666666667,999.0,0.0,1.0,0.0,1.0,3.0,0.6090277777777778,0.5987576540375048,8.0,0.0,0.0,0.0,0.0,8.0
5022,0.4722222222222222,999.0,1.0,0.4339622641509434,0.0,0.0,0.0,0.44999077533324106,0.44021579316775145,0.0,0.0,0.0,0.03282828282828282,0.0,0.0
5023,0.4342105263157895,999.0,1.0,0.359375,0.0,0.0,0.0,0.4256892230576441,0.41346231432239133,0.0,0.0,0.0,0.005639097744360944,0.0,0.0
5024,0.5740740740740741,999.0,1.0,0.5,0.0,0.0,0.0,0.5416405105670643,0.5251926396735719,4.0,0.0,0.0,0.048650345260514705,0.0,4.0
5025,0.5740740740740741,999.0,1.0,0.5,0.0,0.0,0.0,0.5416405105670643,0.5251926396735719,4.0,0.0,0.0,0.048650345260514705,0.0,4.0
5026,0.7121212121212122,999.0,1.0,0.546875,0.0,0.0,0.0,0.6158977838082316,0.5880324084904631,7.0,1.0,0.0,0.12878787878787878,0.0,7.0
5027,1.0,999.0,1.0,1.0,0.0,0.0,0.0,0.889089813140446,0.8394779842698098,10.0,5.0,3.0,0.1428571428571429,0.0,10.0
5028,0.7142857142857143,999.0,1.0,0.65,0.0,0.0,0.0,0.6837445717769731,0.630608216413244,6.0,1.0,0.0,0.0401284109149278,0.0,6.0
5029,0.6781609195402298,999.0,1.0,0.6031746031746031,0.0,0.0,0.0,0.649559583504128,0.6090462478300015,5.0,0.0,0.0,0.036856571714142916,0.0,5.0
5030,0.7,999.0,1.0,0.5714285714285714,0.0,0.0,0.0,0.5550881953867028,0.51926253110121,1.0,1.0,0.0,0.20746268656716416,0.0,1.0
5031,0.3220338983050847,999.0,1.0,0.48717948717948717,0.0,0.0,0.0,0.3149595752970972,0.30941081439381535,0.0,0.0,0.0,0.00953389830508472,0.0,0.0
5032,0.32051282051282054,999.0,1.0,0.48717948717948717,0.0,0.0,0.0,0.31285612535612534,0.3090483567101363,0.0,0.0,0.0,0.00801282051282054,0.0,0.0
5033,0.3617021276595745,999.0,1.0,0.48717948717948717,0.0,0.0,0.0,0.3308965939935207,0.3173155056173878,0.0,0.0,0.0,0.040714473338586854,0.0,0.0
5034,1.0,999.0,1.0,1.0,0.0,0.0,0.0,0.9280193236714975,0.8547567996823506,16.0,9.0,3.0,0.09999999999999998,0.0,16.0
5035,1.0,999.0,1.0,1.0,0.0,0.0,0.0,0.9280193236714975,0.8547567996823506,16.0,9.0,3.0,0.09999999999999998,0.0,16.0
5036,0.6166666666666667,999.0,1.0,0.6,0.0,0.0,0.0,0.5145463160388534,0.4832732441687666,1.0,0.0,0.0,0.1523809523809524,0.0,1.0
5037,0.6166666666666667,999.0,1.0,0.6,0.0,0.0,0.0,0.5145463160388534,0.4832732441687666,1.0,0.0,0.0,0.1523809523809524,0.0,1.0
5038,0.6862745098039216,999.0,1.0,0.5555555555555556,0.0,0.0,0.0,0.6728777280892864,0.6309155769457376,22.0,0.0,0.0,0.0020639834881320818,0.0,22.0
5039,0.6862745098039216,999.0,1.0,0.5555555555555556,0.0,0.0,0.0,0.6728777280892864,0.6309155769457376,22.0,0.0,0.0,0.0020639834881320818,0.0,22.0
5040,0.6470588235294118,999.0,0.0,1.0,0.0,1.0,1.0,0.57915905903522,0.528980229696624,3.0,0.0,0.0,0.0829562594268477,0.0,3.0
5041,0.6470588235294118,999.0,0.0,1.0,0.0,1.0,1.0,0.57915905903522,0.528980229696624,3.0,0.0,0.0,0.0829562594268477,0.0,3.0
5042,0.32941176470588235,999.0,1.0,0.37142857142857144,0.0,0.0,0.0,0.32529213705684296,0.3228290717435654,0.0,0.0,0.0,0.006179441473559089,0.0,0.0
5043,0.8142857142857143,999.0,0.0,1.0,0.0,1.0,8.0,0.8010060362173038,0.7910537195777404,17.0,9.0,2.0,0.014285714285714235,8.0,9.0
5044,1.0,999.0,0.0,1.0,0.0,1.0,8.0,0.947089947089947,0.8971077231946797,31.0,10.0,7.0,0.07936507936507942,8.0,23.0
5045,0.5833333333333334,999.0,0.0,1.0,0.0,1.0,1.0,0.46135161135161135,0.4293035437761176,1.0,0.0,0.0,0.17222222222222228,1.0,0.0
5046,0.5254237288135594,999.0,1.0,0.7027027027027027,0.0,0.0,0.0,0.49068125847786864,0.47253242246411986,1.0,0.0,0.0,0.048500651890482416,0.0,1.0
5047,0.5764705882352941,999.0,0.0,1.0,0.0,1.0,1.0,0.45589312648136177,0.424145631986378,1.0,0.0,0.0,0.16987718164188748,1.0,0.0
5048,0.5833333333333334,999.0,0.0,1.0,0.0,1.0,1.0,0.46135161135161135,0.4293035437761176,1.0,0.0,0.0,0.17222222222222228,1.0,0.0
5049,0.5,999.0,1.0,0.7027027027027027,0.0,0.0,0.0,0.4832081307998233,0.4734090413758216,1.0,0.0,0.0,0.016129032258064502,0.0,1.0
5050,0.4626865671641791,999.0,1.0,0.5294117647058824,0.0,0.0,0.0,0.4368070081625592,0.4263874692007998,0.0,0.0,0.0,0.03802903291760379,0.0,0.0
5051,0.5692307692307692,999.0,1.0,0.7027027027027027,0.0,0.0,0.0,0.5013285222240446,0.4810631447023045,1.0,0.0,0.0,0.09161882893226175,0.0,1.0
5052,0.5692307692307692,999.0,1.0,0.7027027027027027,0.0,0.0,0.0,0.5013285222240446,0.4810631447023045,1.0,0.0,0.0,0.09161882893226175,0.0,1.0
5053,0.5692307692307692,999.0,1.0,0.7027027027027027,0.0,0.0,0.0,0.5013285222240446,0.4810631447023045,1.0,0.0,0.0,0.09161882893226175,0.0,1.0
5054,0.5692307692307692,999.0,1.0,0.7027027027027027,0.0,0.0,0.0,0.5013285222240446,0.4810631447023045,1.0,0.0,0.0,0.09161882893226175,0.0,1.0
5055,0.4782608695652174,999.0,1.0,0.7027027027027027,0.0,0.0,0.0,0.45986367546820195,0.44510739447011033,0.0,0.0,0.0,0.026206075044669486,0.0,0.0
5056,0.4782608695652174,999.0,1.0,0.7027027027027027,0.0,0.0,0.0,0.45986367546820195,0.44510739447011033,0.0,0.0,0.0,0.026206075044669486,0.0,0.0
5057,0.4782608695652174,999.0,1.0,0.7027027027027027,0.0,0.0,0.0,0.45986367546820195,0.44510739447011033,0.0,0.0,0.0,0.026206075044669486,0.0,0.0
5058,0.4782608695652174,999.0,1.0,0.7027027027027027,0.0,0.0,0.0,0.45986367546820195,0.44510739447011033,0.0,0.0,0.0,0.026206075044669486,0.0,0.0
5059,0.5483870967741935,999.0,1.0,0.7027027027027027,0.0,0.0,0.0,0.5012036591237362,0.48507254831774527,1.0,0.0,0.0,0.07077515647568605,0.0,1.0
5060,0.5483870967741935,999.0,1.0,0.7027027027027027,0.0,0.0,0.0,0.5012036591237362,0.48507254831774527,1.0,0.0,0.0,0.07077515647568605,0.0,1.0
5061,0.5483870967741935,999.0,1.0,0.7027027027027027,0.0,0.0,0.0,0.5012036591237362,0.48507254831774527,1.0,0.0,0.0,0.07077515647568605,0.0,1.0
5062,0.48484848484848486,999.0,1.0,0.7027027027027027,0.0,0.0,0.0,0.4596956673910743,0.4468109291746522,0.0,0.0,0.0,0.0289661319073084,0.0,0.0
5063,0.48484848484848486,999.0,1.0,0.7027027027027027,0.0,0.0,0.0,0.4596956673910743,0.4468109291746522,0.0,0.0,0.0,0.0289661319073084,0.0,0.0
5064,0.48484848484848486,999.0,1.0,0.7027027027027027,0.0,0.0,0.0,0.4596956673910743,0.4468109291746522,0.0,0.0,0.0,0.0289661319073084,0.0,0.0
5065,0.48484848484848486,999.0,1.0,0.7027027027027027,0.0,0.0,0.0,0.4596956673910743,0.4468109291746522,0.0,0.0,0.0,0.0289661319073084,0.0,0.0
5066,0.5,999.0,1.0,0.4507042253521127,0.0,0.0,0.0,0.4768695898964099,0.45954421383089405,1.0,0.0,0.0,0.006172839506172867,0.0,1.0
5067,0.5,999.0,1.0,0.4507042253521127,0.0,0.0,0.0,0.4768695898964099,0.45954421383089405,1.0,0.0,0.0,0.006172839506172867,0.0,1.0
5068,0.5,999.0,1.0,0.4507042253521127,0.0,0.0,0.0,0.4768695898964099,0.45954421383089405,1.0,0.0,0.0,0.006172839506172867,0.0,1.0
5069,0.5797101449275363,999.0,1.0,0.7027027027027027,0.0,0.0,0.0,0.5572288871871957,0.5356706656456508,5.0,0.0,0.0,0.008281573498964856,0.0,5.0
5070,0.5555555555555556,999.0,1.0,0.6491228070175439,0.0,0.0,0.0,0.5281711397542853,0.5080065799564673,2.0,0.0,0.0,0.007610350076103556,0.0,2.0
5071,0.5633802816901409,999.0,1.0,0.6607142857142857,0.0,0.0,0.0,0.5353717748083945,0.514794017583238,2.0,0.0,0.0,0.007824726134585291,0.0,2.0
5072,0.5555555555555556,999.0,1.0,0.6491228070175439,0.0,0.0,0.0,0.5323905490369857,0.5117407571716571,2.0,0.0,0.0,0.007610350076103556,0.0,2.0
5073,0.8448275862068966,999.0,0.0,1.0,0.0,1.0,21.0,0.7960767879948915,0.7667718723704957,39.0,6.0,1.0,0.06704980842911878,16.0,23.0
5074,0.6285714285714286,999.0,1.0,0.5833333333333334,0.0,0.0,0.0,0.6128715728715729,0.6015291375291375,23.0,0.0,0.0,0.0051948051948051965,0.0,23.0
5075,0.6285714285714286,999.0,1.0,0.5833333333333334,0.0,0.0,0.0,0.6128715728715729,0.6015291375291375,23.0,0.0,0.0,0.0051948051948051965,0.0,23.0
5076,0.6285714285714286,999.0,1.0,0.5833333333333334,0.0,0.0,0.0,0.6128715728715729,0.6015291375291375,23.0,0.0,0.0,0.0051948051948051965,0.0,23.0
5077,0.6285714285714286,999.0,1.0,0.5833333333333334,0.0,0.0,0.0,0.6128715728715729,0.6015291375291375,23.0,0.0,0.0,0.0051948051948051965,0.0,23.0
5078,0.8305084745762712,999.0,0.0,1.0,0.0,1.0,21.0,0.820870976420457,0.7876930403977287,37.0,6.0,3.0,0.007927829414980825,16.0,21.0
5079,1.0,999.0,0.0,1.0,0.0,1.0,21.0,0.8947044334975369,0.8609888711428086,49.0,8.0,4.0,0.15517241379310343,16.0,33.0
5080,0.7671232876712328,999.0,1.0,0.7083333333333334,0.0,0.0,0.0,0.7489510058003209,0.7373706034801926,18.0,6.0,0.0,0.017123287671232834,0.0,18.0
5081,0.7671232876712328,999.0,1.0,0.7083333333333334,0.0,0.0,0.0,0.7489510058003209,0.7373706034801926,18.0,6.0,0.0,0.017123287671232834,0.0,18.0
5082,0.7297297297297297,999.0,1.0,0.6415094339622641,0.0,0.0,0.0,0.7138515822726349,0.7088304298830614,18.0,6.0,0.0,0.019203413940256042,0.0,18.0
5083,0.7297297297297297,999.0,1.0,0.6415094339622641,0.0,0.0,0.0,0.7138515822726349,0.7088304298830614,18.0,6.0,0.0,0.019203413940256042,0.0,18.0
5084,0.7808219178082192,999.0,1.0,0.7058823529411765,0.0,0.0,0.0,0.7602739726027398,0.7396259220231822,15.0,4.0,0.0,0.03082191780821919,0.0,15.0
5085,0.6923076923076923,999.0,1.0,0.6071428571428571,0.0,0.0,0.0,0.6849358974358974,0.6776282051282051,13.0,0.0,0.0,0.004807692307692291,0.0,13.0
5086,0.7105263157894737,999.0,1.0,0.6181818181818182,0.0,0.0,0.0,0.7026540710751238,0.6950101641640616,15.0,2.0,0.0,0.005398110661268496,0.0,15.0
5087,0.8548387096774194,999.0,0.0,1.0,0.0,1.0,1.0,0.7505027832932066,0.7025418133450996,33.0,2.0,1.0,0.15308432371250713,1.0,32.0
5088,0.8548387096774194,999.0,0.0,1.0,0.0,1.0,1.0,0.7505027832932066,0.7025418133450996,33.0,2.0,1.0,0.15308432371250713,1.0,32.0
5089,0.8548387096774194,999.0,0.0,1.0,0.0,1.0,1.0,0.7505027832932066,0.7025418133450996,33.0,2.0,1.0,0.15308432371250713,1.0,32.0
5090,0.7586206896551724,999.0,1.0,0.7027027027027027,0.0,0.0,0.0,0.7183923507710767,0.6875389069661424,21.0,2.0,0.0,0.012857977790765585,0.0,21.0
5091,0.7586206896551724,999.0,1.0,0.7027027027027027,0.0,0.0,0.0,0.7183923507710767,0.6875389069661424,21.0,2.0,0.0,0.012857977790765585,0.0,21.0
5092,0.7586206896551724,999.0,1.0,0.7027027027027027,0.0,0.0,0.0,0.7183923507710767,0.6875389069661424,21.0,2.0,0.0,0.012857977790765585,0.0,21.0
5093,0.7586206896551724,999.0,1.0,0.7027027027027027,0.0,0.0,0.0,0.7183923507710767,0.6875389069661424,21.0,2.0,0.0,0.012857977790765585,0.0,21.0
5094,0.7586206896551724,999.0,1.0,0.7027027027027027,0.0,0.0,0.0,0.7183923507710767,0.6875389069661424,21.0,2.0,0.0,0.012857977790765585,0.0,21.0
5095,0.7586206896551724,999.0,1.0,0.7027027027027027,0.0,0.0,0.0,0.7183923507710767,0.6875389069661424,21.0,2.0,0.0,0.012857977790765585,0.0,21.0
5096,0.7586206896551724,999.0,1.0,0.7027027027027027,0.0,0.0,0.0,0.7183923507710767,0.6875389069661424,21.0,2.0,0.0,0.012857977790765585,0.0,21.0
5097,0.6363636363636364,999.0,1.0,0.5555555555555556,0.0,0.0,0.0,0.6175717126773856,0.5832703003337041,11.0,0.0,0.0,0.02346041055718473,0.0,11.0
5098,0.6363636363636364,999.0,1.0,0.5555555555555556,0.0,0.0,0.0,0.6175717126773856,0.5832703003337041,12.0,0.0,0.0,0.02346041055718473,0.0,12.0
5099,0.6481481481481481,999.0,1.0,0.5555555555555556,0.0,0.0,0.0,0.6283780185131925,0.5931936950714096,14.0,0.0,0.0,0.025197328476016967,0.0,14.0
5100,0.6363636363636364,999.0,1.0,0.5555555555555556,0.0,0.0,0.0,0.6175717126773856,0.5832703003337041,11.0,0.0,0.0,0.02346041055718473,0.0,11.0
5101,0.7,999.0,1.0,0.5555555555555556,0.0,0.0,0.0,0.6756813417190776,0.6365265397557387,25.0,1.0,0.0,0.033333333333333326,0.0,25.0
5102,0.6349206349206349,999.0,1.0,0.7027027027027027,0.0,0.0,0.0,0.6013460939931528,0.5764213384884469,12.0,0.0,0.0,0.009920634920634885,0.0,12.0
5103,0.6349206349206349,999.0,1.0,0.7027027027027027,0.0,0.0,0.0,0.6013460939931528,0.5764213384884469,12.0,0.0,0.0,0.009920634920634885,0.0,12.0
5104,0.6349206349206349,999.0,1.0,0.7027027027027027,0.0,0.0,0.0,0.6013460939931528,0.5764213384884469,12.0,0.0,0.0,0.009920634920634885,0.0,12.0
5105,0.5423728813559322,999.0,1.0,0.7027027027027027,0.0,0.0,0.0,0.5377684736794907,0.5212118088453755,4.0,0.0,0.0,0.002690341673392549,0.0,4.0
5106,0.4788732394366197,999.0,1.0,0.4,0.0,0.0,0.0,0.4762358006524498,0.45302353167352116,0.0,0.0,0.0,0.0012612991381122374,0.0,0.0
5107,0.576271186440678,999.0,1.0,0.7380952380952381,0.0,0.0,0.0,0.5107178464606181,0.4820000660544247,2.0,0.0,0.0,0.07627118644067798,0.0,2.0
5108,0.52,999.0,1.0,0.7755102040816326,0.0,0.0,0.0,0.485906776341559,0.47287739913826876,1.0,0.0,0.0,0.04173913043478261,0.0,1.0
5109,0.5161290322580645,999.0,1.0,0.48936170212765956,0.0,0.0,0.0,0.49617961117715276,0.47602278502130996,1.0,0.0,0.0,0.023171285779191253,0.0,1.0
5110,0.35064935064935066,999.0,1.0,0.65625,0.0,0.0,0.0,0.34315405429128615,0.33683502647980357,0.0,0.0,0.0,0.009185936015204288,0.0,0.0
5111,0.4117647058823529,999.0,1.0,0.65625,0.0,0.0,0.0,0.4003056239156158,0.38710419546373903,0.0,0.0,0.0,0.014504431909750204,0.0,0.0
5112,0.38571428571428573,999.0,1.0,0.65625,0.0,0.0,0.0,0.37582289055973267,0.36834123770965876,0.0,0.0,0.0,0.012380952380952381,0.0,0.0
5113,0.4594594594594595,999.0,1.0,0.4,0.0,0.0,0.0,0.4498041703675506,0.43386398370201185,0.0,0.0,0.0,0.006126126126126175,0.0,0.0
5114,0.37662337662337664,999.0,1.0,0.43859649122807015,0.0,0.0,0.0,0.3570863540743059,0.3514812496740207,0.0,0.0,0.0,0.02722578626193084,0.0,0.0
5115,0.42592592592592593,999.0,1.0,0.4864864864864865,0.0,0.0,0.0,0.4227833894500561,0.4153880542115836,0.0,0.0,0.0,0.0016835016835016758,0.0,0.0
5116,0.5294117647058824,999.0,1.0,0.46808510638297873,0.0,0.0,0.0,0.5034547152194211,0.4488223115333089,2.0,0.0,0.0,0.015126050420168125,0.0,2.0
5117,0.509090909090909,999.0,1.0,0.46808510638297873,0.0,0.0,0.0,0.43636363636363634,0.4200017660823877,1.0,0.0,0.0,0.10909090909090902,0.0,1.0
5118,0.3717948717948718,999.0,1.0,0.453125,0.0,0.0,0.0,0.363683176726655,0.3556119554633589,0.0,0.0,0.0,0.000366300366300365,0.0,0.0
5119,0.4520547945205479,999.0,1.0,0.39215686274509803,0.0,0.0,0.0,0.44909203426177813,0.43046787878491494,0.0,0.0,0.0,0.0027794322017073436,0.0,0.0
5120,0.4264705882352941,999.0,1.0,0.5102040816326531,0.0,0.0,0.0,0.412929101259272,0.4031471788318484,0.0,0.0,0.0,0.017379679144384985,0.0,0.0
5121,0.7884615384615384,999.0,1.0,1.0,0.0,0.0,0.0,0.6738016694157046,0.5902459139301246,2.0,2.0,0.0,0.029202279202279136,0.0,2.0
5122,0.5789473684210527,999.0,1.0,1.0,0.0,0.0,0.0,0.5527564674397859,0.5316538804638715,4.0,0.0,0.0,0.019625334522747617,0.0,4.0
5123,0.29896907216494845,999.0,1.0,0.30526315789473685,0.0,0.0,0.0,0.29601691600025015,0.29468610619638086,0.0,0.0,0.0,0.004005043387970031,0.0,0.0
5124,0.5222222222222223,999.0,1.0,0.6056338028169014,0.0,0.0,0.0,0.5168582375478927,0.5079870421325839,3.0,0.0,0.0,0.004980842911877392,0.0,3.0
5125,0.5135135135135135,999.0,0.0,1.0,0.0,1.0,3.0,0.4788785264137376,0.46746746672543554,1.0,0.0,0.0,0.0487247811191473,0.0,1.0
5126,0.47368421052631576,999.0,1.0,0.65625,0.0,0.0,0.0,0.4608879341210168,0.4479613319011815,0.0,0.0,0.0,0.013684210526315743,0.0,0.0
5127,0.453125,999.0,1.0,0.38,0.0,0.0,0.0,0.42528713950368885,0.4163144793418042,0.0,0.0,0.0,0.03883928571428569,0.0,0.0
5128,0.43333333333333335,999.0,1.0,0.46296296296296297,0.0,0.0,0.0,0.3925889273736874,0.381251560659002,0.0,0.0,0.0,0.06099290780141847,0.0,0.0
5129,0.43333333333333335,999.0,1.0,0.46296296296296297,0.0,0.0,0.0,0.3925889273736874,0.381251560659002,0.0,0.0,0.0,0.06099290780141847,0.0,0.0
5130,0.43333333333333335,999.0,1.0,0.46296296296296297,0.0,0.0,0.0,0.3925889273736874,0.381251560659002,0.0,0.0,0.0,0.06099290780141847,0.0,0.0
5131,0.5569620253164557,999.0,1.0,0.46296296296296297,0.0,0.0,0.0,0.4688841882207225,0.4443393048568881,1.0,0.0,0.0,0.12106458941901976,0.0,1.0
5132,0.5569620253164557,999.0,1.0,0.46296296296296297,0.0,0.0,0.0,0.4688841882207225,0.4443393048568881,1.0,0.0,0.0,0.12106458941901976,0.0,1.0
5133,0.5569620253164557,999.0,1.0,0.46296296296296297,0.0,0.0,0.0,0.4688841882207225,0.4443393048568881,1.0,0.0,0.0,0.12106458941901976,0.0,1.0
5134,0.5569620253164557,999.0,1.0,0.46296296296296297,0.0,0.0,0.0,0.4688841882207225,0.4443393048568881,1.0,0.0,0.0,0.12106458941901976,0.0,1.0
5135,0.53125,999.0,1.0,0.3181818181818182,0.0,0.0,0.0,0.42334714100064974,0.39688567652101353,1.0,0.0,0.0,0.16087962962962965,0.0,1.0
5136,1.0,999.0,1.0,1.0,0.0,0.0,0.0,0.8490591579802356,0.7838791240373465,9.0,4.0,1.0,0.2168674698795181,0.0,9.0
5137,1.0,999.0,1.0,1.0,0.0,0.0,0.0,0.8490591579802356,0.7838791240373465,9.0,4.0,1.0,0.2168674698795181,0.0,9.0
5138,1.0,999.0,1.0,1.0,0.0,0.0,0.0,0.8490591579802356,0.7838791240373465,9.0,4.0,1.0,0.2168674698795181,0.0,9.0
5139,1.0,999.0,1.0,1.0,0.0,0.0,0.0,0.889089813140446,0.8394779842698098,10.0,5.0,3.0,0.1428571428571429,0.0,10.0
5140,1.0,999.0,1.0,1.0,0.0,0.0,0.0,0.889089813140446,0.8394779842698098,10.0,5.0,3.0,0.1428571428571429,0.0,10.0
5141,1.0,999.0,1.0,1.0,0.0,0.0,0.0,0.889089813140446,0.8394779842698098,10.0,5.0,3.0,0.1428571428571429,0.0,10.0
5142,1.0,999.0,1.0,1.0,0.0,0.0,0.0,0.889089813140446,0.8394779842698098,10.0,5.0,3.0,0.1428571428571429,0.0,10.0
5143,1.0,999.0,1.0,1.0,0.0,0.0,0.0,0.889089813140446,0.8394779842698098,10.0,5.0,3.0,0.1428571428571429,0.0,10.0
5144,0.47191011235955055,999.0,1.0,0.45614035087719296,0.0,0.0,0.0,0.4591174297434329,0.4422464653437167,0.0,0.0,0.0,0.005243445692883875,0.0,0.0
5145,0.4523809523809524,999.0,1.0,0.45,0.0,0.0,0.0,0.44194089559943217,0.4142525627363445,0.0,0.0,0.0,0.0011614401858304202,0.0,0.0
5146,0.6461538461538462,999.0,1.0,0.6111111111111112,0.0,0.0,0.0,0.5527777777777778,0.5094105691056912,2.0,0.0,0.0,0.09230769230769231,0.0,2.0
5147,0.6461538461538462,999.0,1.0,0.6111111111111112,0.0,0.0,0.0,0.5527777777777778,0.5094105691056912,2.0,0.0,0.0,0.09230769230769231,0.0,2.0
5148,0.6461538461538462,999.0,1.0,0.6111111111111112,0.0,0.0,0.0,0.5527777777777778,0.5094105691056912,2.0,0.0,0.0,0.09230769230769231,0.0,2.0
5149,0.6461538461538462,999.0,1.0,0.6111111111111112,0.0,0.0,0.0,0.5527777777777778,0.5094105691056912,2.0,0.0,0.0,0.09230769230769231,0.0,2.0
5150,0.6461538461538462,999.0,1.0,0.6111111111111112,0.0,0.0,0.0,0.5527777777777778,0.5094105691056912,2.0,0.0,0.0,0.09230769230769231,0.0,2.0
5151,0.6461538461538462,999.0,1.0,0.6111111111111112,0.0,0.0,0.0,0.5527777777777778,0.5094105691056912,2.0,0.0,0.0,0.09230769230769231,0.0,2.0
5152,0.5873015873015873,999.0,1.0,0.6875,0.0,0.0,0.0,0.5364159190246147,0.506401790220739,2.0,0.0,0.0,0.05106970324361626,0.0,2.0
5153,0.5873015873015873,999.0,1.0,0.6875,0.0,0.0,0.0,0.5364159190246147,0.506401790220739,2.0,0.0,0.0,0.05106970324361626,0.0,2.0
5154,0.5873015873015873,999.0,1.0,0.6875,0.0,0.0,0.0,0.5364159190246147,0.506401790220739,2.0,0.0,0.0,0.05106970324361626,0.0,2.0
5155,0.5873015873015873,999.0,1.0,0.6875,0.0,0.0,0.0,0.5364159190246147,0.506401790220739,2.0,0.0,0.0,0.05106970324361626,0.0,2.0
5156,0.5873015873015873,999.0,1.0,0.6875,0.0,0.0,0.0,0.5364159190246147,0.506401790220739,2.0,0.0,0.0,0.05106970324361626,0.0,2.0
5157,0.5873015873015873,999.0,1.0,0.6875,0.0,0.0,0.0,0.5364159190246147,0.506401790220739,2.0,0.0,0.0,0.05106970324361626,0.0,2.0
5158,0.5873015873015873,999.0,1.0,0.6875,0.0,0.0,0.0,0.5364159190246147,0.506401790220739,2.0,0.0,0.0,0.05106970324361626,0.0,2.0
5159,0.4578313253012048,999.0,1.0,0.4857142857142857,0.0,0.0,0.0,0.42968431219499076,0.4163964459028531,0.0,0.0,0.0,0.030865033166373346,0.0,0.0
5160,0.4470588235294118,999.0,1.0,0.4722222222222222,0.0,0.0,0.0,0.4248804137039431,0.41018187141077167,0.0,0.0,0.0,0.02947640594699419,0.0,0.0
5161,0.5522388059701493,999.0,1.0,0.5681818181818182,0.0,0.0,0.0,0.5061825268327006,0.478692748829332,2.0,0.0,0.0,0.045389490901656115,0.0,2.0
5162,0.5522388059701493,999.0,1.0,0.5681818181818182,0.0,0.0,0.0,0.5061825268327006,0.478692748829332,2.0,0.0,0.0,0.045389490901656115,0.0,2.0
5163,0.5522388059701493,999.0,1.0,0.5681818181818182,0.0,0.0,0.0,0.5061825268327006,0.478692748829332,2.0,0.0,0.0,0.045389490901656115,0.0,2.0
5164,0.5522388059701493,999.0,1.0,0.5681818181818182,0.0,0.0,0.0,0.5061825268327006,0.478692748829332,2.0,0.0,0.0,0.045389490901656115,0.0,2.0
5165,0.5522388059701493,999.0,1.0,0.5681818181818182,0.0,0.0,0.0,0.5061825268327006,0.478692748829332,2.0,0.0,0.0,0.045389490901656115,0.0,2.0
5166,0.5522388059701493,999.0,1.0,0.5681818181818182,0.0,0.0,0.0,0.5061825268327006,0.478692748829332,2.0,0.0,0.0,0.045389490901656115,0.0,2.0
5167,0.5522388059701493,999.0,1.0,0.5681818181818182,0.0,0.0,0.0,0.5061825268327006,0.478692748829332,2.0,0.0,0.0,0.045389490901656115,0.0,2.0
5168,0.5522388059701493,999.0,1.0,0.5681818181818182,0.0,0.0,0.0,0.5061825268327006,0.478692748829332,2.0,0.0,0.0,0.045389490901656115,0.0,2.0
5169,0.8048780487804879,999.0,0.0,1.0,0.0,1.0,5.0,0.6204812351153814,0.5723833037169831,4.0,1.0,1.0,0.25942350332594244,1.0,3.0
5170,0.5416666666666666,999.0,1.0,0.5434782608695652,0.0,0.0,0.0,0.5124183006535947,0.4894362745098039,2.0,0.0,0.0,0.016666666666666607,0.0,2.0
5171,0.39705882352941174,999.0,1.0,0.4883720930232558,0.0,0.0,0.0,0.39135915235659485,0.3856351635451044,0.0,0.0,0.0,0.005754475703324768,0.0,0.0
5172,1.0,999.0,0.0,1.0,0.0,1.0,1.0,0.7278417982643335,0.6365463487998699,4.0,1.0,1.0,0.3939393939393939,1.0,3.0
5173,1.0,999.0,0.0,1.0,0.0,1.0,1.0,0.7278417982643335,0.6365463487998699,4.0,1.0,1.0,0.3939393939393939,1.0,3.0
5174,1.0,999.0,0.0,1.0,0.0,1.0,1.0,0.7278417982643335,0.6365463487998699,4.0,1.0,1.0,0.3939393939393939,1.0,3.0
5175,1.0,999.0,0.0,1.0,0.0,1.0,1.0,0.7278417982643335,0.6365463487998699,4.0,1.0,1.0,0.3939393939393939,1.0,3.0
5176,1.0,999.0,0.0,1.0,0.0,1.0,1.0,0.7278417982643335,0.6365463487998699,4.0,1.0,1.0,0.3939393939393939,1.0,3.0
5177,0.6986301369863014,999.0,1.0,0.65,0.0,0.0,0.0,0.6200820995341544,0.580382593053826,5.0,0.0,0.0,0.09256953092569531,0.0,5.0
5178,0.6986301369863014,999.0,1.0,0.65,0.0,0.0,0.0,0.6200820995341544,0.580382593053826,5.0,0.0,0.0,0.09256953092569531,0.0,5.0
5179,0.6986301369863014,999.0,1.0,0.65,0.0,0.0,0.0,0.6200820995341544,0.580382593053826,5.0,0.0,0.0,0.09256953092569531,0.0,5.0
5180,0.6986301369863014,999.0,1.0,0.65,0.0,0.0,0.0,0.6200820995341544,0.580382593053826,5.0,0.0,0.0,0.09256953092569531,0.0,5.0
5181,0.6986301369863014,999.0,1.0,0.65,0.0,0.0,0.0,0.6200820995341544,0.580382593053826,5.0,0.0,0.0,0.09256953092569531,0.0,5.0
5182,0.6986301369863014,999.0,1.0,0.65,0.0,0.0,0.0,0.6200820995341544,0.580382593053826,5.0,0.0,0.0,0.09256953092569531,0.0,5.0
5183,0.4935064935064935,999.0,1.0,0.5434782608695652,0.0,0.0,0.0,0.4860930735930736,0.46998401753045715,0.0,0.0,0.0,0.006006493506493515,0.0,0.0
5184,0.48484848484848486,999.0,1.0,0.47619047619047616,0.0,0.0,0.0,0.40191387559808617,0.37448165869218497,0.0,0.0,0.0,0.10606060606060608,0.0,0.0
5185,0.5,999.0,1.0,0.5283018867924528,0.0,0.0,0.0,0.48214285714285715,0.46894138143062103,1.0,0.0,0.0,0.019480519480519487,0.0,1.0
5186,0.7636363636363637,999.0,1.0,0.6818181818181818,0.0,0.0,0.0,0.6937310706216047,0.6476099828968456,10.0,1.0,0.0,0.07511177347242926,0.0,10.0
5187,0.7636363636363637,999.0,1.0,0.6818181818181818,0.0,0.0,0.0,0.6937310706216047,0.6476099828968456,10.0,1.0,0.0,0.07511177347242926,0.0,10.0
5188,0.7636363636363637,999.0,1.0,0.6818181818181818,0.0,0.0,0.0,0.6937310706216047,0.6476099828968456,10.0,1.0,0.0,0.07511177347242926,0.0,10.0
5189,0.7636363636363637,999.0,1.0,0.6818181818181818,0.0,0.0,0.0,0.6937310706216047,0.6476099828968456,10.0,1.0,0.0,0.07511177347242926,0.0,10.0
5190,0.7636363636363637,999.0,1.0,0.6818181818181818,0.0,0.0,0.0,0.6937310706216047,0.6476099828968456,10.0,1.0,0.0,0.07511177347242926,0.0,10.0
5191,0.7636363636363637,999.0,1.0,0.6818181818181818,0.0,0.0,0.0,0.6937310706216047,0.6476099828968456,10.0,1.0,0.0,0.07511177347242926,0.0,10.0
5192,0.7636363636363637,999.0,1.0,0.6818181818181818,0.0,0.0,0.0,0.6937310706216047,0.6476099828968456,10.0,1.0,0.0,0.07511177347242926,0.0,10.0
5193,0.7636363636363637,999.0,1.0,0.6818181818181818,0.0,0.0,0.0,0.6937310706216047,0.6476099828968456,10.0,1.0,0.0,0.07511177347242926,0.0,10.0
5194,0.43478260869565216,999.0,1.0,0.45,0.0,0.0,0.0,0.42902761694213426,0.42231167506038547,0.0,0.0,0.0,0.006211180124223614,0.0,0.0
5195,0.524390243902439,999.0,1.0,0.5434782608695652,0.0,0.0,0.0,0.4983648230848506,0.4749347690205169,2.0,0.0,0.0,0.004390243902439028,0.0,2.0
5196,0.4098360655737705,999.0,1.0,0.47619047619047616,0.0,0.0,0.0,0.37619535519125685,0.36902078454332554,0.0,0.0,0.0,0.0504610655737705,0.0,0.0
5197,0.38028169014084506,999.0,1.0,0.4883720930232558,0.0,0.0,0.0,0.37504823461315834,0.368778940767895,0.0,0.0,0.0,0.005281690140845063,0.0,0.0
5198,0.8524590163934426,999.0,0.0,1.0,0.0,1.0,6.0,0.7913238991842877,0.7335008071722642,13.0,3.0,1.0,0.05558401639344257,5.0,8.0
5199,0.85,999.0,0.0,1.0,0.0,1.0,6.0,0.7957545420837967,0.7548720800889877,19.0,3.0,2.0,0.022413793103448265,6.0,13.0
5200,0.8545454545454545,999.0,0.0,1.0,0.0,1.0,15.0,0.7095796676441837,0.658996939507291,7.0,1.0,1.0,0.20938416422287387,4.0,3.0
5201,0.375,999.0,1.0,0.6730769230769231,0.0,0.0,0.0,0.33146020646020646,0.31806258383914476,0.0,0.0,0.0,0.06331168831168832,0.0,0.0
5202,0.38461538461538464,999.0,1.0,0.6730769230769231,0.0,0.0,0.0,0.3519288519288519,0.3417355172358879,0.0,0.0,0.0,0.04677754677754681,0.0,0.0
5203,0.8095238095238095,999.0,0.0,1.0,0.0,1.0,12.0,0.6859477124183005,0.5937908496732026,3.0,1.0,1.0,0.11834733893557425,3.0,0.0
5204,0.6461538461538462,999.0,0.0,1.0,0.0,1.0,12.0,0.5892705333881805,0.5354222511465707,2.0,0.0,0.0,0.009790209790209836,2.0,0.0
5205,0.6268656716417911,999.0,0.0,1.0,0.0,1.0,12.0,0.5719804339646307,0.519697020923879,2.0,0.0,0.0,0.00921861281826164,2.0,0.0
5206,0.6268656716417911,999.0,0.0,1.0,0.0,1.0,12.0,0.5719804339646307,0.519697020923879,2.0,0.0,0.0,0.00921861281826164,2.0,0.0
5207,0.6470588235294118,999.0,0.0,1.0,0.0,1.0,12.0,0.586095001380834,0.5239468559009641,2.0,0.0,0.0,0.014705882352941235,2.0,0.0
5208,0.75,999.0,0.0,1.0,0.0,1.0,12.0,0.685483870967742,0.6113850868545139,4.0,2.0,0.0,0.040322580645161255,3.0,1.0
5209,0.48333333333333334,999.0,1.0,0.6060606060606061,0.0,0.0,0.0,0.4448306595365419,0.4224764377153479,0.0,0.0,0.0,0.043939393939393945,0.0,0.0
5210,0.4603174603174603,999.0,1.0,0.6060606060606061,0.0,0.0,0.0,0.440428427163873,0.42125529573494347,0.0,0.0,0.0,0.019639494215765385,0.0,0.0
5211,0.5967741935483871,999.0,1.0,0.6060606060606061,0.0,0.0,0.0,0.5144439094848339,0.47139782717238177,1.0,0.0,0.0,0.11290322580645162,0.0,1.0
5212,0.4925373134328358,999.0,1.0,0.6060606060606061,0.0,0.0,0.0,0.46783679943965467,0.43360251256422566,0.0,0.0,0.0,0.016346837242359635,0.0,0.0
5213,0.4909090909090909,999.0,1.0,0.6060606060606061,0.0,0.0,0.0,0.4712121212121212,0.44508021390374325,0.0,0.0,0.0,0.007575757575757569,0.0,0.0
5214,0.453125,999.0,1.0,0.6060606060606061,0.0,0.0,0.0,0.43199404761904764,0.4164696438156583,0.0,0.0,0.0,0.024553571428571452,0.0,0.0
5215,0.6346153846153846,999.0,1.0,0.6060606060606061,0.0,0.0,0.0,0.5706851593759835,0.5295539527684473,3.0,0.0,0.0,0.06564986737400524,0.0,3.0
5216,0.6176470588235294,999.0,1.0,0.5319148936170213,0.0,0.0,0.0,0.59290127009708,0.5731650044824904,12.0,0.0,0.0,0.031932773109243695,0.0,12.0
5217,0.6176470588235294,999.0,1.0,0.5319148936170213,0.0,0.0,0.0,0.59290127009708,0.5731650044824904,12.0,0.0,0.0,0.031932773109243695,0.0,12.0
5218,0.5686274509803921,999.0,1.0,0.6071428571428571,0.0,0.0,0.0,0.5570424836601308,0.5459807236904424,11.0,0.0,0.0,0.006127450980392135,0.0,11.0
5219,0.5686274509803921,999.0,1.0,0.6071428571428571,0.0,0.0,0.0,0.5570424836601308,0.5459807236904424,11.0,0.0,0.0,0.006127450980392135,0.0,11.0
5220,0.5098039215686274,999.0,1.0,0.4,0.0,0.0,0.0,0.49233901210757525,0.47957679436131934,1.0,0.0,0.0,0.018000642880102835,0.0,1.0
5221,0.4,999.0,1.0,0.4,0.0,0.0,0.0,0.38643678160919537,0.3818481762175317,0.0,0.0,0.0,0.020000000000000018,0.0,0.0
5222,0.4126984126984127,999.0,1.0,0.4,0.0,0.0,0.0,0.3979551738172428,0.38614866990120544,0.0,0.0,0.0,0.016146688560481626,0.0,0.0
5223,0.4126984126984127,999.0,1.0,0.4,0.0,0.0,0.0,0.3979551738172428,0.38614866990120544,0.0,0.0,0.0,0.016146688560481626,0.0,0.0
5224,0.2976190476190476,999.0,1.0,0.3269230769230769,0.0,0.0,0.0,0.29601099699138916,0.29225809179369555,0.0,0.0,0.0,0.0013227513227513366,0.0,0.0
5225,0.4782608695652174,999.0,1.0,0.7380952380952381,0.0,0.0,0.0,0.4451436562420544,0.420464572123611,0.0,0.0,0.0,0.02898550724637683,0.0,0.0
5226,0.4782608695652174,999.0,1.0,0.7380952380952381,0.0,0.0,0.0,0.4451436562420544,0.420464572123611,0.0,0.0,0.0,0.02898550724637683,0.0,0.0
5227,0.4782608695652174,999.0,1.0,0.7380952380952381,0.0,0.0,0.0,0.4451436562420544,0.420464572123611,0.0,0.0,0.0,0.02898550724637683,0.0,0.0
5228,0.4782608695652174,999.0,1.0,0.7380952380952381,0.0,0.0,0.0,0.4451436562420544,0.420464572123611,0.0,0.0,0.0,0.02898550724637683,0.0,0.0
5229,0.5254237288135594,999.0,1.0,0.5121951219512195,0.0,0.0,0.0,0.47059380469049344,0.4452298460326869,1.0,0.0,0.0,0.0776625347837086,0.0,1.0
5230,0.5254237288135594,999.0,1.0,0.5121951219512195,0.0,0.0,0.0,0.47059380469049344,0.4452298460326869,1.0,0.0,0.0,0.0776625347837086,0.0,1.0
5231,0.5254237288135594,999.0,1.0,0.5121951219512195,0.0,0.0,0.0,0.47059380469049344,0.4452298460326869,1.0,0.0,0.0,0.0776625347837086,0.0,1.0
5232,0.4024390243902439,999.0,1.0,0.3283582089552239,0.0,0.0,0.0,0.3723379743918896,0.35673611796846705,0.0,0.0,0.0,0.034017971758665,0.0,0.0
5233,0.4024390243902439,999.0,1.0,0.3283582089552239,0.0,0.0,0.0,0.3723379743918896,0.35673611796846705,0.0,0.0,0.0,0.034017971758665,0.0,0.0
5234,0.4024390243902439,999.0,1.0,0.3283582089552239,0.0,0.0,0.0,0.3723379743918896,0.35673611796846705,0.0,0.0,0.0,0.034017971758665,0.0,0.0
5235,0.3684210526315789,999.0,1.0,0.3283582089552239,0.0,0.0,0.0,0.3659428336020753,0.36259344866844573,0.0,0.0,0.0,0.0013324450366422047,0.0,0.0
5236,0.3684210526315789,999.0,1.0,0.3283582089552239,0.0,0.0,0.0,0.3659428336020753,0.36259344866844573,0.0,0.0,0.0,0.0013324450366422047,0.0,0.0
5237,0.7313432835820896,999.0,1.0,0.6410256410256411,0.0,0.0,0.0,0.6508039512582018,0.6254588965765173,17.0,1.0,0.0,0.10447761194029848,0.0,17.0
5238,0.7313432835820896,999.0,1.0,0.6410256410256411,0.0,0.0,0.0,0.6508039512582018,0.6254588965765173,17.0,1.0,0.0,0.10447761194029848,0.0,17.0
5239,0.6666666666666666,999.0,1.0,0.5833333333333334,0.0,0.0,0.0,0.6183006535947713,0.6017496229260935,22.0,0.0,0.0,0.06666666666666665,0.0,22.0
5240,0.7272727272727273,999.0,1.0,0.6041666666666666,0.0,0.0,0.0,0.6507575757575758,0.6092991546606004,7.0,1.0,0.0,0.08977272727272734,0.0,7.0
5241,0.7397260273972602,999.0,1.0,0.6041666666666666,0.0,0.0,0.0,0.6458592417496528,0.6122504064935138,7.0,1.0,0.0,0.13161791928915212,0.0,7.0
5242,0.7230769230769231,999.0,1.0,0.6041666666666666,0.0,0.0,0.0,0.6807976061497188,0.6598299150411826,9.0,1.0,0.0,0.05164835164835169,0.0,9.0
5243,0.704225352112676,999.0,1.0,0.6041666666666666,0.0,0.0,0.0,0.6511578241378092,0.6210744413181286,7.0,1.0,0.0,0.04708249496981887,0.0,7.0
5244,0.72,999.0,1.0,0.6041666666666666,0.0,0.0,0.0,0.6597072072072071,0.6247800205268559,8.0,1.0,0.0,0.08250000000000002,0.0,8.0
5245,0.6206896551724138,999.0,1.0,0.5714285714285714,0.0,0.0,0.0,0.5645446507515474,0.54339025198939,10.0,0.0,0.0,0.08222811671087538,0.0,10.0
5246,0.6206896551724138,999.0,1.0,0.5714285714285714,0.0,0.0,0.0,0.5645446507515474,0.54339025198939,10.0,0.0,0.0,0.08222811671087538,0.0,10.0
5247,0.6206896551724138,999.0,1.0,0.5714285714285714,0.0,0.0,0.0,0.5645446507515474,0.54339025198939,10.0,0.0,0.0,0.08222811671087538,0.0,10.0
5248,1.0,999.0,1.0,1.0,0.0,0.0,0.0,0.8278362573099415,0.7880701754385966,21.0,6.0,1.0,0.2533333333333333,0.0,21.0
5249,1.0,999.0,1.0,1.0,0.0,0.0,0.0,0.8278362573099415,0.7880701754385966,21.0,6.0,1.0,0.2533333333333333,0.0,21.0
5250,0.6666666666666666,999.0,0.0,1.0,0.0,1.0,3.0,0.5476190476190476,0.5110751993104935,2.0,0.0,0.0,0.16666666666666663,1.0,1.0
5251,0.5102040816326531,999.0,1.0,0.65625,0.0,0.0,0.0,0.4933301249755613,0.4778763818636437,1.0,0.0,0.0,0.01867865790383949,0.0,1.0
5252,0.5102040816326531,999.0,1.0,0.65625,0.0,0.0,0.0,0.4933301249755613,0.4778763818636437,1.0,0.0,0.0,0.01867865790383949,0.0,1.0
5253,0.5102040816326531,999.0,1.0,0.65625,0.0,0.0,0.0,0.4933301249755613,0.4778763818636437,1.0,0.0,0.0,0.01867865790383949,0.0,1.0
5254,0.6438356164383562,999.0,0.0,1.0,0.0,1.0,1098.0,0.5754882414731922,0.5557864513774218,9.0,0.0,0.0,0.09453984179046881,9.0,0.0
5255,1.0,999.0,1.0,1.0,0.0,0.0,0.0,0.9164383561643835,0.8285842924199087,16.0,4.0,3.0,0.09999999999999998,0.0,16.0
5256,1.0,999.0,1.0,1.0,0.0,0.0,0.0,0.9164383561643835,0.8285842924199087,16.0,4.0,3.0,0.09999999999999998,0.0,16.0
5257,0.3793103448275862,999.0,1.0,0.4714285714285714,0.0,0.0,0.0,0.3391877856252597,0.32851267137515583,0.0,0.0,0.0,0.05431034482758618,0.0,0.0
5258,0.3793103448275862,999.0,1.0,0.4714285714285714,0.0,0.0,0.0,0.3391877856252597,0.32851267137515583,0.0,0.0,0.0,0.05431034482758618,0.0,0.0
5259,0.3793103448275862,999.0,1.0,0.4714285714285714,0.0,0.0,0.0,0.3391877856252597,0.32851267137515583,0.0,0.0,0.0,0.05431034482758618,0.0,0.0
5260,0.3793103448275862,999.0,1.0,0.4714285714285714,0.0,0.0,0.0,0.3391877856252597,0.32851267137515583,0.0,0.0,0.0,0.05431034482758618,0.0,0.0
5261,0.3793103448275862,999.0,1.0,0.4714285714285714,0.0,0.0,0.0,0.3391877856252597,0.32851267137515583,0.0,0.0,0.0,0.05431034482758618,0.0,0.0
5262,0.3793103448275862,999.0,1.0,0.4714285714285714,0.0,0.0,0.0,0.3391877856252597,0.32851267137515583,0.0,0.0,0.0,0.05431034482758618,0.0,0.0
5263,0.38823529411764707,999.0,1.0,0.4714285714285714,0.0,0.0,0.0,0.347518760590656,0.3367163845595218,0.0,0.0,0.0,0.05490196078431375,0.0,0.0
5264,0.38823529411764707,999.0,1.0,0.4714285714285714,0.0,0.0,0.0,0.347518760590656,0.3367163845595218,0.0,0.0,0.0,0.05490196078431375,0.0,0.0
5265,0.38823529411764707,999.0,1.0,0.4714285714285714,0.0,0.0,0.0,0.347518760590656,0.3367163845595218,0.0,0.0,0.0,0.05490196078431375,0.0,0.0
5266,0.38823529411764707,999.0,1.0,0.4714285714285714,0.0,0.0,0.0,0.347518760590656,0.3367163845595218,0.0,0.0,0.0,0.05490196078431375,0.0,0.0
5267,0.379746835443038,999.0,1.0,0.6730769230769231,0.0,0.0,0.0,0.3120859639846982,0.29535968649892697,0.0,0.0,0.0,0.09596305165925423,0.0,0.0
5268,0.379746835443038,999.0,1.0,0.6730769230769231,0.0,0.0,0.0,0.3120859639846982,0.29535968649892697,0.0,0.0,0.0,0.09596305165925423,0.0,0.0
5269,0.625,999.0,1.0,1.0,0.0,0.0,0.0,0.5710462572276919,0.5448255565344173,4.0,0.0,0.0,0.055379746835443,0.0,4.0
5270,0.5949367088607594,999.0,1.0,0.8518518518518519,0.0,0.0,0.0,0.5597021976768811,0.5410844765008656,6.0,0.0,0.0,0.03779385171790228,0.0,6.0
5271,1.0,999.0,1.0,1.0,0.0,0.0,0.0,0.8585034013605443,0.8018541775684633,19.0,6.0,2.0,0.19999999999999996,0.0,19.0
5272,0.5833333333333334,999.0,1.0,0.54,0.0,0.0,0.0,0.5542328042328042,0.5074847374847374,3.0,0.0,0.0,0.04365079365079372,0.0,3.0
5273,0.5833333333333334,999.0,1.0,0.54,0.0,0.0,0.0,0.5542328042328042,0.5074847374847374,3.0,0.0,0.0,0.04365079365079372,0.0,3.0
5274,0.5833333333333334,999.0,1.0,0.54,0.0,0.0,0.0,0.5542328042328042,0.5074847374847374,3.0,0.0,0.0,0.04365079365079372,0.0,3.0
5275,0.6829268292682927,999.0,1.0,1.0,0.0,0.0,0.0,0.6601819589624468,0.6457845000527926,18.0,0.0,0.0,0.028164924506387967,0.0,18.0
5276,0.7037037037037037,999.0,1.0,1.0,0.0,0.0,0.0,0.6803510337646884,0.6616215771180458,18.0,1.0,0.0,0.029004908522980877,0.0,18.0
5277,0.7160493827160493,999.0,1.0,1.0,0.0,0.0,0.0,0.6924983886161931,0.6723762125575499,16.0,1.0,0.0,0.029302394764242123,0.0,16.0
5278,0.6666666666666666,999.0,1.0,1.0,0.0,0.0,0.0,0.6578282828282828,0.6420605219633897,14.0,0.0,0.0,0.007575757575757569,0.0,14.0
5279,0.6666666666666666,999.0,1.0,1.0,0.0,0.0,0.0,0.6578282828282828,0.6420605219633897,14.0,0.0,0.0,0.007575757575757569,0.0,14.0
5280,0.7160493827160493,999.0,1.0,1.0,0.0,0.0,0.0,0.6924983886161931,0.6723762125575499,16.0,1.0,0.0,0.029302394764242123,0.0,16.0
5281,0.543859649122807,999.0,1.0,0.52,0.0,0.0,0.0,0.49899488304093564,0.47478154520917676,2.0,0.0,0.0,0.04385964912280704,0.0,2.0
5282,0.8085106382978723,999.0,1.0,0.9714285714285714,0.0,0.0,0.0,0.6204023647947197,0.57042323705865,4.0,1.0,1.0,0.28123791102514506,0.0,4.0
5283,0.4918032786885246,999.0,1.0,0.4716981132075472,0.0,0.0,0.0,0.3828886745955213,0.3506528402171305,0.0,0.0,0.0,0.15846994535519127,0.0,0.0
5284,0.39285714285714285,999.0,1.0,0.4714285714285714,0.0,0.0,0.0,0.3595708020050125,0.3508302005012531,0.0,0.0,0.0,0.04910714285714285,0.0,0.0
5285,0.39285714285714285,999.0,1.0,0.4714285714285714,0.0,0.0,0.0,0.3595708020050125,0.3508302005012531,0.0,0.0,0.0,0.04910714285714285,0.0,0.0
5286,0.39285714285714285,999.0,1.0,0.4714285714285714,0.0,0.0,0.0,0.3595708020050125,0.3508302005012531,0.0,0.0,0.0,0.04910714285714285,0.0,0.0
5287,0.39285714285714285,999.0,1.0,0.4714285714285714,0.0,0.0,0.0,0.3595708020050125,0.3508302005012531,0.0,0.0,0.0,0.04910714285714285,0.0,0.0
5288,0.39285714285714285,999.0,1.0,0.4714285714285714,0.0,0.0,0.0,0.3595708020050125,0.3508302005012531,0.0,0.0,0.0,0.04910714285714285,0.0,0.0
5289,0.35555555555555557,999.0,1.0,0.5373134328358209,0.0,0.0,0.0,0.31953658755843223,0.3081240689371757,0.0,0.0,0.0,0.053472222222222254,0.0,0.0
5290,0.35555555555555557,999.0,1.0,0.5373134328358209,0.0,0.0,0.0,0.31953658755843223,0.3081240689371757,0.0,0.0,0.0,0.053472222222222254,0.0,0.0
5291,0.6363636363636364,999.0,1.0,1.0,0.0,0.0,0.0,0.6054216867469879,0.5843439211391018,10.0,0.0,0.0,0.022727272727272707,0.0,10.0
5292,0.5728155339805825,999.0,1.0,1.0,0.0,0.0,0.0,0.529126213592233,0.510570966250578,3.0,0.0,0.0,0.058252427184465994,0.0,3.0
5293,0.5728155339805825,999.0,1.0,1.0,0.0,0.0,0.0,0.529126213592233,0.510570966250578,3.0,0.0,0.0,0.058252427184465994,0.0,3.0
5294,1.0,999.0,1.0,1.0,0.0,0.0,0.0,0.8133718133718134,0.7402267982913144,21.0,2.0,1.0,0.2222222222222222,0.0,21.0
5295,1.0,999.0,1.0,1.0,0.0,0.0,0.0,0.8133718133718134,0.7402267982913144,21.0,2.0,1.0,0.2222222222222222,0.0,21.0
5296,1.0,999.0,1.0,1.0,0.0,0.0,0.0,0.8133718133718134,0.7402267982913144,21.0,2.0,1.0,0.2222222222222222,0.0,21.0
5297,1.0,999.0,1.0,1.0,0.0,0.0,0.0,0.8133718133718134,0.7402267982913144,21.0,2.0,1.0,0.2222222222222222,0.0,21.0
5298,0.9285714285714286,999.0,1.0,1.0,0.0,0.0,0.0,0.7843180482069371,0.7037410120743455,26.0,3.0,1.0,0.21252204585537926,0.0,26.0
5299,0.7710843373493976,999.0,1.0,1.0,0.0,0.0,0.0,0.6637762340704719,0.6323193618908627,12.0,1.0,0.0,0.15722295121078378,0.0,12.0
5300,0.7710843373493976,999.0,1.0,1.0,0.0,0.0,0.0,0.6637762340704719,0.6323193618908627,12.0,1.0,0.0,0.15722295121078378,0.0,12.0
5301,0.7529411764705882,999.0,1.0,0.6825396825396826,0.0,0.0,0.0,0.7003088414853121,0.6793474960834536,13.0,1.0,0.0,0.07162249515190688,0.0,13.0
5302,0.7529411764705882,999.0,1.0,0.6825396825396826,0.0,0.0,0.0,0.7003088414853121,0.6793474960834536,13.0,1.0,0.0,0.07162249515190688,0.0,13.0
5303,0.7529411764705882,999.0,1.0,0.6825396825396826,0.0,0.0,0.0,0.7003088414853121,0.6793474960834536,13.0,1.0,0.0,0.07162249515190688,0.0,13.0
5304,0.717948717948718,999.0,1.0,1.0,0.0,0.0,0.0,0.6936059720869848,0.6628022387143757,14.0,1.0,0.0,0.021746186303148285,0.0,14.0
5305,0.717948717948718,999.0,1.0,1.0,0.0,0.0,0.0,0.6936059720869848,0.6628022387143757,14.0,1.0,0.0,0.021746186303148285,0.0,14.0
5306,0.717948717948718,999.0,1.0,1.0,0.0,0.0,0.0,0.6936059720869848,0.6628022387143757,14.0,1.0,0.0,0.021746186303148285,0.0,14.0
5307,0.717948717948718,999.0,1.0,1.0,0.0,0.0,0.0,0.6936059720869848,0.6628022387143757,14.0,1.0,0.0,0.021746186303148285,0.0,14.0
5308,0.717948717948718,999.0,1.0,1.0,0.0,0.0,0.0,0.6936059720869848,0.6628022387143757,14.0,1.0,0.0,0.021746186303148285,0.0,14.0
5309,0.6081081081081081,999.0,1.0,0.7575757575757576,0.0,0.0,0.0,0.5848575848575849,0.5545290087458763,5.0,0.0,0.0,0.017199017199017175,0.0,5.0
5310,0.6081081081081081,999.0,1.0,0.7575757575757576,0.0,0.0,0.0,0.5848575848575849,0.5545290087458763,5.0,0.0,0.0,0.017199017199017175,0.0,5.0
5311,0.6081081081081081,999.0,1.0,0.7575757575757576,0.0,0.0,0.0,0.5848575848575849,0.5545290087458763,5.0,0.0,0.0,0.017199017199017175,0.0,5.0
5312,0.6081081081081081,999.0,1.0,0.7575757575757576,0.0,0.0,0.0,0.5848575848575849,0.5545290087458763,5.0,0.0,0.0,0.017199017199017175,0.0,5.0
5313,0.6081081081081081,999.0,1.0,0.7575757575757576,0.0,0.0,0.0,0.5848575848575849,0.5545290087458763,5.0,0.0,0.0,0.017199017199017175,0.0,5.0
5314,1.0,999.0,1.0,1.0,0.0,0.0,0.0,0.8496909392431781,0.8083859921173353,23.0,9.0,1.0,0.21212121212121215,0.0,23.0
5315,0.75,999.0,1.0,0.7183098591549296,0.0,0.0,0.0,0.6994949494949494,0.6706641690241353,13.0,1.0,0.0,0.06818181818181823,0.0,13.0
5316,0.75,999.0,1.0,0.7183098591549296,0.0,0.0,0.0,0.6994949494949494,0.6706641690241353,13.0,1.0,0.0,0.06818181818181823,0.0,13.0
5317,0.7536231884057971,999.0,1.0,1.0,0.0,0.0,0.0,0.7178743961352657,0.6783787836769071,21.0,2.0,0.0,0.04695652173913045,0.0,21.0
5318,0.7536231884057971,999.0,1.0,1.0,0.0,0.0,0.0,0.7178743961352657,0.6783787836769071,21.0,2.0,0.0,0.04695652173913045,0.0,21.0
5319,0.7536231884057971,999.0,1.0,1.0,0.0,0.0,0.0,0.7178743961352657,0.6783787836769071,21.0,2.0,0.0,0.04695652173913045,0.0,21.0
5320,0.7222222222222222,999.0,1.0,1.0,0.0,0.0,0.0,0.6966736966736967,0.6645491808169293,19.0,1.0,0.0,0.03391053391053389,0.0,19.0
5321,0.7222222222222222,999.0,1.0,1.0,0.0,0.0,0.0,0.6966736966736967,0.6645491808169293,19.0,1.0,0.0,0.03391053391053389,0.0,19.0
5322,0.6753246753246753,999.0,1.0,1.0,0.0,0.0,0.0,0.6600675747017211,0.6290357139031583,16.0,0.0,0.0,0.01678808995882164,0.0,16.0
5323,0.6753246753246753,999.0,1.0,1.0,0.0,0.0,0.0,0.6600675747017211,0.6290357139031583,16.0,0.0,0.0,0.01678808995882164,0.0,16.0
5324,0.65,999.0,1.0,1.0,0.0,0.0,0.0,0.6362745098039215,0.6073221478744298,12.0,0.0,0.0,0.014705882352941235,0.0,12.0
5325,0.65,999.0,1.0,1.0,0.0,0.0,0.0,0.6362745098039215,0.6073221478744298,12.0,0.0,0.0,0.014705882352941235,0.0,12.0
5326,0.65,999.0,1.0,1.0,0.0,0.0,0.0,0.6362745098039215,0.6073221478744298,12.0,0.0,0.0,0.014705882352941235,0.0,12.0
5327,0.65,999.0,1.0,1.0,0.0,0.0,0.0,0.6362745098039215,0.6073221478744298,12.0,0.0,0.0,0.014705882352941235,0.0,12.0
5328,0.65,999.0,1.0,1.0,0.0,0.0,0.0,0.6362745098039215,0.6073221478744298,12.0,0.0,0.0,0.014705882352941235,0.0,12.0
5329,0.65,999.0,1.0,1.0,0.0,0.0,0.0,0.6362745098039215,0.6073221478744298,12.0,0.0,0.0,0.014705882352941235,0.0,12.0
5330,0.7027027027027027,999.0,1.0,0.7741935483870968,0.0,0.0,0.0,0.6786962595506899,0.6481579597856897,17.0,1.0,0.0,0.03181662675333563,0.0,17.0
5331,0.7027027027027027,999.0,1.0,0.7741935483870968,0.0,0.0,0.0,0.6786962595506899,0.6481579597856897,17.0,1.0,0.0,0.03181662675333563,0.0,17.0
5332,0.7027027027027027,999.0,1.0,0.7741935483870968,0.0,0.0,0.0,0.6786962595506899,0.6481579597856897,17.0,1.0,0.0,0.03181662675333563,0.0,17.0
5333,0.7361111111111112,999.0,1.0,0.7666666666666667,0.0,0.0,0.0,0.6954947888492192,0.6610072327175655,20.0,1.0,0.0,0.056623931623931645,0.0,20.0
5334,0.7361111111111112,999.0,1.0,0.7666666666666667,0.0,0.0,0.0,0.6954947888492192,0.6610072327175655,20.0,1.0,0.0,0.056623931623931645,0.0,20.0
5335,0.7464788732394366,999.0,1.0,0.7666666666666667,0.0,0.0,0.0,0.6975442397977609,0.658444118208948,20.0,1.0,0.0,0.06699169375225711,0.0,20.0
5336,0.7464788732394366,999.0,1.0,0.7666666666666667,0.0,0.0,0.0,0.6975442397977609,0.658444118208948,20.0,1.0,0.0,0.06699169375225711,0.0,20.0
5337,0.7941176470588235,999.0,1.0,1.0,0.0,0.0,0.0,0.7178842828997628,0.6808558830230657,22.0,1.0,0.0,0.10990712074303399,0.0,22.0
5338,0.6419753086419753,999.0,1.0,0.7384615384615385,0.0,0.0,0.0,0.6101951829921178,0.5828072888511577,9.0,0.0,0.0,0.04427415921668787,0.0,9.0
5339,0.6419753086419753,999.0,1.0,0.7384615384615385,0.0,0.0,0.0,0.6101951829921178,0.5828072888511577,9.0,0.0,0.0,0.04427415921668787,0.0,9.0
5340,0.6419753086419753,999.0,1.0,0.7384615384615385,0.0,0.0,0.0,0.6101951829921178,0.5828072888511577,9.0,0.0,0.0,0.04427415921668787,0.0,9.0
5341,0.7878787878787878,999.0,1.0,1.0,0.0,0.0,0.0,0.7487373737373737,0.7060716925351072,22.0,3.0,0.0,0.051767676767676685,0.0,22.0
5342,0.7878787878787878,999.0,1.0,1.0,0.0,0.0,0.0,0.7487373737373737,0.7060716925351072,22.0,3.0,0.0,0.051767676767676685,0.0,22.0
5343,0.7536231884057971,999.0,1.0,1.0,0.0,0.0,0.0,0.7103890160183067,0.6738875556067317,21.0,1.0,0.0,0.06028985507246376,0.0,21.0
5344,0.7536231884057971,999.0,1.0,1.0,0.0,0.0,0.0,0.7103890160183067,0.6738875556067317,21.0,1.0,0.0,0.06028985507246376,0.0,21.0
5345,0.7536231884057971,999.0,1.0,1.0,0.0,0.0,0.0,0.7103890160183067,0.6738875556067317,21.0,1.0,0.0,0.06028985507246376,0.0,21.0
5346,0.7222222222222222,999.0,1.0,1.0,0.0,0.0,0.0,0.6895872528783921,0.6602973145397465,21.0,1.0,0.0,0.03391053391053389,0.0,21.0
5347,0.7162162162162162,999.0,1.0,0.6923076923076923,0.0,0.0,0.0,0.6709541858932103,0.6340605904616593,19.0,1.0,0.0,0.05371621621621625,0.0,19.0
5348,0.7162162162162162,999.0,1.0,0.6923076923076923,0.0,0.0,0.0,0.6709541858932103,0.6340605904616593,19.0,1.0,0.0,0.05371621621621625,0.0,19.0
5349,0.7428571428571429,999.0,1.0,0.8571428571428571,0.0,0.0,0.0,0.7007974481658691,0.6652182252671848,21.0,1.0,0.0,0.05864661654135339,0.0,21.0
5350,0.7428571428571429,999.0,1.0,0.8571428571428571,0.0,0.0,0.0,0.7007974481658691,0.6652182252671848,21.0,1.0,0.0,0.05864661654135339,0.0,21.0
5351,0.7428571428571429,999.0,1.0,0.8571428571428571,0.0,0.0,0.0,0.7007974481658691,0.6652182252671848,21.0,1.0,0.0,0.05864661654135339,0.0,21.0
5352,0.44,999.0,1.0,0.45652173913043476,0.0,0.0,0.0,0.3925033575073866,0.3804599976977093,0.0,0.0,0.0,0.07013698630136989,0.0,0.0
5353,0.4642857142857143,999.0,1.0,0.4473684210526316,0.0,0.0,0.0,0.39792524548622116,0.3769369654735509,0.0,0.0,0.0,0.09843205574912894,0.0,0.0
5354,0.38961038961038963,999.0,1.0,0.46774193548387094,0.0,0.0,0.0,0.32786754589080175,0.3094220419458147,0.0,0.0,0.0,0.08728480821504081,0.0,0.0
5355,0.5846153846153846,999.0,1.0,0.6730769230769231,0.0,0.0,0.0,0.46327739559446873,0.4330925428267108,1.0,0.0,0.0,0.18183760683760686,0.0,1.0
5356,0.7704918032786885,999.0,1.0,1.0,0.0,0.0,0.0,0.6764315400600323,0.6379528574998158,12.0,1.0,0.0,0.13668898637728,0.0,12.0
5357,0.7121212121212122,999.0,1.0,1.0,0.0,0.0,0.0,0.657974337974338,0.6110651094265551,11.0,1.0,0.0,0.07698607698607707,0.0,11.0
5358,0.6986301369863014,999.0,1.0,1.0,0.0,0.0,0.0,0.6570606365126913,0.6193654696873049,17.0,0.0,0.0,0.036467974824139215,0.0,17.0
5359,0.6986301369863014,999.0,1.0,1.0,0.0,0.0,0.0,0.6570606365126913,0.6193654696873049,17.0,0.0,0.0,0.036467974824139215,0.0,17.0
5360,0.6986301369863014,999.0,1.0,1.0,0.0,0.0,0.0,0.6570606365126913,0.6193654696873049,17.0,0.0,0.0,0.036467974824139215,0.0,17.0
5361,0.7833333333333333,999.0,1.0,1.0,0.0,0.0,0.0,0.6866644310306281,0.6475721353208859,14.0,1.0,0.0,0.14047619047619042,0.0,14.0
5362,1.0,999.0,1.0,1.0,0.0,0.0,0.0,0.8101055806938161,0.7527300150829562,29.0,2.0,1.0,0.24615384615384617,0.0,29.0
5363,0.5428571428571428,999.0,1.0,0.6481481481481481,0.0,0.0,0.0,0.5110910186859554,0.48384380040076247,2.0,0.0,0.0,0.023869801084990927,0.0,2.0
5364,0.5,999.0,1.0,0.7068965517241379,0.0,0.0,0.0,0.47218782249742003,0.4543886428655406,1.0,0.0,0.0,0.017647058823529405,0.0,1.0
5365,0.4810126582278481,999.0,1.0,0.7068965517241379,0.0,0.0,0.0,0.4548810893747603,0.4377831937365223,0.0,0.0,0.0,0.015103567318757227,0.0,0.0
5366,0.4810126582278481,999.0,1.0,0.7068965517241379,0.0,0.0,0.0,0.4548810893747603,0.4377831937365223,0.0,0.0,0.0,0.015103567318757227,0.0,0.0
5367,0.5135135135135135,999.0,1.0,0.7068965517241379,0.0,0.0,0.0,0.4910809472618352,0.47013974384827667,1.0,0.0,0.0,0.019537609899055675,0.0,1.0
5368,0.7945205479452054,999.0,1.0,1.0,0.0,0.0,0.0,0.6414255485020603,0.5886852544501489,5.0,1.0,0.0,0.18476445038422984,0.0,5.0
5369,0.640625,999.0,1.0,1.0,0.0,0.0,0.0,0.6081448412698413,0.5772917753859534,7.0,0.0,0.0,0.013958333333333295,0.0,7.0
5370,0.9285714285714286,999.0,1.0,1.0,0.0,0.0,0.0,0.7843180482069371,0.7037410120743455,26.0,3.0,1.0,0.21252204585537926,0.0,26.0
5371,0.9285714285714286,999.0,1.0,1.0,0.0,0.0,0.0,0.7843180482069371,0.7037410120743455,26.0,3.0,1.0,0.21252204585537926,0.0,26.0
5372,1.0,999.0,1.0,1.0,0.0,0.0,0.0,0.8363636363636363,0.7198996435616154,10.0,3.0,1.0,0.23333333333333328,0.0,10.0
5373,1.0,999.0,1.0,1.0,0.0,0.0,0.0,0.8363636363636363,0.7198996435616154,10.0,3.0,1.0,0.23333333333333328,0.0,10.0
5374,1.0,999.0,1.0,1.0,0.0,0.0,0.0,0.8363636363636363,0.7198996435616154,10.0,3.0,1.0,0.23333333333333328,0.0,10.0
5375,1.0,999.0,1.0,1.0,0.0,0.0,0.0,0.8363636363636363,0.7198996435616154,10.0,3.0,1.0,0.23333333333333328,0.0,10.0
5376,1.0,999.0,1.0,1.0,0.0,0.0,0.0,0.8363636363636363,0.7198996435616154,10.0,3.0,1.0,0.23333333333333328,0.0,10.0
5377,1.0,999.0,1.0,1.0,0.0,0.0,0.0,0.8363636363636363,0.7198996435616154,10.0,3.0,1.0,0.23333333333333328,0.0,10.0
5378,1.0,999.0,1.0,1.0,0.0,0.0,0.0,0.8308243727598565,0.7614154709245874,14.0,3.0,1.0,0.23333333333333328,0.0,14.0
5379,1.0,999.0,1.0,1.0,0.0,0.0,0.0,0.8308243727598565,0.7614154709245874,14.0,3.0,1.0,0.23333333333333328,0.0,14.0
5380,1.0,999.0,1.0,1.0,0.0,0.0,0.0,0.8308243727598565,0.7614154709245874,14.0,3.0,1.0,0.23333333333333328,0.0,14.0
5381,1.0,999.0,1.0,1.0,0.0,0.0,0.0,0.8308243727598565,0.7614154709245874,14.0,3.0,1.0,0.23333333333333328,0.0,14.0
5382,1.0,999.0,1.0,1.0,0.0,0.0,0.0,0.8308243727598565,0.7614154709245874,14.0,3.0,1.0,0.23333333333333328,0.0,14.0
5383,1.0,999.0,1.0,1.0,0.0,0.0,0.0,0.8308243727598565,0.7614154709245874,14.0,3.0,1.0,0.23333333333333328,0.0,14.0
5384,1.0,999.0,1.0,1.0,0.0,0.0,0.0,0.8308243727598565,0.7614154709245874,14.0,3.0,1.0,0.23333333333333328,0.0,14.0
5385,1.0,999.0,1.0,1.0,0.0,0.0,0.0,0.8308243727598565,0.7614154709245874,14.0,3.0,1.0,0.23333333333333328,0.0,14.0
5386,0.5846153846153846,999.0,1.0,0.6481481481481481,0.0,0.0,0.0,0.5226495726495727,0.4852845396516283,2.0,0.0,0.0,0.08461538461538465,0.0,2.0
5387,0.5846153846153846,999.0,1.0,0.6481481481481481,0.0,0.0,0.0,0.5226495726495727,0.4852845396516283,2.0,0.0,0.0,0.08461538461538465,0.0,2.0
5388,0.5846153846153846,999.0,1.0,0.6481481481481481,0.0,0.0,0.0,0.5226495726495727,0.4852845396516283,2.0,0.0,0.0,0.08461538461538465,0.0,2.0
5389,0.6031746031746031,999.0,1.0,0.6730769230769231,0.0,0.0,0.0,0.515094447297837,0.48474294288850617,1.0,0.0,0.0,0.12859833198816245,0.0,1.0
5390,0.6031746031746031,999.0,1.0,0.6730769230769231,0.0,0.0,0.0,0.515094447297837,0.48474294288850617,1.0,0.0,0.0,0.12859833198816245,0.0,1.0
5391,0.5238095238095238,999.0,1.0,0.5,0.0,0.0,0.0,0.44256854256854256,0.4142534543082488,1.0,0.0,0.0,0.10562770562770568,0.0,1.0
5392,1.0,999.0,1.0,1.0,0.0,0.0,0.0,0.5060041407867495,0.4001000690131125,1.0,1.0,1.0,0.7391304347826086,0.0,1.0
5393,1.0,999.0,1.0,1.0,0.0,0.0,0.0,0.5060041407867495,0.4001000690131125,1.0,1.0,1.0,0.7391304347826086,0.0,1.0
5394,1.0,999.0,1.0,1.0,0.0,0.0,0.0,0.5060041407867495,0.4001000690131125,1.0,1.0,1.0,0.7391304347826086,0.0,1.0
5395,1.0,999.0,1.0,1.0,0.0,0.0,0.0,0.5060041407867495,0.4001000690131125,1.0,1.0,1.0,0.7391304347826086,0.0,1.0
5396,0.48333333333333334,999.0,1.0,0.5,0.0,0.0,0.0,0.47302020990545574,0.4582285591832361,0.0,0.0,0.0,0.007923497267759594,0.0,0.0
5397,0.3902439024390244,999.0,0.0,1.0,0.0,1.0,6.0,0.34138087080823026,0.3274310180286102,0.0,0.0,0.0,0.07156258375770574,0.0,0.0
5398,0.6031746031746031,999.0,1.0,0.6730769230769231,0.0,0.0,0.0,0.515094447297837,0.48474294288850617,1.0,0.0,0.0,0.12859833198816245,0.0,1.0
5399,0.3404255319148936,999.0,1.0,0.34615384615384615,0.0,0.0,0.0,0.33455192415490725,0.33259928636107616,0.0,0.0,0.0,0.007092198581560294,0.0,0.0
5400,0.48,999.0,1.0,0.46153846153846156,0.0,0.0,0.0,0.46979591836734697,0.4460232092837135,0.0,0.0,0.0,0.010612244897959144,0.0,0.0
5401,0.48,999.0,1.0,0.46153846153846156,0.0,0.0,0.0,0.46979591836734697,0.4460232092837135,0.0,0.0,0.0,0.010612244897959144,0.0,0.0
5402,0.48,999.0,1.0,0.46153846153846156,0.0,0.0,0.0,0.46979591836734697,0.4460232092837135,0.0,0.0,0.0,0.010612244897959144,0.0,0.0
5403,0.4339622641509434,999.0,1.0,0.42857142857142855,0.0,0.0,0.0,0.42602333608622917,0.41104976086108164,0.0,0.0,0.0,0.00803633822501748,0.0,0.0
5404,0.4339622641509434,999.0,1.0,0.42857142857142855,0.0,0.0,0.0,0.42602333608622917,0.41104976086108164,0.0,0.0,0.0,0.00803633822501748,0.0,0.0
5405,0.4339622641509434,999.0,1.0,0.42857142857142855,0.0,0.0,0.0,0.42602333608622917,0.41104976086108164,0.0,0.0,0.0,0.00803633822501748,0.0,0.0
5406,0.5434782608695652,999.0,1.0,0.627906976744186,0.0,0.0,0.0,0.5380659546157442,0.5310493185321584,6.0,0.0,0.0,0.0050167224080267525,0.0,6.0
5407,0.5434782608695652,999.0,1.0,0.627906976744186,0.0,0.0,0.0,0.5380659546157442,0.5310493185321584,6.0,0.0,0.0,0.0050167224080267525,0.0,6.0
5408,0.5434782608695652,999.0,1.0,0.627906976744186,0.0,0.0,0.0,0.5380659546157442,0.5310493185321584,6.0,0.0,0.0,0.0050167224080267525,0.0,6.0
5409,0.8409090909090909,999.0,1.0,0.8108108108108109,0.0,0.0,0.0,0.6683100849767515,0.6244276094276093,9.0,1.0,1.0,0.24831649831649838,0.0,9.0
5410,0.8409090909090909,999.0,1.0,0.8108108108108109,0.0,0.0,0.0,0.6683100849767515,0.6244276094276093,9.0,1.0,1.0,0.24831649831649838,0.0,9.0
5411,0.5434782608695652,999.0,1.0,0.627906976744186,0.0,0.0,0.0,0.5380659546157442,0.5310493185321584,6.0,0.0,0.0,0.0050167224080267525,0.0,6.0
5412,0.8409090909090909,999.0,1.0,0.8108108108108109,0.0,0.0,0.0,0.6683100849767515,0.6244276094276093,9.0,1.0,1.0,0.24831649831649838,0.0,9.0
5413,0.8409090909090909,999.0,1.0,0.8108108108108109,0.0,0.0,0.0,0.6683100849767515,0.6244276094276093,9.0,1.0,1.0,0.24831649831649838,0.0,9.0
5414,0.8409090909090909,999.0,1.0,0.8108108108108109,0.0,0.0,0.0,0.6683100849767515,0.6244276094276093,9.0,1.0,1.0,0.24831649831649838,0.0,9.0
5415,0.8409090909090909,999.0,1.0,0.8108108108108109,0.0,0.0,0.0,0.6683100849767515,0.6244276094276093,9.0,1.0,1.0,0.24831649831649838,0.0,9.0
5416,0.5873015873015873,999.0,1.0,0.6341463414634146,0.0,0.0,0.0,0.574122174122174,0.5662987012987013,10.0,0.0,0.0,0.015873015873015928,0.0,10.0
5417,0.5873015873015873,999.0,1.0,0.6341463414634146,0.0,0.0,0.0,0.574122174122174,0.5662987012987013,10.0,0.0,0.0,0.015873015873015928,0.0,10.0
5418,0.5873015873015873,999.0,1.0,0.6341463414634146,0.0,0.0,0.0,0.574122174122174,0.5662987012987013,10.0,0.0,0.0,0.015873015873015928,0.0,10.0
5419,0.5873015873015873,999.0,1.0,0.6341463414634146,0.0,0.0,0.0,0.574122174122174,0.5662987012987013,10.0,0.0,0.0,0.015873015873015928,0.0,10.0
5420,0.9761904761904762,999.0,1.0,0.9714285714285714,0.0,0.0,0.0,0.7137829490770667,0.6524263146554168,9.0,1.0,1.0,0.3879551820728291,0.0,9.0
5421,0.9761904761904762,999.0,1.0,0.9714285714285714,0.0,0.0,0.0,0.7137829490770667,0.6524263146554168,9.0,1.0,1.0,0.3879551820728291,0.0,9.0
5422,0.9761904761904762,999.0,1.0,0.9714285714285714,0.0,0.0,0.0,0.7137829490770667,0.6524263146554168,9.0,1.0,1.0,0.3879551820728291,0.0,9.0
5423,0.9761904761904762,999.0,1.0,0.9714285714285714,0.0,0.0,0.0,0.7137829490770667,0.6524263146554168,9.0,1.0,1.0,0.3879551820728291,0.0,9.0
5424,1.0,999.0,1.0,1.0,0.0,0.0,0.0,0.9442508710801394,0.7979351380326991,6.0,3.0,3.0,0.024390243902439046,0.0,6.0
5425,1.0,999.0,1.0,1.0,0.0,0.0,0.0,0.9442508710801394,0.7979351380326991,6.0,3.0,3.0,0.024390243902439046,0.0,6.0
5426,1.0,999.0,1.0,1.0,0.0,0.0,0.0,0.9442508710801394,0.7979351380326991,6.0,3.0,3.0,0.024390243902439046,0.0,6.0
5427,1.0,999.0,1.0,1.0,0.0,0.0,0.0,0.9442508710801394,0.7979351380326991,6.0,3.0,3.0,0.024390243902439046,0.0,6.0
5428,0.5833333333333334,999.0,1.0,0.625,0.0,0.0,0.0,0.5730926779313875,0.5640576269608528,10.0,0.0,0.0,0.011904761904761973,0.0,10.0
5429,0.5833333333333334,999.0,1.0,0.625,0.0,0.0,0.0,0.5730926779313875,0.5640576269608528,10.0,0.0,0.0,0.011904761904761973,0.0,10.0
5430,0.5833333333333334,999.0,1.0,0.625,0.0,0.0,0.0,0.5730926779313875,0.5640576269608528,10.0,0.0,0.0,0.011904761904761973,0.0,10.0
5431,0.5833333333333334,999.0,1.0,0.625,0.0,0.0,0.0,0.5730926779313875,0.5640576269608528,10.0,0.0,0.0,0.011904761904761973,0.0,10.0
5432,1.0,999.0,1.0,1.0,0.0,0.0,0.0,0.9014778325123153,0.7530079116286013,5.0,3.0,2.0,0.0714285714285714,0.0,5.0
5433,1.0,999.0,1.0,1.0,0.0,0.0,0.0,0.9014778325123153,0.7530079116286013,5.0,3.0,2.0,0.0714285714285714,0.0,5.0
5434,1.0,999.0,1.0,1.0,0.0,0.0,0.0,0.9014778325123153,0.7530079116286013,5.0,3.0,2.0,0.0714285714285714,0.0,5.0
5435,1.0,999.0,1.0,1.0,0.0,0.0,0.0,0.9014778325123153,0.7530079116286013,5.0,3.0,2.0,0.0714285714285714,0.0,5.0
5436,1.0,999.0,1.0,1.0,0.0,0.0,0.0,0.9014778325123153,0.7530079116286013,5.0,3.0,2.0,0.0714285714285714,0.0,5.0
5437,0.52,999.0,1.0,0.5,0.0,0.0,0.0,0.5,0.4669683257918552,2.0,0.0,0.0,0.020000000000000018,0.0,2.0
5438,0.52,999.0,1.0,0.5,0.0,0.0,0.0,0.5,0.4669683257918552,2.0,0.0,0.0,0.020000000000000018,0.0,2.0
5439,0.52,999.0,1.0,0.5,0.0,0.0,0.0,0.5,0.4669683257918552,2.0,0.0,0.0,0.020000000000000018,0.0,2.0
5440,1.0,999.0,1.0,1.0,0.0,0.0,0.0,0.7243589743589745,0.657256894049347,9.0,1.0,1.0,0.40384615384615385,0.0,9.0
5441,1.0,999.0,1.0,1.0,0.0,0.0,0.0,0.7243589743589745,0.657256894049347,9.0,1.0,1.0,0.40384615384615385,0.0,9.0
5442,1.0,999.0,1.0,1.0,0.0,0.0,0.0,0.9503798670465337,0.7575295075295075,3.0,3.0,3.0,0.019230769230769273,0.0,3.0
5443,1.0,999.0,1.0,1.0,0.0,0.0,0.0,0.9503798670465337,0.7575295075295075,3.0,3.0,3.0,0.019230769230769273,0.0,3.0
5444,1.0,999.0,1.0,1.0,0.0,0.0,0.0,0.9503798670465337,0.7575295075295075,3.0,3.0,3.0,0.019230769230769273,0.0,3.0
5445,0.46296296296296297,999.0,1.0,0.46511627906976744,0.0,0.0,0.0,0.4539842873176207,0.43221200096200096,0.0,0.0,0.0,0.008417508417508435,0.0,0.0
5446,0.46296296296296297,999.0,1.0,0.46511627906976744,0.0,0.0,0.0,0.4539842873176207,0.43221200096200096,0.0,0.0,0.0,0.008417508417508435,0.0,0.0
5447,0.46296296296296297,999.0,1.0,0.46511627906976744,0.0,0.0,0.0,0.4539842873176207,0.43221200096200096,0.0,0.0,0.0,0.008417508417508435,0.0,0.0
5448,1.0,999.0,1.0,1.0,0.0,0.0,0.0,0.9558538945331398,0.7591242158801502,3.0,3.0,3.0,0.019230769230769273,0.0,3.0
5449,1.0,999.0,1.0,1.0,0.0,0.0,0.0,0.9558538945331398,0.7591242158801502,3.0,3.0,3.0,0.019230769230769273,0.0,3.0
5450,1.0,999.0,1.0,1.0,0.0,0.0,0.0,0.9558538945331398,0.7591242158801502,3.0,3.0,3.0,0.019230769230769273,0.0,3.0
5451,1.0,999.0,1.0,1.0,0.0,0.0,0.0,0.9558538945331398,0.7591242158801502,3.0,3.0,3.0,0.019230769230769273,0.0,3.0
5452,1.0,999.0,1.0,1.0,0.0,0.0,0.0,0.9558538945331398,0.7591242158801502,3.0,3.0,3.0,0.019230769230769273,0.0,3.0
5453,1.0,999.0,1.0,1.0,0.0,0.0,0.0,0.9190542744001863,0.7239722471797944,3.0,3.0,3.0,0.1132075471698113,0.0,3.0
5454,1.0,999.0,1.0,1.0,0.0,0.0,0.0,0.9190542744001863,0.7239722471797944,3.0,3.0,3.0,0.1132075471698113,0.0,3.0
5455,1.0,999.0,1.0,1.0,0.0,0.0,0.0,0.9190542744001863,0.7239722471797944,3.0,3.0,3.0,0.1132075471698113,0.0,3.0
5456,1.0,999.0,1.0,1.0,0.0,0.0,0.0,0.9190542744001863,0.7239722471797944,3.0,3.0,3.0,0.1132075471698113,0.0,3.0
5457,1.0,999.0,1.0,1.0,0.0,0.0,0.0,0.9190542744001863,0.7239722471797944,3.0,3.0,3.0,0.1132075471698113,0.0,3.0
5458,1.0,999.0,1.0,1.0,0.0,0.0,0.0,0.9190542744001863,0.7239722471797944,3.0,3.0,3.0,0.1132075471698113,0.0,3.0
5459,1.0,999.0,1.0,1.0,0.0,0.0,0.0,0.9190542744001863,0.7239722471797944,3.0,3.0,3.0,0.1132075471698113,0.0,3.0
5460,1.0,999.0,1.0,1.0,0.0,0.0,0.0,0.9190542744001863,0.7239722471797944,3.0,3.0,3.0,0.1132075471698113,0.0,3.0
5461,1.0,999.0,0.0,1.0,0.0,1.0,1.0,0.8598111658456485,0.7180213464696223,4.0,3.0,2.0,0.1964285714285714,1.0,3.0
5462,1.0,999.0,0.0,1.0,0.0,1.0,1.0,0.8598111658456485,0.7180213464696223,4.0,3.0,2.0,0.1964285714285714,1.0,3.0
5463,1.0,999.0,0.0,1.0,0.0,1.0,1.0,0.8598111658456485,0.7180213464696223,4.0,3.0,2.0,0.1964285714285714,1.0,3.0
5464,1.0,999.0,0.0,1.0,0.0,1.0,1.0,0.8981173864894796,0.753257224346518,5.0,3.0,3.0,0.1428571428571429,1.0,4.0
5465,1.0,999.0,0.0,1.0,0.0,1.0,1.0,0.8981173864894796,0.753257224346518,5.0,3.0,3.0,0.1428571428571429,1.0,4.0
5466,1.0,999.0,0.0,1.0,0.0,1.0,1.0,0.8981173864894796,0.753257224346518,5.0,3.0,3.0,0.1428571428571429,1.0,4.0
5467,0.3291139240506329,999.0,1.0,0.27692307692307694,0.0,0.0,0.0,0.29986713586053154,0.2867747416102156,0.0,0.0,0.0,0.04123513617184499,0.0,0.0
5468,1.0,999.0,0.0,1.0,0.0,1.0,1.0,0.9107142857142857,0.7557088744588745,5.0,3.0,3.0,0.0714285714285714,1.0,4.0
5469,1.0,999.0,0.0,1.0,0.0,1.0,1.0,0.9107142857142857,0.7557088744588745,5.0,3.0,3.0,0.0714285714285714,1.0,4.0
5470,0.3424657534246575,999.0,1.0,0.3,0.0,0.0,0.0,0.33197252159040186,0.32132803509876323,0.0,0.0,0.0,0.0048034157623198515,0.0,0.0
5471,0.39436619718309857,999.0,1.0,0.3695652173913043,0.0,0.0,0.0,0.34673317683881066,0.3320996939528525,0.0,0.0,0.0,0.06103286384976525,0.0,0.0
5472,0.39436619718309857,999.0,1.0,0.3695652173913043,0.0,0.0,0.0,0.34673317683881066,0.3320996939528525,0.0,0.0,0.0,0.06103286384976525,0.0,0.0
5473,0.38666666666666666,999.0,1.0,0.5,0.0,0.0,0.0,0.35638443256090313,0.34080035650623886,0.0,0.0,0.0,0.0337254901960784,0.0,0.0
5474,0.38666666666666666,999.0,1.0,0.5,0.0,0.0,0.0,0.35638443256090313,0.34080035650623886,0.0,0.0,0.0,0.0337254901960784,0.0,0.0
5475,0.40963855421686746,999.0,1.0,0.3728813559322034,0.0,0.0,0.0,0.34484111561453185,0.31933668180073155,0.0,0.0,0.0,0.08582903040734363,0.0,0.0
5476,0.5871559633027523,999.0,1.0,0.4375,0.0,0.0,0.0,0.5453045757593026,0.5237344695935126,4.0,0.0,0.0,0.05144167758846663,0.0,4.0
5477,0.5871559633027523,999.0,1.0,0.4375,0.0,0.0,0.0,0.5453045757593026,0.5237344695935126,4.0,0.0,0.0,0.05144167758846663,0.0,4.0
5478,0.5163934426229508,999.0,1.0,0.4375,0.0,0.0,0.0,0.4973544973544974,0.48786566968385153,1.0,0.0,0.0,0.0243299505594588,0.0,1.0
5479,0.5163934426229508,999.0,1.0,0.4375,0.0,0.0,0.0,0.4973544973544974,0.48786566968385153,1.0,0.0,0.0,0.0243299505594588,0.0,1.0
5480,0.64,999.0,1.0,0.7647058823529411,0.0,0.0,0.0,0.5869701280227596,0.5441360998021615,4.0,0.0,0.0,0.045405405405405386,0.0,4.0
5481,0.3582089552238806,999.0,1.0,0.44,0.0,0.0,0.0,0.3280294197284588,0.31954897649387687,0.0,0.0,0.0,0.04314046207319566,0.0,0.0
5482,0.4819277108433735,999.0,1.0,0.5396825396825397,0.0,0.0,0.0,0.4480143338375486,0.4242675495013864,0.0,0.0,0.0,0.04372546365236224,0.0,0.0
5483,0.46987951807228917,999.0,1.0,0.5384615384615384,0.0,0.0,0.0,0.4470967515505217,0.42747174782314745,0.0,0.0,0.0,0.02543507362784475,0.0,0.0
5484,0.34,999.0,1.0,0.3076923076923077,0.0,0.0,0.0,0.31642611683848804,0.30607050386268364,0.0,0.0,0.0,0.030721649484536095,0.0,0.0
5485,0.4473684210526316,999.0,1.0,0.3728813559322034,0.0,0.0,0.0,0.34703947368421056,0.3169615482881962,0.0,0.0,0.0,0.14528508771929827,0.0,0.0
5486,0.4358974358974359,999.0,1.0,0.5263157894736842,0.0,0.0,0.0,0.42867675638421066,0.388791181032092,0.0,0.0,0.0,0.005517689061992848,0.0,0.0
5487,0.4177215189873418,999.0,1.0,0.4745762711864407,0.0,0.0,0.0,0.41088684779252854,0.37065691841676524,0.0,0.0,0.0,0.0052215189873418,0.0,0.0
5488,0.6385542168674698,999.0,1.0,0.7017543859649122,0.0,0.0,0.0,0.6015269870691556,0.5576944140197152,4.0,0.0,0.0,0.0,0.0,4.0
5489,0.8714285714285714,999.0,0.0,1.0,0.0,1.0,3.0,0.7439804639804639,0.6665508800142946,4.0,2.0,1.0,0.16476190476190478,3.0,1.0
5490,0.6229508196721312,999.0,1.0,0.6363636363636364,0.0,0.0,0.0,0.6162524237616781,0.6098440945040475,27.0,0.0,0.0,0.01004759386567955,0.0,27.0
5491,0.48148148148148145,999.0,1.0,0.47540983606557374,0.0,0.0,0.0,0.42216900205177765,0.39683922136209693,0.0,0.0,0.0,0.07450473729543494,0.0,0.0
5492,0.48148148148148145,999.0,1.0,0.47540983606557374,0.0,0.0,0.0,0.42216900205177765,0.39683922136209693,0.0,0.0,0.0,0.07450473729543494,0.0,0.0
5493,0.48148148148148145,999.0,1.0,0.47540983606557374,0.0,0.0,0.0,0.42216900205177765,0.39683922136209693,0.0,0.0,0.0,0.07450473729543494,0.0,0.0
5494,0.48148148148148145,999.0,1.0,0.47540983606557374,0.0,0.0,0.0,0.42216900205177765,0.39683922136209693,0.0,0.0,0.0,0.07450473729543494,0.0,0.0
5495,0.48148148148148145,999.0,1.0,0.47540983606557374,0.0,0.0,0.0,0.42216900205177765,0.39683922136209693,0.0,0.0,0.0,0.07450473729543494,0.0,0.0
5496,0.3977272727272727,999.0,1.0,0.47540983606557374,0.0,0.0,0.0,0.38208295252943386,0.35990933181079826,0.0,0.0,0.0,0.004468845760980555,0.0,0.0
5497,0.3977272727272727,999.0,1.0,0.47540983606557374,0.0,0.0,0.0,0.38208295252943386,0.35990933181079826,0.0,0.0,0.0,0.004468845760980555,0.0,0.0
5498,0.3977272727272727,999.0,1.0,0.47540983606557374,0.0,0.0,0.0,0.38208295252943386,0.35990933181079826,0.0,0.0,0.0,0.004468845760980555,0.0,0.0
5499,0.3977272727272727,999.0,1.0,0.47540983606557374,0.0,0.0,0.0,0.38208295252943386,0.35990933181079826,0.0,0.0,0.0,0.004468845760980555,0.0,0.0
5500,0.3977272727272727,999.0,1.0,0.47540983606557374,0.0,0.0,0.0,0.38208295252943386,0.35990933181079826,0.0,0.0,0.0,0.004468845760980555,0.0,0.0
5501,1.0,999.0,1.0,1.0,0.0,0.0,0.0,0.9014550264550265,0.8789011848871005,16.0,14.0,7.0,0.1428571428571429,0.0,16.0
5502,1.0,999.0,1.0,1.0,0.0,0.0,0.0,0.9014550264550265,0.8789011848871005,16.0,14.0,7.0,0.1428571428571429,0.0,16.0
5503,0.35802469135802467,999.0,1.0,0.39344262295081966,0.0,0.0,0.0,0.35230710772716184,0.3241325492155676,0.0,0.0,0.0,0.004366154772658837,0.0,0.0
5504,0.5897435897435898,999.0,0.0,1.0,0.0,1.0,1.0,0.5401543158566932,0.5140925895140159,4.0,0.0,0.0,0.06535334584115071,1.0,3.0
5505,0.6470588235294118,999.0,0.0,1.0,0.0,1.0,1.0,0.5668258756494051,0.5413609266550443,4.0,0.0,0.0,0.11928104575163401,1.0,3.0
5506,0.6470588235294118,999.0,0.0,1.0,0.0,1.0,1.0,0.5668258756494051,0.5413609266550443,4.0,0.0,0.0,0.11928104575163401,1.0,3.0
5507,0.6470588235294118,999.0,0.0,1.0,0.0,1.0,1.0,0.5668258756494051,0.5413609266550443,4.0,0.0,0.0,0.11928104575163401,1.0,3.0
5508,0.6470588235294118,999.0,0.0,1.0,0.0,1.0,1.0,0.5668258756494051,0.5413609266550443,4.0,0.0,0.0,0.11928104575163401,1.0,3.0
5509,0.6197183098591549,999.0,0.0,1.0,0.0,1.0,1.0,0.5321597948864819,0.49360712041662475,2.0,0.0,0.0,0.11354547035298201,1.0,1.0
5510,0.6285714285714286,999.0,0.0,1.0,0.0,1.0,1.0,0.551528314028314,0.5282142857142857,4.0,0.0,0.0,0.11505791505791507,1.0,3.0
5511,0.6285714285714286,999.0,0.0,1.0,0.0,1.0,1.0,0.551528314028314,0.5282142857142857,4.0,0.0,0.0,0.11505791505791507,1.0,3.0
5512,0.6285714285714286,999.0,0.0,1.0,0.0,1.0,1.0,0.551528314028314,0.5282142857142857,4.0,0.0,0.0,0.11505791505791507,1.0,3.0
5513,0.6285714285714286,999.0,0.0,1.0,0.0,1.0,1.0,0.551528314028314,0.5282142857142857,4.0,0.0,0.0,0.11505791505791507,1.0,3.0
5514,0.6197183098591549,999.0,0.0,1.0,0.0,1.0,1.0,0.5321597948864819,0.49360712041662475,2.0,0.0,0.0,0.11354547035298201,1.0,1.0
5515,0.671875,999.0,0.0,1.0,0.0,1.0,1.0,0.6002276715736387,0.5723588251664053,11.0,0.0,0.0,0.10471082089552242,1.0,10.0
5516,0.671875,999.0,0.0,1.0,0.0,1.0,1.0,0.6002276715736387,0.5723588251664053,11.0,0.0,0.0,0.10471082089552242,1.0,10.0
5517,0.6417910447761194,999.0,0.0,1.0,0.0,1.0,1.0,0.5630670789743846,0.5252545273362241,3.0,0.0,0.0,0.10231736056559304,1.0,2.0
5518,0.8676470588235294,999.0,0.0,1.0,0.0,1.0,2.0,0.7154977375565611,0.62263197586727,4.0,1.0,1.0,0.21380090497737558,2.0,2.0
5519,0.5,999.0,1.0,0.5535714285714286,0.0,0.0,0.0,0.4500442777517321,0.41423211093771944,1.0,0.0,0.0,0.06962025316455694,0.0,1.0
5520,0.47761194029850745,999.0,1.0,0.4838709677419355,0.0,0.0,0.0,0.4449587639407498,0.41118080265113005,0.0,0.0,0.0,0.0438770005394713,0.0,0.0
5521,0.47058823529411764,999.0,1.0,0.5666666666666667,0.0,0.0,0.0,0.4621279406071372,0.4215920098423185,0.0,0.0,0.0,0.007173601147776154,0.0,0.0
5522,0.45054945054945056,999.0,1.0,0.4666666666666667,0.0,0.0,0.0,0.4230796772150156,0.4009912771193874,0.0,0.0,0.0,0.040023134759976875,0.0,0.0
5523,0.48,999.0,1.0,0.5714285714285714,0.0,0.0,0.0,0.4737556474094011,0.46324047881306873,0.0,0.0,0.0,0.004752475247524757,0.0,0.0
5524,0.5591397849462365,999.0,1.0,0.7090909090909091,0.0,0.0,0.0,0.5513326469915351,0.5323147397100725,4.0,0.0,0.0,0.005948295584534358,0.0,4.0
5525,0.5633802816901409,999.0,1.0,0.7027027027027027,0.0,0.0,0.0,0.5355868544600939,0.5026694283347142,2.0,0.0,0.0,0.0,0.0,2.0
5526,0.45714285714285713,999.0,1.0,0.40476190476190477,0.0,0.0,0.0,0.41296275936879295,0.37956060135770986,0.0,0.0,0.0,0.04618395303326811,0.0,0.0
5527,0.5131578947368421,999.0,1.0,0.5740740740740741,0.0,0.0,0.0,0.5027478334390193,0.49189260250243594,2.0,0.0,0.0,0.0,0.0,2.0
5528,0.6666666666666666,999.0,1.0,0.72,0.0,0.0,0.0,0.6060180306755649,0.5841598895873215,7.0,0.0,0.0,0.07692307692307687,0.0,7.0
5529,0.3076923076923077,999.0,1.0,0.3064516129032258,0.0,0.0,0.0,0.30221558376898183,0.293625190014856,0.0,0.0,0.0,0.0,0.0,0.0
5530,0.46511627906976744,999.0,1.0,0.5333333333333333,0.0,0.0,0.0,0.46225143242332317,0.458765097389971,0.0,0.0,0.0,0.0,0.0,0.0
5531,0.6410256410256411,999.0,1.0,0.6226415094339622,0.0,0.0,0.0,0.5684434846199552,0.5410931360728521,4.0,0.0,0.0,0.08808446455505281,0.0,4.0
5532,0.44086021505376344,999.0,1.0,0.42391304347826086,0.0,0.0,0.0,0.4241109080022622,0.41565466361323844,0.0,0.0,0.0,0.015328300160146413,0.0,0.0
5533,0.3977272727272727,999.0,1.0,0.47692307692307695,0.0,0.0,0.0,0.38720538720538716,0.3812099220807781,0.0,0.0,0.0,0.008838383838383812,0.0,0.0
5534,0.4810126582278481,999.0,0.0,1.0,0.0,1.0,3.0,0.46679414835583816,0.46040491870902117,0.0,0.0,0.0,0.019474196689386547,0.0,0.0
5535,0.7752808988764045,999.0,1.0,1.0,0.0,0.0,0.0,0.7231618371772127,0.676477747467618,7.0,2.0,0.0,0.0337078651685393,0.0,7.0
5536,0.7752808988764045,999.0,1.0,1.0,0.0,0.0,0.0,0.7231618371772127,0.676477747467618,7.0,2.0,0.0,0.0337078651685393,0.0,7.0
5537,0.7777777777777778,999.0,1.0,1.0,0.0,0.0,0.0,0.7532351628737172,0.7013792999714213,7.0,3.0,0.0,0.018741633199464536,0.0,7.0
5538,0.6666666666666666,999.0,0.0,1.0,0.0,1.0,36.0,0.6055720899470899,0.5703880036359544,6.0,0.0,0.0,0.06349206349206349,4.0,2.0
5539,0.8125,999.0,0.0,1.0,0.0,1.0,3.0,0.6629901960784315,0.6152355590885004,8.0,1.0,1.0,0.22426470588235292,1.0,7.0
5540,0.8125,999.0,0.0,1.0,0.0,1.0,3.0,0.6629901960784315,0.6152355590885004,8.0,1.0,1.0,0.22426470588235292,1.0,7.0
5541,0.8125,999.0,0.0,1.0,0.0,1.0,3.0,0.6629901960784315,0.6152355590885004,8.0,1.0,1.0,0.22426470588235292,1.0,7.0
5542,0.8125,999.0,0.0,1.0,0.0,1.0,3.0,0.6629901960784315,0.6152355590885004,8.0,1.0,1.0,0.22426470588235292,1.0,7.0
5543,0.746268656716418,999.0,0.0,1.0,0.0,1.0,3.0,0.6895955007570841,0.6460338474366798,9.0,1.0,0.0,0.050616482803374496,1.0,8.0
5544,0.746268656716418,999.0,0.0,1.0,0.0,1.0,3.0,0.6895955007570841,0.6460338474366798,9.0,1.0,0.0,0.050616482803374496,1.0,8.0
5545,0.746268656716418,999.0,0.0,1.0,0.0,1.0,3.0,0.6895955007570841,0.6460338474366798,9.0,1.0,0.0,0.050616482803374496,1.0,8.0
5546,0.8461538461538461,999.0,0.0,1.0,0.0,1.0,3.0,0.7043095793095793,0.6448079698079697,7.0,2.0,1.0,0.13782051282051277,1.0,6.0
5547,0.8461538461538461,999.0,0.0,1.0,0.0,1.0,3.0,0.7043095793095793,0.6448079698079697,7.0,2.0,1.0,0.13782051282051277,1.0,6.0
5548,0.8461538461538461,999.0,0.0,1.0,0.0,1.0,3.0,0.7043095793095793,0.6448079698079697,7.0,2.0,1.0,0.13782051282051277,1.0,6.0
5549,0.7058823529411765,999.0,0.0,1.0,0.0,1.0,3.0,0.6274509803921569,0.6012453630100689,8.0,1.0,0.0,0.11764705882352944,1.0,7.0
5550,0.7058823529411765,999.0,0.0,1.0,0.0,1.0,3.0,0.6274509803921569,0.6012453630100689,8.0,1.0,0.0,0.11764705882352944,1.0,7.0
5551,0.7058823529411765,999.0,0.0,1.0,0.0,1.0,3.0,0.6274509803921569,0.6012453630100689,8.0,1.0,0.0,0.11764705882352944,1.0,7.0
5552,0.7058823529411765,999.0,0.0,1.0,0.0,1.0,3.0,0.6274509803921569,0.6012453630100689,8.0,1.0,0.0,0.11764705882352944,1.0,7.0
5553,0.7164179104477612,999.0,0.0,1.0,0.0,1.0,3.0,0.6916200248756219,0.6620715820249402,8.0,1.0,0.0,0.02985074626865669,1.0,7.0
5554,0.7164179104477612,999.0,0.0,1.0,0.0,1.0,3.0,0.6916200248756219,0.6620715820249402,8.0,1.0,0.0,0.02985074626865669,1.0,7.0
5555,0.7164179104477612,999.0,0.0,1.0,0.0,1.0,3.0,0.6916200248756219,0.6620715820249402,8.0,1.0,0.0,0.02985074626865669,1.0,7.0
5556,0.8360655737704918,999.0,0.0,1.0,0.0,1.0,3.0,0.6953551912568307,0.6612952403579632,8.0,1.0,1.0,0.21106557377049184,1.0,7.0
5557,0.8360655737704918,999.0,0.0,1.0,0.0,1.0,3.0,0.6953551912568307,0.6612952403579632,8.0,1.0,1.0,0.21106557377049184,1.0,7.0
5558,0.8360655737704918,999.0,0.0,1.0,0.0,1.0,3.0,0.6953551912568307,0.6612952403579632,8.0,1.0,1.0,0.21106557377049184,1.0,7.0
5559,0.8360655737704918,999.0,0.0,1.0,0.0,1.0,3.0,0.6953551912568307,0.6612952403579632,8.0,1.0,1.0,0.21106557377049184,1.0,7.0
5560,0.5384615384615384,999.0,1.0,0.6379310344827587,0.0,0.0,0.0,0.5277507302823758,0.49194805721704454,3.0,0.0,0.0,0.0,0.0,3.0
5561,0.5915492957746479,999.0,0.0,1.0,0.0,1.0,1.0,0.5848423876592891,0.5711074527975936,9.0,0.0,0.0,0.0,1.0,8.0
5562,0.5915492957746479,999.0,0.0,1.0,0.0,1.0,1.0,0.5848423876592891,0.5711074527975936,9.0,0.0,0.0,0.0,1.0,8.0
5563,0.5915492957746479,999.0,0.0,1.0,0.0,1.0,1.0,0.5848423876592891,0.5711074527975936,9.0,0.0,0.0,0.0,1.0,8.0
5564,0.5915492957746479,999.0,0.0,1.0,0.0,1.0,1.0,0.5848423876592891,0.5711074527975936,9.0,0.0,0.0,0.0,1.0,8.0
5565,0.5915492957746479,999.0,0.0,1.0,0.0,1.0,1.0,0.5848423876592891,0.5711074527975936,9.0,0.0,0.0,0.0,1.0,8.0
5566,0.5915492957746479,999.0,0.0,1.0,0.0,1.0,1.0,0.5848423876592891,0.5711074527975936,9.0,0.0,0.0,0.0,1.0,8.0
5567,0.5142857142857142,999.0,0.0,1.0,0.0,1.0,1.0,0.5024815560026827,0.4668298426925187,2.0,0.0,0.0,0.0,0.0,2.0
5568,0.5915492957746479,999.0,0.0,1.0,0.0,1.0,1.0,0.5848423876592891,0.5711074527975936,9.0,0.0,0.0,0.0,1.0,8.0
5569,0.5915492957746479,999.0,0.0,1.0,0.0,1.0,1.0,0.5848423876592891,0.5711074527975936,9.0,0.0,0.0,0.0,1.0,8.0
5570,0.5915492957746479,999.0,0.0,1.0,0.0,1.0,1.0,0.5848423876592891,0.5711074527975936,9.0,0.0,0.0,0.0,1.0,8.0
5571,0.5915492957746479,999.0,0.0,1.0,0.0,1.0,1.0,0.5848423876592891,0.5711074527975936,9.0,0.0,0.0,0.0,1.0,8.0
5572,0.582089552238806,999.0,0.0,1.0,0.0,1.0,1.0,0.5366885426235598,0.5233829885878345,5.0,0.0,0.0,0.06096279167542573,0.0,5.0
5573,0.3,999.0,1.0,0.4745762711864407,0.0,0.0,0.0,0.2973133848133848,0.29300215239870414,0.0,0.0,0.0,0.002702702702702675,0.0,0.0
5574,0.5925925925925926,999.0,1.0,0.6756756756756757,0.0,0.0,0.0,0.4754908766936259,0.439451829386962,1.0,0.0,0.0,0.16077441077441074,0.0,1.0
5575,0.7391304347826086,999.0,1.0,0.5384615384615384,0.0,0.0,0.0,0.5951511446872094,0.5373710308709431,3.0,1.0,0.0,0.19965675057208232,0.0,3.0
5576,0.7391304347826086,999.0,1.0,0.5384615384615384,0.0,0.0,0.0,0.5951511446872094,0.5373710308709431,3.0,1.0,0.0,0.19965675057208232,0.0,3.0
5577,0.7391304347826086,999.0,1.0,0.5384615384615384,0.0,0.0,0.0,0.5951511446872094,0.5373710308709431,3.0,1.0,0.0,0.19965675057208232,0.0,3.0
5578,0.8208955223880597,999.0,1.0,0.6756756756756757,0.0,0.0,0.0,0.6688228064095209,0.6070280902843443,4.0,1.0,1.0,0.21278741427995163,0.0,4.0
5579,0.8208955223880597,999.0,1.0,0.6756756756756757,0.0,0.0,0.0,0.6688228064095209,0.6070280902843443,4.0,1.0,1.0,0.21278741427995163,0.0,4.0
5580,0.7941176470588235,999.0,1.0,0.6153846153846154,0.0,0.0,0.0,0.645446623093682,0.5852418300653596,4.0,1.0,0.0,0.20745098039215681,0.0,4.0
5581,0.7941176470588235,999.0,1.0,0.6153846153846154,0.0,0.0,0.0,0.645446623093682,0.5852418300653596,4.0,1.0,0.0,0.20745098039215681,0.0,4.0
5582,0.7941176470588235,999.0,1.0,0.6153846153846154,0.0,0.0,0.0,0.645446623093682,0.5852418300653596,4.0,1.0,0.0,0.20745098039215681,0.0,4.0
5583,0.7941176470588235,999.0,1.0,0.6153846153846154,0.0,0.0,0.0,0.645446623093682,0.5852418300653596,4.0,1.0,0.0,0.20745098039215681,0.0,4.0
5584,1.0,999.0,0.0,1.0,0.0,1.0,7.0,0.8189033189033189,0.7237934904601572,5.0,3.0,1.0,0.25757575757575757,4.0,1.0
5585,1.0,999.0,0.0,1.0,0.0,1.0,7.0,0.8189033189033189,0.7237934904601572,5.0,3.0,1.0,0.25757575757575757,4.0,1.0
5586,1.0,999.0,0.0,1.0,0.0,1.0,7.0,0.8189033189033189,0.7237934904601572,5.0,3.0,1.0,0.25757575757575757,4.0,1.0
5587,1.0,999.0,0.0,1.0,0.0,1.0,7.0,0.8189033189033189,0.7237934904601572,5.0,3.0,1.0,0.25757575757575757,4.0,1.0
5588,0.5797101449275363,999.0,0.0,1.0,0.0,1.0,7.0,0.4993227857677985,0.4603592216999136,2.0,0.0,0.0,0.07321663843402981,1.0,1.0
5589,0.5797101449275363,999.0,0.0,1.0,0.0,1.0,7.0,0.4993227857677985,0.4603592216999136,2.0,0.0,0.0,0.07321663843402981,1.0,1.0
5590,0.5797101449275363,999.0,0.0,1.0,0.0,1.0,7.0,0.4993227857677985,0.4603592216999136,2.0,0.0,0.0,0.07321663843402981,1.0,1.0
5591,0.5797101449275363,999.0,0.0,1.0,0.0,1.0,7.0,0.4993227857677985,0.4603592216999136,2.0,0.0,0.0,0.07321663843402981,1.0,1.0
5592,0.7323943661971831,999.0,1.0,1.0,0.0,0.0,0.0,0.6459436954465952,0.5296354313991756,2.0,2.0,0.0,0.011806130903065482,0.0,2.0
5593,0.5964912280701754,999.0,0.0,1.0,0.0,1.0,6.0,0.5329341587147117,0.4766318402580668,2.0,0.0,0.0,0.0032708890871245844,2.0,0.0
5594,0.4520547945205479,999.0,1.0,0.6222222222222222,0.0,0.0,0.0,0.405949854377406,0.35924935513515444,0.0,0.0,0.0,0.057688597337449354,0.0,0.0
5595,0.4647887323943662,999.0,1.0,0.6511627906976745,0.0,0.0,0.0,0.4176462583400374,0.36418531597963216,0.0,0.0,0.0,0.0589916309450908,0.0,0.0
5596,0.6984126984126984,999.0,0.0,1.0,0.0,1.0,1.0,0.49102019524554735,0.41421245728338285,1.0,0.0,0.0,0.28996199418734625,1.0,0.0
5597,0.6024096385542169,999.0,0.0,1.0,0.0,1.0,21.0,0.5893404843000695,0.5803813110279482,11.0,0.0,0.0,0.01907630522088355,8.0,3.0
5598,0.44565217391304346,999.0,1.0,0.5285714285714286,0.0,0.0,0.0,0.42268664163074104,0.41361198497844465,0.0,0.0,0.0,0.02728482697426793,0.0,0.0
5599,0.7142857142857143,999.0,0.0,1.0,0.0,1.0,42.0,0.6611008039579468,0.6422291098257485,14.0,1.0,0.0,0.07792207792207795,14.0,0.0
5600,0.4246575342465753,999.0,1.0,0.32075471698113206,0.0,0.0,0.0,0.4022915112849598,0.38872904516989043,0.0,0.0,0.0,0.01925212884116989,0.0,0.0
5601,0.4536082474226804,999.0,1.0,0.5645161290322581,0.0,0.0,0.0,0.41747012565671726,0.39663869105559646,0.0,0.0,0.0,0.03524090048390488,0.0,0.0
5602,0.660377358490566,999.0,1.0,0.7142857142857143,0.0,0.0,0.0,0.6261992324912057,0.5894724532476372,8.0,0.0,0.0,0.035377358490566,0.0,8.0
5603,0.7710843373493976,999.0,0.0,1.0,0.0,1.0,176.0,0.6417546346376216,0.6034912711311756,8.0,1.0,0.0,0.18161065313887137,6.0,2.0
5604,0.7710843373493976,999.0,0.0,1.0,0.0,1.0,176.0,0.6417546346376216,0.6034912711311756,8.0,1.0,0.0,0.18161065313887137,6.0,2.0
5605,0.7710843373493976,999.0,0.0,1.0,0.0,1.0,176.0,0.6417546346376216,0.6034912711311756,8.0,1.0,0.0,0.18161065313887137,6.0,2.0
5606,0.7710843373493976,999.0,0.0,1.0,0.0,1.0,176.0,0.6417546346376216,0.6034912711311756,8.0,1.0,0.0,0.18161065313887137,6.0,2.0
5607,0.7613636363636364,999.0,0.0,1.0,0.0,1.0,4.0,0.6300543877569306,0.5864249746420944,5.0,1.0,0.0,0.1718899521531101,1.0,4.0
5608,0.7613636363636364,999.0,0.0,1.0,0.0,1.0,4.0,0.6300543877569306,0.5864249746420944,5.0,1.0,0.0,0.1718899521531101,1.0,4.0
5609,0.7613636363636364,999.0,0.0,1.0,0.0,1.0,4.0,0.6300543877569306,0.5864249746420944,5.0,1.0,0.0,0.1718899521531101,1.0,4.0
5610,0.5869565217391305,999.0,1.0,0.5970149253731343,0.0,0.0,0.0,0.5299845082453779,0.4976950060224955,2.0,0.0,0.0,0.06747600225861106,0.0,2.0
5611,0.5869565217391305,999.0,1.0,0.5970149253731343,0.0,0.0,0.0,0.5299845082453779,0.4976950060224955,2.0,0.0,0.0,0.06747600225861106,0.0,2.0
5612,0.5869565217391305,999.0,1.0,0.5970149253731343,0.0,0.0,0.0,0.5299845082453779,0.4976950060224955,2.0,0.0,0.0,0.06747600225861106,0.0,2.0
5613,0.5974025974025974,999.0,1.0,0.5319148936170213,0.0,0.0,0.0,0.554397357028936,0.5273724473075591,3.0,0.0,0.0,0.03161312371838687,0.0,3.0
5614,0.5974025974025974,999.0,1.0,0.5319148936170213,0.0,0.0,0.0,0.554397357028936,0.5273724473075591,3.0,0.0,0.0,0.03161312371838687,0.0,3.0
5615,0.5974025974025974,999.0,1.0,0.5319148936170213,0.0,0.0,0.0,0.554397357028936,0.5273724473075591,3.0,0.0,0.0,0.03161312371838687,0.0,3.0
5616,0.5698924731182796,999.0,1.0,0.5606060606060606,0.0,0.0,0.0,0.4869981549702977,0.45350052001597085,1.0,0.0,0.0,0.10597494734508373,0.0,1.0
5617,0.5698924731182796,999.0,1.0,0.5606060606060606,0.0,0.0,0.0,0.4869981549702977,0.45350052001597085,1.0,0.0,0.0,0.10597494734508373,0.0,1.0
5618,0.5698924731182796,999.0,1.0,0.5606060606060606,0.0,0.0,0.0,0.4869981549702977,0.45350052001597085,1.0,0.0,0.0,0.10597494734508373,0.0,1.0
5619,0.5070422535211268,999.0,1.0,0.5227272727272727,0.0,0.0,0.0,0.4977777777777778,0.4764272844272844,1.0,0.0,0.0,0.013708920187793405,0.0,1.0
5620,0.5070422535211268,999.0,1.0,0.5227272727272727,0.0,0.0,0.0,0.4977777777777778,0.4764272844272844,1.0,0.0,0.0,0.013708920187793405,0.0,1.0
5621,0.5070422535211268,999.0,1.0,0.5227272727272727,0.0,0.0,0.0,0.4977777777777778,0.4764272844272844,1.0,0.0,0.0,0.013708920187793405,0.0,1.0
5622,0.6086956521739131,999.0,1.0,0.7027027027027027,0.0,0.0,0.0,0.6039237278692178,0.5895829579801026,13.0,0.0,0.0,0.0026350461133070047,0.0,13.0
5623,0.6086956521739131,999.0,1.0,0.7027027027027027,0.0,0.0,0.0,0.6039237278692178,0.5895829579801026,13.0,0.0,0.0,0.0026350461133070047,0.0,13.0
5624,0.6086956521739131,999.0,1.0,0.7027027027027027,0.0,0.0,0.0,0.6039237278692178,0.5895829579801026,13.0,0.0,0.0,0.0026350461133070047,0.0,13.0
5625,0.6086956521739131,999.0,1.0,0.7027027027027027,0.0,0.0,0.0,0.6039237278692178,0.5895829579801026,13.0,0.0,0.0,0.0026350461133070047,0.0,13.0
5626,0.40860215053763443,999.0,1.0,0.40789473684210525,0.0,0.0,0.0,0.3874801781253394,0.37902276034055016,0.0,0.0,0.0,0.024763766699250622,0.0,0.0
5627,0.4019607843137255,999.0,1.0,0.3523809523809524,0.0,0.0,0.0,0.39439886894478926,0.38410789085379166,0.0,0.0,0.0,0.0039025318865410497,0.0,0.0
5628,0.4019607843137255,999.0,1.0,0.3523809523809524,0.0,0.0,0.0,0.39439886894478926,0.38410789085379166,0.0,0.0,0.0,0.0039025318865410497,0.0,0.0
5629,0.4019607843137255,999.0,1.0,0.3523809523809524,0.0,0.0,0.0,0.39439886894478926,0.38410789085379166,0.0,0.0,0.0,0.0039025318865410497,0.0,0.0
5630,0.4019607843137255,999.0,1.0,0.3523809523809524,0.0,0.0,0.0,0.39439886894478926,0.38410789085379166,0.0,0.0,0.0,0.0039025318865410497,0.0,0.0
5631,0.44680851063829785,999.0,1.0,0.3523809523809524,0.0,0.0,0.0,0.43297125793206415,0.4229708735711196,0.0,0.0,0.0,0.004703247480403128,0.0,0.0
5632,0.44680851063829785,999.0,1.0,0.3523809523809524,0.0,0.0,0.0,0.43297125793206415,0.4229708735711196,0.0,0.0,0.0,0.004703247480403128,0.0,0.0
5633,0.44680851063829785,999.0,1.0,0.3523809523809524,0.0,0.0,0.0,0.43297125793206415,0.4229708735711196,0.0,0.0,0.0,0.004703247480403128,0.0,0.0
5634,0.44680851063829785,999.0,1.0,0.3523809523809524,0.0,0.0,0.0,0.43297125793206415,0.4229708735711196,0.0,0.0,0.0,0.004703247480403128,0.0,0.0
5635,0.45161290322580644,999.0,1.0,0.3557692307692308,0.0,0.0,0.0,0.4375209426685061,0.4273408484293865,0.0,0.0,0.0,0.004804392587508588,0.0,0.0
5636,0.45161290322580644,999.0,1.0,0.3557692307692308,0.0,0.0,0.0,0.4375209426685061,0.4273408484293865,0.0,0.0,0.0,0.004804392587508588,0.0,0.0
5637,0.45161290322580644,999.0,1.0,0.3557692307692308,0.0,0.0,0.0,0.4375209426685061,0.4273408484293865,0.0,0.0,0.0,0.004804392587508588,0.0,0.0
5638,0.45652173913043476,999.0,1.0,0.3592233009708738,0.0,0.0,0.0,0.44216732976500556,0.43180215007504136,0.0,0.0,0.0,0.004908835904628317,0.0,0.0
5639,0.45652173913043476,999.0,1.0,0.3592233009708738,0.0,0.0,0.0,0.44216732976500556,0.43180215007504136,0.0,0.0,0.0,0.004908835904628317,0.0,0.0
5640,0.45652173913043476,999.0,1.0,0.3592233009708738,0.0,0.0,0.0,0.44216732976500556,0.43180215007504136,0.0,0.0,0.0,0.004908835904628317,0.0,0.0
5641,0.45652173913043476,999.0,1.0,0.3592233009708738,0.0,0.0,0.0,0.44216732976500556,0.43180215007504136,0.0,0.0,0.0,0.004908835904628317,0.0,0.0
5642,0.7543859649122807,999.0,0.0,1.0,0.0,1.0,15.0,0.7253235547886109,0.6951159315046426,14.0,3.0,0.0,0.03771929824561404,4.0,10.0
5643,0.7419354838709677,999.0,0.0,1.0,0.0,1.0,176.0,0.7419354838709676,0.7230923248053392,56.0,4.0,0.0,0.0,38.0,18.0
5644,0.7123287671232876,999.0,1.0,1.0,0.0,0.0,0.0,0.6875673408532781,0.6562507639200007,19.0,1.0,0.0,0.032841587636108116,0.0,19.0
5645,0.625,999.0,0.0,1.0,0.0,1.0,3.0,0.5735887096774194,0.5336615664561444,4.0,0.0,0.0,0.06048387096774188,3.0,1.0
5646,0.3466666666666667,999.0,1.0,0.46296296296296297,0.0,0.0,0.0,0.3200622302519322,0.31157756803621683,0.0,0.0,0.0,0.03802469135802472,0.0,0.0
5647,0.35365853658536583,999.0,1.0,0.46296296296296297,0.0,0.0,0.0,0.34134792708926637,0.3278856793304829,0.0,0.0,0.0,0.004260946223920037,0.0,0.0
5648,0.35714285714285715,999.0,1.0,0.46296296296296297,0.0,0.0,0.0,0.34333559373116335,0.3317134022277234,0.0,0.0,0.0,0.01339285714285715,0.0,0.0
5649,0.5280898876404494,999.0,1.0,0.5352112676056338,0.0,0.0,0.0,0.47151225802911195,0.4494565678783081,1.0,0.0,0.0,0.07754043709099884,0.0,1.0
5650,0.5714285714285714,999.0,1.0,0.5909090909090909,0.0,0.0,0.0,0.5374774144663985,0.4968022381535233,2.0,0.0,0.0,0.018796992481202923,0.0,2.0
5651,0.7580645161290323,999.0,0.0,1.0,0.0,1.0,12.0,0.6749518536350506,0.6157705511712127,6.0,1.0,0.0,0.11627347135291288,4.0,2.0
5652,0.33695652173913043,999.0,1.0,0.37142857142857144,0.0,0.0,0.0,0.33221355433272615,0.3292377551408372,0.0,0.0,0.0,0.007059614522635593,0.0,0.0
5653,0.5,999.0,1.0,0.7027027027027027,0.0,0.0,0.0,0.49393939393939396,0.4740829346092504,1.0,0.0,0.0,0.009090909090909094,0.0,1.0
5654,0.5087719298245614,999.0,1.0,0.7027027027027027,0.0,0.0,0.0,0.5085801936535327,0.4986965032888938,4.0,0.0,0.0,0.0,0.0,4.0
5655,0.5681818181818182,999.0,1.0,0.5970149253731343,0.0,0.0,0.0,0.5266960891695123,0.5124620979461518,3.0,0.0,0.0,0.0621577217962761,0.0,3.0
5656,0.5681818181818182,999.0,1.0,0.5970149253731343,0.0,0.0,0.0,0.5266960891695123,0.5124620979461518,3.0,0.0,0.0,0.0621577217962761,0.0,3.0
5657,0.5681818181818182,999.0,1.0,0.5970149253731343,0.0,0.0,0.0,0.5266960891695123,0.5124620979461518,3.0,0.0,0.0,0.0621577217962761,0.0,3.0
5658,0.5352112676056338,999.0,1.0,0.5245901639344263,0.0,0.0,0.0,0.5271892296540184,0.5163135377924111,5.0,0.0,0.0,0.002743735138101333,0.0,5.0
5659,0.5352112676056338,999.0,1.0,0.5245901639344263,0.0,0.0,0.0,0.5271892296540184,0.5163135377924111,5.0,0.0,0.0,0.002743735138101333,0.0,5.0
5660,0.5352112676056338,999.0,1.0,0.5245901639344263,0.0,0.0,0.0,0.5271892296540184,0.5163135377924111,5.0,0.0,0.0,0.002743735138101333,0.0,5.0
5661,0.5352112676056338,999.0,1.0,0.5245901639344263,0.0,0.0,0.0,0.5271892296540184,0.5163135377924111,5.0,0.0,0.0,0.002743735138101333,0.0,5.0
5662,0.5352112676056338,999.0,1.0,0.5245901639344263,0.0,0.0,0.0,0.5271892296540184,0.5163135377924111,5.0,0.0,0.0,0.002743735138101333,0.0,5.0
5663,0.5352112676056338,999.0,1.0,0.5245901639344263,0.0,0.0,0.0,0.5271892296540184,0.5163135377924111,5.0,0.0,0.0,0.002743735138101333,0.0,5.0
5664,0.550561797752809,999.0,1.0,0.5606060606060606,0.0,0.0,0.0,0.4923264411753349,0.46142457283917226,1.0,0.0,0.0,0.08664427197961311,0.0,1.0
5665,0.550561797752809,999.0,1.0,0.5606060606060606,0.0,0.0,0.0,0.4923264411753349,0.46142457283917226,1.0,0.0,0.0,0.08664427197961311,0.0,1.0
5666,0.550561797752809,999.0,1.0,0.5606060606060606,0.0,0.0,0.0,0.4923264411753349,0.46142457283917226,1.0,0.0,0.0,0.08664427197961311,0.0,1.0
5667,0.4647887323943662,999.0,1.0,0.42857142857142855,0.0,0.0,0.0,0.4418886417922741,0.427231612963266,0.0,0.0,0.0,0.030578206078576697,0.0,0.0
5668,0.45588235294117646,999.0,1.0,0.42857142857142855,0.0,0.0,0.0,0.4430070420067967,0.43723279663264947,0.0,0.0,0.0,0.01752618855761484,0.0,0.0
5669,0.6206896551724138,999.0,1.0,0.5365853658536586,0.0,0.0,0.0,0.5650021983543748,0.5507160898105875,20.0,0.0,0.0,0.07970604861503672,0.0,20.0
5670,0.5294117647058824,999.0,1.0,0.546875,0.0,0.0,0.0,0.5144335511982571,0.4954859485792548,2.0,0.0,0.0,0.004411764705882337,0.0,2.0
5671,0.5135135135135135,999.0,1.0,0.4791666666666667,0.0,0.0,0.0,0.47225897225897223,0.460570573228801,1.0,0.0,0.0,0.058968058968058956,0.0,1.0
5672,0.5645161290322581,999.0,1.0,0.5227272727272727,0.0,0.0,0.0,0.5602259150646247,0.547246660149886,5.0,0.0,0.0,0.003910068426197566,0.0,5.0
5673,0.5645161290322581,999.0,1.0,0.5227272727272727,0.0,0.0,0.0,0.5602259150646247,0.547246660149886,5.0,0.0,0.0,0.003910068426197566,0.0,5.0
5674,0.5645161290322581,999.0,1.0,0.5227272727272727,0.0,0.0,0.0,0.5602259150646247,0.547246660149886,5.0,0.0,0.0,0.003910068426197566,0.0,5.0
5675,0.44776119402985076,999.0,1.0,0.4482758620689655,0.0,0.0,0.0,0.4139001959897482,0.401413710667442,0.0,0.0,0.0,0.04776119402985074,0.0,0.0
5676,0.44776119402985076,999.0,1.0,0.4482758620689655,0.0,0.0,0.0,0.4139001959897482,0.401413710667442,0.0,0.0,0.0,0.04776119402985074,0.0,0.0
5677,0.43478260869565216,999.0,1.0,0.4482758620689655,0.0,0.0,0.0,0.4211180124223603,0.40404980288720616,0.0,0.0,0.0,0.02049689440993785,0.0,0.0
5678,0.4936708860759494,999.0,1.0,0.5,0.0,0.0,0.0,0.4824516988674217,0.47709515988577006,0.0,0.0,0.0,0.013670886075949407,0.0,0.0
5679,0.4936708860759494,999.0,1.0,0.5,0.0,0.0,0.0,0.4824516988674217,0.47709515988577006,0.0,0.0,0.0,0.013670886075949407,0.0,0.0
5680,0.4936708860759494,999.0,1.0,0.5,0.0,0.0,0.0,0.4824516988674217,0.47709515988577006,0.0,0.0,0.0,0.013670886075949407,0.0,0.0
5681,0.4936708860759494,999.0,1.0,0.5,0.0,0.0,0.0,0.4824516988674217,0.47709515988577006,0.0,0.0,0.0,0.013670886075949407,0.0,0.0
5682,0.4936708860759494,999.0,1.0,0.5,0.0,0.0,0.0,0.4824516988674217,0.47709515988577006,0.0,0.0,0.0,0.013670886075949407,0.0,0.0
5683,0.4936708860759494,999.0,1.0,0.5,0.0,0.0,0.0,0.4824516988674217,0.47709515988577006,0.0,0.0,0.0,0.013670886075949407,0.0,0.0
5684,0.4936708860759494,999.0,1.0,0.5,0.0,0.0,0.0,0.4824516988674217,0.47709515988577006,0.0,0.0,0.0,0.013670886075949407,0.0,0.0
5685,0.5538461538461539,999.0,1.0,0.5192307692307693,0.0,0.0,0.0,0.5473859473859474,0.5372641180124311,5.0,0.0,0.0,0.008391608391608463,0.0,5.0
5686,0.5538461538461539,999.0,1.0,0.5192307692307693,0.0,0.0,0.0,0.5473859473859474,0.5372641180124311,5.0,0.0,0.0,0.008391608391608463,0.0,5.0
5687,0.5538461538461539,999.0,1.0,0.5192307692307693,0.0,0.0,0.0,0.5473859473859474,0.5372641180124311,5.0,0.0,0.0,0.008391608391608463,0.0,5.0
5688,0.5538461538461539,999.0,1.0,0.5192307692307693,0.0,0.0,0.0,0.5473859473859474,0.5372641180124311,5.0,0.0,0.0,0.008391608391608463,0.0,5.0
5689,0.5538461538461539,999.0,1.0,0.5192307692307693,0.0,0.0,0.0,0.5473859473859474,0.5372641180124311,5.0,0.0,0.0,0.008391608391608463,0.0,5.0
5690,0.4714285714285714,999.0,1.0,0.5294117647058824,0.0,0.0,0.0,0.4682539682539682,0.4672434607645875,0.0,0.0,0.0,0.004761904761904745,0.0,0.0
5691,0.4714285714285714,999.0,1.0,0.5294117647058824,0.0,0.0,0.0,0.4682539682539682,0.4672434607645875,0.0,0.0,0.0,0.004761904761904745,0.0,0.0
5692,0.4714285714285714,999.0,1.0,0.5294117647058824,0.0,0.0,0.0,0.4682539682539682,0.4672434607645875,0.0,0.0,0.0,0.004761904761904745,0.0,0.0
5693,0.4714285714285714,999.0,1.0,0.5294117647058824,0.0,0.0,0.0,0.4682539682539682,0.4672434607645875,0.0,0.0,0.0,0.004761904761904745,0.0,0.0
5694,0.4714285714285714,999.0,1.0,0.5294117647058824,0.0,0.0,0.0,0.4682539682539682,0.4672434607645875,0.0,0.0,0.0,0.004761904761904745,0.0,0.0
5695,0.4714285714285714,999.0,1.0,0.5294117647058824,0.0,0.0,0.0,0.4682539682539682,0.4672434607645875,0.0,0.0,0.0,0.004761904761904745,0.0,0.0
5696,0.4714285714285714,999.0,1.0,0.5294117647058824,0.0,0.0,0.0,0.4682539682539682,0.4672434607645875,0.0,0.0,0.0,0.004761904761904745,0.0,0.0
5697,0.4714285714285714,999.0,1.0,0.5294117647058824,0.0,0.0,0.0,0.4682539682539682,0.4672434607645875,0.0,0.0,0.0,0.004761904761904745,0.0,0.0
5698,0.4714285714285714,999.0,1.0,0.5294117647058824,0.0,0.0,0.0,0.4682539682539682,0.4672434607645875,0.0,0.0,0.0,0.004761904761904745,0.0,0.0
5699,0.425,999.0,1.0,0.4791666666666667,0.0,0.0,0.0,0.40735294117647053,0.39441176470588235,0.0,0.0,0.0,0.024999999999999967,0.0,0.0
5700,0.425,999.0,1.0,0.4791666666666667,0.0,0.0,0.0,0.40735294117647053,0.39441176470588235,0.0,0.0,0.0,0.024999999999999967,0.0,0.0
5701,0.425,999.0,1.0,0.4791666666666667,0.0,0.0,0.0,0.40735294117647053,0.39441176470588235,0.0,0.0,0.0,0.024999999999999967,0.0,0.0
5702,0.425,999.0,1.0,0.4791666666666667,0.0,0.0,0.0,0.40735294117647053,0.39441176470588235,0.0,0.0,0.0,0.024999999999999967,0.0,0.0
5703,0.425,999.0,1.0,0.4791666666666667,0.0,0.0,0.0,0.40735294117647053,0.39441176470588235,0.0,0.0,0.0,0.024999999999999967,0.0,0.0
5704,0.425,999.0,1.0,0.4791666666666667,0.0,0.0,0.0,0.40735294117647053,0.39441176470588235,0.0,0.0,0.0,0.024999999999999967,0.0,0.0
5705,0.3950617283950617,999.0,1.0,0.5,0.0,0.0,0.0,0.3914845400956512,0.384859454513926,0.0,0.0,0.0,0.0031698365031698206,0.0,0.0
5706,0.3950617283950617,999.0,1.0,0.5,0.0,0.0,0.0,0.3914845400956512,0.384859454513926,0.0,0.0,0.0,0.0031698365031698206,0.0,0.0
5707,0.3950617283950617,999.0,1.0,0.5,0.0,0.0,0.0,0.3914845400956512,0.384859454513926,0.0,0.0,0.0,0.0031698365031698206,0.0,0.0
5708,0.3950617283950617,999.0,1.0,0.5,0.0,0.0,0.0,0.3914845400956512,0.384859454513926,0.0,0.0,0.0,0.0031698365031698206,0.0,0.0
5709,0.4050632911392405,999.0,1.0,0.4583333333333333,0.0,0.0,0.0,0.3966663961917127,0.38698567774564374,0.0,0.0,0.0,0.007627393703343088,0.0,0.0
5710,0.4050632911392405,999.0,1.0,0.4583333333333333,0.0,0.0,0.0,0.3966663961917127,0.38698567774564374,0.0,0.0,0.0,0.007627393703343088,0.0,0.0
5711,0.4050632911392405,999.0,1.0,0.4583333333333333,0.0,0.0,0.0,0.3966663961917127,0.38698567774564374,0.0,0.0,0.0,0.007627393703343088,0.0,0.0
5712,0.4050632911392405,999.0,1.0,0.4583333333333333,0.0,0.0,0.0,0.3966663961917127,0.38698567774564374,0.0,0.0,0.0,0.007627393703343088,0.0,0.0
5713,0.4050632911392405,999.0,1.0,0.4583333333333333,0.0,0.0,0.0,0.3966663961917127,0.38698567774564374,0.0,0.0,0.0,0.007627393703343088,0.0,0.0
5714,0.4050632911392405,999.0,1.0,0.4583333333333333,0.0,0.0,0.0,0.3966663961917127,0.38698567774564374,0.0,0.0,0.0,0.007627393703343088,0.0,0.0
5715,0.4050632911392405,999.0,1.0,0.4583333333333333,0.0,0.0,0.0,0.3966663961917127,0.38698567774564374,0.0,0.0,0.0,0.007627393703343088,0.0,0.0
5716,0.5161290322580645,999.0,1.0,0.7027027027027027,0.0,0.0,0.0,0.49134621225927955,0.4816894477856753,1.0,0.0,0.0,0.032795698924731165,0.0,1.0
5717,0.3382352941176471,999.0,1.0,0.3939393939393939,0.0,0.0,0.0,0.3349673202614379,0.318596860195866,0.0,0.0,0.0,0.004901960784313764,0.0,0.0
5718,0.3382352941176471,999.0,1.0,0.3939393939393939,0.0,0.0,0.0,0.3349673202614379,0.318596860195866,0.0,0.0,0.0,0.004901960784313764,0.0,0.0
5719,0.3870967741935484,999.0,1.0,0.4117647058823529,0.0,0.0,0.0,0.3625077378086526,0.34979630935185824,0.0,0.0,0.0,0.029953917050691226,0.0,0.0
5720,0.3870967741935484,999.0,1.0,0.4117647058823529,0.0,0.0,0.0,0.3625077378086526,0.34979630935185824,0.0,0.0,0.0,0.029953917050691226,0.0,0.0
5721,0.3870967741935484,999.0,1.0,0.4117647058823529,0.0,0.0,0.0,0.3625077378086526,0.34979630935185824,0.0,0.0,0.0,0.029953917050691226,0.0,0.0
5722,0.37037037037037035,999.0,1.0,0.3939393939393939,0.0,0.0,0.0,0.3475512142178809,0.33583956666379705,0.0,0.0,0.0,0.021164021164021163,0.0,0.0
5723,0.37037037037037035,999.0,1.0,0.3939393939393939,0.0,0.0,0.0,0.3475512142178809,0.33583956666379705,0.0,0.0,0.0,0.021164021164021163,0.0,0.0
5724,0.36923076923076925,999.0,1.0,0.4117647058823529,0.0,0.0,0.0,0.36443341604631935,0.3558908188585609,0.0,0.0,0.0,0.0,0.0,0.0
5725,0.36923076923076925,999.0,1.0,0.4117647058823529,0.0,0.0,0.0,0.36443341604631935,0.3558908188585609,0.0,0.0,0.0,0.0,0.0,0.0
5726,0.36923076923076925,999.0,1.0,0.4117647058823529,0.0,0.0,0.0,0.36443341604631935,0.3558908188585609,0.0,0.0,0.0,0.0,0.0,0.0
5727,0.5061728395061729,999.0,1.0,0.6964285714285714,0.0,0.0,0.0,0.45305417674260745,0.4343325060455644,1.0,0.0,0.0,0.07318314878452337,0.0,1.0
5728,0.8985507246376812,999.0,1.0,1.0,0.0,0.0,0.0,0.8404525807271804,0.8055702497350096,34.0,5.0,2.0,0.06521739130434778,0.0,34.0
5729,0.8985507246376812,999.0,1.0,1.0,0.0,0.0,0.0,0.8404525807271804,0.8055702497350096,34.0,5.0,2.0,0.06521739130434778,0.0,34.0
5730,1.0,999.0,1.0,1.0,0.0,0.0,0.0,0.8230987119876009,0.7670299588998776,34.0,4.0,1.0,0.24675324675324672,0.0,34.0
5731,0.5783132530120482,999.0,1.0,0.8076923076923077,0.0,0.0,0.0,0.56471802296204,0.5577865836475265,9.0,0.0,0.0,0.01917346806581166,0.0,9.0
5732,0.5849056603773585,999.0,1.0,0.4583333333333333,0.0,0.0,0.0,0.5723270440251572,0.5472423802612482,5.0,0.0,0.0,0.0,0.0,5.0
5733,0.5783132530120482,999.0,1.0,0.8076923076923077,0.0,0.0,0.0,0.56471802296204,0.5577865836475265,9.0,0.0,0.0,0.01917346806581166,0.0,9.0
5734,0.68,999.0,1.0,1.0,0.0,0.0,0.0,0.6428194309206968,0.6282807767512925,16.0,0.0,0.0,0.051794871794871855,0.0,16.0
5735,0.5287356321839081,999.0,1.0,0.5625,0.0,0.0,0.0,0.4653367338620457,0.4425573034751221,1.0,0.0,0.0,0.07635467980295568,0.0,1.0
5736,0.38596491228070173,999.0,1.0,0.4791666666666667,0.0,0.0,0.0,0.35903415947275596,0.3461105452452243,0.0,0.0,0.0,0.03411306042884987,0.0,0.0
5737,0.6666666666666666,999.0,1.0,0.7166666666666667,0.0,0.0,0.0,0.6519410977242303,0.6250394794658807,18.0,0.0,0.0,0.016064257028112428,0.0,18.0
5738,0.6666666666666666,999.0,1.0,0.7166666666666667,0.0,0.0,0.0,0.6453910881621724,0.621109473728646,18.0,0.0,0.0,0.028112449799196804,0.0,18.0
5739,0.3854166666666667,999.0,0.0,1.0,0.0,1.0,3.0,0.36295033670033666,0.33484282012374794,0.0,0.0,0.0,0.0254166666666667,0.0,0.0
5740,0.5054945054945055,999.0,0.0,1.0,0.0,1.0,3.0,0.4311906138973807,0.4018461572454745,1.0,0.0,0.0,0.09496818970503179,1.0,0.0
5741,0.6623376623376623,999.0,0.0,1.0,0.0,1.0,3.0,0.5685158462936241,0.5046273327172204,3.0,0.0,0.0,0.11912778579445249,3.0,0.0
5742,0.8333333333333334,999.0,0.0,1.0,0.0,1.0,3.0,0.7079414838035527,0.6196458003425653,4.0,2.0,1.0,0.10606060606060608,3.0,1.0
5743,0.47058823529411764,999.0,1.0,0.4461538461538462,0.0,0.0,0.0,0.4192283364958887,0.3935612403515129,0.0,0.0,0.0,0.07058823529411762,0.0,0.0
5744,0.32727272727272727,999.0,1.0,0.3333333333333333,0.0,0.0,0.0,0.2917606983180754,0.2742367468596977,0.0,0.0,0.0,0.04155844155844157,0.0,0.0
5745,0.43103448275862066,999.0,1.0,0.3548387096774194,0.0,0.0,0.0,0.4172024157412819,0.4103214494447691,0.0,0.0,0.0,0.017241379310344807,0.0,0.0
5746,0.4166666666666667,999.0,1.0,0.8064516129032258,0.0,0.0,0.0,0.40990951289735006,0.39193455372725605,0.0,0.0,0.0,0.0068306010928961824,0.0,0.0
5747,0.4166666666666667,999.0,1.0,0.8064516129032258,0.0,0.0,0.0,0.40990951289735006,0.39193455372725605,0.0,0.0,0.0,0.0068306010928961824,0.0,0.0
5748,1.0,999.0,1.0,1.0,0.0,0.0,0.0,0.8677777777777779,0.7151403508771931,4.0,3.0,2.0,0.1466666666666666,0.0,4.0
5749,1.0,999.0,1.0,1.0,0.0,0.0,0.0,0.8677777777777779,0.7151403508771931,4.0,3.0,2.0,0.1466666666666666,0.0,4.0
5750,1.0,999.0,1.0,1.0,0.0,0.0,0.0,0.8677777777777779,0.7151403508771931,4.0,3.0,2.0,0.1466666666666666,0.0,4.0
5751,1.0,999.0,1.0,1.0,0.0,0.0,0.0,0.8677777777777779,0.7151403508771931,4.0,3.0,2.0,0.1466666666666666,0.0,4.0
5752,1.0,999.0,1.0,1.0,0.0,0.0,0.0,0.8677777777777779,0.7151403508771931,4.0,3.0,2.0,0.1466666666666666,0.0,4.0
5753,1.0,999.0,1.0,1.0,0.0,0.0,0.0,0.8611111111111112,0.7083333333333334,4.0,3.0,2.0,0.16666666666666663,0.0,4.0
5754,1.0,999.0,1.0,1.0,0.0,0.0,0.0,0.8611111111111112,0.7083333333333334,4.0,3.0,2.0,0.16666666666666663,0.0,4.0
5755,1.0,999.0,1.0,1.0,0.0,0.0,0.0,0.8611111111111112,0.7083333333333334,4.0,3.0,2.0,0.16666666666666663,0.0,4.0
5756,1.0,999.0,1.0,1.0,0.0,0.0,0.0,0.8611111111111112,0.7083333333333334,4.0,3.0,2.0,0.16666666666666663,0.0,4.0
5757,0.423728813559322,999.0,1.0,0.45652173913043476,0.0,0.0,0.0,0.40444640105657054,0.38677339979466047,0.0,0.0,0.0,0.0055469953775038605,0.0,0.0
5758,0.39285714285714285,999.0,1.0,0.4166666666666667,0.0,0.0,0.0,0.3605006105006105,0.3259190540365394,0.0,0.0,0.0,0.011904761904761918,0.0,0.0
5759,0.3291139240506329,999.0,1.0,0.5740740740740741,0.0,0.0,0.0,0.27164707158532414,0.25023148619443775,0.0,0.0,0.0,0.07301636307502313,0.0,0.0
5760,0.5,999.0,1.0,0.5714285714285714,0.0,0.0,0.0,0.47908496732026146,0.4698370531008102,1.0,0.0,0.0,0.02941176470588236,0.0,1.0
5761,0.5,999.0,1.0,0.5714285714285714,0.0,0.0,0.0,0.47908496732026146,0.4698370531008102,1.0,0.0,0.0,0.02941176470588236,0.0,1.0
5762,0.49056603773584906,999.0,1.0,0.5306122448979592,0.0,0.0,0.0,0.47037363090564455,0.45726691358612176,0.0,0.0,0.0,0.029027576197387495,0.0,0.0
5763,0.49056603773584906,999.0,1.0,0.6730769230769231,0.0,0.0,0.0,0.4833632824198862,0.47843815142050083,0.0,0.0,0.0,0.007232704402515722,0.0,0.0
5764,0.3333333333333333,999.0,0.0,1.0,0.0,1.0,4.0,0.3177248677248677,0.3099235663257551,0.0,0.0,0.0,0.019047619047619035,0.0,0.0
5765,0.39285714285714285,999.0,1.0,0.4166666666666667,0.0,0.0,0.0,0.3605006105006105,0.32719244782392126,0.0,0.0,0.0,0.011904761904761918,0.0,0.0
5766,0.639344262295082,999.0,0.0,1.0,0.0,1.0,6.0,0.6326687166630759,0.6057195561161717,6.0,0.0,0.0,0.00971463266545236,3.0,3.0
5767,0.5128205128205128,999.0,1.0,0.6595744680851063,0.0,0.0,0.0,0.43269427041625447,0.4096165622497526,1.0,0.0,0.0,0.10436980859516065,0.0,1.0
5768,0.6417910447761194,999.0,1.0,0.7321428571428571,0.0,0.0,0.0,0.5969818780493666,0.5795428738078633,5.0,0.0,0.0,0.062080899848583115,0.0,5.0
5769,0.7301587301587301,999.0,1.0,0.7321428571428571,0.0,0.0,0.0,0.6317458125660279,0.6006063598447577,10.0,1.0,0.0,0.13860943438408224,0.0,10.0
5770,0.3068181818181818,999.0,1.0,0.36363636363636365,0.0,0.0,0.0,0.30326038159371493,0.29931634373384736,0.0,0.0,0.0,0.00015151515151518025,0.0,0.0
5771,0.3068181818181818,999.0,1.0,0.36363636363636365,0.0,0.0,0.0,0.30326038159371493,0.29931634373384736,0.0,0.0,0.0,0.00015151515151518025,0.0,0.0
5772,0.3068181818181818,999.0,1.0,0.36363636363636365,0.0,0.0,0.0,0.30326038159371493,0.29931634373384736,0.0,0.0,0.0,0.00015151515151518025,0.0,0.0
5773,0.3068181818181818,999.0,1.0,0.36363636363636365,0.0,0.0,0.0,0.30326038159371493,0.29931634373384736,0.0,0.0,0.0,0.00015151515151518025,0.0,0.0
5774,0.4358974358974359,999.0,1.0,0.6,0.0,0.0,0.0,0.4157669815564553,0.405304344778029,0.0,0.0,0.0,0.019230769230769218,0.0,0.0
5775,0.4358974358974359,999.0,1.0,0.6,0.0,0.0,0.0,0.4157669815564553,0.405304344778029,0.0,0.0,0.0,0.019230769230769218,0.0,0.0
5776,0.4358974358974359,999.0,1.0,0.6,0.0,0.0,0.0,0.4157669815564553,0.405304344778029,0.0,0.0,0.0,0.019230769230769218,0.0,0.0
5777,0.4358974358974359,999.0,1.0,0.6,0.0,0.0,0.0,0.4157669815564553,0.405304344778029,0.0,0.0,0.0,0.019230769230769218,0.0,0.0
5778,0.4358974358974359,999.0,1.0,0.6,0.0,0.0,0.0,0.4157669815564553,0.405304344778029,0.0,0.0,0.0,0.019230769230769218,0.0,0.0
5779,0.41975308641975306,999.0,1.0,0.4057971014492754,0.0,0.0,0.0,0.3816662769485167,0.36022037087235753,0.0,0.0,0.0,0.024404249210450757,0.0,0.0
5780,0.41975308641975306,999.0,1.0,0.4057971014492754,0.0,0.0,0.0,0.3816662769485167,0.36022037087235753,0.0,0.0,0.0,0.024404249210450757,0.0,0.0
5781,0.41975308641975306,999.0,1.0,0.4057971014492754,0.0,0.0,0.0,0.3816662769485167,0.36022037087235753,0.0,0.0,0.0,0.024404249210450757,0.0,0.0
5782,0.43820224719101125,999.0,1.0,0.4567901234567901,0.0,0.0,0.0,0.40921936876714,0.3869218427566604,0.0,0.0,0.0,0.00796968905147638,0.0,0.0
5783,0.43820224719101125,999.0,1.0,0.4567901234567901,0.0,0.0,0.0,0.40921936876714,0.3869218427566604,0.0,0.0,0.0,0.00796968905147638,0.0,0.0
5784,0.43820224719101125,999.0,1.0,0.4567901234567901,0.0,0.0,0.0,0.40921936876714,0.3869218427566604,0.0,0.0,0.0,0.00796968905147638,0.0,0.0
5785,0.43820224719101125,999.0,1.0,0.4567901234567901,0.0,0.0,0.0,0.40921936876714,0.3869218427566604,0.0,0.0,0.0,0.00796968905147638,0.0,0.0
5786,0.4666666666666667,999.0,1.0,0.6785714285714286,0.0,0.0,0.0,0.4403959515070626,0.4016896781839311,0.0,0.0,0.0,0.007207207207207189,0.0,0.0
5787,0.4222222222222222,999.0,1.0,0.39436619718309857,0.0,0.0,0.0,0.38821548821548824,0.36776591470609643,0.0,0.0,0.0,0.033333333333333326,0.0,0.0
5788,0.5113636363636364,999.0,1.0,0.7692307692307693,0.0,0.0,0.0,0.5038290361324069,0.4956330451765242,2.0,0.0,0.0,0.005745658835546452,0.0,2.0
5789,0.5113636363636364,999.0,1.0,0.7692307692307693,0.0,0.0,0.0,0.5038290361324069,0.4956330451765242,2.0,0.0,0.0,0.005745658835546452,0.0,2.0
5790,0.6470588235294118,999.0,1.0,0.6842105263157895,0.0,0.0,0.0,0.6137624861265261,0.5760266370699223,5.0,0.0,0.0,0.0,0.0,5.0
5791,0.7058823529411765,999.0,1.0,0.7073170731707317,0.0,0.0,0.0,0.5573993808049535,0.5069886480908152,2.0,1.0,0.0,0.17956656346749233,0.0,2.0
5792,0.6470588235294118,999.0,1.0,0.6842105263157895,0.0,0.0,0.0,0.5892672858617131,0.5430340557275543,2.0,0.0,0.0,0.0,0.0,2.0
5793,0.603448275862069,999.0,1.0,0.5238095238095238,0.0,0.0,0.0,0.5919540229885057,0.5896551724137932,9.0,0.0,0.0,0.017241379310344862,0.0,9.0
5794,0.4473684210526316,999.0,1.0,0.4576271186440678,0.0,0.0,0.0,0.4224513590934065,0.4138831865900645,0.0,0.0,0.0,0.03163808397397988,0.0,0.0
5795,0.66,999.0,0.0,1.0,0.0,1.0,7.0,0.6339051332033788,0.5858568643831801,4.0,0.0,0.0,0.010877192982456152,3.0,1.0
5796,0.5483870967741935,999.0,1.0,0.5,0.0,0.0,0.0,0.4911910507983439,0.46451579037958635,1.0,0.0,0.0,0.055633473585787685,0.0,1.0
5797,0.5789473684210527,999.0,1.0,0.5,0.0,0.0,0.0,0.5367324561403509,0.5251644736842105,5.0,0.0,0.0,0.06332236842105265,0.0,5.0
5798,0.24193548387096775,999.0,1.0,0.20408163265306123,0.0,0.0,0.0,0.24193548387096775,0.24023796506027234,0.0,0.0,0.0,0.0,0.0,0.0
5799,0.7636363636363637,999.0,0.0,1.0,0.0,1.0,3.0,0.7108262427227944,0.5915998028125709,3.0,1.0,0.0,0.06720779220779227,3.0,0.0
5800,0.6470588235294118,999.0,1.0,0.6842105263157895,0.0,0.0,0.0,0.6137624861265261,0.5760266370699223,5.0,0.0,0.0,0.0,0.0,5.0
5801,0.6470588235294118,999.0,1.0,0.6842105263157895,0.0,0.0,0.0,0.5892672858617131,0.5430340557275543,2.0,0.0,0.0,0.0,0.0,2.0
5802,0.6379310344827587,999.0,1.0,0.7027027027027027,0.0,0.0,0.0,0.5895605466032117,0.571610468628241,13.0,0.0,0.0,0.06650246305418728,0.0,13.0
5803,0.7543859649122807,999.0,0.0,1.0,0.0,1.0,15.0,0.7253235547886109,0.6951159315046426,14.0,3.0,0.0,0.03771929824561404,4.0,10.0
5804,0.7636363636363637,999.0,0.0,1.0,0.0,1.0,3.0,0.7211076280041797,0.6144827586206897,3.0,2.0,0.0,0.036363636363636376,3.0,0.0
5805,0.5490196078431373,999.0,1.0,0.5,0.0,0.0,0.0,0.4542709037638044,0.4309939148073022,1.0,0.0,0.0,0.13522650439486145,0.0,1.0
5806,0.6666666666666666,999.0,0.0,1.0,0.0,1.0,12.0,0.5432809103695179,0.4838953754900034,2.0,0.0,0.0,0.12121212121212122,0.0,2.0
5807,0.4264705882352941,999.0,1.0,0.6060606060606061,0.0,0.0,0.0,0.40706914344685236,0.394287148168568,0.0,0.0,0.0,0.02647058823529408,0.0,0.0
5808,0.4393939393939394,999.0,1.0,0.5,0.0,0.0,0.0,0.43067860602107183,0.4178592184071636,0.0,0.0,0.0,0.0010377750103777728,0.0,0.0
5809,0.6461538461538462,999.0,1.0,0.7068965517241379,0.0,0.0,0.0,0.6338983977091394,0.6090057052921504,5.0,0.0,0.0,0.013800904977375628,0.0,5.0
5810,0.43478260869565216,999.0,1.0,0.39436619718309857,0.0,0.0,0.0,0.41817856503846845,0.40439551111610433,0.0,0.0,0.0,0.015029522275899099,0.0,0.0
5811,0.3611111111111111,999.0,1.0,0.21951219512195122,0.0,0.0,0.0,0.344035594035594,0.3357673116709261,0.0,0.0,0.0,0.02344877344877344,0.0,0.0
5812,0.36619718309859156,999.0,1.0,0.3448275862068966,0.0,0.0,0.0,0.3516563709743843,0.346947342748677,0.0,0.0,0.0,0.019530516431924883,0.0,0.0
5813,0.375,999.0,1.0,0.3389830508474576,0.0,0.0,0.0,0.3520166606736186,0.3328365346599229,0.0,0.0,0.0,0.00462962962962965,0.0,0.0
5814,0.38961038961038963,999.0,1.0,0.3389830508474576,0.0,0.0,0.0,0.3706293706293707,0.3485373545631796,0.0,0.0,0.0,0.004995004995004992,0.0,0.0
5815,0.44761904761904764,999.0,1.0,0.5666666666666667,0.0,0.0,0.0,0.4414498854865827,0.43526890169092003,0.0,0.0,0.0,0.007252075141983394,0.0,0.0
5816,0.3958333333333333,999.0,1.0,0.40816326530612246,0.0,0.0,0.0,0.3766133557800225,0.3700991610089971,0.0,0.0,0.0,0.025462962962962965,0.0,0.0
5817,0.3958333333333333,999.0,1.0,0.40816326530612246,0.0,0.0,0.0,0.3766133557800225,0.3700991610089971,0.0,0.0,0.0,0.025462962962962965,0.0,0.0
5818,0.3088235294117647,999.0,1.0,0.3125,0.0,0.0,0.0,0.30199049316696375,0.2955378324546938,0.0,0.0,0.0,0.00579322638146168,0.0,0.0
5819,0.7708333333333334,999.0,0.0,1.0,0.0,1.0,1.0,0.5922585361252594,0.5438419637804188,2.0,1.0,0.0,0.23857526881720437,1.0,1.0
5820,0.391304347826087,999.0,1.0,0.3469387755102041,0.0,0.0,0.0,0.37581209395302356,0.36149689105667965,0.0,0.0,0.0,0.0,0.0,0.0
5821,0.391304347826087,999.0,1.0,0.3469387755102041,0.0,0.0,0.0,0.37581209395302356,0.36149689105667965,0.0,0.0,0.0,0.0,0.0,0.0
5822,0.5333333333333333,999.0,1.0,0.4594594594594595,0.0,0.0,0.0,0.5201201201201201,0.5056890933486679,4.0,0.0,0.0,0.01981981981981984,0.0,4.0
5823,0.6071428571428571,999.0,0.0,1.0,0.0,1.0,14.0,0.5952380952380952,0.5801536098310291,11.0,0.0,0.0,0.0,0.0,11.0
5824,0.6071428571428571,999.0,0.0,1.0,0.0,1.0,14.0,0.5952380952380952,0.5801536098310291,11.0,0.0,0.0,0.0,0.0,11.0
5825,0.6071428571428571,999.0,0.0,1.0,0.0,1.0,14.0,0.5952380952380952,0.5801536098310291,11.0,0.0,0.0,0.0,0.0,11.0
5826,0.4523809523809524,999.0,1.0,0.3953488372093023,0.0,0.0,0.0,0.4519140989729225,0.4461295629362857,0.0,0.0,0.0,0.0,0.0,0.0
5827,0.4523809523809524,999.0,1.0,0.3953488372093023,0.0,0.0,0.0,0.4519140989729225,0.4461295629362857,0.0,0.0,0.0,0.0,0.0,0.0
5828,0.4523809523809524,999.0,1.0,0.3953488372093023,0.0,0.0,0.0,0.4519140989729225,0.4461295629362857,0.0,0.0,0.0,0.0,0.0,0.0
5829,0.5833333333333334,999.0,1.0,0.5217391304347826,0.0,0.0,0.0,0.5486111111111112,0.5291666666666667,5.0,0.0,0.0,0.05208333333333337,0.0,5.0
5830,0.5833333333333334,999.0,1.0,0.5217391304347826,0.0,0.0,0.0,0.5486111111111112,0.5291666666666667,5.0,0.0,0.0,0.05208333333333337,0.0,5.0
5831,0.4523809523809524,999.0,1.0,0.3953488372093023,0.0,0.0,0.0,0.4519140989729225,0.4461295629362857,0.0,0.0,0.0,0.0,0.0,0.0
5832,0.4523809523809524,999.0,1.0,0.3953488372093023,0.0,0.0,0.0,0.4519140989729225,0.4461295629362857,0.0,0.0,0.0,0.0,0.0,0.0
5833,0.4523809523809524,999.0,1.0,0.3953488372093023,0.0,0.0,0.0,0.4519140989729225,0.4461295629362857,0.0,0.0,0.0,0.0,0.0,0.0
5834,0.5833333333333334,999.0,1.0,0.5217391304347826,0.0,0.0,0.0,0.5486111111111112,0.5291666666666667,5.0,0.0,0.0,0.05208333333333337,0.0,5.0
5835,0.5833333333333334,999.0,1.0,0.5217391304347826,0.0,0.0,0.0,0.5486111111111112,0.5291666666666667,5.0,0.0,0.0,0.05208333333333337,0.0,5.0
5836,0.4634146341463415,999.0,1.0,0.40476190476190477,0.0,0.0,0.0,0.4622764227642277,0.45582497315539194,0.0,0.0,0.0,0.0,0.0,0.0
5837,0.4634146341463415,999.0,1.0,0.40476190476190477,0.0,0.0,0.0,0.4622764227642277,0.45582497315539194,0.0,0.0,0.0,0.0,0.0,0.0
5838,0.5483870967741935,999.0,1.0,0.5454545454545454,0.0,0.0,0.0,0.5376344086021505,0.528313650894296,6.0,0.0,0.0,0.0,0.0,6.0
5839,0.5483870967741935,999.0,1.0,0.5454545454545454,0.0,0.0,0.0,0.5376344086021505,0.528313650894296,6.0,0.0,0.0,0.0,0.0,6.0
5840,0.5161290322580645,999.0,1.0,0.7027027027027027,0.0,0.0,0.0,0.48277098010134717,0.47219990149364416,1.0,0.0,0.0,0.04946236559139783,0.0,1.0
5841,0.5423728813559322,999.0,1.0,0.7027027027027027,0.0,0.0,0.0,0.5036236832847002,0.4884762202560001,1.0,0.0,0.0,0.050065189048239866,0.0,1.0
5842,0.5245901639344263,999.0,1.0,0.7027027027027027,0.0,0.0,0.0,0.4909502152157275,0.4764181335034114,1.0,0.0,0.0,0.05001389274798557,0.0,1.0
5843,0.5,999.0,1.0,0.7027027027027027,0.0,0.0,0.0,0.46720430107526884,0.4535732009925558,1.0,0.0,0.0,0.04838709677419356,0.0,1.0
5844,0.5806451612903226,999.0,1.0,0.7027027027027027,0.0,0.0,0.0,0.5487567204301076,0.5214618244658568,3.0,0.0,0.0,0.030645161290322576,0.0,3.0
5845,0.5806451612903226,999.0,1.0,0.7027027027027027,0.0,0.0,0.0,0.5487567204301076,0.5214618244658568,3.0,0.0,0.0,0.030645161290322576,0.0,3.0
5846,0.49230769230769234,999.0,1.0,0.7027027027027027,0.0,0.0,0.0,0.48195854324886583,0.46658860500214283,0.0,0.0,0.0,0.008436724565756837,0.0,0.0
5847,0.5517241379310345,999.0,1.0,0.7027027027027027,0.0,0.0,0.0,0.5198015431608313,0.4925260871868214,2.0,0.0,0.0,0.02791461412151064,0.0,2.0
5848,0.5517241379310345,999.0,1.0,0.7027027027027027,0.0,0.0,0.0,0.5198015431608313,0.4925260871868214,2.0,0.0,0.0,0.02791461412151064,0.0,2.0
5849,0.532258064516129,999.0,1.0,0.7027027027027027,0.0,0.0,0.0,0.48296719220094,0.4691876265903023,1.0,0.0,0.0,0.07324167107350604,0.0,1.0
5850,0.5238095238095238,999.0,1.0,0.7027027027027027,0.0,0.0,0.0,0.5105807387057387,0.49543032907952267,2.0,0.0,0.0,0.008184523809523836,0.0,2.0
5851,0.5238095238095238,999.0,1.0,0.7027027027027027,0.0,0.0,0.0,0.5105807387057387,0.49543032907952267,2.0,0.0,0.0,0.008184523809523836,0.0,2.0
5852,0.5238095238095238,999.0,1.0,0.7027027027027027,0.0,0.0,0.0,0.4947876008326828,0.48003487393244554,1.0,0.0,0.0,0.032006245120999255,0.0,1.0
5853,0.68,999.0,1.0,0.5952380952380952,0.0,0.0,0.0,0.6002476780185758,0.5496222910216718,2.0,0.0,0.0,0.03294117647058825,0.0,2.0
5854,0.7391304347826086,999.0,1.0,0.7027027027027027,0.0,0.0,0.0,0.7236226744783637,0.6813958269092405,32.0,3.0,0.0,0.015726179463459666,0.0,32.0
5855,0.7735849056603774,999.0,1.0,0.7027027027027027,0.0,0.0,0.0,0.6839027130418707,0.6549864365682918,23.0,1.0,0.0,0.11841249186727398,0.0,23.0
5856,0.6666666666666666,999.0,0.0,1.0,0.0,1.0,2.0,0.5899024024024023,0.5525257400257401,4.0,0.0,0.0,0.10416666666666663,2.0,2.0
5857,0.5932203389830508,999.0,1.0,0.4782608695652174,0.0,0.0,0.0,0.5278904224550046,0.4787014665877568,2.0,0.0,0.0,0.08552803129074316,0.0,2.0
5858,0.7761194029850746,999.0,0.0,1.0,0.0,1.0,6.0,0.7043794133346372,0.6366735673525092,5.0,2.0,0.0,0.033695160560832216,5.0,0.0
5859,0.6885245901639344,999.0,0.0,1.0,0.0,1.0,6.0,0.6499627421758569,0.6169681986118569,5.0,0.0,0.0,0.05216095380029806,3.0,2.0
5860,0.6949152542372882,999.0,1.0,0.6585365853658537,0.0,0.0,0.0,0.6692927390667505,0.6330412661461916,6.0,0.0,0.0,0.011581920903954823,0.0,6.0
5861,0.7121212121212122,999.0,0.0,1.0,0.0,1.0,6.0,0.6554151094606712,0.5920389002871328,4.0,2.0,0.0,0.010628674807779293,3.0,1.0
5862,0.44,999.0,1.0,0.6060606060606061,0.0,0.0,0.0,0.4193679393679394,0.40876098842268,0.0,0.0,0.0,0.027301587301587327,0.0,0.0
5863,0.42105263157894735,999.0,1.0,0.6060606060606061,0.0,0.0,0.0,0.3913113291703836,0.38059099330642593,0.0,0.0,0.0,0.04105263157894734,0.0,0.0
5864,0.38571428571428573,999.0,1.0,0.43636363636363634,0.0,0.0,0.0,0.37151721946242494,0.36093502303547964,0.0,0.0,0.0,0.015851272015655615,0.0,0.0
5865,0.375,999.0,1.0,0.509090909090909,0.0,0.0,0.0,0.3635047385047385,0.35787028496330825,0.0,0.0,0.0,0.010135135135135143,0.0,0.0
5866,0.43478260869565216,999.0,1.0,0.45454545454545453,0.0,0.0,0.0,0.4124600037643516,0.4037638810464898,0.0,0.0,0.0,0.03218520609824954,0.0,0.0
5867,0.8923076923076924,999.0,1.0,0.8541666666666666,0.0,0.0,0.0,0.6444678609062171,0.5618419164315912,3.0,1.0,1.0,0.37175974710221293,0.0,3.0
5868,0.40963855421686746,999.0,1.0,0.48214285714285715,0.0,0.0,0.0,0.39661059697728107,0.38665056871268444,0.0,0.0,0.0,0.018334206390780483,0.0,0.0
5869,0.40963855421686746,999.0,1.0,0.48214285714285715,0.0,0.0,0.0,0.39661059697728107,0.38665056871268444,0.0,0.0,0.0,0.018334206390780483,0.0,0.0
5870,0.3218390804597701,999.0,1.0,0.45652173913043476,0.0,0.0,0.0,0.31572614899186907,0.3107214988554812,0.0,0.0,0.0,0.004192021636240717,0.0,0.0
5871,0.3218390804597701,999.0,1.0,0.45652173913043476,0.0,0.0,0.0,0.31572614899186907,0.3107214988554812,0.0,0.0,0.0,0.004192021636240717,0.0,0.0
5872,0.45161290322580644,999.0,1.0,0.35443037974683544,0.0,0.0,0.0,0.36325277315113813,0.3418422211145734,0.0,0.0,0.0,0.12853598014888334,0.0,0.0
5873,0.5,999.0,1.0,0.34615384615384615,0.0,0.0,0.0,0.3997385951597942,0.3741568825860726,1.0,0.0,0.0,0.1440677966101695,0.0,1.0
5874,0.8536585365853658,999.0,0.0,1.0,0.0,1.0,36.0,0.7193428184281844,0.6657300773089565,15.0,1.0,1.0,0.19512195121951215,10.0,5.0
5875,0.660377358490566,999.0,0.0,1.0,0.0,1.0,36.0,0.5674892513235973,0.5456061496986016,6.0,0.0,0.0,0.13495362967700664,5.0,1.0
5876,1.0,999.0,0.0,1.0,0.0,1.0,36.0,0.8585704607046071,0.7978755006453502,24.0,5.0,2.0,0.19512195121951215,17.0,7.0
5877,0.7627118644067796,999.0,0.0,1.0,0.0,1.0,6.0,0.7472653642614647,0.7327548229524833,16.0,5.0,0.0,0.021332554061952003,6.0,10.0
5878,0.375,999.0,1.0,0.3076923076923077,0.0,0.0,0.0,0.34326397646069773,0.3315907196443456,0.0,0.0,0.0,0.04713114754098363,0.0,0.0
5879,0.5584415584415584,999.0,0.0,1.0,0.0,1.0,7.0,0.5172582972582973,0.5022346776030987,2.0,0.0,0.0,0.058441558441558406,1.0,1.0
5880,0.5666666666666667,999.0,0.0,1.0,0.0,1.0,7.0,0.5544802867383513,0.5468746799795187,10.0,0.0,0.0,0.018279569892473146,1.0,9.0
5881,0.5303030303030303,999.0,0.0,1.0,0.0,1.0,7.0,0.5252560043604819,0.5153474386310207,4.0,0.0,0.0,0.00722610722610717,0.0,4.0
5882,0.5454545454545454,999.0,0.0,1.0,0.0,1.0,7.0,0.5223365809586599,0.5119934978709706,4.0,0.0,0.0,0.03074866310160429,1.0,3.0
5883,0.5074626865671642,999.0,0.0,1.0,0.0,1.0,7.0,0.4976566443146586,0.4930341410289496,1.0,0.0,0.0,0.01470906337875838,0.0,1.0
5884,0.5862068965517241,999.0,0.0,1.0,0.0,1.0,7.0,0.5731800766283525,0.5650608751679157,13.0,0.0,0.0,0.019540229885057436,3.0,10.0
5885,0.5967741935483871,999.0,1.0,0.5416666666666666,0.0,0.0,0.0,0.5853896324017953,0.5706456972136507,10.0,0.0,0.0,0.006610259122157625,0.0,10.0
5886,0.6166666666666667,999.0,1.0,0.5652173913043478,0.0,0.0,0.0,0.604712581831226,0.5895571962229369,12.0,0.0,0.0,0.006497175141242928,0.0,12.0
5887,0.6774193548387096,999.0,0.0,1.0,0.0,1.0,12.0,0.6364902122966639,0.6206038047973531,11.0,0.0,0.0,0.060752688172042935,8.0,3.0
5888,0.676923076923077,999.0,1.0,0.7142857142857143,0.0,0.0,0.0,0.6472120472120473,0.625838540544423,11.0,0.0,0.0,0.015384615384615441,0.0,11.0
5889,0.6129032258064516,999.0,1.0,0.5833333333333334,0.0,0.0,0.0,0.6001344086021505,0.5900472003452368,8.0,0.0,0.0,0.019153225806451624,0.0,8.0
5890,0.5846153846153846,999.0,1.0,0.5957446808510638,0.0,0.0,0.0,0.5729812476081132,0.5611090100027765,8.0,0.0,0.0,0.017451205510907064,0.0,8.0
5891,0.5671641791044776,999.0,1.0,0.5833333333333334,0.0,0.0,0.0,0.5562044848222655,0.5476995248701932,7.0,0.0,0.0,0.01643954142331816,0.0,7.0
5892,0.6825396825396826,999.0,0.0,1.0,0.0,1.0,12.0,0.6494492150229856,0.6345468738911363,14.0,0.0,0.0,0.03968253968253965,10.0,4.0
5893,0.6557377049180327,999.0,1.0,0.6666666666666666,0.0,0.0,0.0,0.6282497102169233,0.6169877318397015,11.0,0.0,0.0,0.032786885245901565,0.0,11.0
5894,1.0,999.0,0.0,1.0,0.0,1.0,12.0,0.8571428571428572,0.7916731720010408,19.0,3.0,2.0,0.1607142857142857,11.0,8.0
5895,0.6785714285714286,999.0,1.0,0.6511627906976745,0.0,0.0,0.0,0.6668071694387484,0.6555393610188173,13.0,0.0,0.0,0.005844155844155874,0.0,13.0
5896,0.3492063492063492,999.0,1.0,0.3225806451612903,0.0,0.0,0.0,0.34464886964886965,0.3389732298352988,0.0,0.0,0.0,0.0037518037518037284,0.0,0.0
5897,0.3620689655172414,999.0,1.0,0.3225806451612903,0.0,0.0,0.0,0.34997927265875256,0.33901982165976763,0.0,0.0,0.0,0.0020689655172413945,0.0,0.0
5898,0.375,999.0,1.0,0.3225806451612903,0.0,0.0,0.0,0.37222222222222223,0.3577966101694915,0.0,0.0,0.0,0.0,0.0,0.0
5899,0.425531914893617,999.0,1.0,0.6060606060606061,0.0,0.0,0.0,0.40323179623742106,0.37877192231723267,0.0,0.0,0.0,0.011738811445341168,0.0,0.0
5900,0.38461538461538464,999.0,1.0,0.6060606060606061,0.0,0.0,0.0,0.37826617826617825,0.3614229837958651,0.0,0.0,0.0,0.0036630036630037055,0.0,0.0
5901,0.45652173913043476,999.0,1.0,0.44,0.0,0.0,0.0,0.43044821515094817,0.4069698688362847,0.0,0.0,0.0,0.017925247902364605,0.0,0.0
5902,0.37735849056603776,999.0,1.0,0.3333333333333333,0.0,0.0,0.0,0.37657232704402516,0.3665171667182184,0.0,0.0,0.0,0.0,0.0,0.0
5903,0.375,999.0,1.0,0.35714285714285715,0.0,0.0,0.0,0.3513748597081931,0.3364533311254623,0.0,0.0,0.0,0.02314814814814814,0.0,0.0
5904,0.42592592592592593,999.0,1.0,0.35714285714285715,0.0,0.0,0.0,0.39290123456790127,0.3771623093681918,0.0,0.0,0.0,0.04814814814814816,0.0,0.0
5905,0.36,999.0,1.0,0.35714285714285715,0.0,0.0,0.0,0.3461904761904762,0.3361991341991342,0.0,0.0,0.0,0.020714285714285685,0.0,0.0
5906,0.391304347826087,999.0,1.0,0.35714285714285715,0.0,0.0,0.0,0.3826644370122631,0.37047219545377247,0.0,0.0,0.0,0.0,0.0,0.0
5907,0.36363636363636365,999.0,1.0,0.37777777777777777,0.0,0.0,0.0,0.3362658846529814,0.3277794312893013,0.0,0.0,0.0,0.04105571847507333,0.0,0.0
5908,0.66,999.0,0.0,1.0,0.0,1.0,7.0,0.6339051332033788,0.5858568643831801,4.0,0.0,0.0,0.010877192982456152,3.0,1.0
5909,0.41818181818181815,999.0,1.0,0.65625,0.0,0.0,0.0,0.40352229188436084,0.39880561724485347,0.0,0.0,0.0,0.021630094043887105,0.0,0.0
5910,0.41818181818181815,999.0,1.0,0.65625,0.0,0.0,0.0,0.40352229188436084,0.39880561724485347,0.0,0.0,0.0,0.021630094043887105,0.0,0.0
5911,0.4807692307692308,999.0,1.0,0.4523809523809524,0.0,0.0,0.0,0.44551282051282054,0.4173076923076923,0.0,0.0,0.0,0.0,0.0,0.0
5912,0.5802469135802469,999.0,1.0,0.4696969696969697,0.0,0.0,0.0,0.5288829316498219,0.48321548693634303,2.0,0.0,0.0,0.056991099626758523,0.0,2.0
5913,0.5,999.0,1.0,0.43283582089552236,0.0,0.0,0.0,0.4325301204819277,0.41320854847963273,1.0,0.0,0.0,0.09999999999999998,0.0,1.0
5914,0.5555555555555556,999.0,1.0,0.515625,0.0,0.0,0.0,0.48751076658053405,0.434416572307871,2.0,0.0,0.0,0.05555555555555558,0.0,2.0
5915,0.5365853658536586,999.0,1.0,0.515625,0.0,0.0,0.0,0.4872114663987772,0.4244810748506042,2.0,0.0,0.0,0.01851307669703206,0.0,2.0
5916,0.5180722891566265,999.0,1.0,0.515625,0.0,0.0,0.0,0.4861828265442723,0.42090906798307837,2.0,0.0,0.0,0.01807228915662651,0.0,2.0
5917,0.5454545454545454,999.0,1.0,0.515625,0.0,0.0,0.0,0.4820461799941964,0.43371730876151904,1.0,0.0,0.0,0.08663101604278073,0.0,1.0
5918,0.38,999.0,1.0,0.34210526315789475,0.0,0.0,0.0,0.3606410256410257,0.3478660968660969,0.0,0.0,0.0,0.024230769230769222,0.0,0.0
5919,0.5409836065573771,999.0,1.0,0.5094339622641509,0.0,0.0,0.0,0.503857280617165,0.4934908389585343,1.0,0.0,0.0,0.055689488910318274,0.0,1.0
5920,0.3625,999.0,1.0,0.3787878787878788,0.0,0.0,0.0,0.3281920077972709,0.30404246296702647,0.0,0.0,0.0,0.04305555555555557,0.0,0.0
5921,0.5072463768115942,999.0,1.0,0.68,0.0,0.0,0.0,0.47463768115942034,0.44773256479749596,2.0,0.0,0.0,0.007246376811594235,0.0,2.0
5922,0.4090909090909091,999.0,1.0,0.6842105263157895,0.0,0.0,0.0,0.4090909090909091,0.3881186381186381,0.0,0.0,0.0,0.0,0.0,0.0
5923,0.4307692307692308,999.0,1.0,0.6964285714285714,0.0,0.0,0.0,0.4163170163170164,0.39192675597494875,0.0,0.0,0.0,0.021678321678321677,0.0,0.0
5924,0.4090909090909091,999.0,1.0,0.6964285714285714,0.0,0.0,0.0,0.4090909090909091,0.3844069264069264,0.0,0.0,0.0,0.0,0.0,0.0
5925,0.6415094339622641,999.0,0.0,1.0,0.0,1.0,6.0,0.5570625007909089,0.4962292378087484,2.0,0.0,0.0,0.034366576819407024,2.0,0.0
5926,0.5877192982456141,999.0,1.0,0.5714285714285714,0.0,0.0,0.0,0.5324143692564746,0.5109607948842398,2.0,0.0,0.0,0.06986215538847118,0.0,2.0
5927,0.5877192982456141,999.0,1.0,0.5714285714285714,0.0,0.0,0.0,0.5324143692564746,0.5109607948842398,2.0,0.0,0.0,0.06986215538847118,0.0,2.0
5928,0.5,999.0,1.0,0.5714285714285714,0.0,0.0,0.0,0.47818126335062555,0.46777832322776663,1.0,0.0,0.0,0.03097345132743362,0.0,1.0
5929,0.5,999.0,1.0,0.5714285714285714,0.0,0.0,0.0,0.47818126335062555,0.46777832322776663,1.0,0.0,0.0,0.03097345132743362,0.0,1.0
5930,0.3793103448275862,999.0,1.0,0.463768115942029,0.0,0.0,0.0,0.3623374550098688,0.3500885571483161,0.0,0.0,0.0,0.025143678160919503,0.0,0.0
5931,0.36486486486486486,999.0,1.0,0.5918367346938775,0.0,0.0,0.0,0.3602807473433136,0.35616844840598816,0.0,0.0,0.0,0.0025460242851547132,0.0,0.0
5932,0.36486486486486486,999.0,1.0,0.5918367346938775,0.0,0.0,0.0,0.3602807473433136,0.35616844840598816,0.0,0.0,0.0,0.0025460242851547132,0.0,0.0
5933,0.36486486486486486,999.0,1.0,0.5918367346938775,0.0,0.0,0.0,0.3602807473433136,0.35616844840598816,0.0,0.0,0.0,0.0025460242851547132,0.0,0.0
5934,0.36486486486486486,999.0,1.0,0.5918367346938775,0.0,0.0,0.0,0.3602807473433136,0.35616844840598816,0.0,0.0,0.0,0.0025460242851547132,0.0,0.0
5935,0.5666666666666667,999.0,1.0,1.0,0.0,0.0,0.0,0.5504960317460318,0.5409736097236097,6.0,0.0,0.0,0.013095238095238049,0.0,6.0
5936,0.5666666666666667,999.0,1.0,1.0,0.0,0.0,0.0,0.5504960317460318,0.5409736097236097,6.0,0.0,0.0,0.013095238095238049,0.0,6.0
5937,0.5666666666666667,999.0,1.0,1.0,0.0,0.0,0.0,0.5504960317460318,0.5409736097236097,6.0,0.0,0.0,0.013095238095238049,0.0,6.0
5938,0.5666666666666667,999.0,1.0,1.0,0.0,0.0,0.0,0.5504960317460318,0.5409736097236097,6.0,0.0,0.0,0.013095238095238049,0.0,6.0
5939,0.375,999.0,1.0,0.5714285714285714,0.0,0.0,0.0,0.36722222222222217,0.35818644067796607,0.0,0.0,0.0,0.00833333333333336,0.0,0.0
5940,0.375,999.0,1.0,0.5714285714285714,0.0,0.0,0.0,0.36722222222222217,0.35818644067796607,0.0,0.0,0.0,0.00833333333333336,0.0,0.0
5941,0.375,999.0,1.0,0.5714285714285714,0.0,0.0,0.0,0.36722222222222217,0.35818644067796607,0.0,0.0,0.0,0.00833333333333336,0.0,0.0
5942,0.3333333333333333,999.0,1.0,0.509090909090909,0.0,0.0,0.0,0.3226569492392277,0.31940266669001727,0.0,0.0,0.0,0.015151515151515138,0.0,0.0
5943,0.3333333333333333,999.0,1.0,0.509090909090909,0.0,0.0,0.0,0.3226569492392277,0.31940266669001727,0.0,0.0,0.0,0.015151515151515138,0.0,0.0
5944,0.3333333333333333,999.0,1.0,0.509090909090909,0.0,0.0,0.0,0.3226569492392277,0.31940266669001727,0.0,0.0,0.0,0.015151515151515138,0.0,0.0
5945,0.3333333333333333,999.0,1.0,0.509090909090909,0.0,0.0,0.0,0.3226569492392277,0.31940266669001727,0.0,0.0,0.0,0.015151515151515138,0.0,0.0
5946,0.4411764705882353,999.0,1.0,0.6730769230769231,0.0,0.0,0.0,0.4255873520579403,0.4180636725761625,0.0,0.0,0.0,0.022257551669316367,0.0,0.0
5947,0.4411764705882353,999.0,1.0,0.6730769230769231,0.0,0.0,0.0,0.4255873520579403,0.4180636725761625,0.0,0.0,0.0,0.022257551669316367,0.0,0.0
5948,0.4411764705882353,999.0,1.0,0.6730769230769231,0.0,0.0,0.0,0.4255873520579403,0.4180636725761625,0.0,0.0,0.0,0.022257551669316367,0.0,0.0
5949,0.4411764705882353,999.0,1.0,0.6730769230769231,0.0,0.0,0.0,0.4255873520579403,0.4180636725761625,0.0,0.0,0.0,0.022257551669316367,0.0,0.0
5950,0.4489795918367347,999.0,1.0,0.46,0.0,0.0,0.0,0.44723329945004825,0.4440213213891065,0.0,0.0,0.0,0.0007037297677691678,0.0,0.0
5951,0.4489795918367347,999.0,1.0,0.46,0.0,0.0,0.0,0.44723329945004825,0.4440213213891065,0.0,0.0,0.0,0.0007037297677691678,0.0,0.0
5952,0.4489795918367347,999.0,1.0,0.46,0.0,0.0,0.0,0.44723329945004825,0.4440213213891065,0.0,0.0,0.0,0.0007037297677691678,0.0,0.0
5953,0.4423076923076923,999.0,1.0,0.46,0.0,0.0,0.0,0.4021512156097032,0.38777859654334423,0.0,0.0,0.0,0.055210918114143914,0.0,0.0
5954,0.4423076923076923,999.0,1.0,0.46,0.0,0.0,0.0,0.4021512156097032,0.38777859654334423,0.0,0.0,0.0,0.055210918114143914,0.0,0.0
5955,0.4423076923076923,999.0,1.0,0.46,0.0,0.0,0.0,0.4021512156097032,0.38777859654334423,0.0,0.0,0.0,0.055210918114143914,0.0,0.0
5956,0.5172413793103449,999.0,1.0,0.723404255319149,0.0,0.0,0.0,0.5114942528735632,0.4974207452725251,3.0,0.0,0.0,0.0,0.0,3.0
5957,0.5172413793103449,999.0,1.0,0.723404255319149,0.0,0.0,0.0,0.5114942528735632,0.4974207452725251,3.0,0.0,0.0,0.0,0.0,3.0
5958,0.5172413793103449,999.0,1.0,0.723404255319149,0.0,0.0,0.0,0.5114942528735632,0.4974207452725251,3.0,0.0,0.0,0.0,0.0,3.0
5959,0.5172413793103449,999.0,1.0,0.723404255319149,0.0,0.0,0.0,0.5114942528735632,0.4974207452725251,3.0,0.0,0.0,0.0,0.0,3.0
5960,0.5058823529411764,999.0,1.0,1.0,0.0,0.0,0.0,0.4936782401662024,0.4777152397256641,1.0,0.0,0.0,0.01221146686522706,0.0,1.0
5961,0.6617647058823529,999.0,1.0,0.8518518518518519,0.0,0.0,0.0,0.6310924369747899,0.6055545904538653,5.0,0.0,0.0,0.03319327731092436,0.0,5.0
5962,0.5921052631578947,999.0,1.0,0.6307692307692307,0.0,0.0,0.0,0.4766599267769591,0.4455877928008694,1.0,0.0,0.0,0.16199773627617425,0.0,1.0
5963,0.7377049180327869,999.0,1.0,1.0,0.0,0.0,0.0,0.5704586013695788,0.5227513512979378,1.0,1.0,0.0,0.24403403195683754,0.0,1.0
5964,0.5416666666666666,999.0,1.0,0.5862068965517241,0.0,0.0,0.0,0.5345189701897018,0.5134214629434688,3.0,0.0,0.0,0.004166666666666652,0.0,3.0
5965,0.6842105263157895,999.0,1.0,1.0,0.0,0.0,0.0,0.6272736068111455,0.6053557607253428,15.0,0.0,0.0,0.07483552631578949,0.0,15.0
5966,0.4925373134328358,999.0,1.0,0.8974358974358975,0.0,0.0,0.0,0.4474577930022021,0.4221382464927557,0.0,0.0,0.0,0.0525373134328358,0.0,0.0
5967,0.5777777777777777,999.0,1.0,0.8974358974358975,0.0,0.0,0.0,0.5470298220298221,0.5160227712666737,4.0,0.0,0.0,0.03232323232323231,0.0,4.0
5968,0.5777777777777777,999.0,1.0,0.8974358974358975,0.0,0.0,0.0,0.5470298220298221,0.5160227712666737,4.0,0.0,0.0,0.03232323232323231,0.0,4.0
5969,0.6451612903225806,999.0,1.0,1.0,0.0,0.0,0.0,0.6047973531844499,0.5796748524001026,6.0,0.0,0.0,0.04516129032258065,0.0,6.0
5970,0.5344827586206896,999.0,1.0,0.54,0.0,0.0,0.0,0.5253451732307711,0.5077862894588246,3.0,0.0,0.0,0.009059029807130248,0.0,3.0
5971,0.5344827586206896,999.0,1.0,0.54,0.0,0.0,0.0,0.5253451732307711,0.5077862894588246,3.0,0.0,0.0,0.009059029807130248,0.0,3.0
5972,0.9069767441860465,999.0,1.0,1.0,0.0,0.0,0.0,0.7806752545979632,0.7399684950768372,31.0,3.0,1.0,0.17781007751937983,0.0,31.0
5973,0.5925925925925926,999.0,1.0,0.6086956521739131,0.0,0.0,0.0,0.5787759851967502,0.5589659738408495,5.0,0.0,0.0,0.0024286581663630624,0.0,5.0
5974,0.7358490566037735,999.0,1.0,1.0,0.0,0.0,0.0,0.7013453103028522,0.6771197624942876,14.0,2.0,0.0,0.028952504879635632,0.0,14.0
5975,0.7358490566037735,999.0,1.0,1.0,0.0,0.0,0.0,0.691701826959778,0.6713336724884431,14.0,1.0,0.0,0.05788295490885831,0.0,14.0
5976,0.5161290322580645,999.0,1.0,1.0,0.0,0.0,0.0,0.5030289262456459,0.49332062372124375,2.0,0.0,0.0,0.016129032258064502,0.0,2.0
5977,0.5161290322580645,999.0,1.0,1.0,0.0,0.0,0.0,0.5030289262456459,0.49332062372124375,2.0,0.0,0.0,0.016129032258064502,0.0,2.0
5978,0.75,999.0,1.0,1.0,0.0,0.0,0.0,0.6949388209121246,0.6670243426083248,16.0,1.0,0.0,0.06034482758620685,0.0,16.0
5979,0.5517241379310345,999.0,1.0,0.5384615384615384,0.0,0.0,0.0,0.4913527139850598,0.4470397923839058,1.0,0.0,0.0,0.06600985221674877,0.0,1.0
5980,0.660377358490566,999.0,1.0,1.0,0.0,0.0,0.0,0.6138096485973845,0.5880993089719505,5.0,0.0,0.0,0.066627358490566,0.0,5.0
5981,0.65625,999.0,1.0,1.0,0.0,0.0,0.0,0.6317616959064328,0.6021820175438597,6.0,0.0,0.0,0.03125,0.0,6.0
5982,0.4945054945054945,999.0,1.0,0.5645161290322581,0.0,0.0,0.0,0.4639624828965643,0.43576033677595805,0.0,0.0,0.0,0.03798375537505977,0.0,0.0
5983,0.6730769230769231,999.0,1.0,1.0,0.0,0.0,0.0,0.6221384868925852,0.5887186981961572,5.0,0.0,0.0,0.06990231990231999,0.0,5.0
5984,0.4835164835164835,999.0,1.0,0.5645161290322581,0.0,0.0,0.0,0.44538180053852455,0.4149563530503874,0.0,0.0,0.0,0.03786430960344006,0.0,0.0
5985,0.4888888888888889,999.0,1.0,0.5645161290322581,0.0,0.0,0.0,0.4504010151068975,0.4194381521590464,0.0,0.0,0.0,0.038339438339438314,0.0,0.0
5986,1.0,999.0,1.0,1.0,0.0,0.0,0.0,0.7854406130268199,0.7318030883548123,27.0,1.0,1.0,0.31034482758620685,0.0,27.0
5987,0.5254237288135594,999.0,1.0,0.5333333333333333,0.0,0.0,0.0,0.4807149183745422,0.44463552379467836,1.0,0.0,0.0,0.03336023675006733,0.0,1.0
5988,0.660377358490566,999.0,1.0,1.0,0.0,0.0,0.0,0.5975296323173681,0.5431185848867488,3.0,0.0,0.0,0.066627358490566,0.0,3.0
5989,0.660377358490566,999.0,1.0,1.0,0.0,0.0,0.0,0.5975296323173681,0.5431185848867488,3.0,0.0,0.0,0.066627358490566,0.0,3.0
5990,0.44680851063829785,999.0,1.0,0.5666666666666667,0.0,0.0,0.0,0.4341154104481859,0.42694890966302096,0.0,0.0,0.0,0.018237082066869303,0.0,0.0
5991,1.0,999.0,1.0,1.0,0.0,0.0,0.0,0.7854406130268199,0.7318030883548123,27.0,1.0,1.0,0.31034482758620685,0.0,27.0
5992,1.0,999.0,1.0,1.0,0.0,0.0,0.0,0.7854406130268199,0.7318030883548123,27.0,1.0,1.0,0.31034482758620685,0.0,27.0
5993,1.0,999.0,1.0,1.0,0.0,0.0,0.0,0.7854406130268199,0.7318030883548123,27.0,1.0,1.0,0.31034482758620685,0.0,27.0
5994,1.0,999.0,1.0,1.0,0.0,0.0,0.0,0.7854406130268199,0.7318030883548123,27.0,1.0,1.0,0.31034482758620685,0.0,27.0
5995,0.5533980582524272,999.0,1.0,0.5666666666666667,0.0,0.0,0.0,0.5288505656888144,0.5192520869861041,6.0,0.0,0.0,0.03453013372412528,0.0,6.0
5996,0.49523809523809526,999.0,1.0,0.5666666666666667,0.0,0.0,0.0,0.4650259462759463,0.45335900210900204,0.0,0.0,0.0,0.04331501831501833,0.0,0.0
5997,0.4563106796116505,999.0,1.0,0.5666666666666667,0.0,0.0,0.0,0.4497844182990722,0.443609183089535,0.0,0.0,0.0,0.007712548770529015,0.0,0.0
5998,0.47115384615384615,999.0,1.0,0.5666666666666667,0.0,0.0,0.0,0.4672823051535923,0.46165707031254055,0.0,0.0,0.0,0.005807311500380774,0.0,0.0
5999,0.5833333333333334,999.0,1.0,0.4482758620689655,0.0,0.0,0.0,0.5265255009107469,0.4989661480040753,2.0,0.0,0.0,0.0625,0.0,2.0
6000,0.4528301886792453,999.0,1.0,0.5111111111111111,0.0,0.0,0.0,0.4465462331058477,0.43532160778803697,0.0,0.0,0.0,0.006021678040947442,0.0,0.0
6001,0.4528301886792453,999.0,1.0,0.5111111111111111,0.0,0.0,0.0,0.4465462331058477,0.43532160778803697,0.0,0.0,0.0,0.006021678040947442,0.0,0.0
6002,0.4528301886792453,999.0,1.0,0.5111111111111111,0.0,0.0,0.0,0.4465462331058477,0.43532160778803697,0.0,0.0,0.0,0.006021678040947442,0.0,0.0
6003,0.3384615384615385,999.0,1.0,0.4716981132075472,0.0,0.0,0.0,0.3187079587079587,0.29407322053897395,0.0,0.0,0.0,0.0007992007992008165,0.0,0.0
6004,0.453125,999.0,1.0,0.45098039215686275,0.0,0.0,0.0,0.4332951477692526,0.42054046894324165,0.0,0.0,0.0,0.0266544117647059,0.0,0.0
6005,0.6851851851851852,999.0,1.0,0.6730769230769231,0.0,0.0,0.0,0.6500782879119136,0.6269834481569843,5.0,0.0,0.0,0.047254150702426556,0.0,5.0
6006,0.6851851851851852,999.0,1.0,0.6730769230769231,0.0,0.0,0.0,0.6500782879119136,0.6269834481569843,5.0,0.0,0.0,0.047254150702426556,0.0,5.0
6007,0.45,999.0,1.0,0.4444444444444444,0.0,0.0,0.0,0.4325781524411661,0.42542521959202373,0.0,0.0,0.0,0.025342465753424692,0.0,0.0
6008,0.56,999.0,1.0,1.0,0.0,0.0,0.0,0.5145054945054945,0.48071994795214035,2.0,0.0,0.0,0.06000000000000005,0.0,2.0
6009,0.5436893203883495,999.0,1.0,1.0,0.0,0.0,0.0,0.5064678687008785,0.493676639587874,1.0,0.0,0.0,0.053689320388349504,0.0,1.0
6010,0.6666666666666666,999.0,1.0,1.0,0.0,0.0,0.0,0.6405439255680802,0.6125450502262096,5.0,0.0,0.0,0.02898550724637683,0.0,5.0
6011,1.0,999.0,1.0,1.0,0.0,0.0,0.0,0.7664109121909634,0.7141322616002923,19.0,1.0,1.0,0.34782608695652173,0.0,19.0
6012,1.0,999.0,1.0,1.0,0.0,0.0,0.0,0.7664109121909634,0.7141322616002923,19.0,1.0,1.0,0.34782608695652173,0.0,19.0
6013,1.0,999.0,1.0,1.0,0.0,0.0,0.0,0.7664109121909634,0.7141322616002923,19.0,1.0,1.0,0.34782608695652173,0.0,19.0
6014,1.0,999.0,1.0,1.0,0.0,0.0,0.0,0.7664109121909634,0.7141322616002923,19.0,1.0,1.0,0.34782608695652173,0.0,19.0
6015,0.6575342465753424,999.0,1.0,1.0,0.0,0.0,0.0,0.550228310502283,0.524276180440564,2.0,0.0,0.0,0.15753424657534243,0.0,2.0
6016,0.6575342465753424,999.0,1.0,1.0,0.0,0.0,0.0,0.550228310502283,0.524276180440564,2.0,0.0,0.0,0.15753424657534243,0.0,2.0
6017,0.6575342465753424,999.0,1.0,1.0,0.0,0.0,0.0,0.550228310502283,0.524276180440564,2.0,0.0,0.0,0.15753424657534243,0.0,2.0
6018,0.6575342465753424,999.0,1.0,1.0,0.0,0.0,0.0,0.550228310502283,0.524276180440564,2.0,0.0,0.0,0.15753424657534243,0.0,2.0
6019,0.7058823529411765,999.0,1.0,0.6825396825396826,0.0,0.0,0.0,0.586764705882353,0.5548697112718063,4.0,1.0,0.0,0.17647058823529416,0.0,4.0
6020,0.7058823529411765,999.0,1.0,0.6825396825396826,0.0,0.0,0.0,0.586764705882353,0.5548697112718063,4.0,1.0,0.0,0.17647058823529416,0.0,4.0
6021,0.7058823529411765,999.0,1.0,0.6825396825396826,0.0,0.0,0.0,0.586764705882353,0.5548697112718063,4.0,1.0,0.0,0.17647058823529416,0.0,4.0
6022,0.7058823529411765,999.0,1.0,0.6825396825396826,0.0,0.0,0.0,0.586764705882353,0.5548697112718063,4.0,1.0,0.0,0.17647058823529416,0.0,4.0
6023,0.6233766233766234,999.0,1.0,0.5675675675675675,0.0,0.0,0.0,0.5165775401069518,0.4848174362844809,1.0,0.0,0.0,0.15584415584415584,0.0,1.0
6024,0.6233766233766234,999.0,1.0,0.5675675675675675,0.0,0.0,0.0,0.5165775401069518,0.4848174362844809,1.0,0.0,0.0,0.15584415584415584,0.0,1.0
6025,0.6233766233766234,999.0,1.0,0.5675675675675675,0.0,0.0,0.0,0.5165775401069518,0.4848174362844809,1.0,0.0,0.0,0.15584415584415584,0.0,1.0
6026,0.425,999.0,1.0,0.4520547945205479,0.0,0.0,0.0,0.38062303193882147,0.3644282409320003,0.0,0.0,0.0,0.06602564102564101,0.0,0.0
6027,0.3191489361702128,999.0,1.0,0.4186046511627907,0.0,0.0,0.0,0.3142533490937746,0.3075294973586422,0.0,0.0,0.0,0.0066489361702127825,0.0,0.0
6028,0.6935483870967742,999.0,1.0,0.6481481481481481,0.0,0.0,0.0,0.5578494623655914,0.5240411141192125,2.0,0.0,0.0,0.19354838709677424,0.0,2.0
6029,0.4936708860759494,999.0,1.0,0.4861111111111111,0.0,0.0,0.0,0.4398347398030942,0.426780935677611,0.0,0.0,0.0,0.08033755274261606,0.0,0.0
6030,0.4074074074074074,999.0,1.0,0.43243243243243246,0.0,0.0,0.0,0.3700439221272555,0.3553596866096866,0.0,0.0,0.0,0.04843304843304841,0.0,0.0
6031,0.6666666666666666,999.0,1.0,0.6181818181818182,0.0,0.0,0.0,0.5423976608187134,0.5070143540669856,2.0,0.0,0.0,0.16666666666666663,0.0,2.0
6032,0.475,999.0,1.0,0.4657534246575342,0.0,0.0,0.0,0.4336111111111111,0.4220943775100402,0.0,0.0,0.0,0.06166666666666665,0.0,0.0
6033,0.6111111111111112,999.0,1.0,0.723404255319149,0.0,0.0,0.0,0.5900801875929066,0.5741092406468804,6.0,0.0,0.0,0.020947176684881663,0.0,6.0
6034,0.7818181818181819,999.0,1.0,0.6481481481481481,0.0,0.0,0.0,0.742432802602294,0.7164770512884236,5.0,3.0,0.0,0.05300462249614801,0.0,5.0
6035,0.75,999.0,1.0,0.6481481481481481,0.0,0.0,0.0,0.7128415300546448,0.6883109786388475,5.0,2.0,0.0,0.050000000000000044,0.0,5.0
6036,0.7288135593220338,999.0,1.0,0.7068965517241379,0.0,0.0,0.0,0.6944094139539055,0.6620187827007016,5.0,1.0,0.0,0.046273876782351286,0.0,5.0
6037,1.0,999.0,1.0,1.0,0.0,0.0,0.0,0.8902340597255852,0.8510481110300118,6.0,5.0,4.0,0.1428571428571429,0.0,6.0
6038,1.0,999.0,1.0,1.0,0.0,0.0,0.0,0.7664109121909634,0.7141322616002923,19.0,1.0,1.0,0.34782608695652173,0.0,19.0
6039,0.41025641025641024,999.0,1.0,0.49230769230769234,0.0,0.0,0.0,0.3679737352552108,0.35643526560785216,0.0,0.0,0.0,0.06141920095408465,0.0,0.0
6040,0.30434782608695654,999.0,1.0,0.4025974025974026,0.0,0.0,0.0,0.2881906385742703,0.27990347750207756,0.0,0.0,0.0,0.018633540372670843,0.0,0.0
6041,0.5909090909090909,999.0,1.0,0.546875,0.0,0.0,0.0,0.5657825742332786,0.5489504385558287,5.0,0.0,0.0,0.03376623376623378,0.0,5.0
6042,0.4935064935064935,999.0,1.0,0.4666666666666667,0.0,0.0,0.0,0.4753523100406569,0.4630438983396651,0.0,0.0,0.0,0.024370691037357728,0.0,0.0
6043,0.5614035087719298,999.0,1.0,0.5918367346938775,0.0,0.0,0.0,0.5093866742327516,0.48884878775643426,1.0,0.0,0.0,0.07083747103608073,0.0,1.0
6044,0.5614035087719298,999.0,1.0,0.5918367346938775,0.0,0.0,0.0,0.5093866742327516,0.48884878775643426,1.0,0.0,0.0,0.07083747103608073,0.0,1.0
6045,0.6,999.0,1.0,1.0,0.0,0.0,0.0,0.5756613756613757,0.5495416946121171,4.0,0.0,0.0,0.02857142857142858,0.0,4.0
6046,0.5932203389830508,999.0,1.0,1.0,0.0,0.0,0.0,0.557574481524371,0.5039832380174587,3.0,0.0,0.0,0.02800294767870304,0.0,3.0
6047,1.0,999.0,1.0,1.0,0.0,0.0,0.0,0.7854406130268199,0.7318030883548123,27.0,1.0,1.0,0.31034482758620685,0.0,27.0
6048,1.0,999.0,1.0,1.0,0.0,0.0,0.0,0.7854406130268199,0.7318030883548123,27.0,1.0,1.0,0.31034482758620685,0.0,27.0
6049,0.5,999.0,1.0,1.0,0.0,0.0,0.0,0.4849269504441918,0.47456821040029434,1.0,0.0,0.0,0.01648351648351648,0.0,1.0
6050,0.5402298850574713,999.0,1.0,1.0,0.0,0.0,0.0,0.535067470843333,0.5232606490184882,4.0,0.0,0.0,0.002729885057471293,0.0,4.0
6051,0.6410256410256411,999.0,1.0,1.0,0.0,0.0,0.0,0.6293256201792787,0.6157810560196862,11.0,0.0,0.0,0.01602564102564108,0.0,11.0
6052,0.6486486486486487,999.0,1.0,1.0,0.0,0.0,0.0,0.5533374283374283,0.5271297198308222,3.0,0.0,0.0,0.13728501228501233,0.0,3.0
6053,0.7142857142857143,999.0,1.0,1.0,0.0,0.0,0.0,0.6186057860341201,0.5869715524285528,8.0,1.0,0.0,0.13597246127366613,0.0,8.0
6054,0.8524590163934426,999.0,1.0,1.0,0.0,0.0,0.0,0.687057836149764,0.642576662770531,16.0,1.0,1.0,0.2405187178859799,0.0,16.0
6055,0.6081081081081081,999.0,1.0,0.4444444444444444,0.0,0.0,0.0,0.5427027027027027,0.5167882882882883,3.0,0.0,0.0,0.0881081081081081,0.0,3.0
6056,0.6607142857142857,999.0,1.0,0.6481481481481481,0.0,0.0,0.0,0.6279794431433775,0.6063691954675561,5.0,0.0,0.0,0.044047619047619,0.0,5.0
6057,0.410958904109589,999.0,1.0,0.45098039215686275,0.0,0.0,0.0,0.3832807944997992,0.3740734149714845,0.0,0.0,0.0,0.03916403231471721,0.0,0.0
6058,0.5306122448979592,999.0,1.0,0.5714285714285714,0.0,0.0,0.0,0.516156462585034,0.4981638229062117,3.0,0.0,0.0,0.012755102040816313,0.0,3.0
6059,0.5306122448979592,999.0,1.0,0.5714285714285714,0.0,0.0,0.0,0.516156462585034,0.4981638229062117,3.0,0.0,0.0,0.012755102040816313,0.0,3.0
6060,0.5306122448979592,999.0,1.0,0.5714285714285714,0.0,0.0,0.0,0.516156462585034,0.4981638229062117,3.0,0.0,0.0,0.012755102040816313,0.0,3.0
6061,0.4838709677419355,999.0,1.0,0.509090909090909,0.0,0.0,0.0,0.47502658631690897,0.4631977699719636,0.0,0.0,0.0,0.006947890818858549,0.0,0.0
6062,0.4838709677419355,999.0,1.0,0.509090909090909,0.0,0.0,0.0,0.47502658631690897,0.4631977699719636,0.0,0.0,0.0,0.006947890818858549,0.0,0.0
6063,0.4838709677419355,999.0,1.0,0.509090909090909,0.0,0.0,0.0,0.47502658631690897,0.4631977699719636,0.0,0.0,0.0,0.006947890818858549,0.0,0.0
6064,0.5454545454545454,999.0,1.0,0.6730769230769231,0.0,0.0,0.0,0.5281804555412304,0.5044082733247383,4.0,0.0,0.0,0.014842300556586197,0.0,4.0
6065,0.5454545454545454,999.0,1.0,0.6730769230769231,0.0,0.0,0.0,0.5281804555412304,0.5044082733247383,4.0,0.0,0.0,0.014842300556586197,0.0,4.0
6066,0.5454545454545454,999.0,1.0,0.6730769230769231,0.0,0.0,0.0,0.5281804555412304,0.5044082733247383,4.0,0.0,0.0,0.014842300556586197,0.0,4.0
6067,0.5454545454545454,999.0,1.0,0.6730769230769231,0.0,0.0,0.0,0.5281804555412304,0.5044082733247383,4.0,0.0,0.0,0.014842300556586197,0.0,4.0
6068,0.375,999.0,1.0,0.5111111111111111,0.0,0.0,0.0,0.37021144278606966,0.3609046434494195,0.0,0.0,0.0,0.0018656716417910224,0.0,0.0
6069,0.4166666666666667,999.0,1.0,0.5121951219512195,0.0,0.0,0.0,0.39071797873378206,0.3774834188192166,0.0,0.0,0.0,0.03431372549019612,0.0,0.0
6070,0.5641025641025641,999.0,1.0,0.5789473684210527,0.0,0.0,0.0,0.5391079508726567,0.514769118349681,3.0,0.0,0.0,0.03469079939668174,0.0,3.0
6071,0.5641025641025641,999.0,1.0,0.5789473684210527,0.0,0.0,0.0,0.5391079508726567,0.514769118349681,3.0,0.0,0.0,0.03469079939668174,0.0,3.0
6072,0.5641025641025641,999.0,1.0,0.5789473684210527,0.0,0.0,0.0,0.5391079508726567,0.514769118349681,3.0,0.0,0.0,0.03469079939668174,0.0,3.0
6073,0.5641025641025641,999.0,1.0,0.5789473684210527,0.0,0.0,0.0,0.5391079508726567,0.514769118349681,3.0,0.0,0.0,0.03469079939668174,0.0,3.0
6074,0.7659574468085106,999.0,1.0,0.8205128205128205,0.0,0.0,0.0,0.7031482805888313,0.6698487925843095,19.0,1.0,0.0,0.06952887537993924,0.0,19.0
6075,0.9069767441860465,999.0,0.0,1.0,0.0,1.0,22.0,0.7806752545979632,0.7399684950768372,31.0,3.0,1.0,0.17781007751937983,10.0,21.0
6076,0.4098360655737705,999.0,1.0,0.49056603773584906,0.0,0.0,0.0,0.40783115766039263,0.40017039270944316,0.0,0.0,0.0,0.002428658166363118,0.0,0.0
6077,0.4098360655737705,999.0,1.0,0.49056603773584906,0.0,0.0,0.0,0.40783115766039263,0.40017039270944316,0.0,0.0,0.0,0.002428658166363118,0.0,0.0
6078,0.52,999.0,1.0,0.6122448979591837,0.0,0.0,0.0,0.5061892827306361,0.4758543321017248,2.0,0.0,0.0,0.011228070175438587,0.0,2.0
6079,0.52,999.0,1.0,0.6122448979591837,0.0,0.0,0.0,0.5061892827306361,0.4758543321017248,2.0,0.0,0.0,0.011228070175438587,0.0,2.0
6080,0.45901639344262296,999.0,1.0,0.4772727272727273,0.0,0.0,0.0,0.4302591332439771,0.41931490023624135,0.0,0.0,0.0,0.042349726775956276,0.0,0.0
6081,0.45901639344262296,999.0,1.0,0.4772727272727273,0.0,0.0,0.0,0.4302591332439771,0.41931490023624135,0.0,0.0,0.0,0.042349726775956276,0.0,0.0
6082,0.4074074074074074,999.0,1.0,0.4444444444444444,0.0,0.0,0.0,0.36860670194003525,0.35373977873977874,0.0,0.0,0.0,0.042328042328042326,0.0,0.0
6083,0.4098360655737705,999.0,1.0,0.41509433962264153,0.0,0.0,0.0,0.40574782432705936,0.3916476654367159,0.0,0.0,0.0,0.002428658166363118,0.0,0.0
6084,0.4098360655737705,999.0,1.0,0.41509433962264153,0.0,0.0,0.0,0.40574782432705936,0.3916476654367159,0.0,0.0,0.0,0.002428658166363118,0.0,0.0
6085,0.3384615384615385,999.0,1.0,0.4716981132075472,0.0,0.0,0.0,0.3187079587079587,0.29407322053897395,0.0,0.0,0.0,0.0007992007992008165,0.0,0.0
6086,0.3384615384615385,999.0,1.0,0.4716981132075472,0.0,0.0,0.0,0.3187079587079587,0.29407322053897395,0.0,0.0,0.0,0.0007992007992008165,0.0,0.0
6087,0.4406779661016949,999.0,1.0,0.5535714285714286,0.0,0.0,0.0,0.42741429798654346,0.42080644314979043,0.0,0.0,0.0,0.014207377866400805,0.0,0.0
6088,0.6511627906976745,999.0,1.0,0.625,0.0,0.0,0.0,0.5775193798449613,0.5349688976073097,3.0,0.0,0.0,0.06976744186046513,0.0,3.0
6089,0.3939393939393939,999.0,1.0,0.375,0.0,0.0,0.0,0.3574310174919931,0.3365275760124372,0.0,0.0,0.0,0.028085735402808565,0.0,0.0
6090,0.37662337662337664,999.0,1.0,0.4090909090909091,0.0,0.0,0.0,0.34956693839791386,0.3340693222516285,0.0,0.0,0.0,0.022192996876541193,0.0,0.0
6091,0.30337078651685395,999.0,1.0,0.32432432432432434,0.0,0.0,0.0,0.2916267847331162,0.2791518950156939,0.0,0.0,0.0,0.014214160010829868,0.0,0.0
6092,0.5375,999.0,1.0,0.515625,0.0,0.0,0.0,0.5294953503286837,0.47010248903927065,3.0,0.0,0.0,0.005032467532467555,0.0,3.0
6093,0.34285714285714286,999.0,1.0,0.32954545454545453,0.0,0.0,0.0,0.31688311688311693,0.3060894660894661,0.0,0.0,0.0,0.03809523809523807,0.0,0.0
6094,0.45098039215686275,999.0,1.0,0.46938775510204084,0.0,0.0,0.0,0.411915430043436,0.3906747383936472,0.0,0.0,0.0,0.04357298474945537,0.0,0.0
6095,0.45098039215686275,999.0,1.0,0.46938775510204084,0.0,0.0,0.0,0.411915430043436,0.3906747383936472,0.0,0.0,0.0,0.04357298474945537,0.0,0.0
6096,0.45098039215686275,999.0,1.0,0.46938775510204084,0.0,0.0,0.0,0.411915430043436,0.3906747383936472,0.0,0.0,0.0,0.04357298474945537,0.0,0.0
6097,0.45098039215686275,999.0,1.0,0.46938775510204084,0.0,0.0,0.0,0.411915430043436,0.3906747383936472,0.0,0.0,0.0,0.04357298474945537,0.0,0.0
6098,0.30158730158730157,999.0,1.0,0.45614035087719296,0.0,0.0,0.0,0.28382075561847714,0.2740506233057268,0.0,0.0,0.0,0.02289877699713766,0.0,0.0
6099,0.30158730158730157,999.0,1.0,0.4166666666666667,0.0,0.0,0.0,0.2869925268544768,0.2795578042482793,0.0,0.0,0.0,0.020885547201336674,0.0,0.0
6100,0.3188405797101449,999.0,1.0,0.3389830508474576,0.0,0.0,0.0,0.29077347772999945,0.277947452587119,0.0,0.0,0.0,0.03678929765886285,0.0,0.0
6101,0.4074074074074074,999.0,1.0,0.4166666666666667,0.0,0.0,0.0,0.3474426807760141,0.3187521846345375,0.0,0.0,0.0,0.0582010582010582,0.0,0.0
6102,0.46808510638297873,999.0,1.0,0.47619047619047616,0.0,0.0,0.0,0.4251921318605283,0.40301126020378747,0.0,0.0,0.0,0.05345096004151534,0.0,0.0
6103,0.4489795918367347,999.0,1.0,0.46511627906976744,0.0,0.0,0.0,0.37754592091709244,0.3459025525502555,0.0,0.0,0.0,0.0696692470091485,0.0,0.0
6104,0.2923076923076923,999.0,1.0,0.39215686274509803,0.0,0.0,0.0,0.27481468137205844,0.26555522866773706,0.0,0.0,0.0,0.022466422466422498,0.0,0.0
6105,0.39285714285714285,999.0,1.0,0.39215686274509803,0.0,0.0,0.0,0.3399267399267399,0.3106994354323971,0.0,0.0,0.0,0.05439560439560437,0.0,0.0
6106,0.39285714285714285,999.0,1.0,0.4,0.0,0.0,0.0,0.34581371009942447,0.3189118770355444,0.0,0.0,0.0,0.05439560439560437,0.0,0.0
6107,0.34615384615384615,999.0,1.0,0.46296296296296297,0.0,0.0,0.0,0.3271292547608337,0.3212775528565002,0.0,0.0,0.0,0.026709401709401726,0.0,0.0
6108,0.41509433962264153,999.0,1.0,0.46296296296296297,0.0,0.0,0.0,0.3871247630604266,0.373778004818855,0.0,0.0,0.0,0.0380451592947727,0.0,0.0
6109,0.41509433962264153,999.0,1.0,0.46296296296296297,0.0,0.0,0.0,0.3871247630604266,0.373778004818855,0.0,0.0,0.0,0.0380451592947727,0.0,0.0
6110,0.3384615384615385,999.0,1.0,0.46296296296296297,0.0,0.0,0.0,0.3294168559991345,0.31727324550331437,0.0,0.0,0.0,0.0051282051282051655,0.0,0.0
6111,0.38028169014084506,999.0,1.0,0.46296296296296297,0.0,0.0,0.0,0.369131455399061,0.3593010510616145,0.0,0.0,0.0,0.005281690140845063,0.0,0.0
6112,0.34523809523809523,999.0,1.0,0.3389830508474576,0.0,0.0,0.0,0.34321581196581197,0.3416669891141722,0.0,0.0,0.0,0.0014880952380952328,0.0,0.0
6113,0.39285714285714285,999.0,1.0,0.4,0.0,0.0,0.0,0.35278486394557823,0.3254607870352644,0.0,0.0,0.0,0.03348214285714285,0.0,0.0
6114,0.39285714285714285,999.0,1.0,0.4,0.0,0.0,0.0,0.35278486394557823,0.3254607870352644,0.0,0.0,0.0,0.03348214285714285,0.0,0.0
6115,0.5,999.0,1.0,0.5227272727272727,0.0,0.0,0.0,0.42557583659278575,0.3993455019556714,1.0,0.0,0.0,0.09615384615384615,0.0,1.0
6116,0.5,999.0,1.0,0.5227272727272727,0.0,0.0,0.0,0.42557583659278575,0.3993455019556714,1.0,0.0,0.0,0.09615384615384615,0.0,1.0
6117,0.5,999.0,1.0,0.5227272727272727,0.0,0.0,0.0,0.42557583659278575,0.3993455019556714,1.0,0.0,0.0,0.09615384615384615,0.0,1.0
6118,0.5,999.0,1.0,0.5227272727272727,0.0,0.0,0.0,0.42557583659278575,0.3993455019556714,1.0,0.0,0.0,0.09615384615384615,0.0,1.0
6119,0.34523809523809523,999.0,1.0,0.3389830508474576,0.0,0.0,0.0,0.34321581196581197,0.3416669891141722,0.0,0.0,0.0,0.0014880952380952328,0.0,0.0
6120,0.39285714285714285,999.0,1.0,0.4,0.0,0.0,0.0,0.35278486394557823,0.3254607870352644,0.0,0.0,0.0,0.03348214285714285,0.0,0.0
6121,0.46808510638297873,999.0,1.0,0.4186046511627907,0.0,0.0,0.0,0.4325524751056666,0.3991860956857525,0.0,0.0,0.0,0.04255319148936171,0.0,0.0
6122,0.5652173913043478,999.0,1.0,0.5384615384615384,0.0,0.0,0.0,0.5510748153260231,0.5406699518522554,11.0,0.0,0.0,0.00807453416149062,0.0,11.0
6123,0.4090909090909091,999.0,1.0,0.6842105263157895,0.0,0.0,0.0,0.4090909090909091,0.3881186381186381,0.0,0.0,0.0,0.0,0.0,0.0
6124,0.4307692307692308,999.0,1.0,0.6964285714285714,0.0,0.0,0.0,0.4163170163170164,0.39192675597494875,0.0,0.0,0.0,0.021678321678321677,0.0,0.0
6125,0.4090909090909091,999.0,1.0,0.6964285714285714,0.0,0.0,0.0,0.4090909090909091,0.3844069264069264,0.0,0.0,0.0,0.0,0.0,0.0
6126,0.45161290322580644,999.0,1.0,0.47540983606557374,0.0,0.0,0.0,0.410786647466604,0.37360377142569884,0.0,0.0,0.0,0.019180470793373983,0.0,0.0
6127,0.6551724137931034,999.0,1.0,0.6363636363636364,0.0,0.0,0.0,0.6452012822556363,0.636710933287808,30.0,0.0,0.0,0.011104617182933985,0.0,30.0
6128,0.34615384615384615,999.0,1.0,0.35802469135802467,0.0,0.0,0.0,0.3327599819535303,0.32607351494531406,0.0,0.0,0.0,0.016608391608391615,0.0,0.0
6129,1.0,999.0,1.0,1.0,0.0,0.0,0.0,0.925958443078724,0.9034742255110999,16.0,14.0,7.0,0.10447761194029848,0.0,16.0
6130,0.5,999.0,1.0,0.5223880597014925,0.0,0.0,0.0,0.4977168949771689,0.48605870841487275,2.0,0.0,0.0,0.0,0.0,2.0
6131,0.35443037974683544,999.0,1.0,0.46296296296296297,0.0,0.0,0.0,0.3416477334198853,0.33195467606743156,0.0,0.0,0.0,0.004430379746835467,0.0,0.0
6132,0.3218390804597701,999.0,1.0,0.3333333333333333,0.0,0.0,0.0,0.3102395243533977,0.3013683009004547,0.0,0.0,0.0,0.0036572622779519337,0.0,0.0
6133,0.32558139534883723,999.0,1.0,0.3116883116883117,0.0,0.0,0.0,0.31898142844413896,0.3134266507334905,0.0,0.0,0.0,0.003742314889067122,0.0,0.0
6134,0.3522727272727273,999.0,1.0,0.3448275862068966,0.0,0.0,0.0,0.3458886618998978,0.33312843523517677,0.0,0.0,0.0,0.003958120531154241,0.0,0.0
6135,0.345679012345679,999.0,1.0,0.3448275862068966,0.0,0.0,0.0,0.3414505764351356,0.32927510776584323,0.0,0.0,0.0,0.004215597711532626,0.0,0.0
6136,0.6296296296296297,999.0,0.0,1.0,0.0,1.0,10.0,0.5308856416383299,0.47173817818979114,2.0,0.0,0.0,0.09737156511350065,2.0,0.0
6137,0.4057971014492754,999.0,0.0,1.0,0.0,1.0,10.0,0.39553967308583154,0.3765012930289881,0.0,0.0,0.0,0.00853682747667267,0.0,0.0
6138,0.5789473684210527,999.0,1.0,0.5,0.0,0.0,0.0,0.5367324561403509,0.5251644736842105,5.0,0.0,0.0,0.06332236842105265,0.0,5.0
6139,0.5789473684210527,999.0,1.0,0.5,0.0,0.0,0.0,0.5367324561403509,0.5251644736842105,5.0,0.0,0.0,0.06332236842105265,0.0,5.0
6140,0.5789473684210527,999.0,1.0,0.5,0.0,0.0,0.0,0.5367324561403509,0.5251644736842105,5.0,0.0,0.0,0.06332236842105265,0.0,5.0
6141,0.6538461538461539,999.0,0.0,1.0,0.0,1.0,7.0,0.6377018043684711,0.6287064258492829,13.0,0.0,0.0,0.024216524216524205,3.0,10.0
6142,0.5967741935483871,999.0,0.0,1.0,0.0,1.0,1.0,0.5811827956989247,0.5630977982590886,6.0,0.0,0.0,0.0,0.0,6.0
6143,0.4722222222222222,999.0,1.0,0.4057971014492754,0.0,0.0,0.0,0.4200016758840288,0.3955226002148027,0.0,0.0,0.0,0.04914529914529914,0.0,0.0
6144,0.4722222222222222,999.0,1.0,0.4057971014492754,0.0,0.0,0.0,0.4200016758840288,0.3955226002148027,0.0,0.0,0.0,0.04914529914529914,0.0,0.0
6145,0.4722222222222222,999.0,1.0,0.4057971014492754,0.0,0.0,0.0,0.4200016758840288,0.3955226002148027,0.0,0.0,0.0,0.04914529914529914,0.0,0.0
6146,0.4722222222222222,999.0,1.0,0.4057971014492754,0.0,0.0,0.0,0.4200016758840288,0.3955226002148027,0.0,0.0,0.0,0.04914529914529914,0.0,0.0
6147,0.5,999.0,1.0,0.5227272727272727,0.0,0.0,0.0,0.46049021401134077,0.436813608926285,1.0,0.0,0.0,0.02112676056338031,0.0,1.0
6148,0.5,999.0,1.0,0.5,0.0,0.0,0.0,0.46638769816969444,0.44087157994077775,1.0,0.0,0.0,0.02112676056338031,0.0,1.0
6149,0.6567164179104478,999.0,1.0,0.6842105263157895,0.0,0.0,0.0,0.5775514562827996,0.5429164159383545,4.0,0.0,0.0,0.08727197346600335,0.0,4.0
6150,0.6129032258064516,999.0,1.0,1.0,0.0,0.0,0.0,0.576033101412608,0.5605772840241661,9.0,0.0,0.0,0.03937381404174578,0.0,9.0
6151,0.7222222222222222,999.0,1.0,1.0,0.0,0.0,0.0,0.6712962962962963,0.6452576859293278,14.0,1.0,0.0,0.05555555555555558,0.0,14.0
6152,0.6229508196721312,999.0,1.0,1.0,0.0,0.0,0.0,0.5847787155196081,0.5675338959784315,10.0,0.0,0.0,0.04086126743332519,0.0,10.0
6153,0.5523809523809524,999.0,1.0,1.0,0.0,0.0,0.0,0.5341607060655139,0.5160120191549039,4.0,0.0,0.0,0.01629847815414831,0.0,4.0
6154,1.0,999.0,1.0,1.0,0.0,0.0,0.0,0.736768149882904,0.5943392660689304,3.0,1.0,1.0,0.3142857142857143,0.0,3.0
6155,0.5454545454545454,999.0,1.0,0.7115384615384616,0.0,0.0,0.0,0.4824112136936451,0.4442918830613419,2.0,0.0,0.0,0.03841229193341866,0.0,2.0
6156,0.7794117647058824,999.0,0.0,1.0,0.0,1.0,3.0,0.6752100840336134,0.5848416309796305,4.0,2.0,0.0,0.05084033613445382,1.0,3.0
6157,0.8552631578947368,999.0,1.0,1.0,0.0,0.0,0.0,0.755902812064558,0.7253365590336066,23.0,3.0,1.0,0.14794608472400517,0.0,23.0
6158,0.8552631578947368,999.0,1.0,1.0,0.0,0.0,0.0,0.755902812064558,0.7253365590336066,23.0,3.0,1.0,0.14794608472400517,0.0,23.0
6159,0.9078947368421053,999.0,1.0,1.0,0.0,0.0,0.0,0.7510150162701138,0.7093751503646508,23.0,1.0,1.0,0.23347613219094254,0.0,23.0
6160,0.9078947368421053,999.0,1.0,1.0,0.0,0.0,0.0,0.7510150162701138,0.7093751503646508,23.0,1.0,1.0,0.23347613219094254,0.0,23.0
6161,0.9078947368421053,999.0,1.0,1.0,0.0,0.0,0.0,0.7510150162701138,0.7093751503646508,23.0,1.0,1.0,0.23347613219094254,0.0,23.0
6162,0.9078947368421053,999.0,1.0,1.0,0.0,0.0,0.0,0.7510150162701138,0.7093751503646508,23.0,1.0,1.0,0.23347613219094254,0.0,23.0
6163,0.9078947368421053,999.0,1.0,1.0,0.0,0.0,0.0,0.7510150162701138,0.7093751503646508,23.0,1.0,1.0,0.23347613219094254,0.0,23.0
6164,0.9078947368421053,999.0,1.0,1.0,0.0,0.0,0.0,0.7510150162701138,0.7093751503646508,23.0,1.0,1.0,0.23347613219094254,0.0,23.0
6165,0.8552631578947368,999.0,1.0,1.0,0.0,0.0,0.0,0.755902812064558,0.7253365590336066,23.0,3.0,1.0,0.14794608472400517,0.0,23.0
6166,0.8552631578947368,999.0,1.0,1.0,0.0,0.0,0.0,0.755902812064558,0.7253365590336066,23.0,3.0,1.0,0.14794608472400517,0.0,23.0
6167,0.35802469135802467,999.0,1.0,0.45098039215686275,0.0,0.0,0.0,0.3456211665361992,0.3407236512959267,0.0,0.0,0.0,0.016848220769789368,0.0,0.0
6168,0.39436619718309857,999.0,1.0,0.5111111111111111,0.0,0.0,0.0,0.3508998435054773,0.33377800134138164,0.0,0.0,0.0,0.06103286384976525,0.0,0.0
6169,0.4375,999.0,1.0,0.5121951219512195,0.0,0.0,0.0,0.36833452893352464,0.34919824822431234,0.0,0.0,0.0,0.09926470588235292,0.0,0.0
6170,0.6949152542372882,999.0,0.0,1.0,0.0,1.0,176.0,0.6158114109477411,0.5912538119975819,21.0,0.0,0.0,0.10761366693570085,18.0,3.0
6171,0.3181818181818182,999.0,1.0,0.38961038961038963,0.0,0.0,0.0,0.29751863257017896,0.28982339673667756,0.0,0.0,0.0,0.029522024367385213,0.0,0.0
6172,0.782051282051282,999.0,1.0,1.0,0.0,0.0,0.0,0.7387539361223571,0.7132945557662412,21.0,3.0,0.0,0.05836707152496623,0.0,21.0
6173,0.782051282051282,999.0,1.0,1.0,0.0,0.0,0.0,0.7387539361223571,0.7132945557662412,21.0,3.0,0.0,0.05836707152496623,0.0,21.0
6174,0.782051282051282,999.0,1.0,1.0,0.0,0.0,0.0,0.7387539361223571,0.7132945557662412,21.0,3.0,0.0,0.05836707152496623,0.0,21.0
6175,0.7534246575342466,999.0,1.0,1.0,0.0,0.0,0.0,0.7455801428404167,0.7272911866999826,22.0,4.0,0.0,0.009834913944502977,0.0,22.0
6176,0.7534246575342466,999.0,1.0,1.0,0.0,0.0,0.0,0.7455801428404167,0.7272911866999826,22.0,4.0,0.0,0.009834913944502977,0.0,22.0
6177,0.7454545454545455,999.0,0.0,1.0,0.0,1.0,176.0,0.6420332355816227,0.6107432704788602,21.0,1.0,0.0,0.1454545454545455,16.0,5.0
6178,0.6166666666666667,999.0,0.0,1.0,0.0,1.0,176.0,0.5994215765402207,0.5859890075514795,15.0,0.0,0.0,0.006497175141242928,13.0,2.0
6179,0.46464646464646464,999.0,1.0,0.6721311475409836,0.0,0.0,0.0,0.4148524055066111,0.39901914174832254,0.0,0.0,0.0,0.07212310016048334,0.0,0.0
6180,0.5604395604395604,999.0,1.0,0.6721311475409836,0.0,0.0,0.0,0.5004021508875878,0.4815458915808928,1.0,0.0,0.0,0.0856920856920857,0.0,1.0
6181,0.6785714285714286,999.0,0.0,1.0,0.0,1.0,176.0,0.6152452025586354,0.5818455342335939,7.0,0.0,0.0,0.07857142857142863,6.0,1.0
6182,0.6122448979591837,999.0,0.0,1.0,0.0,1.0,6.0,0.563435437067909,0.5292779180637772,3.0,0.0,0.0,0.04361744697879155,0.0,3.0
6183,0.6428571428571429,999.0,1.0,0.8235294117647058,0.0,0.0,0.0,0.6160620988207195,0.5733499308017134,4.0,0.0,0.0,0.006493506493506551,0.0,4.0
6184,0.7407407407407407,999.0,1.0,0.8235294117647058,0.0,0.0,0.0,0.5944260180578588,0.533322277501382,2.0,1.0,0.0,0.19074074074074066,0.0,2.0
6185,0.62,999.0,1.0,0.8235294117647058,0.0,0.0,0.0,0.5827672955974843,0.5549954456733898,5.0,0.0,0.0,0.020000000000000018,0.0,5.0
6186,0.6938775510204082,999.0,0.0,1.0,0.0,1.0,10.0,0.6096103935658049,0.5139221897748887,2.0,0.0,0.0,0.033500192529842154,2.0,0.0
6187,0.671875,999.0,0.0,1.0,0.0,1.0,176.0,0.6222055109922756,0.5914633754817029,8.0,0.0,0.0,0.050662878787878785,8.0,0.0
6188,0.671875,999.0,0.0,1.0,0.0,1.0,176.0,0.6222055109922756,0.5914633754817029,8.0,0.0,0.0,0.050662878787878785,8.0,0.0
6189,0.671875,999.0,0.0,1.0,0.0,1.0,176.0,0.6222055109922756,0.5914633754817029,8.0,0.0,0.0,0.050662878787878785,8.0,0.0
6190,0.671875,999.0,0.0,1.0,0.0,1.0,176.0,0.6222055109922756,0.5914633754817029,8.0,0.0,0.0,0.050662878787878785,8.0,0.0
6191,0.671875,999.0,0.0,1.0,0.0,1.0,176.0,0.6222055109922756,0.5914633754817029,8.0,0.0,0.0,0.050662878787878785,8.0,0.0
6192,0.671875,999.0,0.0,1.0,0.0,1.0,176.0,0.6222055109922756,0.5914633754817029,8.0,0.0,0.0,0.050662878787878785,8.0,0.0
6193,0.7966101694915254,999.0,0.0,1.0,0.0,1.0,176.0,0.6478896643403124,0.5760968658968321,3.0,1.0,0.0,0.22308075772681957,3.0,0.0
6194,0.7966101694915254,999.0,0.0,1.0,0.0,1.0,176.0,0.6478896643403124,0.5760968658968321,3.0,1.0,0.0,0.22308075772681957,3.0,0.0
6195,0.7966101694915254,999.0,0.0,1.0,0.0,1.0,176.0,0.6478896643403124,0.5760968658968321,3.0,1.0,0.0,0.22308075772681957,3.0,0.0
6196,0.7966101694915254,999.0,0.0,1.0,0.0,1.0,176.0,0.6478896643403124,0.5760968658968321,3.0,1.0,0.0,0.22308075772681957,3.0,0.0
6197,0.7966101694915254,999.0,0.0,1.0,0.0,1.0,3.0,0.6996713385484572,0.6317457621308569,7.0,1.0,0.0,0.1403601694915254,2.0,5.0
6198,0.8135593220338984,999.0,0.0,1.0,0.0,1.0,3.0,0.7156575945241199,0.6426956980665351,7.0,1.0,1.0,0.14168432203389836,2.0,5.0
6199,0.7454545454545455,999.0,1.0,0.7209302325581395,0.0,0.0,0.0,0.6529651352231998,0.6208233701782089,14.0,1.0,0.0,0.12878787878787878,0.0,14.0
6200,0.8103448275862069,999.0,1.0,0.7209302325581395,0.0,0.0,0.0,0.7110871647509578,0.6726738042269187,10.0,1.0,1.0,0.14367816091954022,0.0,10.0
6201,0.8275862068965517,999.0,1.0,0.7209302325581395,0.0,0.0,0.0,0.7273336298120782,0.6783356617582146,10.0,1.0,1.0,0.14504652435686916,0.0,10.0
6202,0.8,999.0,1.0,0.7380952380952381,0.0,0.0,0.0,0.7043512043512044,0.6267964151525796,4.0,1.0,1.0,0.13846153846153852,0.0,4.0
6203,0.5806451612903226,999.0,1.0,0.5227272727272727,0.0,0.0,0.0,0.5123767803418166,0.4942973384523192,1.0,0.0,0.0,0.10177192185370293,0.0,1.0
6204,1.0,999.0,0.0,1.0,0.0,1.0,74.0,0.8047973531844499,0.7290502412502374,34.0,2.0,1.0,0.23076923076923073,16.0,18.0
6205,0.7543859649122807,999.0,1.0,0.6829268292682927,0.0,0.0,0.0,0.6586880955302008,0.6281487738605944,5.0,1.0,0.0,0.12361673414304997,0.0,5.0
6206,0.625,999.0,1.0,0.6829268292682927,0.0,0.0,0.0,0.615983606557377,0.6058047690014903,5.0,0.0,0.0,0.002049180327868827,0.0,5.0
6207,0.6153846153846154,999.0,1.0,0.6829268292682927,0.0,0.0,0.0,0.6083540115798179,0.5996121355774702,5.0,0.0,0.0,0.002481389578163795,0.0,5.0
6208,0.5813953488372093,999.0,0.0,1.0,0.0,1.0,96.0,0.44063647490820074,0.4043578753410789,1.0,0.0,0.0,0.2093023255813954,1.0,0.0
6209,0.8103448275862069,999.0,0.0,1.0,0.0,1.0,6.0,0.7415340186337539,0.669265557559297,7.0,2.0,1.0,0.01373465809468144,3.0,4.0
6210,0.4111111111111111,999.0,1.0,0.463768115942029,0.0,0.0,0.0,0.3977722857240929,0.3867503279561949,0.0,0.0,0.0,0.013520749665327958,0.0,0.0
6211,0.3977272727272727,999.0,1.0,0.463768115942029,0.0,0.0,0.0,0.392029948608896,0.38679462737483383,0.0,0.0,0.0,0.008253588516746402,0.0,0.0
6212,0.3977272727272727,999.0,1.0,0.463768115942029,0.0,0.0,0.0,0.392029948608896,0.38679462737483383,0.0,0.0,0.0,0.008253588516746402,0.0,0.0
6213,0.3977272727272727,999.0,1.0,0.463768115942029,0.0,0.0,0.0,0.392029948608896,0.38679462737483383,0.0,0.0,0.0,0.008253588516746402,0.0,0.0
6214,0.3977272727272727,999.0,1.0,0.463768115942029,0.0,0.0,0.0,0.392029948608896,0.38679462737483383,0.0,0.0,0.0,0.008253588516746402,0.0,0.0
6215,0.3977272727272727,999.0,1.0,0.463768115942029,0.0,0.0,0.0,0.392029948608896,0.38679462737483383,0.0,0.0,0.0,0.008253588516746402,0.0,0.0
6216,0.375,999.0,1.0,0.4125,0.0,0.0,0.0,0.35948554679603806,0.3556913280776229,0.0,0.0,0.0,0.022058823529411742,0.0,0.0
6217,0.36082474226804123,999.0,1.0,0.4125,0.0,0.0,0.0,0.3547604608853851,0.35273579460352017,0.0,0.0,0.0,0.007883565797452974,0.0,0.0
6218,0.32051282051282054,999.0,1.0,0.48717948717948717,0.0,0.0,0.0,0.31688662644544996,0.3112430869783811,0.0,0.0,0.0,0.0028657616892911464,0.0,0.0
6219,0.32894736842105265,999.0,1.0,0.48717948717948717,0.0,0.0,0.0,0.3212486344065291,0.31619240408714094,0.0,0.0,0.0,0.008434547908232115,0.0,0.0
6220,0.5084745762711864,999.0,1.0,0.6578947368421053,0.0,0.0,0.0,0.4934906257386186,0.4665244829700529,1.0,0.0,0.0,0.01724650609574785,0.0,1.0
6221,0.4032258064516129,999.0,1.0,0.6136363636363636,0.0,0.0,0.0,0.4000170677590032,0.3942079555088545,0.0,0.0,0.0,0.003225806451612856,0.0,0.0
6222,0.5882352941176471,999.0,1.0,1.0,0.0,0.0,0.0,0.5738044392674562,0.5594998609558889,13.0,0.0,0.0,0.004076878276062956,0.0,13.0
6223,0.5196078431372549,999.0,1.0,1.0,0.0,0.0,0.0,0.5081540706897646,0.5048924424138588,5.0,0.0,0.0,0.01475347420521611,0.0,5.0
6224,0.5196078431372549,999.0,1.0,1.0,0.0,0.0,0.0,0.5081540706897646,0.5048924424138588,5.0,0.0,0.0,0.01475347420521611,0.0,5.0
6225,0.5196078431372549,999.0,1.0,1.0,0.0,0.0,0.0,0.5081540706897646,0.5048924424138588,5.0,0.0,0.0,0.01475347420521611,0.0,5.0
6226,0.5581395348837209,999.0,1.0,1.0,0.0,0.0,0.0,0.5497298385037949,0.5419102393681616,12.0,0.0,0.0,0.006415396952686447,0.0,12.0
6227,0.5581395348837209,999.0,1.0,1.0,0.0,0.0,0.0,0.5497298385037949,0.5419102393681616,12.0,0.0,0.0,0.006415396952686447,0.0,12.0
6228,0.5581395348837209,999.0,1.0,1.0,0.0,0.0,0.0,0.5497298385037949,0.5419102393681616,12.0,0.0,0.0,0.006415396952686447,0.0,12.0
6229,0.5,999.0,1.0,0.6101694915254238,0.0,0.0,0.0,0.47578947368421054,0.4558938522777532,1.0,0.0,0.0,0.020000000000000018,0.0,1.0
6230,0.6779661016949152,999.0,0.0,1.0,0.0,1.0,12.0,0.619537087661746,0.576602389583349,4.0,0.0,0.0,0.07796610169491525,4.0,0.0
6231,0.5294117647058824,999.0,0.0,1.0,0.0,1.0,12.0,0.5028920801497438,0.48103509588284477,2.0,0.0,0.0,0.02236951118475561,2.0,0.0
6232,0.5238095238095238,999.0,0.0,1.0,0.0,1.0,12.0,0.5104993386243386,0.49115790276974486,2.0,0.0,0.0,0.008184523809523836,2.0,0.0
6233,0.6724137931034483,999.0,0.0,1.0,0.0,1.0,12.0,0.6139103802637462,0.5842192440312636,10.0,0.0,0.0,0.06047349459598561,6.0,4.0
6234,0.5571428571428572,999.0,1.0,0.6101694915254238,0.0,0.0,0.0,0.5468253968253968,0.5325636007827789,4.0,0.0,0.0,0.015476190476190532,0.0,4.0
6235,1.0,999.0,1.0,1.0,0.0,0.0,0.0,0.7780050652639782,0.6767530891084368,4.0,2.0,1.0,0.2931034482758621,0.0,4.0
6236,0.6212121212121212,999.0,1.0,0.6101694915254238,0.0,0.0,0.0,0.6061187320778113,0.5836132682321941,7.0,0.0,0.0,0.018270944741533013,0.0,7.0
6237,0.6507936507936508,999.0,0.0,1.0,0.0,1.0,12.0,0.6342583342583342,0.610100455100455,10.0,0.0,0.0,0.020024420024420064,8.0,2.0
6238,0.7192982456140351,999.0,0.0,1.0,0.0,1.0,12.0,0.699182277728219,0.6710245181520829,14.0,1.0,0.0,0.024382991376746932,8.0,6.0
6239,0.5652173913043478,999.0,1.0,0.6101694915254238,0.0,0.0,0.0,0.5546029802000408,0.5398903021762493,4.0,0.0,0.0,0.015921616656460413,0.0,4.0
6240,0.6333333333333333,999.0,0.0,1.0,0.0,1.0,12.0,0.6197132616487454,0.6058957134450634,13.0,0.0,0.0,0.02043010752688168,7.0,6.0
6241,0.6333333333333333,999.0,0.0,1.0,0.0,1.0,12.0,0.6197132616487454,0.6058957134450634,13.0,0.0,0.0,0.02043010752688168,8.0,5.0
6242,0.5757575757575758,999.0,0.0,1.0,0.0,1.0,12.0,0.5644682115270351,0.5529354434935488,8.0,0.0,0.0,0.016934046345811082,7.0,1.0
6243,0.5846153846153846,999.0,0.0,1.0,0.0,1.0,12.0,0.5729812476081132,0.5611090100027765,9.0,0.0,0.0,0.017451205510907064,7.0,2.0
6244,0.5909090909090909,999.0,1.0,0.6101694915254238,0.0,0.0,0.0,0.5793226381461676,0.5636673641788732,10.0,0.0,0.0,0.017379679144385096,0.0,10.0
6245,0.6031746031746031,999.0,0.0,1.0,0.0,1.0,12.0,0.5908017908017907,0.5782040182040181,9.0,0.0,0.0,0.018559218559218493,7.0,2.0
6246,0.6808510638297872,999.0,1.0,0.6571428571428571,0.0,0.0,0.0,0.6559588374356835,0.5787035075896153,3.0,0.0,0.0,0.021276595744680882,0.0,3.0
6247,0.6271186440677966,999.0,0.0,1.0,0.0,1.0,176.0,0.6159360997467368,0.5888694922706287,25.0,0.0,0.0,0.006428988895382792,19.0,6.0
6248,0.6153846153846154,999.0,0.0,1.0,0.0,1.0,176.0,0.5673911430902753,0.531341689298482,3.0,0.0,0.0,0.0580075662042876,2.0,1.0
6249,0.3488372093023256,999.0,1.0,0.5,0.0,0.0,0.0,0.3263388209673635,0.3126572251646878,0.0,0.0,0.0,0.02353600448304849,0.0,0.0
6250,0.3488372093023256,999.0,1.0,0.5,0.0,0.0,0.0,0.3263388209673635,0.3126572251646878,0.0,0.0,0.0,0.02353600448304849,0.0,0.0
6251,0.3488372093023256,999.0,1.0,0.5,0.0,0.0,0.0,0.3263388209673635,0.3126572251646878,0.0,0.0,0.0,0.02353600448304849,0.0,0.0
6252,0.7959183673469388,999.0,0.0,1.0,0.0,1.0,176.0,0.7236969270466806,0.6882041702140224,34.0,2.0,0.0,0.0759183673469388,22.0,12.0
6253,0.7241379310344828,999.0,0.0,1.0,0.0,1.0,1.0,0.6548303401893,0.6196475837661855,12.0,1.0,0.0,0.06840022611645002,1.0,11.0
6254,0.4805194805194805,999.0,1.0,0.4576271186440678,0.0,0.0,0.0,0.4346389721389721,0.4128155117974395,0.0,0.0,0.0,0.04462204462204461,0.0,0.0
6255,0.4657534246575342,999.0,1.0,0.4576271186440678,0.0,0.0,0.0,0.4159229591863543,0.3996980756561127,0.0,0.0,0.0,0.073348361366395,0.0,0.0
6256,0.6413043478260869,999.0,1.0,0.7241379310344828,0.0,0.0,0.0,0.6267702099835291,0.6078946528152804,14.0,0.0,0.0,0.019945124525116098,0.0,14.0
6257,0.6413043478260869,999.0,1.0,0.7241379310344828,0.0,0.0,0.0,0.6267702099835291,0.6078946528152804,14.0,0.0,0.0,0.019945124525116098,0.0,14.0
6258,0.40350877192982454,999.0,1.0,0.3611111111111111,0.0,0.0,0.0,0.3920786815523658,0.3856312335089925,0.0,0.0,0.0,0.017145135566188185,0.0,0.0
6259,0.5686274509803921,999.0,1.0,0.47619047619047616,0.0,0.0,0.0,0.5620915032679739,0.5442086499671639,4.0,0.0,0.0,0.0,0.0,4.0
6260,0.25316455696202533,999.0,1.0,0.2923076923076923,0.0,0.0,0.0,0.248918100183923,0.2454521259331386,0.0,0.0,0.0,0.0031645569620253333,0.0,0.0
6261,0.5421686746987951,999.0,1.0,0.5416666666666666,0.0,0.0,0.0,0.5057736807520753,0.48504126938314485,1.0,0.0,0.0,0.04849778862284576,0.0,1.0
6262,0.7692307692307693,999.0,0.0,1.0,0.0,1.0,5.0,0.6459257117151854,0.6084704597088498,11.0,1.0,0.0,0.16208791208791218,3.0,8.0
6263,0.7058823529411765,999.0,0.0,1.0,0.0,1.0,176.0,0.6883758786533481,0.656669594988619,29.0,1.0,0.0,0.025882352941176467,19.0,10.0
6264,0.5151515151515151,999.0,0.0,1.0,0.0,1.0,17.0,0.5094949494949496,0.5056969696969698,5.0,0.0,0.0,0.008484848484848428,2.0,3.0
6265,0.5333333333333333,999.0,1.0,0.5,0.0,0.0,0.0,0.4504522577693309,0.42930749923991185,1.0,0.0,0.0,0.11774891774891771,0.0,1.0
6266,0.5333333333333333,999.0,1.0,0.5,0.0,0.0,0.0,0.4504522577693309,0.42930749923991185,1.0,0.0,0.0,0.11774891774891771,0.0,1.0
6267,0.7307692307692307,999.0,0.0,1.0,0.0,1.0,16.0,0.7009657636776282,0.6821179197450384,12.0,2.0,0.0,0.01965811965811959,9.0,3.0
6268,0.5443037974683544,999.0,0.0,1.0,0.0,1.0,3.0,0.542035864978903,0.5391345624656027,7.0,0.0,0.0,0.0,3.0,4.0
6269,0.6296296296296297,999.0,0.0,1.0,0.0,1.0,6.0,0.5785136532262968,0.5356327820997124,4.0,0.0,0.0,0.05820105820105825,0.0,4.0
6270,0.5294117647058824,999.0,0.0,1.0,0.0,1.0,6.0,0.49518403852769177,0.47733163326625727,2.0,0.0,0.0,0.02941176470588236,0.0,2.0
6271,0.5064935064935064,999.0,1.0,0.7636363636363637,0.0,0.0,0.0,0.4961989230281913,0.4740267473527727,2.0,0.0,0.0,0.0,0.0,2.0
6272,0.7254901960784313,999.0,0.0,1.0,0.0,1.0,8.0,0.65541418239187,0.6153537725930167,6.0,1.0,0.0,0.07094474153297681,6.0,0.0
6273,0.7254901960784313,999.0,0.0,1.0,0.0,1.0,8.0,0.65541418239187,0.6153537725930167,6.0,1.0,0.0,0.07094474153297681,6.0,0.0
6274,0.7254901960784313,999.0,0.0,1.0,0.0,1.0,8.0,0.65541418239187,0.6153537725930167,6.0,1.0,0.0,0.07094474153297681,6.0,0.0
6275,0.7254901960784313,999.0,0.0,1.0,0.0,1.0,8.0,0.65541418239187,0.6153537725930167,6.0,1.0,0.0,0.07094474153297681,6.0,0.0
6276,0.7777777777777778,999.0,0.0,1.0,0.0,1.0,12.0,0.7546576879910214,0.7189519416004985,15.0,4.0,0.0,0.03232323232323231,8.0,7.0
6277,0.6785714285714286,999.0,0.0,1.0,0.0,1.0,12.0,0.6629720853858785,0.6524032621664642,15.0,0.0,0.0,0.023399014778325178,8.0,7.0
6278,0.7666666666666667,999.0,0.0,1.0,0.0,1.0,21.0,0.7340501792114695,0.7077112135176651,12.0,3.0,0.0,0.04086021505376347,8.0,4.0
6279,0.6363636363636364,999.0,1.0,0.8235294117647058,0.0,0.0,0.0,0.5902821316614419,0.5528691094095277,4.0,0.0,0.0,0.036363636363636376,0.0,4.0
6280,0.6122448979591837,999.0,1.0,0.8235294117647058,0.0,0.0,0.0,0.5542703118983443,0.5171910591436822,2.0,0.0,0.0,0.052244897959183634,0.0,2.0
6281,0.40350877192982454,999.0,1.0,0.3611111111111111,0.0,0.0,0.0,0.3920786815523658,0.3856312335089925,0.0,0.0,0.0,0.017145135566188185,0.0,0.0
6282,0.6458333333333334,999.0,0.0,1.0,0.0,1.0,94.0,0.637342555105713,0.6222965742256554,23.0,0.0,0.0,0.011217948717948789,9.0,14.0
6283,0.75,999.0,0.0,1.0,0.0,1.0,17.0,0.719603825136612,0.6784289617486339,15.0,2.0,0.0,0.02868852459016391,8.0,7.0
6284,0.8103448275862069,999.0,1.0,0.7755102040816326,0.0,0.0,0.0,0.7310649215115014,0.6963401023321881,18.0,2.0,1.0,0.08903335217637076,0.0,18.0
6285,0.48717948717948717,999.0,1.0,0.5178571428571429,0.0,0.0,0.0,0.46493783993783994,0.4442424744074672,0.0,0.0,0.0,0.0,0.0,0.0
6286,0.6049382716049383,999.0,1.0,0.5714285714285714,0.0,0.0,0.0,0.6024791729398776,0.5841402223484545,8.0,0.0,0.0,0.0,0.0,8.0
6287,0.5421686746987951,999.0,1.0,0.5714285714285714,0.0,0.0,0.0,0.48627450980392156,0.47246238030095755,1.0,0.0,0.0,0.08334514528703046,0.0,1.0
6288,0.9183673469387755,999.0,1.0,0.9024390243902439,0.0,0.0,0.0,0.6953165881737311,0.63018785646818,6.0,1.0,1.0,0.3222135007849294,0.0,6.0
6289,0.7704918032786885,999.0,0.0,1.0,0.0,1.0,1.0,0.5901639344262294,0.5204585382080522,2.0,1.0,0.0,0.256978289765175,1.0,1.0
6290,0.7741935483870968,999.0,0.0,1.0,0.0,1.0,1.0,0.5609210163539534,0.4990526098123721,1.0,1.0,0.0,0.2998345740281224,1.0,0.0
6291,0.33783783783783783,999.0,1.0,0.425531914893617,0.0,0.0,0.0,0.3196833196833197,0.311639213821377,0.0,0.0,0.0,0.026149526149526148,0.0,0.0
6292,1.0,999.0,0.0,1.0,0.0,1.0,2.0,0.7217412217412217,0.6389270859859095,6.0,1.0,1.0,0.3650793650793651,1.0,5.0
6293,0.673469387755102,999.0,0.0,1.0,0.0,1.0,2.0,0.593801671612041,0.5435150455204162,2.0,0.0,0.0,0.050827878321139774,2.0,0.0
6294,1.0,999.0,1.0,1.0,0.0,0.0,0.0,0.8316946211683054,0.7798330992315956,9.0,5.0,1.0,0.2417582417582418,0.0,9.0
6295,1.0,999.0,1.0,1.0,0.0,0.0,0.0,0.8316946211683054,0.7798330992315956,9.0,5.0,1.0,0.2417582417582418,0.0,9.0
6296,1.0,999.0,1.0,1.0,0.0,0.0,0.0,0.8316946211683054,0.7798330992315956,9.0,5.0,1.0,0.2417582417582418,0.0,9.0
6297,1.0,999.0,1.0,1.0,0.0,0.0,0.0,0.8316946211683054,0.7798330992315956,9.0,5.0,1.0,0.2417582417582418,0.0,9.0
6298,1.0,999.0,1.0,1.0,0.0,0.0,0.0,0.8316946211683054,0.7798330992315956,9.0,5.0,1.0,0.2417582417582418,0.0,9.0
6299,0.6708860759493671,999.0,1.0,0.7192982456140351,0.0,0.0,0.0,0.6652953586497891,0.6593097054036645,16.0,0.0,0.0,0.008386075949367133,0.0,16.0
6300,0.78,999.0,0.0,1.0,0.0,1.0,176.0,0.7194320486815416,0.6794662467527847,33.0,2.0,0.0,0.07411764705882351,22.0,11.0
6301,0.6785714285714286,999.0,0.0,1.0,0.0,1.0,12.0,0.6629720853858785,0.6472317311884817,15.0,0.0,0.0,0.023399014778325178,8.0,7.0
6302,0.5454545454545454,999.0,1.0,0.5,0.0,0.0,0.0,0.511451237630701,0.47888614694299053,2.0,0.0,0.0,0.03481624758220503,0.0,2.0
6303,1.0,999.0,0.0,1.0,0.0,1.0,176.0,0.8461538461538461,0.7701765447667087,43.0,3.0,2.0,0.1923076923076923,31.0,12.0
6304,0.40350877192982454,999.0,1.0,0.46808510638297873,0.0,0.0,0.0,0.39113836503827876,0.3818966413139889,0.0,0.0,0.0,0.01065162907268169,0.0,0.0
6305,0.5670103092783505,999.0,1.0,1.0,0.0,0.0,0.0,0.5190031030594469,0.5074802932082172,1.0,0.0,0.0,0.07196080432785545,0.0,1.0
6306,0.6363636363636364,999.0,1.0,0.6666666666666666,0.0,0.0,0.0,0.5819128787878788,0.5406556637806638,3.0,0.0,0.0,0.026988636363636354,0.0,3.0
6307,0.7192982456140351,999.0,0.0,1.0,0.0,1.0,3.0,0.6589294510064496,0.5978973531435523,4.0,1.0,0.0,0.03077365545010069,3.0,1.0
6308,0.7777777777777778,999.0,0.0,1.0,0.0,1.0,3.0,0.7435651832203557,0.6691694129625165,6.0,3.0,0.0,0.036398467432950166,3.0,3.0
6309,0.6712328767123288,999.0,1.0,0.6417910447761194,0.0,0.0,0.0,0.5967883889657501,0.5605380659234191,4.0,0.0,0.0,0.0791276135544341,0.0,4.0
6310,0.5238095238095238,999.0,1.0,0.5333333333333333,0.0,0.0,0.0,0.5117228500595641,0.4816120914732031,2.0,0.0,0.0,0.006568144499178974,0.0,2.0
6311,0.7213114754098361,999.0,1.0,0.6666666666666666,0.0,0.0,0.0,0.6666394801946551,0.6361127203748576,16.0,1.0,0.0,0.05464480874316946,0.0,16.0
6312,0.37777777777777777,999.0,1.0,0.32,0.0,0.0,0.0,0.356033022312674,0.34709807425716954,0.0,0.0,0.0,0.02726231386025202,0.0,0.0
6313,0.7413793103448276,999.0,0.0,1.0,0.0,1.0,1.0,0.6080490962117313,0.5678597607573418,6.0,1.0,0.0,0.1959247648902822,1.0,5.0
6314,0.7413793103448276,999.0,0.0,1.0,0.0,1.0,1.0,0.6080490962117313,0.5678597607573418,6.0,1.0,0.0,0.1959247648902822,1.0,5.0
6315,0.3625,999.0,1.0,0.40384615384615385,0.0,0.0,0.0,0.35595780206435945,0.34866240053686126,0.0,0.0,0.0,0.001388888888888884,0.0,0.0
6316,0.59375,999.0,1.0,0.7631578947368421,0.0,0.0,0.0,0.5659828895715991,0.535112121802661,4.0,0.0,0.0,0.029233870967741882,0.0,4.0
6317,0.8103448275862069,999.0,0.0,1.0,0.0,1.0,28.0,0.7488496581055565,0.7107201513556576,13.0,2.0,1.0,0.055958862673926135,7.0,6.0
6318,0.6935483870967742,999.0,0.0,1.0,0.0,1.0,15.0,0.5997247015542634,0.5731418038047583,8.0,0.0,0.0,0.12638420799229666,3.0,5.0
6319,0.6833333333333333,999.0,0.0,1.0,0.0,1.0,15.0,0.6078347578347578,0.5845236158948846,9.0,0.0,0.0,0.0987179487179487,3.0,6.0
6320,0.7636363636363637,999.0,0.0,1.0,0.0,1.0,3.0,0.7108262427227944,0.5915998028125709,3.0,1.0,0.0,0.06720779220779227,3.0,0.0
6321,0.746268656716418,999.0,0.0,1.0,0.0,1.0,2.0,0.6934150394083988,0.6426635050540412,8.0,1.0,0.0,0.05612781164599545,2.0,6.0
6322,0.5555555555555556,999.0,1.0,0.6119402985074627,0.0,0.0,0.0,0.5147239591684035,0.48530496373633625,2.0,0.0,0.0,0.03607503607503615,0.0,2.0
6323,0.8085106382978723,999.0,0.0,1.0,0.0,1.0,176.0,0.7512028925045197,0.719882574663551,46.0,3.0,1.0,0.063412599082186,29.0,17.0
6324,0.6721311475409836,999.0,0.0,1.0,0.0,1.0,1.0,0.5780115814370769,0.5527770981159775,8.0,0.0,0.0,0.13481771470516268,1.0,7.0
6325,0.6721311475409836,999.0,0.0,1.0,0.0,1.0,1.0,0.5780115814370769,0.5527770981159775,8.0,0.0,0.0,0.13481771470516268,1.0,7.0
6326,0.7636363636363637,999.0,0.0,1.0,0.0,1.0,3.0,0.7211076280041797,0.6144827586206897,3.0,2.0,0.0,0.036363636363636376,3.0,0.0
6327,0.6323529411764706,999.0,1.0,0.7321428571428571,0.0,0.0,0.0,0.5781791057778165,0.5429513334236032,4.0,0.0,0.0,0.07070910556003218,0.0,4.0
6328,0.7407407407407407,999.0,0.0,1.0,0.0,1.0,94.0,0.6197797078300223,0.5854016592844795,5.0,1.0,0.0,0.1693121693121693,4.0,1.0
6329,0.6727272727272727,999.0,0.0,1.0,0.0,1.0,1098.0,0.646240179573513,0.6080830907949552,9.0,0.0,0.0,0.036363636363636376,5.0,4.0
6330,0.5,999.0,1.0,0.43478260869565216,0.0,0.0,0.0,0.4642987249544626,0.4454678548273991,1.0,0.0,0.0,0.033333333333333326,0.0,1.0
6331,0.6712328767123288,999.0,1.0,0.6491228070175439,0.0,0.0,0.0,0.5674679209294261,0.5379491069880353,2.0,0.0,0.0,0.1337328767123288,0.0,2.0
6332,0.6712328767123288,999.0,1.0,0.6491228070175439,0.0,0.0,0.0,0.5674679209294261,0.5379491069880353,2.0,0.0,0.0,0.1337328767123288,0.0,2.0
6333,0.43478260869565216,999.0,1.0,0.5471698113207547,0.0,0.0,0.0,0.42999856616592763,0.42626763702983883,0.0,0.0,0.0,0.004227053140096582,0.0,0.0
6334,1.0,999.0,1.0,1.0,0.0,0.0,0.0,0.808199643493761,0.7338394058023933,7.0,2.0,1.0,0.21176470588235297,0.0,7.0
6335,0.45588235294117646,999.0,1.0,0.6511627906976745,0.0,0.0,0.0,0.4279884603414015,0.37807888566520065,0.0,0.0,0.0,0.04049773755656105,0.0,0.0
6336,0.44285714285714284,999.0,1.0,0.6222222222222222,0.0,0.0,0.0,0.41528073916133623,0.38140067572903397,0.0,0.0,0.0,0.03987206823027717,0.0,0.0
6337,0.47058823529411764,999.0,1.0,0.7380952380952381,0.0,0.0,0.0,0.45513963161021986,0.4265084365003785,0.0,0.0,0.0,0.0,0.0,0.0
6338,0.4714285714285714,999.0,1.0,0.7380952380952381,0.0,0.0,0.0,0.42198303979125895,0.3957954576775723,0.0,0.0,0.0,0.0741682974559687,0.0,0.0
6339,0.463768115942029,999.0,1.0,0.7380952380952381,0.0,0.0,0.0,0.42001898069386706,0.40304938293257564,0.0,0.0,0.0,0.045857668180834976,0.0,0.0
6340,0.4714285714285714,999.0,1.0,0.7380952380952381,0.0,0.0,0.0,0.39594503960701144,0.37176615796334106,0.0,0.0,0.0,0.09305019305019302,0.0,0.0
6341,0.5901639344262295,999.0,1.0,0.7380952380952381,0.0,0.0,0.0,0.5732794676945829,0.5439676806167497,5.0,0.0,0.0,0.0028623471246421728,0.0,5.0
6342,0.52,999.0,0.0,1.0,0.0,1.0,1.0,0.49179054419560747,0.46325614469918264,1.0,0.0,0.0,0.03898734177215191,1.0,0.0
6343,0.425,999.0,1.0,0.32432432432432434,0.0,0.0,0.0,0.42077850133405686,0.3987874471207805,0.0,0.0,0.0,0.005246913580246926,0.0,0.0
6344,0.8153846153846154,999.0,1.0,1.0,0.0,0.0,0.0,0.8071484071484072,0.7983803524541013,16.0,13.0,3.0,0.012354312354312391,0.0,16.0
6345,0.7910447761194029,999.0,1.0,1.0,0.0,0.0,0.0,0.783289435177056,0.775025420940602,16.0,11.0,0.0,0.011633011413520578,0.0,16.0
6346,0.7910447761194029,999.0,1.0,1.0,0.0,0.0,0.0,0.783289435177056,0.775025420940602,16.0,11.0,0.0,0.011633011413520578,0.0,16.0
6347,1.0,999.0,1.0,1.0,0.0,0.0,0.0,0.8702702702702704,0.838006318006318,16.0,12.0,4.0,0.18918918918918914,0.0,16.0
6348,1.0,999.0,1.0,1.0,0.0,0.0,0.0,0.8702702702702704,0.838006318006318,16.0,12.0,4.0,0.18918918918918914,0.0,16.0
6349,1.0,999.0,1.0,1.0,0.0,0.0,0.0,0.8702702702702704,0.838006318006318,16.0,12.0,4.0,0.18918918918918914,0.0,16.0
6350,1.0,999.0,1.0,1.0,0.0,0.0,0.0,0.9947089947089948,0.949766573295985,16.0,14.0,9.0,0.0,0.0,16.0
6351,1.0,999.0,1.0,1.0,0.0,0.0,0.0,0.8469155844155845,0.8055852480852481,16.0,9.0,1.0,0.21250000000000002,0.0,16.0
6352,1.0,999.0,1.0,1.0,0.0,0.0,0.0,0.8469155844155845,0.8055852480852481,16.0,9.0,1.0,0.21250000000000002,0.0,16.0
6353,1.0,999.0,1.0,1.0,0.0,0.0,0.0,0.8469155844155845,0.8055852480852481,16.0,9.0,1.0,0.21250000000000002,0.0,16.0
6354,1.0,999.0,1.0,1.0,0.0,0.0,0.0,0.8439102564102564,0.8101436222005842,15.0,9.0,1.0,0.23076923076923073,0.0,15.0
6355,1.0,999.0,1.0,1.0,0.0,0.0,0.0,0.8439102564102564,0.8101436222005842,15.0,9.0,1.0,0.23076923076923073,0.0,15.0
6356,1.0,999.0,1.0,1.0,0.0,0.0,0.0,0.925958443078724,0.9034742255110999,16.0,14.0,6.0,0.10447761194029848,0.0,16.0
6357,1.0,999.0,1.0,1.0,0.0,0.0,0.0,0.925958443078724,0.9034742255110999,16.0,14.0,6.0,0.10447761194029848,0.0,16.0
6358,0.6666666666666666,999.0,1.0,0.6617647058823529,0.0,0.0,0.0,0.6612466124661247,0.6515098722415795,16.0,0.0,0.0,0.008130081300812941,0.0,16.0
6359,0.6973684210526315,999.0,1.0,0.7192982456140351,0.0,0.0,0.0,0.6913305992253361,0.6874046561921313,16.0,0.0,0.0,0.009056732740943207,0.0,16.0
6360,0.6883116883116883,999.0,1.0,0.6949152542372882,0.0,0.0,0.0,0.6824286824286826,0.6786344246470829,16.0,0.0,0.0,0.008824508824508803,0.0,16.0
6361,0.6883116883116883,999.0,1.0,0.6949152542372882,0.0,0.0,0.0,0.6824286824286826,0.6786344246470829,16.0,0.0,0.0,0.008824508824508803,0.0,16.0
6362,0.6666666666666666,999.0,1.0,0.6617647058823529,0.0,0.0,0.0,0.6612466124661247,0.6554398779788142,16.0,0.0,0.0,0.008130081300812941,0.0,16.0
6363,0.6666666666666666,999.0,1.0,0.6617647058823529,0.0,0.0,0.0,0.6612466124661247,0.6554398779788142,16.0,0.0,0.0,0.008130081300812941,0.0,16.0
6364,0.726027397260274,999.0,1.0,0.7192982456140351,0.0,0.0,0.0,0.7194866098975687,0.7124989834824008,16.0,4.0,0.0,0.00981118104405776,0.0,16.0
6365,1.0,999.0,1.0,1.0,0.0,0.0,0.0,0.8159365874009178,0.7173970039869424,5.0,2.0,1.0,0.21176470588235297,0.0,5.0
6366,1.0,999.0,1.0,1.0,0.0,0.0,0.0,0.8159365874009178,0.7173970039869424,5.0,2.0,1.0,0.21176470588235297,0.0,5.0
6367,1.0,999.0,1.0,1.0,0.0,0.0,0.0,0.8159365874009178,0.7173970039869424,5.0,2.0,1.0,0.21176470588235297,0.0,5.0
6368,1.0,999.0,1.0,1.0,0.0,0.0,0.0,0.8159365874009178,0.7173970039869424,5.0,2.0,1.0,0.21176470588235297,0.0,5.0
6369,1.0,999.0,1.0,1.0,0.0,0.0,0.0,0.808199643493761,0.7338394058023933,7.0,2.0,1.0,0.21176470588235297,0.0,7.0
6370,1.0,999.0,1.0,1.0,0.0,0.0,0.0,0.808199643493761,0.7338394058023933,7.0,2.0,1.0,0.21176470588235297,0.0,7.0
6371,1.0,999.0,1.0,1.0,0.0,0.0,0.0,0.808199643493761,0.7338394058023933,7.0,2.0,1.0,0.21176470588235297,0.0,7.0
6372,1.0,999.0,1.0,1.0,0.0,0.0,0.0,0.808199643493761,0.7338394058023933,7.0,2.0,1.0,0.21176470588235297,0.0,7.0
6373,0.5945945945945946,999.0,1.0,1.0,0.0,0.0,0.0,0.5193345956398164,0.5018446598229143,1.0,0.0,0.0,0.11266688375122114,0.0,1.0
6374,0.7424242424242424,999.0,1.0,1.0,0.0,0.0,0.0,0.6483879894838799,0.6268706315281658,16.0,1.0,0.0,0.1396845163968452,0.0,16.0
6375,0.8805970149253731,999.0,1.0,1.0,0.0,0.0,0.0,0.8005595576644442,0.7726434269063589,26.0,5.0,1.0,0.09977509711715393,0.0,26.0
6376,0.8805970149253731,999.0,1.0,1.0,0.0,0.0,0.0,0.8005595576644442,0.7726434269063589,26.0,5.0,1.0,0.09977509711715393,0.0,26.0
6377,0.7916666666666666,999.0,1.0,1.0,0.0,0.0,0.0,0.7445456590193432,0.7134038573569483,21.0,3.0,0.0,0.054824561403508776,0.0,21.0
6378,0.6774193548387096,999.0,1.0,1.0,0.0,0.0,0.0,0.6634132892197409,0.6529438530178879,23.0,0.0,0.0,0.010752688172043001,0.0,23.0
6379,0.6774193548387096,999.0,1.0,1.0,0.0,0.0,0.0,0.6634132892197409,0.6529438530178879,23.0,0.0,0.0,0.010752688172043001,0.0,23.0
6380,1.0,999.0,1.0,1.0,0.0,0.0,0.0,0.8777438177271465,0.8113504753404726,10.0,4.0,3.0,0.180327868852459,0.0,10.0
6381,1.0,999.0,1.0,1.0,0.0,0.0,0.0,0.8489736070381232,0.7773642637253614,13.0,3.0,1.0,0.22580645161290325,0.0,13.0
6382,1.0,999.0,1.0,1.0,0.0,0.0,0.0,0.8699518727767316,0.8212542777879028,15.0,6.0,2.0,0.18644067796610164,0.0,15.0
6383,0.7962962962962963,999.0,1.0,0.45161290322580644,0.0,0.0,0.0,0.7576348278102665,0.7280729601782234,18.0,4.0,0.0,0.041910331384015564,0.0,18.0
6384,0.4727272727272727,999.0,1.0,0.6842105263157895,0.0,0.0,0.0,0.45794444115849453,0.44840131629585,0.0,0.0,0.0,0.019897084048027425,0.0,0.0
6385,0.4727272727272727,999.0,1.0,0.6842105263157895,0.0,0.0,0.0,0.45794444115849453,0.44840131629585,0.0,0.0,0.0,0.019897084048027425,0.0,0.0
6386,0.5,999.0,1.0,0.48333333333333334,0.0,0.0,0.0,0.4254057428214732,0.3970016874511257,1.0,0.0,0.0,0.08333333333333331,0.0,1.0
6387,0.6,999.0,1.0,1.0,0.0,0.0,0.0,0.5584905660377358,0.5179680696661829,3.0,0.0,0.0,0.03396226415094339,0.0,3.0
6388,0.55,999.0,1.0,0.5689655172413793,0.0,0.0,0.0,0.5267676767676768,0.5100904568068747,3.0,0.0,0.0,0.034848484848484906,0.0,3.0
6389,0.55,999.0,1.0,0.5689655172413793,0.0,0.0,0.0,0.5267676767676768,0.5100904568068747,3.0,0.0,0.0,0.034848484848484906,0.0,3.0
6390,0.55,999.0,1.0,0.5689655172413793,0.0,0.0,0.0,0.5267676767676768,0.5100904568068747,3.0,0.0,0.0,0.034848484848484906,0.0,3.0
6391,0.559322033898305,999.0,1.0,0.5094339622641509,0.0,0.0,0.0,0.5274663189917427,0.5134494883647427,4.0,0.0,0.0,0.03624511082138193,0.0,4.0
6392,0.559322033898305,999.0,1.0,0.5094339622641509,0.0,0.0,0.0,0.5274663189917427,0.5134494883647427,4.0,0.0,0.0,0.03624511082138193,0.0,4.0
6393,0.559322033898305,999.0,1.0,0.5094339622641509,0.0,0.0,0.0,0.5274663189917427,0.5134494883647427,4.0,0.0,0.0,0.03624511082138193,0.0,4.0
6394,0.8160919540229885,999.0,1.0,0.8108108108108109,0.0,0.0,0.0,0.7112463376155059,0.6296049454264464,5.0,2.0,1.0,0.027856659905341474,0.0,5.0
6395,1.0,999.0,1.0,1.0,0.0,0.0,0.0,0.808199643493761,0.7338394058023933,7.0,2.0,1.0,0.21176470588235297,0.0,7.0
6396,0.39325842696629215,999.0,1.0,0.4444444444444444,0.0,0.0,0.0,0.38206653447896016,0.368128809576265,0.0,0.0,0.0,0.01678783873099804,0.0,0.0
6397,0.39325842696629215,999.0,1.0,0.4583333333333333,0.0,0.0,0.0,0.3875287193529097,0.3714061205006347,0.0,0.0,0.0,0.00040128410914930246,0.0,0.0
6398,0.39325842696629215,999.0,1.0,0.4444444444444444,0.0,0.0,0.0,0.38206653447896016,0.368128809576265,0.0,0.0,0.0,0.01678783873099804,0.0,0.0
6399,0.42592592592592593,999.0,1.0,0.3584905660377358,0.0,0.0,0.0,0.38346009700176364,0.3200760582010582,0.0,0.0,0.0,0.06084656084656087,0.0,0.0
6400,0.4375,999.0,1.0,0.3709677419354839,0.0,0.0,0.0,0.3343253968253968,0.2796650055370985,0.0,0.0,0.0,0.13591269841269843,0.0,0.0
6401,0.39325842696629215,999.0,1.0,0.4444444444444444,0.0,0.0,0.0,0.38206653447896016,0.368128809576265,0.0,0.0,0.0,0.01678783873099804,0.0,0.0
6402,0.39325842696629215,999.0,1.0,0.4583333333333333,0.0,0.0,0.0,0.3875287193529097,0.3714061205006347,0.0,0.0,0.0,0.00040128410914930246,0.0,0.0
6403,0.39325842696629215,999.0,1.0,0.4444444444444444,0.0,0.0,0.0,0.38206653447896016,0.368128809576265,0.0,0.0,0.0,0.01678783873099804,0.0,0.0
6404,0.3333333333333333,999.0,1.0,0.375,0.0,0.0,0.0,0.3247737833211054,0.32052216472950534,0.0,0.0,0.0,0.011494252873563204,0.0,0.0
6405,0.6666666666666666,999.0,0.0,1.0,0.0,1.0,12.0,0.5432809103695179,0.4838953754900034,2.0,0.0,0.0,0.12121212121212122,0.0,2.0
6406,0.6825396825396826,999.0,0.0,1.0,0.0,1.0,12.0,0.6348272249911594,0.6158169699153306,12.0,0.0,0.0,0.06715506715506714,9.0,3.0
6407,0.5540540540540541,999.0,0.0,1.0,0.0,1.0,12.0,0.5478592878592878,0.5398266838266838,7.0,0.0,0.0,0.007387387387387423,7.0,0.0
6408,0.4634146341463415,999.0,0.0,1.0,0.0,1.0,21.0,0.43966637810305165,0.4199780280386312,0.0,0.0,0.0,0.017468688200395543,0.0,0.0
6409,0.7313432835820896,999.0,1.0,0.7543859649122807,0.0,0.0,0.0,0.7024665405367528,0.6822177372337777,14.0,2.0,0.0,0.0313432835820896,0.0,14.0
6410,0.7794117647058824,999.0,0.0,1.0,0.0,1.0,21.0,0.7171071327081556,0.6885316923202436,14.0,2.0,0.0,0.06926683716965043,10.0,4.0
6411,0.675,999.0,0.0,1.0,0.0,1.0,21.0,0.6163438546150167,0.5956496862629859,12.0,0.0,0.0,0.07743902439024397,8.0,4.0
6412,0.7666666666666667,999.0,0.0,1.0,0.0,1.0,21.0,0.7340501792114695,0.7077112135176651,12.0,3.0,0.0,0.04086021505376347,8.0,4.0
6413,0.7419354838709677,999.0,0.0,1.0,0.0,1.0,21.0,0.7316715542521995,0.7175273067278678,15.0,3.0,0.0,0.014662756598240456,10.0,5.0
6414,0.7285714285714285,999.0,1.0,0.9795918367346939,0.0,0.0,0.0,0.6712438884514819,0.6482701425946986,13.0,1.0,0.0,0.06659959758551304,0.0,13.0
6415,0.9166666666666666,999.0,1.0,0.9795918367346939,0.0,0.0,0.0,0.7904876926616057,0.7591787439613527,18.0,5.0,1.0,0.1865079365079365,0.0,18.0
6416,0.6056338028169014,999.0,1.0,0.5,0.0,0.0,0.0,0.5919186599294645,0.5591797859511809,4.0,0.0,0.0,0.016592706926490397,0.0,4.0
6417,1.0,999.0,1.0,1.0,0.0,0.0,0.0,0.7244419076610856,0.6373318112633182,7.0,1.0,1.0,0.3472222222222222,0.0,7.0
6418,0.43478260869565216,999.0,1.0,0.6060606060606061,0.0,0.0,0.0,0.41231907577532234,0.39177741037747416,0.0,0.0,0.0,0.004402861860209106,0.0,0.0
6419,0.3473684210526316,999.0,1.0,0.32926829268292684,0.0,0.0,0.0,0.32180340841101657,0.3061039255906667,0.0,0.0,0.0,0.03625730994152049,0.0,0.0
6420,0.36666666666666664,999.0,1.0,0.35135135135135137,0.0,0.0,0.0,0.3396650326797386,0.32332282913165267,0.0,0.0,0.0,0.03725490196078429,0.0,0.0
6421,0.3870967741935484,999.0,1.0,0.35714285714285715,0.0,0.0,0.0,0.3594998297085583,0.3509940154721939,0.0,0.0,0.0,0.03415559772296012,0.0,0.0
6422,0.36,999.0,0.0,1.0,0.0,1.0,8.0,0.3431662909658401,0.3281977297888517,0.0,0.0,0.0,0.005569620253164542,0.0,0.0
6423,0.5875,999.0,1.0,0.8245614035087719,0.0,0.0,0.0,0.5788274385496607,0.5724543578666386,11.0,0.0,0.0,0.006418918918918992,0.0,11.0
6424,0.6712328767123288,999.0,1.0,0.8103448275862069,0.0,0.0,0.0,0.6340859719453199,0.6147154985478058,14.0,0.0,0.0,0.03743005981092029,0.0,14.0
6425,0.30985915492957744,999.0,0.0,1.0,0.0,1.0,8.0,0.3021846503304874,0.2963483841832549,0.0,0.0,0.0,0.00430359937402186,0.0,0.0
6426,0.6140350877192983,999.0,0.0,1.0,0.0,1.0,8.0,0.5931973294818969,0.5494667847859123,4.0,0.0,0.0,0.024749373433583965,4.0,0.0
6427,0.4117647058823529,999.0,0.0,1.0,0.0,1.0,21.0,0.4099719509936228,0.3971393572087497,0.0,0.0,0.0,0.0015082956259426794,0.0,0.0
6428,0.847457627118644,999.0,0.0,1.0,0.0,1.0,3.0,0.7443216244984852,0.7032222930931153,12.0,2.0,1.0,0.11412429378531075,3.0,9.0
6429,0.6923076923076923,999.0,0.0,1.0,0.0,1.0,21.0,0.6846967761409637,0.6774847323512448,12.0,0.0,0.0,0.0021668472372697867,8.0,4.0
6430,0.703125,999.0,0.0,1.0,0.0,1.0,21.0,0.6949810606060606,0.6875845193538856,12.0,2.0,0.0,0.0031250000000000444,8.0,4.0
6431,0.620253164556962,999.0,0.0,1.0,0.0,1.0,21.0,0.6189815617594359,0.6103078559745805,11.0,0.0,0.0,0.0,8.0,3.0
6432,0.8524590163934426,999.0,0.0,1.0,0.0,1.0,21.0,0.7910746812386157,0.7684544490661447,18.0,7.0,1.0,0.08579234972677585,10.0,8.0
6433,0.7419354838709677,999.0,0.0,1.0,0.0,1.0,21.0,0.7316715542521995,0.7175273067278678,14.0,3.0,0.0,0.014662756598240456,10.0,4.0
6434,0.7142857142857143,999.0,1.0,0.7543859649122807,0.0,0.0,0.0,0.6976540616246498,0.6860383244206772,14.0,1.0,0.0,0.02310924369747902,0.0,14.0
6435,0.4473684210526316,999.0,1.0,0.42,0.0,0.0,0.0,0.4271929824561404,0.4104724778075878,0.0,0.0,0.0,0.01315789473684209,0.0,0.0
6436,0.45569620253164556,999.0,1.0,0.4864864864864865,0.0,0.0,0.0,0.42783393565729283,0.4058937212260334,0.0,0.0,0.0,0.009913070001525082,0.0,0.0
6437,0.45569620253164556,999.0,1.0,0.4864864864864865,0.0,0.0,0.0,0.42783393565729283,0.4058937212260334,0.0,0.0,0.0,0.009913070001525082,0.0,0.0
6438,0.36507936507936506,999.0,1.0,0.6122448979591837,0.0,0.0,0.0,0.3552865813735379,0.34258371353000505,0.0,0.0,0.0,0.002760524499654915,0.0,0.0
6439,0.4367816091954023,999.0,0.0,1.0,0.0,1.0,1.0,0.40668257940922015,0.3938834297826566,0.0,0.0,0.0,0.03893214682981094,0.0,0.0
6440,0.352112676056338,999.0,1.0,0.21686746987951808,0.0,0.0,0.0,0.3352451230509051,0.3209118472097743,0.0,0.0,0.0,0.023165307635285348,0.0,0.0
6441,0.352112676056338,999.0,1.0,0.21686746987951808,0.0,0.0,0.0,0.3352451230509051,0.3209118472097743,0.0,0.0,0.0,0.023165307635285348,0.0,0.0
6442,0.32142857142857145,999.0,1.0,0.3333333333333333,0.0,0.0,0.0,0.29739095343369476,0.28930927655194266,0.0,0.0,0.0,0.03329297820823246,0.0,0.0
6443,0.32142857142857145,999.0,1.0,0.3333333333333333,0.0,0.0,0.0,0.29739095343369476,0.28930927655194266,0.0,0.0,0.0,0.03329297820823246,0.0,0.0
6444,0.32142857142857145,999.0,1.0,0.3333333333333333,0.0,0.0,0.0,0.29739095343369476,0.28930927655194266,0.0,0.0,0.0,0.03329297820823246,0.0,0.0
6445,0.32142857142857145,999.0,1.0,0.3333333333333333,0.0,0.0,0.0,0.29739095343369476,0.28930927655194266,0.0,0.0,0.0,0.03329297820823246,0.0,0.0
6446,1.0,999.0,1.0,1.0,0.0,0.0,0.0,0.8643531202435312,0.712429076447194,4.0,3.0,2.0,0.1466666666666666,0.0,4.0
6447,1.0,999.0,1.0,1.0,0.0,0.0,0.0,0.8643531202435312,0.712429076447194,4.0,3.0,2.0,0.1466666666666666,0.0,4.0
6448,1.0,999.0,1.0,1.0,0.0,0.0,0.0,0.8643531202435312,0.712429076447194,4.0,3.0,2.0,0.1466666666666666,0.0,4.0
6449,1.0,999.0,1.0,1.0,0.0,0.0,0.0,0.8643531202435312,0.712429076447194,4.0,3.0,2.0,0.1466666666666666,0.0,4.0
6450,1.0,999.0,1.0,1.0,0.0,0.0,0.0,0.8643531202435312,0.712429076447194,4.0,3.0,2.0,0.1466666666666666,0.0,4.0
6451,1.0,999.0,1.0,1.0,0.0,0.0,0.0,0.8576864535768646,0.7123391448733914,4.0,3.0,2.0,0.16666666666666663,0.0,4.0
6452,1.0,999.0,1.0,1.0,0.0,0.0,0.0,0.8576864535768646,0.7123391448733914,4.0,3.0,2.0,0.16666666666666663,0.0,4.0
6453,1.0,999.0,1.0,1.0,0.0,0.0,0.0,0.8576864535768646,0.7123391448733914,4.0,3.0,2.0,0.16666666666666663,0.0,4.0
6454,1.0,999.0,1.0,1.0,0.0,0.0,0.0,0.8576864535768646,0.7123391448733914,4.0,3.0,2.0,0.16666666666666663,0.0,4.0
6455,1.0,999.0,1.0,1.0,0.0,0.0,0.0,0.8576864535768646,0.7123391448733914,4.0,3.0,2.0,0.16666666666666663,0.0,4.0
6456,1.0,999.0,1.0,1.0,0.0,0.0,0.0,0.8576864535768646,0.7123391448733914,4.0,3.0,2.0,0.16666666666666663,0.0,4.0
6457,0.8076923076923077,999.0,1.0,0.7333333333333333,0.0,0.0,0.0,0.7041131559203849,0.5911448025180644,4.0,2.0,1.0,0.09340659340659341,0.0,4.0
6458,0.8076923076923077,999.0,1.0,0.7333333333333333,0.0,0.0,0.0,0.7041131559203849,0.5911448025180644,4.0,2.0,1.0,0.09340659340659341,0.0,4.0
6459,0.8076923076923077,999.0,1.0,0.7333333333333333,0.0,0.0,0.0,0.7041131559203849,0.5911448025180644,4.0,2.0,1.0,0.09340659340659341,0.0,4.0
6460,0.8076923076923077,999.0,1.0,0.7333333333333333,0.0,0.0,0.0,0.7041131559203849,0.5911448025180644,4.0,2.0,1.0,0.09340659340659341,0.0,4.0
6461,0.8076923076923077,999.0,1.0,0.7333333333333333,0.0,0.0,0.0,0.7041131559203849,0.5911448025180644,4.0,2.0,1.0,0.09340659340659341,0.0,4.0
6462,0.782608695652174,999.0,1.0,0.7575757575757576,0.0,0.0,0.0,0.6843233804784354,0.5822574977307444,4.0,1.0,0.0,0.1026086956521739,0.0,4.0
6463,0.782608695652174,999.0,1.0,0.7575757575757576,0.0,0.0,0.0,0.6843233804784354,0.5822574977307444,4.0,1.0,0.0,0.1026086956521739,0.0,4.0
6464,0.782608695652174,999.0,1.0,0.7575757575757576,0.0,0.0,0.0,0.6843233804784354,0.5822574977307444,4.0,1.0,0.0,0.1026086956521739,0.0,4.0
6465,0.782608695652174,999.0,1.0,0.7575757575757576,0.0,0.0,0.0,0.6843233804784354,0.5822574977307444,4.0,1.0,0.0,0.1026086956521739,0.0,4.0
6466,0.782608695652174,999.0,1.0,0.7575757575757576,0.0,0.0,0.0,0.6843233804784354,0.5822574977307444,4.0,1.0,0.0,0.1026086956521739,0.0,4.0
6467,0.3333333333333333,999.0,1.0,0.46296296296296297,0.0,0.0,0.0,0.3250300781183807,0.3194228087757903,0.0,0.0,0.0,0.008032128514056214,0.0,0.0
6468,0.4024390243902439,999.0,1.0,0.46296296296296297,0.0,0.0,0.0,0.33920544311826095,0.32428275954184266,0.0,0.0,0.0,0.09392838609237159,0.0,0.0
6469,0.38461538461538464,999.0,1.0,0.46296296296296297,0.0,0.0,0.0,0.3646236392715266,0.34946267315551516,0.0,0.0,0.0,0.027472527472527486,0.0,0.0
6470,0.373134328358209,999.0,1.0,0.36363636363636365,0.0,0.0,0.0,0.3542741013350296,0.34679869503525196,0.0,0.0,0.0,0.025912106135986768,0.0,0.0
6471,0.37681159420289856,999.0,1.0,0.23728813559322035,0.0,0.0,0.0,0.3463640986524282,0.33543062420199593,0.0,0.0,0.0,0.043478260869565244,0.0,0.0
6472,0.38235294117647056,999.0,1.0,0.2413793103448276,0.0,0.0,0.0,0.3511747041158806,0.33990235333372587,0.0,0.0,0.0,0.04451510333863273,0.0,0.0
6473,0.3880597014925373,999.0,1.0,0.2413793103448276,0.0,0.0,0.0,0.3561210975850109,0.34449544336113314,0.0,0.0,0.0,0.04559394806787981,0.0,0.0
6474,0.36619718309859156,999.0,1.0,0.21212121212121213,0.0,0.0,0.0,0.3371284427622456,0.3206244045929216,0.0,0.0,0.0,0.04152185842326689,0.0,0.0
6475,0.36764705882352944,999.0,1.0,0.3448275862068966,0.0,0.0,0.0,0.3493168833620082,0.3387567966838716,0.0,0.0,0.0,0.025181305398871923,0.0,0.0
6476,0.373134328358209,999.0,1.0,0.36363636363636365,0.0,0.0,0.0,0.3542741013350296,0.34679869503525196,0.0,0.0,0.0,0.025912106135986768,0.0,0.0
6477,0.4032258064516129,999.0,1.0,0.45454545454545453,0.0,0.0,0.0,0.3950749672945147,0.3785481273593079,0.0,0.0,0.0,0.009286412512218956,0.0,0.0
6478,0.38461538461538464,999.0,1.0,0.2641509433962264,0.0,0.0,0.0,0.3776185167489516,0.3625246302134174,0.0,0.0,0.0,0.007803790412486078,0.0,0.0
6479,0.3584905660377358,999.0,1.0,0.6511627906976745,0.0,0.0,0.0,0.3351831298557159,0.3295838762083997,0.0,0.0,0.0,0.034961154273029926,0.0,0.0
6480,0.576271186440678,999.0,1.0,0.5,0.0,0.0,0.0,0.5279844545964097,0.49305083535947186,2.0,0.0,0.0,0.053883126739185494,0.0,2.0
6481,0.5689655172413793,999.0,1.0,0.5853658536585366,0.0,0.0,0.0,0.539117538005191,0.521883221215813,4.0,0.0,0.0,0.036707452725250334,0.0,4.0
6482,0.4791666666666667,999.0,1.0,0.4411764705882353,0.0,0.0,0.0,0.4313000696621387,0.41110625964074243,0.0,0.0,0.0,0.06098484848484853,0.0,0.0
6483,0.42592592592592593,999.0,1.0,0.5161290322580645,0.0,0.0,0.0,0.40506729407002634,0.39421684703025106,0.0,0.0,0.0,0.030092592592592615,0.0,0.0
6484,0.5185185185185185,999.0,0.0,1.0,0.0,1.0,20.0,0.43117283950617286,0.4037714019628914,1.0,0.0,0.0,0.11851851851851847,0.0,1.0
6485,0.2876712328767123,999.0,1.0,0.4166666666666667,0.0,0.0,0.0,0.2742415956392027,0.2633073714400533,0.0,0.0,0.0,0.018440463645943095,0.0,0.0
6486,0.5277777777777778,999.0,1.0,0.6,0.0,0.0,0.0,0.5257648953301127,0.5155975373366678,4.0,0.0,0.0,0.0,0.0,4.0
6487,0.5277777777777778,999.0,1.0,0.6,0.0,0.0,0.0,0.5257648953301127,0.5155975373366678,4.0,0.0,0.0,0.0,0.0,4.0
6488,0.5277777777777778,999.0,1.0,0.6,0.0,0.0,0.0,0.5257648953301127,0.5155975373366678,4.0,0.0,0.0,0.0,0.0,4.0
6489,0.7037037037037037,999.0,1.0,0.76,0.0,0.0,0.0,0.695326278659612,0.666939356939357,21.0,2.0,0.0,0.0,0.0,21.0
6490,0.52,999.0,1.0,0.5833333333333334,0.0,0.0,0.0,0.5035220125786163,0.49790083369899074,2.0,0.0,0.0,0.020000000000000018,0.0,2.0
6491,0.52,999.0,1.0,0.5833333333333334,0.0,0.0,0.0,0.5035220125786163,0.49790083369899074,2.0,0.0,0.0,0.020000000000000018,0.0,2.0
6492,0.6727272727272727,999.0,1.0,0.6,0.0,0.0,0.0,0.5445468171860425,0.508878514040439,1.0,0.0,0.0,0.18120184899845915,0.0,1.0
6493,0.5238095238095238,999.0,1.0,0.5185185185185185,0.0,0.0,0.0,0.49059673620692057,0.4751896847261808,1.0,0.0,0.0,0.038515406162465016,0.0,1.0
6494,0.5238095238095238,999.0,1.0,0.5185185185185185,0.0,0.0,0.0,0.49059673620692057,0.4751896847261808,1.0,0.0,0.0,0.038515406162465016,0.0,1.0
6495,0.5238095238095238,999.0,1.0,0.5185185185185185,0.0,0.0,0.0,0.49059673620692057,0.4751896847261808,1.0,0.0,0.0,0.038515406162465016,0.0,1.0
6496,0.515625,999.0,1.0,0.509090909090909,0.0,0.0,0.0,0.48325607416879796,0.46794431018538585,1.0,0.0,0.0,0.037364130434782594,0.0,1.0
6497,0.515625,999.0,1.0,0.509090909090909,0.0,0.0,0.0,0.48325607416879796,0.46794431018538585,1.0,0.0,0.0,0.037364130434782594,0.0,1.0
6498,0.515625,999.0,1.0,0.509090909090909,0.0,0.0,0.0,0.48325607416879796,0.46794431018538585,1.0,0.0,0.0,0.037364130434782594,0.0,1.0
6499,0.515625,999.0,1.0,0.509090909090909,0.0,0.0,0.0,0.48325607416879796,0.46794431018538585,1.0,0.0,0.0,0.037364130434782594,0.0,1.0
6500,0.515625,999.0,1.0,0.509090909090909,0.0,0.0,0.0,0.48325607416879796,0.46794431018538585,1.0,0.0,0.0,0.037364130434782594,0.0,1.0
6501,0.4807692307692308,999.0,1.0,0.5714285714285714,0.0,0.0,0.0,0.44572649572649575,0.43321511821511827,0.0,0.0,0.0,0.047435897435897434,0.0,0.0
6502,0.4807692307692308,999.0,1.0,0.5714285714285714,0.0,0.0,0.0,0.44572649572649575,0.43321511821511827,0.0,0.0,0.0,0.047435897435897434,0.0,0.0
6503,0.4807692307692308,999.0,1.0,0.5714285714285714,0.0,0.0,0.0,0.44572649572649575,0.43321511821511827,0.0,0.0,0.0,0.047435897435897434,0.0,0.0
6504,0.4807692307692308,999.0,1.0,0.5714285714285714,0.0,0.0,0.0,0.44572649572649575,0.43321511821511827,0.0,0.0,0.0,0.047435897435897434,0.0,0.0
6505,0.4807692307692308,999.0,1.0,0.5714285714285714,0.0,0.0,0.0,0.44572649572649575,0.43321511821511827,0.0,0.0,0.0,0.047435897435897434,0.0,0.0
6506,0.7962962962962963,999.0,0.0,1.0,0.0,1.0,1.0,0.6853455186788521,0.5974627224627225,3.0,2.0,0.0,0.0508417508417508,1.0,2.0
6507,0.4576271186440678,999.0,1.0,0.4,0.0,0.0,0.0,0.423887402121122,0.39617371111394306,0.0,0.0,0.0,0.010258697591436217,0.0,0.0
6508,0.7169811320754716,999.0,0.0,1.0,0.0,1.0,176.0,0.6756459473440605,0.6251725146429955,9.0,1.0,0.0,0.026072041166380733,6.0,3.0
6509,0.6438356164383562,999.0,0.0,1.0,0.0,1.0,1.0,0.5726566051908518,0.5342916375331157,3.0,0.0,0.0,0.10216894977168955,0.0,3.0
6510,0.4305555555555556,999.0,1.0,0.375,0.0,0.0,0.0,0.420935545935546,0.41789466089466093,0.0,0.0,0.0,0.013888888888888895,0.0,0.0
6511,0.35106382978723405,999.0,1.0,0.3875,0.0,0.0,0.0,0.348566505128925,0.3469943092076232,0.0,0.0,0.0,0.0016662394257882518,0.0,0.0
6512,0.37209302325581395,999.0,1.0,0.36619718309859156,0.0,0.0,0.0,0.3664552501761804,0.3615725993582653,0.0,0.0,0.0,0.008456659619450302,0.0,0.0
6513,0.4024390243902439,999.0,1.0,0.35294117647058826,0.0,0.0,0.0,0.3959148850747767,0.39270614526761066,0.0,0.0,0.0,0.00737729599518222,0.0,0.0
6514,0.4307692307692308,999.0,1.0,0.6964285714285714,0.0,0.0,0.0,0.35371373540387624,0.33617190321415674,0.0,0.0,0.0,0.11025641025641025,0.0,0.0
6515,0.8936170212765957,999.0,0.0,1.0,0.0,1.0,12.0,0.8662825059101654,0.8215876853642812,16.0,6.0,4.0,0.03945035460992907,8.0,8.0
6516,0.7407407407407407,999.0,0.0,1.0,0.0,1.0,176.0,0.6402325457641549,0.6122713955903609,28.0,1.0,0.0,0.1469907407407407,19.0,9.0
6517,0.6896551724137931,999.0,0.0,1.0,0.0,1.0,176.0,0.6013447524603711,0.5786809921425368,25.0,0.0,0.0,0.13083164300202843,21.0,4.0
6518,0.6363636363636364,999.0,0.0,1.0,0.0,1.0,1.0,0.5539755436286172,0.5342035079953522,5.0,0.0,0.0,0.12023460410557185,1.0,4.0
6519,0.74,999.0,0.0,1.0,0.0,1.0,1.0,0.6082485875706215,0.5778671853292582,5.0,1.0,0.0,0.1976271186440678,1.0,4.0
6520,0.5,999.0,0.0,1.0,0.0,1.0,36.0,0.5,0.48051378446115295,3.0,0.0,0.0,0.0,3.0,0.0
6521,0.6774193548387096,999.0,1.0,0.7068965517241379,0.0,0.0,0.0,0.6634909892974409,0.6365003906799138,5.0,0.0,0.0,0.01588089330024811,0.0,5.0
6522,0.5681818181818182,999.0,1.0,0.39436619718309857,0.0,0.0,0.0,0.4538497217068646,0.42094815122765433,1.0,0.0,0.0,0.1498144712430427,0.0,1.0
6523,0.449438202247191,999.0,1.0,0.39436619718309857,0.0,0.0,0.0,0.43332326149536343,0.4190301014755313,0.0,0.0,0.0,0.013540766349755096,0.0,0.0
6524,0.7555555555555555,999.0,0.0,1.0,0.0,1.0,176.0,0.7215488215488216,0.6895007215007215,37.0,2.0,0.0,0.005555555555555536,20.0,17.0
6525,0.25333333333333335,999.0,1.0,0.23333333333333334,0.0,0.0,0.0,0.2263888888888889,0.21960526315789472,0.0,0.0,0.0,0.04000000000000001,0.0,0.0
6526,0.2625,999.0,1.0,0.2923076923076923,0.0,0.0,0.0,0.25416666666666665,0.23891146865944793,0.0,0.0,0.0,0.012500000000000011,0.0,0.0
6527,0.578125,999.0,1.0,0.6909090909090909,0.0,0.0,0.0,0.5652573529411765,0.5488951815997412,8.0,0.0,0.0,0.004595588235294157,0.0,8.0
6528,0.5454545454545454,999.0,1.0,0.6607142857142857,0.0,0.0,0.0,0.5214358827870217,0.4921915639318247,2.0,0.0,0.0,0.019138755980861233,0.0,2.0
6529,0.582089552238806,999.0,1.0,0.6101694915254238,0.0,0.0,0.0,0.5310082318422968,0.4994124508424672,2.0,0.0,0.0,0.056448526597780324,0.0,2.0
6530,0.3855421686746988,999.0,1.0,0.4393939393939394,0.0,0.0,0.0,0.3410438374681311,0.32517424768635805,0.0,0.0,0.0,0.05659480025364616,0.0,0.0
6531,0.7391304347826086,999.0,0.0,1.0,0.0,1.0,176.0,0.6834138486312399,0.6542790784095132,32.0,1.0,0.0,0.07246376811594202,19.0,13.0
6532,0.859375,999.0,0.0,1.0,0.0,1.0,21.0,0.7748015873015873,0.7387271062271064,12.0,3.0,1.0,0.09747023809523814,8.0,4.0
6533,0.55,999.0,0.0,1.0,0.0,1.0,12.0,0.5358834244080146,0.5146807395763157,4.0,0.0,0.0,0.00901639344262295,4.0,0.0
6534,0.7,999.0,0.0,1.0,0.0,1.0,6.0,0.6685823754789272,0.6371408045977012,8.0,1.0,0.0,0.027586206896551668,3.0,5.0
6535,0.55,999.0,0.0,1.0,0.0,1.0,12.0,0.5358834244080146,0.5146807395763157,4.0,0.0,0.0,0.00901639344262295,4.0,0.0
6536,0.5833333333333334,999.0,1.0,0.7,0.0,0.0,0.0,0.567716333845366,0.5573010978898815,15.0,0.0,0.0,0.011904761904761973,0.0,15.0
6537,0.5689655172413793,999.0,1.0,0.6226415094339622,0.0,0.0,0.0,0.539117538005191,0.525224908768027,6.0,0.0,0.0,0.036707452725250334,0.0,6.0
6538,0.35714285714285715,999.0,1.0,0.47692307692307695,0.0,0.0,0.0,0.34871241042127116,0.34180320382852025,0.0,0.0,0.0,0.009920634920634941,0.0,0.0
6539,1.0,999.0,1.0,1.0,0.0,0.0,0.0,0.9199849170437405,0.8797687280040222,20.0,7.0,5.0,0.10769230769230764,0.0,20.0
6540,0.5697674418604651,999.0,1.0,1.0,0.0,0.0,0.0,0.536092356422439,0.5227080454324108,5.0,0.0,0.0,0.042885721430357626,0.0,5.0
6541,0.5697674418604651,999.0,1.0,1.0,0.0,0.0,0.0,0.536092356422439,0.5227080454324108,5.0,0.0,0.0,0.042885721430357626,0.0,5.0
6542,0.5697674418604651,999.0,1.0,1.0,0.0,0.0,0.0,0.536092356422439,0.5227080454324108,5.0,0.0,0.0,0.042885721430357626,0.0,5.0
6543,0.5697674418604651,999.0,1.0,1.0,0.0,0.0,0.0,0.536092356422439,0.5227080454324108,5.0,0.0,0.0,0.042885721430357626,0.0,5.0
6544,0.6268656716417911,999.0,1.0,0.7857142857142857,0.0,0.0,0.0,0.6237928007023705,0.6019858253489585,8.0,0.0,0.0,0.0,0.0,8.0
6545,0.7678571428571429,999.0,0.0,1.0,0.0,1.0,12.0,0.7266680118375034,0.6804816814194419,10.0,2.0,0.0,0.03904358353510906,8.0,2.0
6546,0.5753424657534246,999.0,1.0,0.7857142857142857,0.0,0.0,0.0,0.5657838660578386,0.5459093440249471,5.0,0.0,0.0,0.0,0.0,5.0
6547,0.6119402985074627,999.0,1.0,0.8518518518518519,0.0,0.0,0.0,0.5882491843310939,0.5733319059810517,5.0,0.0,0.0,0.0344755097750683,0.0,5.0
6548,0.2777777777777778,999.0,1.0,0.4716981132075472,0.0,0.0,0.0,0.27665187873899305,0.2720568262502713,0.0,0.0,0.0,0.0014619883040935533,0.0,0.0
6549,0.3611111111111111,999.0,1.0,0.45098039215686275,0.0,0.0,0.0,0.35282651072124754,0.3450292397660818,0.0,0.0,0.0,0.005847953216374269,0.0,0.0
6550,0.5483870967741935,999.0,1.0,0.6730769230769231,0.0,0.0,0.0,0.5312805474095796,0.5159106023792035,3.0,0.0,0.0,0.01808406647116323,0.0,3.0
6551,0.29310344827586204,999.0,1.0,0.3055555555555556,0.0,0.0,0.0,0.26974781382669183,0.2558640335645573,0.0,0.0,0.0,0.0338441890166028,0.0,0.0
6552,0.7692307692307693,999.0,1.0,0.7321428571428571,0.0,0.0,0.0,0.7116144724840378,0.6595642569310666,5.0,2.0,0.0,0.026806526806526842,0.0,5.0
6553,0.6461538461538462,999.0,1.0,0.7068965517241379,0.0,0.0,0.0,0.6338983977091394,0.6090057052921504,5.0,0.0,0.0,0.013800904977375628,0.0,5.0
6554,0.43478260869565216,999.0,1.0,0.39436619718309857,0.0,0.0,0.0,0.41817856503846845,0.40439551111610433,0.0,0.0,0.0,0.015029522275899099,0.0,0.0
6555,0.6785714285714286,999.0,1.0,0.7631578947368421,0.0,0.0,0.0,0.6264868548141679,0.592303197096195,8.0,0.0,0.0,0.051452784503632,0.0,8.0
6556,0.7115384615384616,999.0,1.0,0.7631578947368421,0.0,0.0,0.0,0.6113858363858364,0.5620183937925873,3.0,1.0,0.0,0.12225274725274726,0.0,3.0
6557,0.8679245283018868,999.0,0.0,1.0,0.0,1.0,28.0,0.8074368310713892,0.7764698959137887,16.0,5.0,2.0,0.06792452830188678,7.0,9.0
6558,0.8148148148148148,999.0,0.0,1.0,0.0,1.0,15.0,0.7452891487979207,0.7029111941967852,12.0,2.0,1.0,0.060428849902534054,4.0,8.0
6559,0.7450980392156863,999.0,1.0,0.6363636363636364,0.0,0.0,0.0,0.6447272866261514,0.617542994247241,14.0,1.0,0.0,0.1486068111455109,0.0,14.0
6560,0.4810126582278481,999.0,1.0,0.4868421052631579,0.0,0.0,0.0,0.4740521813720764,0.45151470809528255,0.0,0.0,0.0,0.009748290411756177,0.0,0.0
6561,0.7162162162162162,999.0,1.0,0.7192982456140351,0.0,0.0,0.0,0.7098498498498498,0.7056433343801765,16.0,4.0,0.0,0.009549549549549563,0.0,16.0
6562,0.44,999.0,1.0,0.525,0.0,0.0,0.0,0.4155500821018063,0.39705732198835647,0.0,0.0,0.0,0.026206896551724146,0.0,0.0
6563,0.4126984126984127,999.0,1.0,0.7027027027027027,0.0,0.0,0.0,0.41118467589055824,0.407960805534335,0.0,0.0,0.0,0.0009337068160597539,0.0,0.0
6564,0.5357142857142857,999.0,1.0,0.5952380952380952,0.0,0.0,0.0,0.5081620718462824,0.47679266794437075,2.0,0.0,0.0,0.026942355889724268,0.0,2.0
6565,0.6333333333333333,999.0,1.0,0.8979591836734694,0.0,0.0,0.0,0.5368298368298369,0.5126220956462892,1.0,0.0,0.0,0.14102564102564097,0.0,1.0
6566,0.6896551724137931,999.0,1.0,0.9787234042553191,0.0,0.0,0.0,0.5711589645750895,0.5426465386962136,4.0,0.0,0.0,0.17403017241379315,0.0,4.0
6567,0.6896551724137931,999.0,1.0,0.9787234042553191,0.0,0.0,0.0,0.5711589645750895,0.5426465386962136,4.0,0.0,0.0,0.17403017241379315,0.0,4.0
6568,0.7068965517241379,999.0,0.0,1.0,0.0,1.0,1.0,0.5848545462451624,0.5540384908728606,6.0,1.0,0.0,0.18230638778971164,1.0,5.0
6569,0.6190476190476191,999.0,1.0,0.8653846153846154,0.0,0.0,0.0,0.5476190476190476,0.5257142857142857,4.0,0.0,0.0,0.09523809523809523,0.0,4.0
6570,0.6190476190476191,999.0,1.0,0.8653846153846154,0.0,0.0,0.0,0.5476190476190476,0.5257142857142857,4.0,0.0,0.0,0.09523809523809523,0.0,4.0
6571,0.5538461538461539,999.0,1.0,0.7777777777777778,0.0,0.0,0.0,0.5359420844495472,0.513007624720798,4.0,0.0,0.0,0.016532721010332985,0.0,4.0
6572,0.5538461538461539,999.0,1.0,0.7777777777777778,0.0,0.0,0.0,0.5359420844495472,0.513007624720798,4.0,0.0,0.0,0.016532721010332985,0.0,4.0
6573,0.603448275862069,999.0,1.0,0.5,0.0,0.0,0.0,0.5909799337619326,0.5850964348334309,9.0,0.0,0.0,0.010227936879018129,0.0,9.0
6574,0.7090909090909091,999.0,0.0,1.0,0.0,1.0,12.0,0.628735632183908,0.6039080459770114,13.0,1.0,0.0,0.11818181818181817,8.0,5.0
6575,0.6190476190476191,999.0,0.0,1.0,0.0,1.0,12.0,0.5537420537420538,0.5322452322452322,5.0,0.0,0.0,0.0920205920205921,4.0,1.0
6576,0.734375,999.0,1.0,0.7321428571428571,0.0,0.0,0.0,0.687249027156814,0.6426802986470296,14.0,2.0,0.0,0.01306352459016391,0.0,14.0
6577,0.3246753246753247,999.0,1.0,0.5967741935483871,0.0,0.0,0.0,0.31552343734405314,0.3102442949645714,0.0,0.0,0.0,0.011422312627131892,0.0,0.0
6578,0.33783783783783783,999.0,1.0,0.391304347826087,0.0,0.0,0.0,0.3277835527835528,0.3201902992971616,0.0,0.0,0.0,0.012837837837837818,0.0,0.0
6579,0.5571428571428572,999.0,1.0,0.45161290322580644,0.0,0.0,0.0,0.5468253968253968,0.5325636007827789,4.0,0.0,0.0,0.015476190476190532,0.0,4.0
6580,0.5416666666666666,999.0,1.0,0.4444444444444444,0.0,0.0,0.0,0.5319069069069069,0.5206441441441442,4.0,0.0,0.0,0.014639639639639657,0.0,4.0
6581,0.5675675675675675,999.0,1.0,0.5694444444444444,0.0,0.0,0.0,0.5582029397818872,0.5387581620936092,5.0,0.0,0.0,0.0,0.0,5.0
6582,0.640625,999.0,1.0,0.5185185185185185,0.0,0.0,0.0,0.6136363636363636,0.5988854429152937,11.0,0.0,0.0,0.03125,0.0,11.0
6583,0.26666666666666666,999.0,1.0,0.2222222222222222,0.0,0.0,0.0,0.23070707070707072,0.22188195386702847,0.0,0.0,0.0,0.053333333333333316,0.0,0.0
6584,0.47560975609756095,999.0,1.0,0.5166666666666667,0.0,0.0,0.0,0.45381704002362483,0.4369860544994791,0.0,0.0,0.0,0.010821023703194765,0.0,0.0
6585,0.46835443037974683,999.0,1.0,0.3902439024390244,0.0,0.0,0.0,0.44418398708131474,0.42776039224878887,0.0,0.0,0.0,0.011564306922956735,0.0,0.0
6586,0.4578313253012048,999.0,1.0,0.45569620253164556,0.0,0.0,0.0,0.423805538804862,0.41297897545683027,0.0,0.0,0.0,0.04874041621029568,0.0,0.0
6587,0.4578313253012048,999.0,1.0,0.45569620253164556,0.0,0.0,0.0,0.423805538804862,0.41297897545683027,0.0,0.0,0.0,0.04874041621029568,0.0,0.0
6588,0.4578313253012048,999.0,1.0,0.45569620253164556,0.0,0.0,0.0,0.423805538804862,0.41297897545683027,0.0,0.0,0.0,0.04874041621029568,0.0,0.0
6589,0.3305084745762712,999.0,1.0,0.29545454545454547,0.0,0.0,0.0,0.3223942188147134,0.31193321515028716,0.0,0.0,0.0,0.0027773821392964027,0.0,0.0
6590,0.2625,999.0,1.0,0.2777777777777778,0.0,0.0,0.0,0.2502774938965537,0.24611887729031318,0.0,0.0,0.0,0.016885964912280726,0.0,0.0
6591,0.9393939393939394,999.0,1.0,0.75,0.0,0.0,0.0,0.82996632996633,0.675775716347145,3.0,2.0,2.0,0.0,0.0,3.0
6592,1.0,999.0,0.0,1.0,0.0,1.0,2.0,0.8703703703703703,0.7000181405895691,3.0,2.0,2.0,0.0,2.0,1.0
6593,0.29411764705882354,999.0,1.0,0.2597402597402597,0.0,0.0,0.0,0.28946361499597845,0.2852212745276523,0.0,0.0,0.0,0.003795066413662229,0.0,0.0
6594,0.25609756097560976,999.0,1.0,0.2923076923076923,0.0,0.0,0.0,0.24675659552229243,0.24018481496147448,0.0,0.0,0.0,0.009038737446197986,0.0,0.0
6595,0.25609756097560976,999.0,1.0,0.2923076923076923,0.0,0.0,0.0,0.22857699610064544,0.2216044019947526,0.0,0.0,0.0,0.039230091096091685,0.0,0.0
6596,0.25301204819277107,999.0,1.0,0.2608695652173913,0.0,0.0,0.0,0.2296653480639236,0.22152013907091234,0.0,0.0,0.0,0.03208181563463153,0.0,0.0
6597,0.2625,999.0,1.0,0.2727272727272727,0.0,0.0,0.0,0.23284851735709963,0.22396418118618447,0.0,0.0,0.0,0.0433219178082192,0.0,0.0
6598,0.2839506172839506,999.0,1.0,0.273972602739726,0.0,0.0,0.0,0.264307247159317,0.2545843482955902,0.0,0.0,0.0,0.02785305630834084,0.0,0.0
6599,0.3026315789473684,999.0,1.0,0.2898550724637681,0.0,0.0,0.0,0.28121717820049014,0.27158744977743693,0.0,0.0,0.0,0.02990430622009571,0.0,0.0
6600,1.0,999.0,1.0,1.0,0.0,0.0,0.0,0.7794257958192384,0.7000095707152015,9.0,1.0,1.0,0.31746031746031744,0.0,9.0
6601,0.2625,999.0,1.0,0.2777777777777778,0.0,0.0,0.0,0.24648422694539204,0.23984022170182642,0.0,0.0,0.0,0.01978155339805826,0.0,0.0
6602,0.42,999.0,1.0,0.525,0.0,0.0,0.0,0.39762711864406786,0.37403081664098614,0.0,0.0,0.0,0.019999999999999962,0.0,0.0
6603,0.42,999.0,1.0,0.525,0.0,0.0,0.0,0.38125284963821987,0.3621156592662844,0.0,0.0,0.0,0.04711864406779659,0.0,0.0
6604,0.34545454545454546,999.0,1.0,0.32075471698113206,0.0,0.0,0.0,0.3372025997362924,0.3238759010682478,0.0,0.0,0.0,0.005831903945111516,0.0,0.0
6605,0.5666666666666667,999.0,1.0,0.49019607843137253,0.0,0.0,0.0,0.4477736928104575,0.3912228510807308,1.0,0.0,0.0,0.11354166666666665,0.0,1.0
6606,0.559322033898305,999.0,1.0,0.48,0.0,0.0,0.0,0.46186045408550463,0.42483923260310547,1.0,0.0,0.0,0.10619703389830504,0.0,1.0
6607,0.5352112676056338,999.0,1.0,0.6346153846153846,0.0,0.0,0.0,0.4558214513417956,0.42315953747174406,1.0,0.0,0.0,0.11545818118588069,0.0,1.0
6608,0.3548387096774194,999.0,1.0,0.38961038961038963,0.0,0.0,0.0,0.33847774825299765,0.32808664895179857,0.0,0.0,0.0,0.014632524110409051,0.0,0.0
6609,0.34615384615384615,999.0,1.0,0.3382352941176471,0.0,0.0,0.0,0.3277906304222094,0.31809579967474705,0.0,0.0,0.0,0.024725274725274693,0.0,0.0
6610,0.5,999.0,1.0,0.5692307692307692,0.0,0.0,0.0,0.440093896713615,0.4140909880628191,1.0,0.0,0.0,0.06,0.0,1.0
6611,0.453125,999.0,1.0,0.4576271186440678,0.0,0.0,0.0,0.3809376585489599,0.3607465031753529,0.0,0.0,0.0,0.10590277777777779,0.0,0.0
6612,0.45454545454545453,999.0,1.0,0.5357142857142857,0.0,0.0,0.0,0.4227707821457822,0.40764088523771624,0.0,0.0,0.0,0.03267045454545453,0.0,0.0
6613,0.875,999.0,0.0,1.0,0.0,1.0,94.0,0.7983333333333333,0.7485,49.0,3.0,2.0,0.07499999999999996,15.0,34.0
6614,0.8,999.0,1.0,0.782608695652174,0.0,0.0,0.0,0.658974358974359,0.6202031930333817,7.0,1.0,1.0,0.20000000000000007,0.0,7.0
6615,0.6896551724137931,999.0,0.0,1.0,0.0,1.0,1.0,0.6076628352490422,0.5861395272839249,10.0,0.0,0.0,0.1229885057471265,1.0,9.0
6616,0.4423076923076923,999.0,1.0,0.4827586206896552,0.0,0.0,0.0,0.4127553237722729,0.39077987889948235,0.0,0.0,0.0,0.019230769230769218,0.0,0.0
6617,0.40789473684210525,999.0,1.0,0.4230769230769231,0.0,0.0,0.0,0.40789473684210525,0.4078947368421052,0.0,0.0,0.0,0.0,0.0,0.0
6618,0.38235294117647056,999.0,1.0,0.42105263157894735,0.0,0.0,0.0,0.3529899521997854,0.33939187449594277,0.0,0.0,0.0,0.03906935908691833,0.0,0.0
6619,0.43243243243243246,999.0,1.0,0.5517241379310345,0.0,0.0,0.0,0.41100057538413703,0.4021343634510677,0.0,0.0,0.0,0.021473528322843438,0.0,0.0
6620,0.6440677966101694,999.0,1.0,0.9302325581395349,0.0,0.0,0.0,0.5366051663999923,0.507037726705667,1.0,0.0,0.0,0.1520043045466774,0.0,1.0
6621,0.48333333333333334,999.0,0.0,1.0,0.0,1.0,36.0,0.46419956140350876,0.4519463102686787,0.0,0.0,0.0,0.02719298245614038,0.0,0.0
6622,0.6078431372549019,999.0,0.0,1.0,0.0,1.0,36.0,0.5904931669637552,0.5757951027300872,9.0,0.0,0.0,0.007843137254901933,7.0,2.0
6623,0.5777777777777777,999.0,0.0,1.0,0.0,1.0,6.0,0.519753086419753,0.48993992918804946,2.0,0.0,0.0,0.07777777777777772,0.0,2.0
6624,0.5869565217391305,999.0,1.0,0.8235294117647058,0.0,0.0,0.0,0.5294197234860641,0.4924104547812937,2.0,0.0,0.0,0.05504162812210922,0.0,2.0
6625,0.5,999.0,1.0,0.6071428571428571,0.0,0.0,0.0,0.49572649572649574,0.4791413237924866,2.0,0.0,0.0,0.0,0.0,2.0
6626,0.45652173913043476,999.0,0.0,1.0,0.0,1.0,1.0,0.42384468143286846,0.3847108492637615,0.0,0.0,0.0,0.0,0.0,0.0
6627,0.45652173913043476,999.0,0.0,1.0,0.0,1.0,1.0,0.42384468143286846,0.3847108492637615,0.0,0.0,0.0,0.0,0.0,0.0
6628,0.8,999.0,1.0,0.6944444444444444,0.0,0.0,0.0,0.6508474576271186,0.587959454968428,4.0,1.0,1.0,0.18983050847457628,0.0,4.0
6629,0.7659574468085106,999.0,1.0,0.7659574468085106,0.0,0.0,0.0,0.5394192296464204,0.486363402194632,1.0,1.0,0.0,0.3373860182370821,0.0,1.0
6630,0.3291139240506329,999.0,1.0,0.46296296296296297,0.0,0.0,0.0,0.31999875899726976,0.3091371547553079,0.0,0.0,0.0,0.004113924050632878,0.0,0.0
6631,0.3561643835616438,999.0,1.0,0.46296296296296297,0.0,0.0,0.0,0.35122319368894717,0.33664019384378385,0.0,0.0,0.0,0.004813032210292445,0.0,0.0
6632,0.35,999.0,1.0,0.39215686274509803,0.0,0.0,0.0,0.3432558669400774,0.32552798824915286,0.0,0.0,0.0,0.007894736842105232,0.0,0.0
6633,0.6363636363636364,999.0,0.0,1.0,0.0,1.0,1.0,0.5725028058361391,0.5151380471380471,2.0,0.0,0.0,0.018181818181818188,1.0,1.0
6634,0.525,999.0,1.0,0.4576271186440678,0.0,0.0,0.0,0.4903153153153153,0.46672887172887173,1.0,0.0,0.0,0.05202702702702705,0.0,1.0
6635,0.4583333333333333,999.0,1.0,0.3902439024390244,0.0,0.0,0.0,0.4117350300634215,0.3907252285643687,0.0,0.0,0.0,0.04988262910798119,0.0,0.0
6636,0.48,999.0,1.0,0.3902439024390244,0.0,0.0,0.0,0.42143231839434375,0.4064728364147575,0.0,0.0,0.0,0.08759493670886076,0.0,0.0
6637,0.4935064935064935,999.0,1.0,0.3902439024390244,0.0,0.0,0.0,0.4728836824476768,0.44498020946860606,0.0,0.0,0.0,0.02515206312674667,0.0,0.0
6638,0.4507042253521127,999.0,1.0,0.3902439024390244,0.0,0.0,0.0,0.4111369974231353,0.38956827440324826,0.0,0.0,0.0,0.036418511066398374,0.0,0.0
6639,0.48,999.0,1.0,0.3902439024390244,0.0,0.0,0.0,0.42143231839434375,0.39841213365263994,0.0,0.0,0.0,0.08759493670886076,0.0,0.0
6640,0.42424242424242425,999.0,1.0,0.3902439024390244,0.0,0.0,0.0,0.3931747047944231,0.37990482287665384,0.0,0.0,0.0,0.04396073410157919,0.0,0.0
6641,0.5066666666666667,999.0,1.0,0.7027027027027027,0.0,0.0,0.0,0.4782420208226659,0.4708119832456162,1.0,0.0,0.0,0.03892473118279577,0.0,1.0
6642,0.5066666666666667,999.0,1.0,0.7027027027027027,0.0,0.0,0.0,0.4782420208226659,0.4708119832456162,1.0,0.0,0.0,0.03892473118279577,0.0,1.0
6643,0.569620253164557,999.0,1.0,0.5,0.0,0.0,0.0,0.5150729500279599,0.48973342518918983,1.0,0.0,0.0,0.07594936708860761,0.0,1.0
6644,0.7111111111111111,999.0,0.0,1.0,0.0,1.0,74.0,0.6980877616747182,0.6911930825367458,29.0,1.0,0.0,0.01545893719806768,18.0,11.0
6645,0.4166666666666667,999.0,1.0,0.4444444444444444,0.0,0.0,0.0,0.38609159510798857,0.3651004058770698,0.0,0.0,0.0,0.035714285714285754,0.0,0.0
6646,0.62,999.0,0.0,1.0,0.0,1.0,1.0,0.4638828967642527,0.42969337442218797,1.0,0.0,0.0,0.2301694915254237,1.0,0.0
6647,0.31,999.0,1.0,0.4,0.0,0.0,0.0,0.2960932343234323,0.2883135369659415,0.0,0.0,0.0,0.012970297029702982,0.0,0.0
6648,0.3157894736842105,999.0,1.0,0.4444444444444444,0.0,0.0,0.0,0.3097326649958229,0.30167810831426395,0.0,0.0,0.0,0.0,0.0,0.0
6649,0.4166666666666667,999.0,1.0,0.4444444444444444,0.0,0.0,0.0,0.3752690842854777,0.36233230176540787,0.0,0.0,0.0,0.05601092896174864,0.0,0.0
6650,0.5111111111111111,999.0,1.0,0.6944444444444444,0.0,0.0,0.0,0.4734876796402638,0.4652246832558563,1.0,0.0,0.0,0.054589371980676316,0.0,1.0
6651,0.4065934065934066,999.0,1.0,0.463768115942029,0.0,0.0,0.0,0.397263364654669,0.38491396470997374,0.0,0.0,0.0,0.001831501831501825,0.0,0.0
6652,0.4074074074074074,999.0,0.0,1.0,0.0,1.0,1.0,0.4008230452674897,0.3937927370859097,0.0,0.0,0.0,0.007407407407407363,0.0,0.0
6653,0.4342105263157895,999.0,0.0,1.0,0.0,1.0,1.0,0.4273099415204678,0.4194499051914108,0.0,0.0,0.0,0.007543859649122797,0.0,0.0
6654,0.8333333333333334,999.0,0.0,1.0,0.0,1.0,16.0,0.7033096926713949,0.6658882546272272,7.0,1.0,1.0,0.1950354609929078,5.0,2.0
6655,0.4868421052631579,999.0,0.0,1.0,0.0,1.0,176.0,0.45940511489992586,0.4367400885975332,0.0,0.0,0.0,0.007968865826538218,0.0,0.0
6656,0.5063291139240507,999.0,1.0,0.45901639344262296,0.0,0.0,0.0,0.47667012364621364,0.4617304890500645,1.0,0.0,0.0,0.03719331145491489,0.0,1.0
6657,0.8181818181818182,999.0,0.0,1.0,0.0,1.0,1.0,0.7141148325358851,0.6600478468899522,7.0,2.0,1.0,0.10765550239234456,0.0,7.0
6658,1.0,999.0,0.0,1.0,0.0,1.0,74.0,0.8482469911041339,0.7984481946624804,46.0,4.0,1.0,0.22448979591836737,17.0,29.0
6659,1.0,999.0,0.0,1.0,0.0,1.0,74.0,0.8482469911041339,0.7984481946624804,46.0,4.0,1.0,0.22448979591836737,17.0,29.0
6660,0.8163265306122449,999.0,0.0,1.0,0.0,1.0,74.0,0.7785831313657537,0.7210758047453782,29.0,3.0,1.0,0.05162064825930379,17.0,12.0
6661,0.8163265306122449,999.0,0.0,1.0,0.0,1.0,74.0,0.7785831313657537,0.7210758047453782,29.0,3.0,1.0,0.05162064825930379,17.0,12.0
6662,0.8163265306122449,999.0,0.0,1.0,0.0,1.0,74.0,0.7785831313657537,0.7210758047453782,29.0,3.0,1.0,0.05162064825930379,17.0,12.0
6663,0.36923076923076925,999.0,1.0,0.3888888888888889,0.0,0.0,0.0,0.35084981040086677,0.33713888812375925,0.0,0.0,0.0,0.009855769230769251,0.0,0.0
6664,0.5652173913043478,999.0,1.0,0.6363636363636364,0.0,0.0,0.0,0.545072463768116,0.5270434782608696,6.0,0.0,0.0,0.015217391304347738,0.0,6.0
6665,0.375,999.0,1.0,0.3888888888888889,0.0,0.0,0.0,0.3555253623188406,0.3358706280823083,0.0,0.0,0.0,0.02717391304347827,0.0,0.0
6666,0.45977011494252873,999.0,1.0,0.47297297297297297,0.0,0.0,0.0,0.4318225048232385,0.40436232009824413,0.0,0.0,0.0,0.012961604304230878,0.0,0.0
6667,0.6944444444444444,999.0,1.0,0.8888888888888888,0.0,0.0,0.0,0.598180385414428,0.5612338126440056,6.0,0.0,0.0,0.1262626262626262,0.0,6.0
6668,0.5925925925925926,999.0,0.0,1.0,0.0,1.0,61.0,0.5855379188712522,0.561019721019721,9.0,0.0,0.0,0.0,2.0,7.0
6669,0.31343283582089554,999.0,1.0,0.4358974358974359,0.0,0.0,0.0,0.2757739082365948,0.26412242331018015,0.0,0.0,0.0,0.049543946932006644,0.0,0.0
6670,0.52,999.0,1.0,0.6507936507936508,0.0,0.0,0.0,0.5044157088122606,0.49155879548704917,2.0,0.0,0.0,0.01425287356321836,0.0,2.0
6671,0.5104166666666666,999.0,1.0,0.4666666666666667,0.0,0.0,0.0,0.4531571140634758,0.4377018285755425,1.0,0.0,0.0,0.07883771929824557,0.0,1.0
6672,0.5104166666666666,999.0,1.0,0.4666666666666667,0.0,0.0,0.0,0.4531571140634758,0.4377018285755425,1.0,0.0,0.0,0.07883771929824557,0.0,1.0
6673,0.4819277108433735,999.0,1.0,0.4605263157894737,0.0,0.0,0.0,0.4537036404267097,0.4322737911056622,0.0,0.0,0.0,0.005183524796861849,0.0,0.0
6674,0.4819277108433735,999.0,1.0,0.4605263157894737,0.0,0.0,0.0,0.4537036404267097,0.4322737911056622,0.0,0.0,0.0,0.005183524796861849,0.0,0.0
6675,0.4117647058823529,999.0,1.0,0.4605263157894737,0.0,0.0,0.0,0.39990796318527416,0.3850530030193896,0.0,0.0,0.0,0.013805522208883536,0.0,0.0
6676,0.4117647058823529,999.0,1.0,0.4605263157894737,0.0,0.0,0.0,0.39990796318527416,0.3850530030193896,0.0,0.0,0.0,0.013805522208883536,0.0,0.0
6677,0.4,999.0,1.0,0.41509433962264153,0.0,0.0,0.0,0.39307034648267586,0.3835729864882903,0.0,0.0,0.0,0.010169491525423735,0.0,0.0
6678,0.4,999.0,1.0,0.41509433962264153,0.0,0.0,0.0,0.39307034648267586,0.3835729864882903,0.0,0.0,0.0,0.010169491525423735,0.0,0.0
6679,0.4567901234567901,999.0,1.0,0.6507936507936508,0.0,0.0,0.0,0.4360251043917574,0.423784807783523,0.0,0.0,0.0,0.026557565317255227,0.0,0.0
6680,0.7575757575757576,999.0,1.0,0.7142857142857143,0.0,0.0,0.0,0.703707556110302,0.6408142772559248,8.0,1.0,0.0,0.06192358366271411,0.0,8.0
6681,0.7246376811594203,999.0,1.0,0.7291666666666666,0.0,0.0,0.0,0.67473858007705,0.6150159875524028,8.0,1.0,0.0,0.05797101449275366,0.0,8.0
6682,0.8095238095238095,999.0,0.0,1.0,0.0,1.0,1.0,0.7657900971333808,0.7004986649762769,13.0,3.0,1.0,0.03809523809523807,1.0,12.0
6683,0.6571428571428571,999.0,1.0,0.6111111111111112,0.0,0.0,0.0,0.6266767270288397,0.5873949251061926,7.0,0.0,0.0,0.009255533199195143,0.0,7.0
6684,0.7101449275362319,999.0,1.0,0.6470588235294118,0.0,0.0,0.0,0.6688181433737878,0.6265721799764526,9.0,1.0,0.0,0.03408858950806293,0.0,9.0
6685,0.4020618556701031,999.0,1.0,0.4657534246575342,0.0,0.0,0.0,0.39591794230969485,0.39014430280078294,0.0,0.0,0.0,0.008122461730709185,0.0,0.0
6686,0.847457627118644,999.0,0.0,1.0,0.0,1.0,1.0,0.7427606666261669,0.6812344022203691,8.0,2.0,1.0,0.10552214324767628,1.0,7.0
6687,0.8412698412698413,999.0,0.0,1.0,0.0,1.0,1.0,0.7235310498468394,0.6716822805152324,10.0,1.0,1.0,0.1698412698412699,1.0,9.0
6688,0.8709677419354839,999.0,0.0,1.0,0.0,1.0,1.0,0.7571853257432005,0.6944396606250954,12.0,2.0,1.0,0.15037950664136623,1.0,11.0
6689,0.7903225806451613,999.0,0.0,1.0,0.0,1.0,1.0,0.7313183530925466,0.6717507461851253,10.0,2.0,0.0,0.06724565756823819,1.0,9.0
6690,0.7777777777777778,999.0,0.0,1.0,0.0,1.0,1.0,0.7203772888704396,0.6618754253593755,12.0,2.0,0.0,0.06565656565656564,1.0,11.0
6691,0.9122807017543859,999.0,0.0,1.0,0.0,1.0,1.0,0.8208645510421858,0.7837359879442637,19.0,5.0,1.0,0.13616129876931127,1.0,18.0
6692,0.7301587301587301,999.0,1.0,0.7058823529411765,0.0,0.0,0.0,0.6930152388200334,0.6367046656800797,10.0,2.0,0.0,0.011408730158730118,0.0,10.0
6693,0.5352112676056338,999.0,1.0,0.7058823529411765,0.0,0.0,0.0,0.5326764238398427,0.523753495095382,6.0,0.0,0.0,0.0009646922631679766,0.0,6.0
6694,0.7301587301587301,999.0,1.0,0.7021276595744681,0.0,0.0,0.0,0.6930152388200334,0.6368451397801674,8.0,2.0,0.0,0.011408730158730118,0.0,8.0
6695,0.8032786885245902,999.0,1.0,0.8181818181818182,0.0,0.0,0.0,0.72119146832823,0.6612349313475944,10.0,2.0,1.0,0.07311995836586005,0.0,10.0
6696,0.8571428571428571,999.0,1.0,0.7857142857142857,0.0,0.0,0.0,0.7880255337882457,0.721521787934639,17.0,3.0,1.0,0.07748184019370452,0.0,17.0
6697,0.7352941176470589,999.0,1.0,0.7307692307692307,0.0,0.0,0.0,0.6494159435335907,0.6112386072160448,8.0,1.0,0.0,0.1249045072574485,0.0,8.0
6698,0.6231884057971014,999.0,0.0,1.0,0.0,1.0,3.0,0.6073631682327335,0.5906433034441124,9.0,0.0,0.0,0.008902691511387117,0.0,9.0
6699,0.5116279069767442,999.0,1.0,0.5405405405405406,0.0,0.0,0.0,0.4928625080955966,0.4719079810478341,1.0,0.0,0.0,0.01657840202624916,0.0,1.0
6700,0.6,999.0,1.0,0.5384615384615384,0.0,0.0,0.0,0.5230452674897119,0.4969747093371689,2.0,0.0,0.0,0.09999999999999998,0.0,2.0
6701,0.7966101694915254,999.0,1.0,0.813953488372093,0.0,0.0,0.0,0.6864768941040128,0.6490656236418948,10.0,1.0,0.0,0.15045632333767922,0.0,10.0
6702,0.569620253164557,999.0,1.0,0.559322033898305,0.0,0.0,0.0,0.5166677746363578,0.49402908615963365,2.0,0.0,0.0,0.06359615677901487,0.0,2.0
6703,0.5428571428571428,999.0,1.0,0.6415094339622641,0.0,0.0,0.0,0.535064935064935,0.5223722943722944,5.0,0.0,0.0,0.0,0.0,5.0
6704,0.4875,999.0,1.0,0.6938775510204082,0.0,0.0,0.0,0.4472222222222222,0.42019230769230764,0.0,0.0,0.0,0.020833333333333315,0.0,0.0
6705,0.5671641791044776,999.0,1.0,0.7083333333333334,0.0,0.0,0.0,0.5540353786622444,0.5405308162384425,5.0,0.0,0.0,0.0,0.0,5.0
6706,0.5277777777777778,999.0,1.0,0.5614035087719298,0.0,0.0,0.0,0.5229044834307993,0.5125413913571808,4.0,0.0,0.0,0.0,0.0,4.0
6707,0.5277777777777778,999.0,0.0,1.0,0.0,1.0,3.0,0.5163540163540163,0.5047483072483072,2.0,0.0,0.0,0.0,0.0,2.0
6708,0.5205479452054794,999.0,1.0,0.5614035087719298,0.0,0.0,0.0,0.5200277440610369,0.5133153477353234,5.0,0.0,0.0,0.0,0.0,5.0
6709,0.639344262295082,999.0,0.0,1.0,0.0,1.0,3.0,0.606470555735337,0.5870756107521264,7.0,0.0,0.0,0.026441036488630387,0.0,7.0
6710,0.47368421052631576,999.0,1.0,0.6530612244897959,0.0,0.0,0.0,0.4496819900416679,0.43728038341399833,0.0,0.0,0.0,0.022979985174203077,0.0,0.0
6711,0.5588235294117647,999.0,0.0,1.0,0.0,1.0,3.0,0.5503267973856208,0.5370083701751711,5.0,0.0,0.0,0.0,0.0,5.0
6712,0.5131578947368421,999.0,1.0,0.4666666666666667,0.0,0.0,0.0,0.5089521749579429,0.49654219105071506,3.0,0.0,0.0,0.006308579668348968,0.0,3.0
6713,0.5522388059701493,999.0,1.0,0.5185185185185185,0.0,0.0,0.0,0.5465629598486441,0.5388987368701474,5.0,0.0,0.0,0.0,0.0,5.0
6714,0.4125,999.0,1.0,0.5185185185185185,0.0,0.0,0.0,0.4041666666666666,0.39749999999999996,0.0,0.0,0.0,0.012499999999999956,0.0,0.0
6715,0.4520547945205479,999.0,1.0,0.45714285714285713,0.0,0.0,0.0,0.4433548084463892,0.4304171082955861,0.0,0.0,0.0,0.0026165922733569213,0.0,0.0
6716,0.5915492957746479,999.0,1.0,0.6842105263157895,0.0,0.0,0.0,0.4714097912153867,0.4034729743932857,2.0,0.0,0.0,0.08408660920748368,0.0,2.0
6717,0.609375,999.0,1.0,0.8979591836734694,0.0,0.0,0.0,0.5959134615384616,0.5728232192380674,11.0,0.0,0.0,0.015625,0.0,11.0
6718,0.6612903225806451,999.0,1.0,0.9787234042553191,0.0,0.0,0.0,0.629904313876088,0.5932177306406433,11.0,0.0,0.0,0.04224270353302606,0.0,11.0
6719,0.6774193548387096,999.0,0.0,1.0,0.0,1.0,1.0,0.6372647849462365,0.5982318868407577,11.0,0.0,0.0,0.05241935483870963,1.0,10.0
6720,0.6774193548387096,999.0,1.0,1.0,0.0,0.0,0.0,0.6372647849462365,0.5982318868407577,11.0,0.0,0.0,0.05241935483870963,0.0,11.0
6721,0.31958762886597936,999.0,1.0,0.2857142857142857,0.0,0.0,0.0,0.30972451199368534,0.3009862223477263,0.0,0.0,0.0,0.011076990568107015,0.0,0.0
6722,0.7205882352941176,999.0,1.0,0.6111111111111112,0.0,0.0,0.0,0.6924517175291168,0.6394026544490939,7.0,1.0,0.0,0.03487394957983192,0.0,7.0
6723,0.5222222222222223,999.0,1.0,0.532258064516129,0.0,0.0,0.0,0.5029019129019129,0.4714554334554335,2.0,0.0,0.0,0.005738705738705718,0.0,2.0
6724,0.6133333333333333,999.0,1.0,0.559322033898305,0.0,0.0,0.0,0.5570502147717337,0.5331353632113125,4.0,0.0,0.0,0.06902953586497884,0.0,4.0
6725,0.550561797752809,999.0,1.0,0.4533333333333333,0.0,0.0,0.0,0.5339675979737971,0.5170830677448517,3.0,0.0,0.0,0.01033191269533773,0.0,3.0
6726,0.5119047619047619,999.0,1.0,0.6101694915254238,0.0,0.0,0.0,0.47926845156667314,0.4607820447227754,1.0,0.0,0.0,0.04678848283499443,0.0,1.0
6727,0.45977011494252873,999.0,1.0,0.5735294117647058,0.0,0.0,0.0,0.4394384514819271,0.4270722632140112,0.0,0.0,0.0,0.028191167574107667,0.0,0.0
6728,0.3711340206185567,999.0,1.0,0.39473684210526316,0.0,0.0,0.0,0.3584643687736471,0.3510922226243243,0.0,0.0,0.0,0.010309278350515483,0.0,0.0
6729,0.32926829268292684,999.0,1.0,0.417910447761194,0.0,0.0,0.0,0.3086070569541037,0.29502883765408694,0.0,0.0,0.0,0.009823848238482424,0.0,0.0
6730,0.3058823529411765,999.0,1.0,0.4473684210526316,0.0,0.0,0.0,0.29353166553977916,0.27287287529285975,0.0,0.0,0.0,0.007031778228532792,0.0,0.0
6731,0.275,999.0,1.0,0.4444444444444444,0.0,0.0,0.0,0.26753294598122185,0.25935697689105874,0.0,0.0,0.0,0.00027472527472527375,0.0,0.0
6732,0.3493975903614458,999.0,1.0,0.2638888888888889,0.0,0.0,0.0,0.3311416915017364,0.3182410402710206,0.0,0.0,0.0,0.012188288035864414,0.0,0.0
6733,0.4329896907216495,999.0,1.0,0.3614457831325301,0.0,0.0,0.0,0.4191314842088038,0.40009967625947007,0.0,0.0,0.0,0.004418262150220953,0.0,0.0
6734,0.4375,999.0,1.0,0.3614457831325301,0.0,0.0,0.0,0.4234965635738832,0.40417369572008754,0.0,0.0,0.0,0.0045103092783504994,0.0,0.0
6735,0.5161290322580645,999.0,1.0,0.47297297297297297,0.0,0.0,0.0,0.4881349647756767,0.4679217087448456,2.0,0.0,0.0,0.016129032258064502,0.0,2.0
6736,0.47560975609756095,999.0,1.0,0.47297297297297297,0.0,0.0,0.0,0.4640882036035101,0.43403319654104566,0.0,0.0,0.0,0.01678622668579627,0.0,0.0
6737,0.47560975609756095,999.0,1.0,0.47297297297297297,0.0,0.0,0.0,0.4640882036035101,0.43403319654104566,0.0,0.0,0.0,0.01678622668579627,0.0,0.0
6738,0.46153846153846156,999.0,1.0,0.47297297297297297,0.0,0.0,0.0,0.45554657895243045,0.4423052980921171,0.0,0.0,0.0,0.008050089445438335,0.0,0.0
6739,0.42857142857142855,999.0,1.0,0.43820224719101125,0.0,0.0,0.0,0.4026930359772775,0.3860369944728859,0.0,0.0,0.0,0.03681885125184092,0.0,0.0
6740,0.42857142857142855,999.0,1.0,0.43820224719101125,0.0,0.0,0.0,0.4026930359772775,0.3860369944728859,0.0,0.0,0.0,0.03681885125184092,0.0,0.0
6741,0.7333333333333333,999.0,0.0,1.0,0.0,1.0,1073.0,0.6252777777777777,0.5936662404092072,19.0,1.0,0.0,0.15333333333333332,16.0,3.0
6742,0.671875,999.0,1.0,0.6041666666666666,0.0,0.0,0.0,0.5675175518925518,0.5135381253834906,3.0,0.0,0.0,0.1540178571428571,0.0,3.0
6743,0.5616438356164384,999.0,0.0,1.0,0.0,1.0,1.0,0.5501048994199679,0.5058500217681768,3.0,0.0,0.0,0.0,1.0,2.0
6744,0.5901639344262295,999.0,1.0,0.7027027027027027,0.0,0.0,0.0,0.5375173313759073,0.5165752711512862,3.0,0.0,0.0,0.067775874724737,0.0,3.0
6745,0.7358490566037735,999.0,0.0,1.0,0.0,1.0,74.0,0.6456805915818814,0.6139287311246775,24.0,1.0,0.0,0.10873041253597693,16.0,8.0
6746,0.6,999.0,1.0,0.4857142857142857,0.0,0.0,0.0,0.5723684210526315,0.5470648962989313,7.0,0.0,0.0,0.007894736842105288,0.0,7.0
6747,0.4864864864864865,999.0,1.0,0.47368421052631576,0.0,0.0,0.0,0.46932511173017505,0.45230935275239076,0.0,0.0,0.0,0.005473828258638402,0.0,0.0
6748,0.46835443037974683,999.0,1.0,0.4,0.0,0.0,0.0,0.44139874021592224,0.41256651685682605,0.0,0.0,0.0,0.009338036937123873,0.0,0.0
6749,0.7272727272727273,999.0,0.0,1.0,0.0,1.0,36.0,0.6840139654270526,0.6559748817192858,24.0,2.0,0.0,0.025145067698259194,14.0,10.0
6750,0.6875,999.0,0.0,1.0,0.0,1.0,1.0,0.5730636202548899,0.5326410309974843,2.0,0.0,0.0,0.1352611940298507,1.0,1.0
6751,0.40789473684210525,999.0,0.0,1.0,0.0,1.0,176.0,0.4042049568365358,0.4011333364858688,0.0,0.0,0.0,0.0,0.0,0.0
6752,0.6481481481481481,999.0,0.0,1.0,0.0,1.0,176.0,0.6210998877665544,0.5673797602461395,4.0,0.0,0.0,0.014814814814814836,4.0,0.0
6753,0.6923076923076923,999.0,0.0,1.0,0.0,1.0,176.0,0.6652667551904806,0.6453822753365106,29.0,0.0,0.0,0.011456628477905073,18.0,11.0
6754,0.6,999.0,1.0,0.8979591836734694,0.0,0.0,0.0,0.5120724346076458,0.48196524136872104,1.0,0.0,0.0,0.12857142857142856,0.0,1.0
6755,0.4864864864864865,999.0,0.0,1.0,0.0,1.0,176.0,0.4762230585015395,0.46605641574608503,0.0,0.0,0.0,0.0,0.0,0.0
6756,0.7843137254901961,999.0,0.0,1.0,0.0,1.0,176.0,0.6717995898261552,0.6355753704941736,9.0,1.0,0.0,0.1661319073083779,8.0,1.0
6757,0.5,999.0,0.0,1.0,0.0,1.0,176.0,0.49444444444444446,0.4772587719298246,2.0,0.0,0.0,0.0,1.0,1.0
6758,0.6181818181818182,999.0,0.0,1.0,0.0,1.0,176.0,0.5560652369766013,0.5352264437732623,5.0,0.0,0.0,0.0927580893682588,2.0,3.0
6759,0.6181818181818182,999.0,1.0,0.7209302325581395,0.0,0.0,0.0,0.5732922444786852,0.5525083683119919,7.0,0.0,0.0,0.04191063174114018,0.0,7.0
6760,0.82,999.0,1.0,0.7209302325581395,0.0,0.0,0.0,0.7252564102564102,0.6792917771883289,17.0,2.0,1.0,0.08923076923076922,0.0,17.0
6761,0.5074626865671642,999.0,0.0,1.0,0.0,1.0,176.0,0.4891542288557214,0.4723814262023217,1.0,0.0,0.0,0.02746268656716422,1.0,0.0
6762,0.7692307692307693,999.0,0.0,1.0,0.0,1.0,176.0,0.6849816849816851,0.6418682482771466,8.0,1.0,0.0,0.09065934065934067,8.0,0.0
6763,0.4918032786885246,999.0,0.0,1.0,0.0,1.0,176.0,0.489485014075178,0.47522946998356835,0.0,0.0,0.0,0.0,0.0,0.0
6764,0.45569620253164556,999.0,1.0,0.6507936507936508,0.0,0.0,0.0,0.434852495391846,0.42754108566669824,0.0,0.0,0.0,0.027124773960217008,0.0,0.0
6765,0.5212765957446809,999.0,1.0,0.5373134328358209,0.0,0.0,0.0,0.47501278374352474,0.45320318413965355,1.0,0.0,0.0,0.048549323017408164,0.0,1.0
6766,0.46153846153846156,999.0,1.0,0.6507936507936508,0.0,0.0,0.0,0.44058132984426396,0.4330820238861611,0.0,0.0,0.0,0.02780352177942541,0.0,0.0
6767,0.5116279069767442,999.0,1.0,0.6071428571428571,0.0,0.0,0.0,0.5038759689922481,0.49589333439706407,3.0,0.0,0.0,0.011627906976744207,0.0,3.0
6768,0.30158730158730157,999.0,1.0,0.48936170212765956,0.0,0.0,0.0,0.28612653707518365,0.2779748267834513,0.0,0.0,0.0,0.013451708366962578,0.0,0.0
6769,0.5454545454545454,999.0,1.0,0.8979591836734694,0.0,0.0,0.0,0.5105247205675865,0.49535387137959097,2.0,0.0,0.0,0.03820816864295118,0.0,2.0
6770,0.4927536231884058,999.0,1.0,0.463768115942029,0.0,0.0,0.0,0.43798522564953307,0.42127214804794766,0.0,0.0,0.0,0.0741489720256151,0.0,0.0
6771,0.5151515151515151,999.0,1.0,0.4107142857142857,0.0,0.0,0.0,0.465050505050505,0.45128575354158984,1.0,0.0,0.0,0.07515151515151514,0.0,1.0
6772,0.5223880597014925,999.0,1.0,0.35526315789473684,0.0,0.0,0.0,0.4752007388122587,0.4395508230341907,1.0,0.0,0.0,0.029430313222619242,0.0,1.0
6773,0.5492957746478874,999.0,1.0,0.5,0.0,0.0,0.0,0.5116731102600897,0.4920464429794526,2.0,0.0,0.0,0.04183308808072317,0.0,2.0
6774,0.7254901960784313,999.0,1.0,0.7209302325581395,0.0,0.0,0.0,0.6608478292048271,0.6378748177414755,39.0,1.0,0.0,0.089126559714795,0.0,39.0
6775,0.5,999.0,1.0,0.4657534246575342,0.0,0.0,0.0,0.493989898989899,0.47759052059052054,1.0,0.0,0.0,0.006666666666666654,0.0,1.0
6776,1.0,999.0,0.0,1.0,0.0,1.0,176.0,0.8502777777777778,0.8163333333333334,84.0,12.0,1.0,0.21999999999999997,47.0,37.0
6777,1.0,999.0,0.0,1.0,0.0,1.0,176.0,0.8502777777777778,0.8163333333333334,84.0,12.0,1.0,0.21999999999999997,47.0,37.0
6778,0.711864406779661,999.0,1.0,0.8979591836734694,0.0,0.0,0.0,0.6875526858577706,0.6605835595666104,10.0,2.0,0.0,0.011864406779661052,0.0,10.0
6779,0.711864406779661,999.0,1.0,0.8979591836734694,0.0,0.0,0.0,0.6875526858577706,0.6605835595666104,10.0,2.0,0.0,0.011864406779661052,0.0,10.0
6780,0.7413793103448276,999.0,1.0,0.9787234042553191,0.0,0.0,0.0,0.7141080057359485,0.6828659578427234,11.0,2.0,0.0,0.01256575102279378,0.0,11.0
6781,0.515625,999.0,1.0,0.775,0.0,0.0,0.0,0.4967337570621469,0.48137358757062143,2.0,0.0,0.0,0.015625,0.0,2.0
6782,0.4777777777777778,999.0,1.0,0.43373493975903615,0.0,0.0,0.0,0.42020202020202024,0.3968484848484849,0.0,0.0,0.0,0.06868686868686869,0.0,0.0
6783,0.4777777777777778,999.0,1.0,0.43373493975903615,0.0,0.0,0.0,0.42020202020202024,0.3968484848484849,0.0,0.0,0.0,0.06868686868686869,0.0,0.0
6784,0.4777777777777778,999.0,1.0,0.43373493975903615,0.0,0.0,0.0,0.42020202020202024,0.3968484848484849,0.0,0.0,0.0,0.06868686868686869,0.0,0.0
6785,0.4777777777777778,999.0,1.0,0.43373493975903615,0.0,0.0,0.0,0.42020202020202024,0.3968484848484849,0.0,0.0,0.0,0.06868686868686869,0.0,0.0
6786,0.4777777777777778,999.0,1.0,0.43373493975903615,0.0,0.0,0.0,0.42020202020202024,0.3968484848484849,0.0,0.0,0.0,0.06868686868686869,0.0,0.0
6787,0.36046511627906974,999.0,1.0,0.463768115942029,0.0,0.0,0.0,0.35972025615099423,0.35799933635313524,0.0,0.0,0.0,0.00046511627906975495,0.0,0.0
6788,0.24675324675324675,999.0,1.0,0.38095238095238093,0.0,0.0,0.0,0.23567805285511942,0.2315672595205583,0.0,0.0,0.0,0.014195107218363034,0.0,0.0
6789,0.25806451612903225,999.0,1.0,0.3898305084745763,0.0,0.0,0.0,0.2548032992183789,0.25288197953102737,0.0,0.0,0.0,0.004731182795698896,0.0,0.0
6790,0.36046511627906974,999.0,1.0,0.6060606060606061,0.0,0.0,0.0,0.3558381680688218,0.3468362341746264,0.0,0.0,0.0,0.0012418153081959482,0.0,0.0
6791,0.36046511627906974,999.0,1.0,0.6060606060606061,0.0,0.0,0.0,0.3558381680688218,0.3468362341746264,0.0,0.0,0.0,0.0012418153081959482,0.0,0.0
6792,0.5342465753424658,999.0,1.0,0.6031746031746031,0.0,0.0,0.0,0.5028123139792986,0.480576277276468,1.0,0.0,0.0,0.04057568926651639,0.0,1.0
6793,0.5357142857142857,999.0,1.0,0.4307692307692308,0.0,0.0,0.0,0.43786816522713307,0.4125035456325413,1.0,0.0,0.0,0.1458837772397094,0.0,1.0
6794,0.45977011494252873,999.0,1.0,0.41237113402061853,0.0,0.0,0.0,0.44455680273255355,0.4314332351513143,0.0,0.0,0.0,0.005224660397074199,0.0,0.0
6795,0.4533333333333333,999.0,1.0,0.5,0.0,0.0,0.0,0.4355966677485665,0.41895423926212844,0.0,0.0,0.0,0.022953586497890255,0.0,0.0
6796,0.4788732394366197,999.0,1.0,0.5,0.0,0.0,0.0,0.45938417290529965,0.4412585465864125,0.0,0.0,0.0,0.02553990610328638,0.0,0.0
6797,0.4722222222222222,999.0,1.0,0.5,0.0,0.0,0.0,0.4531968810916179,0.4320056423289823,0.0,0.0,0.0,0.024853801169590628,0.0,0.0
6798,0.5555555555555556,999.0,1.0,0.5,0.0,0.0,0.0,0.48985348985348987,0.46396372902397004,1.0,0.0,0.0,0.0960960960960961,0.0,1.0
6799,0.4594594594594595,999.0,1.0,0.5,0.0,0.0,0.0,0.44130944130944133,0.42391420509067573,0.0,0.0,0.0,0.023562023562023582,0.0,0.0
6800,0.4927536231884058,999.0,1.0,0.5,0.0,0.0,0.0,0.4722801270597578,0.4571516260194045,0.0,0.0,0.0,0.0270001985308716,0.0,0.0
6801,0.4927536231884058,999.0,1.0,0.7027027027027027,0.0,0.0,0.0,0.4791267624275199,0.46019400617446066,0.0,0.0,0.0,0.01388038375178613,0.0,0.0
6802,0.5,999.0,1.0,0.7027027027027027,0.0,0.0,0.0,0.47900365153886276,0.4596127172391071,1.0,0.0,0.0,0.02777777777777779,0.0,1.0
6803,0.8163265306122449,999.0,0.0,1.0,0.0,1.0,176.0,0.681199752628324,0.6310320195506852,5.0,1.0,1.0,0.1496598639455783,3.0,2.0
6804,0.4931506849315068,999.0,1.0,0.6507936507936508,0.0,0.0,0.0,0.4671988769591509,0.45468296253912693,0.0,0.0,0.0,0.0306506849315068,0.0,0.0
6805,0.4931506849315068,999.0,1.0,0.6507936507936508,0.0,0.0,0.0,0.4671988769591509,0.45468296253912693,0.0,0.0,0.0,0.0306506849315068,0.0,0.0
6806,0.5333333333333333,999.0,1.0,0.6507936507936508,0.0,0.0,0.0,0.5286455537663267,0.5146600991443276,4.0,0.0,0.0,0.0024691358024691024,0.0,4.0
6807,0.5333333333333333,999.0,1.0,0.6507936507936508,0.0,0.0,0.0,0.5286455537663267,0.5146600991443276,4.0,0.0,0.0,0.0024691358024691024,0.0,4.0
6808,0.5333333333333333,999.0,1.0,0.6507936507936508,0.0,0.0,0.0,0.5286455537663267,0.5146600991443276,4.0,0.0,0.0,0.0024691358024691024,0.0,4.0
6809,0.5531914893617021,999.0,1.0,0.5531914893617021,0.0,0.0,0.0,0.5373383395911556,0.49831336790035163,3.0,0.0,0.0,0.02377972465581979,0.0,3.0
6810,0.7307692307692307,999.0,1.0,0.6071428571428571,0.0,0.0,0.0,0.684469485316943,0.6568535205297332,45.0,1.0,0.0,0.05219780219780212,0.0,45.0
6811,0.7307692307692307,999.0,1.0,0.6071428571428571,0.0,0.0,0.0,0.684469485316943,0.6568535205297332,45.0,1.0,0.0,0.05219780219780212,0.0,45.0
6812,0.7307692307692307,999.0,1.0,0.6071428571428571,0.0,0.0,0.0,0.684469485316943,0.6568535205297332,45.0,1.0,0.0,0.05219780219780212,0.0,45.0
6813,0.7307692307692307,999.0,1.0,0.6071428571428571,0.0,0.0,0.0,0.684469485316943,0.6568535205297332,45.0,1.0,0.0,0.05219780219780212,0.0,45.0
6814,0.7037037037037037,999.0,1.0,0.6071428571428571,0.0,0.0,0.0,0.6606089790563128,0.63076181068267,34.0,1.0,0.0,0.048531289910600295,0.0,34.0
6815,0.7037037037037037,999.0,1.0,0.6071428571428571,0.0,0.0,0.0,0.6606089790563128,0.63076181068267,34.0,1.0,0.0,0.048531289910600295,0.0,34.0
6816,0.4875,999.0,1.0,0.48717948717948717,0.0,0.0,0.0,0.45988562091503266,0.44639732236980817,0.0,0.0,0.0,0.028676470588235303,0.0,0.0
6817,0.4146341463414634,999.0,1.0,0.5,0.0,0.0,0.0,0.41134339914827717,0.40559391827684516,0.0,0.0,0.0,0.0,0.0,0.0
6818,0.7288135593220338,999.0,1.0,0.6981132075471698,0.0,0.0,0.0,0.6908545197740112,0.6751187724704673,40.0,1.0,0.0,0.056938559322033844,0.0,40.0
6819,0.42857142857142855,999.0,1.0,0.4264705882352941,0.0,0.0,0.0,0.4112115732368897,0.40151991047645036,0.0,0.0,0.0,0.023508137432188048,0.0,0.0
6820,0.39473684210526316,999.0,1.0,0.36363636363636365,0.0,0.0,0.0,0.380524095047746,0.36077059737952477,0.0,0.0,0.0,0.0023317788141239415,0.0,0.0
6821,0.5714285714285714,999.0,1.0,0.484375,0.0,0.0,0.0,0.5430819608034798,0.5247544108303602,4.0,0.0,0.0,0.027124773960216952,0.0,4.0
6822,0.39215686274509803,999.0,1.0,0.43243243243243246,0.0,0.0,0.0,0.3866112101406219,0.3783333101011574,0.0,0.0,0.0,0.008318478906714222,0.0,0.0
6823,0.4606741573033708,999.0,1.0,0.5,0.0,0.0,0.0,0.45967726613134974,0.45373626110268717,0.0,0.0,0.0,0.00014784151389712896,0.0,0.0
6824,0.8181818181818182,999.0,0.0,1.0,0.0,1.0,1.0,0.6702551834130782,0.6256348914243651,7.0,1.0,1.0,0.20454545454545459,0.0,7.0
6825,0.8181818181818182,999.0,0.0,1.0,0.0,1.0,1.0,0.7238550922761449,0.665892002734108,11.0,2.0,1.0,0.10765550239234456,1.0,10.0
6826,0.4864864864864865,999.0,0.0,1.0,0.0,1.0,6.0,0.44523094523094525,0.42105161061682794,0.0,0.0,0.0,0.042042042042042094,0.0,0.0
6827,0.5,999.0,1.0,0.8235294117647058,0.0,0.0,0.0,0.47863247863247865,0.4462492546213476,2.0,0.0,0.0,0.0,0.0,2.0
6828,1.0,999.0,0.0,1.0,0.0,1.0,36.0,0.8836772983114448,0.83369475107989,35.0,11.0,3.0,0.15384615384615385,23.0,12.0
6829,0.4943820224719101,999.0,1.0,0.5,0.0,0.0,0.0,0.4051745161297358,0.3824579119606569,0.0,0.0,0.0,0.12967614011896894,0.0,0.0
6830,0.4943820224719101,999.0,1.0,0.5,0.0,0.0,0.0,0.4051745161297358,0.3824579119606569,0.0,0.0,0.0,0.12967614011896894,0.0,0.0
6831,0.4943820224719101,999.0,1.0,0.5,0.0,0.0,0.0,0.4051745161297358,0.3824579119606569,0.0,0.0,0.0,0.12967614011896894,0.0,0.0
6832,0.4943820224719101,999.0,1.0,0.5,0.0,0.0,0.0,0.4051745161297358,0.3824579119606569,0.0,0.0,0.0,0.12967614011896894,0.0,0.0
6833,0.4943820224719101,999.0,1.0,0.5,0.0,0.0,0.0,0.4051745161297358,0.3824579119606569,0.0,0.0,0.0,0.12967614011896894,0.0,0.0
6834,0.4421052631578947,999.0,1.0,0.3977272727272727,0.0,0.0,0.0,0.39754430398495183,0.37627361796409364,0.0,0.0,0.0,0.05080091533180775,0.0,0.0
6835,1.0,999.0,0.0,1.0,0.0,1.0,11.0,0.7575757575757575,0.6923444976076555,9.0,1.0,1.0,0.36363636363636365,1.0,8.0
6836,0.574468085106383,999.0,1.0,0.5681818181818182,0.0,0.0,0.0,0.4216765381258632,0.3840793692032015,1.0,0.0,0.0,0.22261623325453117,0.0,1.0
6837,0.7704918032786885,999.0,0.0,1.0,0.0,1.0,26.0,0.6750845693468644,0.6079760198275146,4.0,1.0,0.0,0.09906323185011712,4.0,0.0
6838,0.7704918032786885,999.0,0.0,1.0,0.0,1.0,26.0,0.6750845693468644,0.6079760198275146,4.0,1.0,0.0,0.09906323185011712,4.0,0.0
6839,0.7704918032786885,999.0,0.0,1.0,0.0,1.0,26.0,0.6750845693468644,0.6079760198275146,4.0,1.0,0.0,0.09906323185011712,4.0,0.0
6840,0.7704918032786885,999.0,0.0,1.0,0.0,1.0,26.0,0.6750845693468644,0.6079760198275146,4.0,1.0,0.0,0.09906323185011712,4.0,0.0
6841,0.7704918032786885,999.0,0.0,1.0,0.0,1.0,26.0,0.6750845693468644,0.6079760198275146,4.0,1.0,0.0,0.09906323185011712,4.0,0.0
6842,0.7704918032786885,999.0,0.0,1.0,0.0,1.0,26.0,0.6750845693468644,0.6079760198275146,4.0,1.0,0.0,0.09906323185011712,4.0,0.0
6843,0.7704918032786885,999.0,0.0,1.0,0.0,1.0,26.0,0.6750845693468644,0.6079760198275146,4.0,1.0,0.0,0.09906323185011712,4.0,0.0
6844,0.7704918032786885,999.0,0.0,1.0,0.0,1.0,26.0,0.6750845693468644,0.6079760198275146,4.0,1.0,0.0,0.09906323185011712,4.0,0.0
6845,0.6363636363636364,999.0,0.0,1.0,0.0,1.0,176.0,0.6065826365909722,0.5542526122576137,3.0,0.0,0.0,0.04314329738058553,3.0,0.0
6846,0.42592592592592593,999.0,1.0,0.4492753623188406,0.0,0.0,0.0,0.4070851987518654,0.3957959104326128,0.0,0.0,0.0,0.015211640211640232,0.0,0.0
6847,0.5068493150684932,999.0,1.0,0.6507936507936508,0.0,0.0,0.0,0.46265132207709464,0.43536789061306636,1.0,0.0,0.0,0.044349315068493156,0.0,1.0
6848,0.7636363636363637,999.0,0.0,1.0,0.0,1.0,3.0,0.7108262427227944,0.5915998028125709,3.0,1.0,0.0,0.06720779220779227,3.0,0.0
6849,0.7636363636363637,999.0,0.0,1.0,0.0,1.0,3.0,0.7211076280041797,0.6144827586206897,3.0,2.0,0.0,0.036363636363636376,3.0,0.0
6850,0.48484848484848486,999.0,1.0,0.7027027027027027,0.0,0.0,0.0,0.4707949055775143,0.4616534139347439,0.0,0.0,0.0,0.02108036890645587,0.0,0.0
6851,0.4810126582278481,999.0,1.0,0.6507936507936508,0.0,0.0,0.0,0.44218772871043904,0.42612365719221296,0.0,0.0,0.0,0.04571854058078928,0.0,0.0
6852,0.3541666666666667,999.0,1.0,0.41975308641975306,0.0,0.0,0.0,0.35083607251357135,0.3478373663277366,0.0,0.0,0.0,0.003651202749140936,0.0,0.0
6853,0.3048780487804878,999.0,1.0,0.3492063492063492,0.0,0.0,0.0,0.2950508784998189,0.28201348015522837,0.0,0.0,0.0,0.0036732295033793383,0.0,0.0
6854,0.3626373626373626,999.0,1.0,0.3333333333333333,0.0,0.0,0.0,0.34463259011062625,0.33690003599408663,0.0,0.0,0.0,0.016958350291683633,0.0,0.0
6855,0.7272727272727273,999.0,1.0,0.4057971014492754,0.0,0.0,0.0,0.5913320396079017,0.5439526629181801,3.0,1.0,0.0,0.18704284221525602,0.0,3.0
6856,0.6172839506172839,999.0,1.0,0.5166666666666667,0.0,0.0,0.0,0.49174693619138066,0.4494394065848694,1.0,0.0,0.0,0.16673450006783336,0.0,1.0
6857,0.5697674418604651,999.0,1.0,0.39436619718309857,0.0,0.0,0.0,0.4582231342149263,0.4240911838997423,1.0,0.0,0.0,0.15310077519379844,0.0,1.0
6858,0.7368421052631579,999.0,1.0,0.4057971014492754,0.0,0.0,0.0,0.5922867422255427,0.5468479489497835,2.0,1.0,0.0,0.19033047735618114,0.0,2.0
6859,0.7051282051282052,999.0,1.0,0.4057971014492754,0.0,0.0,0.0,0.5847237557763874,0.5329289450009831,3.0,1.0,0.0,0.178812415654521,0.0,3.0
6860,0.3050847457627119,999.0,1.0,0.3333333333333333,0.0,0.0,0.0,0.2923632632996345,0.2819310284272774,0.0,0.0,0.0,0.010002778549597136,0.0,0.0
6861,0.3050847457627119,999.0,1.0,0.3333333333333333,0.0,0.0,0.0,0.2923632632996345,0.2819310284272774,0.0,0.0,0.0,0.010002778549597136,0.0,0.0
6862,0.3050847457627119,999.0,1.0,0.3333333333333333,0.0,0.0,0.0,0.2923632632996345,0.2819310284272774,0.0,0.0,0.0,0.010002778549597136,0.0,0.0
6863,0.3050847457627119,999.0,1.0,0.3333333333333333,0.0,0.0,0.0,0.2923632632996345,0.2819310284272774,0.0,0.0,0.0,0.010002778549597136,0.0,0.0
6864,0.3050847457627119,999.0,1.0,0.3333333333333333,0.0,0.0,0.0,0.2923632632996345,0.2819310284272774,0.0,0.0,0.0,0.010002778549597136,0.0,0.0
6865,0.3050847457627119,999.0,1.0,0.3333333333333333,0.0,0.0,0.0,0.2923632632996345,0.2819310284272774,0.0,0.0,0.0,0.010002778549597136,0.0,0.0
6866,0.7027027027027027,999.0,1.0,0.7027027027027027,0.0,0.0,0.0,0.5708355414237767,0.5246384859387956,3.0,1.0,0.0,0.19289878113407533,0.0,3.0
6867,0.6333333333333333,999.0,1.0,0.6071428571428571,0.0,0.0,0.0,0.5918300653594771,0.571777575895223,10.0,0.0,0.0,0.04999999999999993,0.0,10.0
6868,0.625,999.0,1.0,0.6428571428571429,0.0,0.0,0.0,0.6070512820512821,0.5997304198247595,29.0,0.0,0.0,0.025000000000000022,0.0,29.0
6869,0.6956521739130435,999.0,1.0,0.6829268292682927,0.0,0.0,0.0,0.5903835831372063,0.5542301498823238,7.0,0.0,0.0,0.15719063545150502,0.0,7.0
6870,0.7555555555555555,999.0,1.0,0.717948717948718,0.0,0.0,0.0,0.6402379755320932,0.604687858694518,15.0,1.0,0.0,0.16732026143790846,0.0,15.0
6871,0.6956521739130435,999.0,1.0,0.7209302325581395,0.0,0.0,0.0,0.5931894192763757,0.5577318333840072,7.0,0.0,0.0,0.15019762845849804,0.0,7.0
6872,0.5686274509803921,999.0,1.0,0.7209302325581395,0.0,0.0,0.0,0.5248599439775911,0.5028699615439397,2.0,0.0,0.0,0.0448179271708683,0.0,2.0
6873,0.7692307692307693,999.0,0.0,1.0,0.0,1.0,5.0,0.6306166056166056,0.5838554614784123,6.0,1.0,0.0,0.17994505494505497,4.0,2.0
6874,0.7551020408163265,999.0,0.0,1.0,0.0,1.0,5.0,0.6445578231292517,0.60921947726459,10.0,1.0,0.0,0.16581632653061218,5.0,5.0
6875,0.625,999.0,0.0,1.0,0.0,1.0,5.0,0.5977463312368974,0.5899050521270514,24.0,0.0,0.0,0.04009433962264153,5.0,19.0
6876,0.7647058823529411,999.0,0.0,1.0,0.0,1.0,5.0,0.6137624861265261,0.5750391008713179,8.0,1.0,0.0,0.21753607103218642,3.0,5.0
6877,0.6666666666666666,999.0,1.0,0.6666666666666666,0.0,0.0,0.0,0.5689714482284142,0.5321197110423117,2.0,0.0,0.0,0.11764705882352933,0.0,2.0
6878,0.3942307692307692,999.0,1.0,0.41379310344827586,0.0,0.0,0.0,0.3842259765156961,0.36655736229816654,0.0,0.0,0.0,0.009615384615384581,0.0,0.0
6879,0.6986301369863014,999.0,1.0,0.631578947368421,0.0,0.0,0.0,0.6619904274632779,0.604520263803974,6.0,0.0,0.0,0.013698630136986356,0.0,6.0
6880,0.4222222222222222,999.0,1.0,0.36363636363636365,0.0,0.0,0.0,0.3889550264550265,0.37576932923707124,0.0,0.0,0.0,0.03472222222222221,0.0,0.0
6881,0.578125,999.0,1.0,0.5510204081632653,0.0,0.0,0.0,0.5309436274509803,0.5155811018437225,3.0,0.0,0.0,0.06341911764705888,0.0,3.0
6882,0.5645161290322581,999.0,1.0,0.7027027027027027,0.0,0.0,0.0,0.5244306046545882,0.49642644545635806,2.0,0.0,0.0,0.04889112903225812,0.0,2.0
6883,1.0,999.0,0.0,1.0,0.0,1.0,21.0,0.8990955342001131,0.8608965264754029,42.0,7.0,4.0,0.14754098360655743,18.0,24.0
6884,0.4868421052631579,999.0,1.0,0.3902439024390244,0.0,0.0,0.0,0.47456702654071076,0.44832696056380267,0.0,0.0,0.0,0.01248313090418357,0.0,0.0
6885,0.6122448979591837,999.0,1.0,0.7586206896551724,0.0,0.0,0.0,0.6040816326530613,0.5956297576238734,12.0,0.0,0.0,0.01224489795918371,0.0,12.0
6886,0.4166666666666667,999.0,1.0,0.7586206896551724,0.0,0.0,0.0,0.38585858585858585,0.36597842835130967,0.0,0.0,0.0,0.016666666666666663,0.0,0.0
6887,0.3373493975903614,999.0,1.0,0.3389830508474576,0.0,0.0,0.0,0.32189936734200747,0.3119631498169692,0.0,0.0,0.0,0.022132006286013584,0.0,0.0
6888,0.29411764705882354,999.0,1.0,0.46296296296296297,0.0,0.0,0.0,0.2732856559929558,0.264476444100824,0.0,0.0,0.0,0.021390374331550832,0.0,0.0
6889,0.6956521739130435,999.0,1.0,0.4576271186440678,0.0,0.0,0.0,0.5303363564233129,0.4900439191171456,1.0,0.0,0.0,0.23619271445358397,0.0,1.0
6890,0.5512820512820513,999.0,1.0,0.45161290322580644,0.0,0.0,0.0,0.47560975609756095,0.4314777618364419,1.0,0.0,0.0,0.10256410256410259,0.0,1.0
6891,1.0,999.0,0.0,1.0,0.0,1.0,71.0,0.8925287356321839,0.855606527093596,60.0,10.0,4.0,0.15000000000000002,15.0,45.0
6892,0.3522727272727273,999.0,1.0,0.463768115942029,0.0,0.0,0.0,0.3396464646464646,0.33437207122774126,0.0,0.0,0.0,0.018939393939393978,0.0,0.0
6893,0.5538461538461539,999.0,1.0,0.7380952380952381,0.0,0.0,0.0,0.5428243398392653,0.5300596832686384,5.0,0.0,0.0,0.0016073478760045834,0.0,5.0
6894,0.47692307692307695,999.0,1.0,0.7027027027027027,0.0,0.0,0.0,0.46541897689438677,0.4601989667817933,0.0,0.0,0.0,0.016605616605616658,0.0,0.0
6895,0.4153846153846154,999.0,0.0,1.0,0.0,1.0,25.0,0.39601990049751246,0.383114585801153,0.0,0.0,0.0,0.027324913892078084,0.0,0.0
6896,0.4126984126984127,999.0,0.0,1.0,0.0,1.0,25.0,0.40118793243793244,0.3915301013248774,0.0,0.0,0.0,0.0064484126984126755,0.0,0.0
6897,0.4266666666666667,999.0,1.0,0.5510204081632653,0.0,0.0,0.0,0.4014708325346623,0.38825092057342897,0.0,0.0,0.0,0.021261261261261266,0.0,0.0
6898,0.3695652173913043,999.0,1.0,0.4090909090909091,0.0,0.0,0.0,0.3551530039240954,0.34853366281957354,0.0,0.0,0.0,0.01513483764446888,0.0,0.0
6899,0.41333333333333333,999.0,1.0,0.5,0.0,0.0,0.0,0.38376304133341727,0.36605050772687964,0.0,0.0,0.0,0.03358649789029533,0.0,0.0
6900,0.4,999.0,0.0,1.0,0.0,1.0,7.0,0.3850073116293389,0.3686562088399515,0.0,0.0,0.0,0.0056338028169014565,0.0,0.0
6901,0.4794520547945205,999.0,0.0,1.0,0.0,1.0,1.0,0.41471931238248727,0.3846852459660778,0.0,0.0,0.0,0.0794520547945205,0.0,0.0
6902,0.5072463768115942,999.0,0.0,1.0,0.0,1.0,1.0,0.43224002034070685,0.40174551314251045,1.0,0.0,0.0,0.08619374523264689,0.0,1.0
6903,0.3655913978494624,999.0,1.0,0.47692307692307695,0.0,0.0,0.0,0.3539544425580079,0.3434235578018239,0.0,0.0,0.0,0.011424731182795689,0.0,0.0
6904,0.3695652173913043,999.0,1.0,0.47692307692307695,0.0,0.0,0.0,0.35804220696669214,0.34740108175577283,0.0,0.0,0.0,0.011670480549199058,0.0,0.0
6905,0.39325842696629215,999.0,1.0,0.47692307692307695,0.0,0.0,0.0,0.37723930031100417,0.3681646921930489,0.0,0.0,0.0,0.012823644357596475,0.0,0.0
6906,0.5333333333333333,999.0,1.0,0.6590909090909091,0.0,0.0,0.0,0.4625379477838494,0.4323144353369763,1.0,0.0,0.0,0.0888888888888889,0.0,1.0
6907,0.4268292682926829,999.0,1.0,0.4666666666666667,0.0,0.0,0.0,0.3657470844371365,0.3492275375892768,0.0,0.0,0.0,0.08975061660728967,0.0,0.0
6908,0.4268292682926829,999.0,1.0,0.4666666666666667,0.0,0.0,0.0,0.3657470844371365,0.3492275375892768,0.0,0.0,0.0,0.08975061660728967,0.0,0.0
6909,0.4268292682926829,999.0,1.0,0.4666666666666667,0.0,0.0,0.0,0.3657470844371365,0.3492275375892768,0.0,0.0,0.0,0.08975061660728967,0.0,0.0
6910,0.4268292682926829,999.0,1.0,0.4666666666666667,0.0,0.0,0.0,0.3657470844371365,0.3492275375892768,0.0,0.0,0.0,0.08975061660728967,0.0,0.0
6911,0.4268292682926829,999.0,1.0,0.4666666666666667,0.0,0.0,0.0,0.3657470844371365,0.3492275375892768,0.0,0.0,0.0,0.08975061660728967,0.0,0.0
6912,0.4268292682926829,999.0,1.0,0.4666666666666667,0.0,0.0,0.0,0.3657470844371365,0.3492275375892768,0.0,0.0,0.0,0.08975061660728967,0.0,0.0
6913,0.4722222222222222,999.0,1.0,0.6470588235294118,0.0,0.0,0.0,0.46200096200096197,0.45188006438006434,0.0,0.0,0.0,0.0,0.0,0.0
6914,0.35384615384615387,999.0,1.0,0.5714285714285714,0.0,0.0,0.0,0.3435143288084464,0.34034283151930206,0.0,0.0,0.0,0.015384615384615385,0.0,0.0
6915,0.6712328767123288,999.0,1.0,0.6491228070175439,0.0,0.0,0.0,0.5674679209294261,0.5379491069880353,2.0,0.0,0.0,0.1337328767123288,0.0,2.0
6916,0.3137254901960784,999.0,1.0,0.4418604651162791,0.0,0.0,0.0,0.29036751312546877,0.2784012988357332,0.0,0.0,0.0,0.035036965605914516,0.0,0.0
6917,0.30952380952380953,999.0,1.0,0.4418604651162791,0.0,0.0,0.0,0.2894219050555776,0.276145544249152,0.0,0.0,0.0,0.011651469098277634,0.0,0.0
6918,0.5205479452054794,999.0,1.0,0.7209302325581395,0.0,0.0,0.0,0.5162408494600275,0.5039474082267411,3.0,0.0,0.0,0.006262230919765188,0.0,3.0
6919,0.6721311475409836,999.0,0.0,1.0,0.0,1.0,3.0,0.6101917234371274,0.5763452130904094,8.0,0.0,0.0,0.04309888947646745,3.0,5.0
6920,0.6440677966101694,999.0,0.0,1.0,0.0,1.0,3.0,0.6047275797129684,0.5878609857554448,8.0,0.0,0.0,0.04061952074810049,3.0,5.0
6921,0.25,999.0,1.0,0.2692307692307692,0.0,0.0,0.0,0.22623931623931626,0.21909307607815073,0.0,0.0,0.0,0.0346153846153846,0.0,0.0
6922,0.2804878048780488,999.0,1.0,0.2777777777777778,0.0,0.0,0.0,0.2697644339022672,0.2635961636827129,0.0,0.0,0.0,0.013045944412932553,0.0,0.0
6923,0.26881720430107525,999.0,1.0,0.2777777777777778,0.0,0.0,0.0,0.2568652991432343,0.24612838040603258,0.0,0.0,0.0,0.01193647035612111,0.0,0.0
6924,0.36470588235294116,999.0,1.0,0.463768115942029,0.0,0.0,0.0,0.3489678553888563,0.34408861701338245,0.0,0.0,0.0,0.02293373045420699,0.0,0.0
6925,0.3763440860215054,999.0,1.0,0.463768115942029,0.0,0.0,0.0,0.36135549038774845,0.35348198232644334,0.0,0.0,0.0,0.012707722385141729,0.0,0.0
6926,0.34328358208955223,999.0,1.0,0.2702702702702703,0.0,0.0,0.0,0.3294905757592325,0.3238659388225186,0.0,0.0,0.0,0.018608257414227558,0.0,0.0
6927,0.26666666666666666,999.0,1.0,0.2702702702702703,0.0,0.0,0.0,0.26495726495726496,0.25557963163596964,0.0,0.0,0.0,0.0,0.0,0.0
6928,0.3793103448275862,999.0,1.0,0.463768115942029,0.0,0.0,0.0,0.37160666835136724,0.3690759091887257,0.0,0.0,0.0,0.01088929219600726,0.0,0.0
6929,0.2962962962962963,999.0,1.0,0.2962962962962963,0.0,0.0,0.0,0.28058361391694725,0.2752948008126023,0.0,0.0,0.0,0.023569023569023573,0.0,0.0
6930,0.68,999.0,0.0,1.0,0.0,1.0,74.0,0.6732478632478632,0.6569487179487179,28.0,0.0,0.0,0.006923076923076921,17.0,11.0
6931,0.26881720430107525,999.0,1.0,0.5079365079365079,0.0,0.0,0.0,0.2682998928426264,0.2657271884528286,0.0,0.0,0.0,0.0007759671876731988,0.0,0.0
6932,0.43137254901960786,999.0,1.0,0.34615384615384615,0.0,0.0,0.0,0.42035006092832616,0.4014163857633449,0.0,0.0,0.0,0.0,0.0,0.0
6933,0.39814814814814814,999.0,1.0,0.32142857142857145,0.0,0.0,0.0,0.38908801274392674,0.374361898555447,0.0,0.0,0.0,0.0,0.0,0.0
6934,0.35294117647058826,999.0,1.0,0.3854166666666667,0.0,0.0,0.0,0.3260708538734643,0.31045917899074527,0.0,0.0,0.0,0.033792240300375476,0.0,0.0
6935,0.36792452830188677,999.0,1.0,0.3516483516483517,0.0,0.0,0.0,0.3562580486579781,0.3453129834299323,0.0,0.0,0.0,0.0034385469934755664,0.0,0.0
6936,0.40404040404040403,999.0,1.0,0.3595505617977528,0.0,0.0,0.0,0.3854901213391779,0.37263824027355225,0.0,0.0,0.0,0.01010101010101011,0.0,0.0
6937,0.38095238095238093,999.0,1.0,0.34065934065934067,0.0,0.0,0.0,0.37052040721765495,0.35816554217146845,0.0,0.0,0.0,0.013979903888160727,0.0,0.0
6938,0.3669724770642202,999.0,1.0,0.36363636363636365,0.0,0.0,0.0,0.36023428186388845,0.3530242606480424,0.0,0.0,0.0,0.009174311926605505,0.0,0.0
6939,0.4578313253012048,999.0,1.0,0.36666666666666664,0.0,0.0,0.0,0.4404411295977561,0.42381013230410824,0.0,0.0,0.0,0.005450372920252411,0.0,0.0
6940,0.38095238095238093,999.0,1.0,0.45918367346938777,0.0,0.0,0.0,0.3543031891655745,0.34178545332235355,0.0,0.0,0.0,0.03232852774137174,0.0,0.0
6941,0.40298507462686567,999.0,1.0,0.37209302325581395,0.0,0.0,0.0,0.39035076717254064,0.37787243213451027,0.0,0.0,0.0,0.017270788912579937,0.0,0.0
6942,0.4666666666666667,999.0,1.0,0.4444444444444444,0.0,0.0,0.0,0.43333333333333335,0.41800865800865805,0.0,0.0,0.0,0.04242424242424242,0.0,0.0
6943,0.5166666666666667,999.0,1.0,0.6842105263157895,0.0,0.0,0.0,0.38475243978870094,0.345522825375568,1.0,0.0,0.0,0.1878995433789955,0.0,1.0
6944,0.3939393939393939,999.0,0.0,1.0,0.0,1.0,7.0,0.3728803724384811,0.35961512137530305,0.0,0.0,0.0,0.024076380240763806,0.0,0.0
6945,0.5652173913043478,999.0,0.0,1.0,0.0,1.0,1.0,0.5250071042909917,0.460473650329697,3.0,0.0,0.0,0.055413469735720366,1.0,2.0
6946,0.5846153846153846,999.0,0.0,1.0,0.0,1.0,7.0,0.4576923076923077,0.4169586708036158,1.0,0.0,0.0,0.16794871794871796,0.0,1.0
6947,0.6153846153846154,999.0,1.0,0.6153846153846154,0.0,0.0,0.0,0.5146520146520147,0.4761192511192511,2.0,0.0,0.0,0.11538461538461542,0.0,2.0
6948,0.5853658536585366,999.0,1.0,0.5853658536585366,0.0,0.0,0.0,0.4930529857022708,0.4605833442163935,1.0,0.0,0.0,0.10536585365853657,0.0,1.0
6949,0.45,999.0,1.0,0.6507936507936508,0.0,0.0,0.0,0.43492063492063493,0.4205222734254993,0.0,0.0,0.0,0.009523809523809545,0.0,0.0
6950,0.52,999.0,1.0,0.6507936507936508,0.0,0.0,0.0,0.49505088111193846,0.4773513842821363,2.0,0.0,0.0,0.013670886075949351,0.0,2.0
6951,0.52,999.0,1.0,0.6507936507936508,0.0,0.0,0.0,0.49505088111193846,0.4773513842821363,2.0,0.0,0.0,0.013670886075949351,0.0,2.0
6952,0.3409090909090909,999.0,1.0,0.47692307692307695,0.0,0.0,0.0,0.31540251610674147,0.30600180928951304,0.0,0.0,0.0,0.03138528138528135,0.0,0.0
6953,0.40860215053763443,999.0,1.0,0.3055555555555556,0.0,0.0,0.0,0.39553161447464813,0.3827475401133603,0.0,0.0,0.0,0.004346831388698291,0.0,0.0
6954,0.5581395348837209,999.0,1.0,0.5581395348837209,0.0,0.0,0.0,0.5153312619652889,0.46850910200675955,2.0,0.0,0.0,0.03182374541003674,0.0,2.0
6955,0.2857142857142857,999.0,1.0,0.2833333333333333,0.0,0.0,0.0,0.27526652452025585,0.2681036376558764,0.0,0.0,0.0,0.01428571428571429,0.0,0.0
6956,0.6666666666666666,999.0,1.0,0.8979591836734694,0.0,0.0,0.0,0.6104938271604938,0.5728554360812426,8.0,0.0,0.0,0.01851851851851849,0.0,8.0
6957,0.7272727272727273,999.0,1.0,0.9787234042553191,0.0,0.0,0.0,0.6496302972158424,0.6064494759121672,13.0,1.0,0.0,0.04802744425385941,0.0,13.0
6958,0.7454545454545455,999.0,0.0,1.0,0.0,1.0,1.0,0.6676299289666735,0.6239177739957306,13.0,1.0,0.0,0.04734133790737571,1.0,12.0
6959,0.7454545454545455,999.0,0.0,1.0,0.0,1.0,1.0,0.6676299289666735,0.6239177739957306,13.0,1.0,0.0,0.04734133790737571,1.0,12.0
6960,0.5131578947368421,999.0,1.0,0.6507936507936508,0.0,0.0,0.0,0.4979614529280949,0.4616569635526114,2.0,0.0,0.0,0.006115641215715395,0.0,2.0
6961,0.52,999.0,1.0,0.6612903225806451,0.0,0.0,0.0,0.5047619047619047,0.46771168296880905,2.0,0.0,0.0,0.005714285714285783,0.0,2.0
6962,0.5131578947368421,999.0,1.0,0.6507936507936508,0.0,0.0,0.0,0.4979614529280949,0.4616569635526114,2.0,0.0,0.0,0.006115641215715395,0.0,2.0
6963,0.6229508196721312,999.0,1.0,0.7017543859649122,0.0,0.0,0.0,0.5272999721840875,0.48905079076386865,1.0,0.0,0.0,0.14019219898247598,0.0,1.0
6964,0.6229508196721312,999.0,1.0,0.7017543859649122,0.0,0.0,0.0,0.5272999721840875,0.48905079076386865,1.0,0.0,0.0,0.14019219898247598,0.0,1.0
6965,0.6949152542372882,999.0,1.0,0.7192982456140351,0.0,0.0,0.0,0.5476203664139855,0.5106577813457175,1.0,0.0,0.0,0.20285176217379614,0.0,1.0
