epoch,is_best_epoch,train_loss,val_loss,train_mae,val_mae,train_rmse,val_rmse,train_r2,val_r2,train_abs_loss,train_emi_loss,train_plqy_loss,train_em_loss,val_abs_loss,val_emi_loss,val_plqy_loss,val_em_loss,train_abs_mae,train_emi_mae,train_plqy_mae,train_em_mae,val_abs_mae,val_emi_mae,val_plqy_mae,val_em_mae,train_abs_r2,train_emi_r2,train_plqy_r2,train_em_r2,val_abs_r2,val_emi_r2,val_plqy_r2,val_em_r2,train_total_rows_before,train_kept_rows,train_dropped_total_rows,train_solute_skipped_rows,train_solute_invalid_count,train_solute_missing_count,train_solvent_smiles_required,train_solvent_skipped_rows,train_solvent_invalid_count,train_solvent_missing_count,val_total_rows_before,val_kept_rows,val_dropped_total_rows,val_solute_skipped_rows,val_solute_invalid_count,val_solute_missing_count,val_solvent_smiles_required,val_solvent_skipped_rows,val_solvent_invalid_count,val_solvent_missing_count,test_total_rows_before,test_kept_rows,test_dropped_total_rows,test_solute_skipped_rows,test_solute_invalid_count,test_solute_missing_count,test_solvent_smiles_required,test_solvent_skipped_rows,test_solvent_invalid_count,test_solvent_missing_count
1,0,1.1421347856521606,0.5695891380310059,40.61027145385742,25.80774688720703,72.38182830810547,46.48405075073242,-0.17428632080554962,0.39375030994415283,0.9012261033058167,1.0254424810409546,1.5017284154891968,1.268748164176941,0.39598655700683594,0.3824390769004822,0.863804042339325,0.741304337978363,73.78363037109375,71.54887390136719,0.31386733055114746,1.0216898918151855,48.278358459472656,43.34208679199219,0.2567671835422516,0.7266243100166321,0.0987740159034729,-0.02544248104095459,-0.5017286539077759,-0.2687481641769409,0.607826828956604,0.607460081577301,0.12290620803833008,0.23680806159973145,,,,,,,,,,,,,,,,,,,,,,,,,,,,,,
2,0,0.5805362462997437,0.49581652879714966,25.827096939086914,22.818387985229492,45.48429870605469,40.906837463378906,0.3891054689884186,0.46562355756759644,0.3426609933376312,0.42487600445747375,0.9092016220092773,0.7668395042419434,0.28644686937332153,0.32713374495506287,0.8030391931533813,0.6824979782104492,45.3900032043457,47.22163391113281,0.2553756833076477,0.733530580997467,40.596683502197266,40.817867279052734,0.2399718314409256,0.6797202229499817,0.6573390364646912,0.5751239657402039,0.09079819917678833,0.2331606149673462,0.7163116931915283,0.6642261147499084,0.1846058964729309,0.2973507046699524,,,,,,,,,,,,,,,,,,,,,,,,,,,,,,
3,0,0.5171751976013184,0.4659718871116638,23.20273780822754,20.75339698791504,41.28160858154297,37.48674392700195,0.45272547006607056,0.49419188499450684,0.282692015171051,0.34932345151901245,0.8440688252449036,0.713013768196106,0.2387630194425583,0.2774379253387451,0.7844436168670654,0.6852582097053528,40.693485260009766,42.47732925415039,0.24348080158233643,0.6955736875534058,36.83683776855469,37.22130584716797,0.23462532460689545,0.6130945086479187,0.717307984828949,0.6506764888763428,0.15593111515045166,0.2869862914085388,0.7635363340377808,0.7152345180511475,0.20348763465881348,0.29450899362564087,,,,,,,,,,,,,,,,,,,,,,,,,,,,,,
4,0,0.48382654786109924,0.4194510281085968,21.835941314697266,19.070920944213867,38.98191452026367,35.10863494873047,0.48664095997810364,0.5442156791687012,0.2497822791337967,0.3149452805519104,0.8006727695465088,0.6880357265472412,0.2073705941438675,0.24650482833385468,0.7063043713569641,0.6290052533149719,38.1395149230957,40.131134033203125,0.23585693538188934,0.6821058392524719,33.031982421875,35.119014739990234,0.22285233438014984,0.6382017135620117,0.7502177357673645,0.6850546598434448,0.19932711124420166,0.3119642734527588,0.7946264147758484,0.746984601020813,0.28282904624938965,0.352422833442688,,,,,,,,,,,,,,,,,,,,,,,,,,,,,,
5,0,0.44886040687561035,0.39927390217781067,20.792612075805664,18.09853172302246,37.14461135864258,33.98839569091797,0.523765504360199,0.5669991970062256,0.22644640505313873,0.28647369146347046,0.7371910214424133,0.654826819896698,0.19771751761436462,0.22585685551166534,0.6585046648979187,0.6174994111061096,36.30329132080078,38.21506118774414,0.22472916543483734,0.664777934551239,31.49542999267578,33.14579391479492,0.20935875177383423,0.6100178360939026,0.7735536098480225,0.7135263085365295,0.2628089189529419,0.345173180103302,0.8041865229606628,0.76817786693573,0.33136409521102905,0.36426836252212524,,,,,,,,,,,,,,,,,,,,,,,,,,,,,,
6,0,0.4244478642940521,0.3770938217639923,20.226346969604492,17.191923141479492,36.101654052734375,32.60551071166992,0.5494495630264282,0.5902121067047119,0.21530303359031677,0.2685016691684723,0.7021762728691101,0.6162205934524536,0.17886468768119812,0.2125844806432724,0.6278607249259949,0.588901698589325,35.36054229736328,37.125457763671875,0.21713674068450928,0.6414222121238708,29.69623374938965,31.70362091064453,0.2046635001897812,0.6259698867797852,0.7846969366073608,0.7314983606338501,0.2978236675262451,0.3837794065475464,0.8228577971458435,0.7818008065223694,0.3624795079231262,0.39371049404144287,,,,,,,,,,,,,,,,,,,,,,,,,,,,,,
7,0,0.3915327787399292,0.3538160026073456,19.127885818481445,16.718591690063477,34.34952163696289,32.032928466796875,0.5847352147102356,0.6175272464752197,0.1936989575624466,0.24490177631378174,0.6365863084793091,0.5858719348907471,0.17869506776332855,0.1959036886692047,0.5666078329086304,0.5599797964096069,33.338008880615234,35.218990325927734,0.2045029252767563,0.6203848123550415,29.62188148498535,29.961551666259766,0.18923190236091614,0.5809102654457092,0.8063010573387146,0.7550982236862183,0.36341357231140137,0.41412806510925293,0.8230258226394653,0.7989221811294556,0.4246748089790344,0.4234863519668579,,,,,,,,,,,,,,,,,,,,,,,,,,,,,,
8,0,0.3722923696041107,0.35332611203193665,18.636066436767578,17.37085723876953,33.433204650878906,32.51187515258789,0.6048158407211304,0.6196783781051636,0.18397347629070282,0.23129704594612122,0.6110821962356567,0.5543838739395142,0.1863672286272049,0.19830197095870972,0.5467116236686707,0.5614737868309021,32.565223693847656,34.21894454956055,0.19903704524040222,0.5975621938705444,31.14314842224121,30.717926025390625,0.1891118735074997,0.5770917534828186,0.816026508808136,0.7687029242515564,0.38891780376434326,0.44561612606048584,0.8154275417327881,0.7964605689048767,0.44487708806991577,0.42194825410842896,,,,,,,,,,,,,,,,,,,,,,,,,,,,,,
9,0,0.35275980830192566,0.33477652072906494,17.92283058166504,15.995122909545898,32.271236419677734,30.536500930786133,0.6259716153144836,0.6392149925231934,0.17219458520412445,0.21430370211601257,0.5691064596176147,0.5405085682868958,0.16432763636112213,0.17504791915416718,0.5128531455993652,0.5633469820022583,31.31825828552246,32.89412307739258,0.1908787190914154,0.5911486148834229,28.24615478515625,28.76974868774414,0.17738959193229675,0.5679910778999329,0.8278053998947144,0.785696268081665,0.4308934211730957,0.45949143171310425,0.8372548818588257,0.8203287720680237,0.4792565107345581,0.4200196862220764,,,,,,,,,,,,,,,,,,,,,,,,,,,,,,
10,0,0.3367123007774353,0.3079606890678406,17.600685119628906,14.895086288452148,31.677661895751953,28.913625717163086,0.6430623531341553,0.6662335991859436,0.16606280207633972,0.20627574622631073,0.5434871315956116,0.5119251012802124,0.14342249929904938,0.16291594505310059,0.4952746331691742,0.5079143047332764,30.74810218811035,32.323326110839844,0.18551413714885712,0.5702492594718933,25.87030601501465,27.309978485107422,0.17384633421897888,0.5309315919876099,0.8339372277259827,0.7937242388725281,0.4565128684043884,0.4880748987197876,0.8579586744308472,0.832781195640564,0.4971054792404175,0.4770891070365906,,,,,,,,,,,,,,,,,,,,,,,,,,,,,,
11,0,0.32026731967926025,0.29757243394851685,17.059484481811523,14.917330741882324,30.703975677490234,28.829877853393555,0.6604827642440796,0.677727222442627,0.15557961165905,0.19444070756435394,0.5148628950119019,0.49318546056747437,0.14341403543949127,0.160719633102417,0.47956135869026184,0.4809536337852478,29.77880859375,31.353004455566406,0.17907537519931793,0.5583718419075012,25.759492874145508,27.533639907836914,0.16730238497257233,0.5359376668930054,0.8444203734397888,0.8055592775344849,0.48513704538345337,0.5068145394325256,0.8579670786857605,0.835035502910614,0.5130605101585388,0.5048457980155945,,,,,,,,,,,,,,,,,,,,,,,,,,,,,,
12,0,0.30493825674057007,0.2950124740600586,16.77290153503418,14.68161392211914,30.276166915893555,28.343475341796875,0.6764975786209106,0.6811482906341553,0.1517208367586136,0.18838846683502197,0.49806326627731323,0.45583707094192505,0.13799293339252472,0.15629076957702637,0.4602179229259491,0.4963698089122772,29.27983283996582,30.84175682067871,0.1751565933227539,0.5326454043388367,25.55461883544922,26.84224510192871,0.1648215502500534,0.5374361276626587,0.8482791781425476,0.811611533164978,0.501936674118042,0.544162929058075,0.8633359670639038,0.8395813703536987,0.5327014923095703,0.4889744520187378,,,,,,,,,,,,,,,,,,,,,,,,,,,,,,
13,0,0.29474392533302307,0.2879517674446106,16.463165283203125,14.908374786376953,29.868135452270508,28.947317123413086,0.6880947351455688,0.6898110508918762,0.1482924520969391,0.18238520622253418,0.4685761034488678,0.4483674168586731,0.14750969409942627,0.15755333006381989,0.44509461522102356,0.46721476316452026,28.878198623657227,30.105825424194336,0.16980093717575073,0.5236368775367737,26.25404167175293,26.93766212463379,0.1582937240600586,0.5013633966445923,0.8517075777053833,0.8176147937774658,0.5314239263534546,0.5516325831413269,0.8539108633995056,0.8382854461669922,0.5480575561523438,0.5189903378486633,,,,,,,,,,,,,,,,,,,,,,,,,,,,,,
14,0,0.2820313572883606,0.2769286632537842,16.152538299560547,13.806684494018555,29.15714454650879,27.274372100830078,0.7012614011764526,0.6998189687728882,0.14122942090034485,0.17393727600574493,0.4529869258403778,0.4268006384372711,0.12739284336566925,0.14531441032886505,0.4445466101169586,0.4604251980781555,28.268291473388672,29.62017822265625,0.165848970413208,0.5101351737976074,23.94274139404297,25.34052276611328,0.1610458493232727,0.511154055595398,0.8587706089019775,0.8260627388954163,0.5470130443572998,0.5731993913650513,0.873833954334259,0.850847601890564,0.548613965511322,0.5259803533554077,,,,,,,,,,,,,,,,,,,,,,,,,,,,,,
15,0,0.26958295702934265,0.27229589223861694,15.808427810668945,13.547172546386719,28.576841354370117,26.897689819335938,0.7143104076385498,0.7047992944717407,0.13664256036281586,0.16560214757919312,0.43707895278930664,0.4034348130226135,0.12607647478580475,0.13798917829990387,0.43883588910102844,0.45527708530426025,27.72217559814453,28.927688598632812,0.16237975656986237,0.4931912422180176,23.645822525024414,24.667221069335938,0.15616445243358612,0.5134285092353821,0.863357424736023,0.8343978524208069,0.5629209876060486,0.5965651869773865,0.8751376867294312,0.8583663105964661,0.5544125437736511,0.5312804579734802,,,,,,,,,,,,,,,,,,,,,,,,,,,,,,
16,0,0.26373082399368286,0.2754822075366974,15.610960006713867,13.835529327392578,28.160614013671875,27.029626846313477,0.7206774950027466,0.7013454437255859,0.13245706260204315,0.16116590797901154,0.42335906624794006,0.4003077745437622,0.12387697398662567,0.14461596310138702,0.43992966413497925,0.4631262421607971,27.37401008605957,28.566791534423828,0.15866895020008087,0.49017274379730225,23.82453155517578,25.620962142944336,0.15898066759109497,0.4915843904018402,0.8675429224967957,0.8388341069221497,0.5766409039497375,0.5996922254562378,0.8773159980773926,0.8515644669532776,0.5533019304275513,0.5231995582580566,,,,,,,,,,,,,,,,,,,,,,,,,,,,,,
17,0,0.2531190812587738,0.25833427906036377,15.2754545211792,13.474587440490723,27.70442771911621,26.610448837280273,0.7320985198020935,0.7204012274742126,0.12733308970928192,0.1572999507188797,0.40322190523147583,0.38375088572502136,0.12201622873544693,0.13717882335186005,0.4107860326766968,0.42703741788864136,26.643400192260742,28.125919342041016,0.15484414994716644,0.4779883623123169,23.360958099365234,24.773691177368164,0.15171435475349426,0.4678482115268707,0.8726668953895569,0.8427000045776367,0.5967780947685242,0.6162490844726562,0.8791587948799133,0.8591980338096619,0.582893967628479,0.5603539347648621,,,,,,,,,,,,,,,,,,,,,,,,,,,,,,
18,0,0.24515818059444427,0.26097291707992554,15.193594932556152,13.725225448608398,27.548625946044922,26.740541458129883,0.7403137683868408,0.7167234420776367,0.1269831359386444,0.15390737354755402,0.39795157313346863,0.35990288853645325,0.12206652760505676,0.14028051495552063,0.4275185763835907,0.42168307304382324,26.729015350341797,27.715911865234375,0.15353964269161224,0.4603736996650696,23.624629974365234,25.472270965576172,0.15548765659332275,0.44638869166374207,0.8730168342590332,0.8460926413536072,0.602048397064209,0.6400971412658691,0.8791090250015259,0.8560144305229187,0.5659040212631226,0.5658663511276245,,,,,,,,,,,,,,,,,,,,,,,,,,,,,,
19,0,0.23601220548152924,0.2517678439617157,14.882814407348633,12.943557739257812,27.148738861083984,25.90536117553711,0.7499694228172302,0.7271881103515625,0.122654490172863,0.1504853516817093,0.3841381371021271,0.34284430742263794,0.11813854426145554,0.126167431473732,0.4051884710788727,0.42089754343032837,26.120454788208008,27.226245880126953,0.1507234275341034,0.44778192043304443,22.765804290771484,23.390958786010742,0.15055735409259796,0.45580244064331055,0.8773455023765564,0.8495146036148071,0.6158617734909058,0.6571556925773621,0.8829991817474365,0.8705002665519714,0.5885776281356812,0.566675066947937,,,,,,,,,,,,,,,,,,,,,,,,,,,,,,
20,0,0.23224468529224396,0.2568058967590332,14.812417984008789,13.665011405944824,26.865354537963867,26.7330379486084,0.7538794279098511,0.722771167755127,0.12121187895536423,0.14568784832954407,0.3799494206905365,0.3376331925392151,0.125686913728714,0.13454842567443848,0.40096381306648254,0.4266078472137451,26.095081329345703,26.98257827758789,0.14994743466377258,0.4425235688686371,24.055509567260742,24.695987701416016,0.14613685011863708,0.4646317660808563,0.8787881135940552,0.8543121218681335,0.6200505495071411,0.6623668074607849,0.8755234479904175,0.8618979454040527,0.5928673148155212,0.5607961416244507,,,,,,,,,,,,,,,,,,,,,,,,,,,,,,
21,0,0.22523224353790283,0.25048530101776123,14.678759574890137,13.087614059448242,26.741527557373047,25.848472595214844,0.7618974447250366,0.7296424508094788,0.11908283084630966,0.14588437974452972,0.3592239022254944,0.32821905612945557,0.12078145891427994,0.12076789885759354,0.3887538015842438,0.4304112493991852,25.70795440673828,26.928604125976562,0.14525675773620605,0.43398380279541016,23.416780471801758,23.192922592163086,0.14573028683662415,0.44040602445602417,0.8809171915054321,0.8541156053543091,0.6407760977745056,0.6717809438705444,0.88038170337677,0.8760424256324768,0.6052651405334473,0.5568804740905762,,,,,,,,,,,,,,,,,,,,,,,,,,,,,,
22,0,0.21760879456996918,0.24241122603416443,14.338869094848633,12.607941627502441,26.015666961669922,25.338769912719727,0.7696449756622314,0.7370891571044922,0.11312458664178848,0.1374366730451584,0.35089266300201416,0.3199664056301117,0.11483225971460342,0.11794278770685196,0.3953961133956909,0.4034671485424042,25.16124725341797,26.242321014404297,0.14264488220214844,0.4277087152004242,22.31108283996582,22.617340087890625,0.14532142877578735,0.4470255672931671,0.8868753910064697,0.8625633120536804,0.6491073369979858,0.6800335645675659,0.8862736225128174,0.8789421319961548,0.5985206365585327,0.5846201181411743,,,,,,,,,,,,,,,,,,,,,,,,,,,,,,
23,0,0.21251419186592102,0.24338531494140625,14.270698547363281,13.136911392211914,25.932798385620117,25.835235595703125,0.7751293778419495,0.736679196357727,0.1129433885216713,0.1357496678829193,0.3433835804462433,0.3074056804180145,0.118785560131073,0.12351831048727036,0.38957473635673523,0.4014398753643036,25.105789184570312,26.045211791992188,0.14110144972801208,0.42152222990989685,23.040170669555664,23.857328414916992,0.1436368227005005,0.43299952149391174,0.8870565891265869,0.8642503023147583,0.6566163897514343,0.6925942897796631,0.8823583722114563,0.87321937084198,0.6044316291809082,0.5867072343826294,,,,,,,,,,,,,,,,,,,,,,,,,,,,,,
24,0,0.20708882808685303,0.23999863862991333,14.077949523925781,12.955810546875,25.566476821899414,25.71248435974121,0.7806203961372375,0.7408463954925537,0.10934864729642868,0.13258735835552216,0.33854639530181885,0.2970358729362488,0.11853356659412384,0.12100761383771896,0.3771723806858063,0.4002267122268677,24.76625633239746,25.696958541870117,0.13956977427005768,0.4125153422355652,22.953630447387695,23.247915267944336,0.140237957239151,0.42732056975364685,0.8906513452529907,0.8674126267433167,0.6614535450935364,0.7029641270637512,0.8826079368591309,0.875796377658844,0.6170247793197632,0.5879563093185425,,,,,,,,,,,,,,,,,,,,,,,,,,,,,,
25,0,0.2023608237504959,0.2455243617296219,13.939257621765137,12.960606575012207,25.332834243774414,25.89572525024414,0.7861617207527161,0.7345730066299438,0.10774891078472137,0.12958447635173798,0.3218576908111572,0.29616186022758484,0.11858464777469635,0.12525753676891327,0.38816237449645996,0.409475177526474,24.48984718322754,25.485963821411133,0.13595271110534668,0.4070113003253937,22.76597023010254,23.475505828857422,0.1409495621919632,0.44657132029533386,0.8922510743141174,0.8704155087471008,0.6781423091888428,0.7038381099700928,0.8825573325157166,0.871434211730957,0.6058657169342041,0.5784347057342529,,,,,,,,,,,,,,,,,,,,,,,,,,,,,,
26,0,0.1958920806646347,0.23438642919063568,13.803510665893555,12.25493335723877,25.09638786315918,24.730276107788086,0.7926979064941406,0.7456569671630859,0.10634230077266693,0.12627796828746796,0.3190569579601288,0.27753129601478577,0.10658621788024902,0.11663024872541428,0.3798387348651886,0.3947635889053345,24.379173278808594,25.08726692199707,0.1349554806947708,0.3995785415172577,21.289264678955078,22.478240966796875,0.1428115963935852,0.4227539300918579,0.8936576843261719,0.8737220168113708,0.6809430122375488,0.7224687337875366,0.894440233707428,0.8802893757820129,0.6143174171447754,0.5935807228088379,,,,,,,,,,,,,,,,,,,,,,,,,,,,,,
27,0,0.19396311044692993,0.23734310269355774,13.693365097045898,12.048718452453613,24.91489601135254,24.48021697998047,0.7947238087654114,0.7429794073104858,0.10427623242139816,0.12526516616344452,0.3152289092540741,0.2763345539569855,0.10565754026174545,0.1124149039387703,0.3734983801841736,0.41651585698127747,24.123306274414062,24.961589813232422,0.13458660244941711,0.3950779139995575,20.98948860168457,22.015838623046875,0.1375257521867752,0.43066641688346863,0.8957237601280212,0.8747348189353943,0.6847710609436035,0.7236654758453369,0.895359992980957,0.8846160173416138,0.6207552552223206,0.5711861848831177,,,,,,,,,,,,,,,,,,,,,,,,,,,,,,
28,0,0.19028699398040771,0.23700329661369324,13.470314979553223,12.122300148010254,24.555156707763672,24.571374893188477,0.7986605167388916,0.7437671422958374,0.10146909207105637,0.12139676511287689,0.3075774908065796,0.27491462230682373,0.10572504997253418,0.11435852199792862,0.3660438358783722,0.4188046157360077,23.774818420410156,24.494422912597656,0.13307878375053406,0.395256370306015,21.207603454589844,22.042724609375,0.13895003497600555,0.430952787399292,0.898530900478363,0.8786032199859619,0.6924224495887756,0.7250853776931763,0.895293116569519,0.8826211094856262,0.6283245086669922,0.5688297748565674,,,,,,,,,,,,,,,,,,,,,,,,,,,,,,
29,0,0.19043678045272827,0.23809804022312164,13.438232421875,11.905478477478027,24.501358032226562,24.37265968322754,0.7983545064926147,0.7413679361343384,0.10084550827741623,0.12113679200410843,0.30985820293426514,0.2747415006160736,0.10287279635667801,0.11427684873342514,0.38473811745643616,0.412513792514801,23.727317810058594,24.427114486694336,0.13321758806705475,0.3919420540332794,20.721099853515625,21.777929306030273,0.14088119566440582,0.4209120273590088,0.8991544842720032,0.8788632154464722,0.6901417970657349,0.725258469581604,0.8981178998947144,0.8827049136161804,0.6093425750732422,0.5753064155578613,,,,,,,,,,,,,,,,,,,,,,,,,,,,,,
30,0,0.18492893874645233,0.22825682163238525,13.373950004577637,11.68669605255127,24.406478881835938,23.888338088989258,0.8044544458389282,0.7525030970573425,0.09962587803602219,0.12086819857358932,0.29764828085899353,0.26403993368148804,0.10033891350030899,0.10745971649885178,0.3632090389728546,0.3997179865837097,23.55596351623535,24.38776969909668,0.12945938110351562,0.38454580307006836,20.397823333740234,21.280221939086914,0.13781465590000153,0.440729558467865,0.9003741145133972,0.8791317939758301,0.7023516893386841,0.7359601259231567,0.9006273746490479,0.8897020816802979,0.6312029361724854,0.5884799957275391,,,,,,,,,,,,,,,,,,,,,,,,,,,,,,
31,0,0.1788598746061325,0.2231311947107315,13.197818756103516,11.778517723083496,24.047237396240234,23.966684341430664,0.8106914758682251,0.7584643363952637,0.09707975387573242,0.11678450554609299,0.29189443588256836,0.25147518515586853,0.10196398198604584,0.10668878257274628,0.3522633910179138,0.38655757904052734,23.2684268951416,24.041933059692383,0.1284910887479782,0.37626102566719055,20.71714210510254,21.296279907226562,0.13497033715248108,0.40513670444488525,0.9029202461242676,0.8832154870033264,0.7081055641174316,0.7485247850418091,0.8990179300308228,0.8904933929443359,0.642316997051239,0.6020289659500122,,,,,,,,,,,,,,,,,,,,,,,,,,,,,,
32,0,0.17417168617248535,0.22398364543914795,13.009895324707031,11.830738067626953,23.69072914123535,23.924306869506836,0.8155292272567749,0.7572861909866333,0.0937216654419899,0.11410560458898544,0.2857644855976105,0.244291290640831,0.10147546231746674,0.10650800168514252,0.3570133447647095,0.3871006667613983,22.9207706451416,23.72247886657715,0.12712286412715912,0.3672958016395569,20.832805633544922,21.36149787902832,0.13570095598697662,0.40704643726348877,0.9062783122062683,0.8858943581581116,0.7142354846000671,0.7557086944580078,0.8995017409324646,0.8906789422035217,0.6374939680099487,0.601469874382019,,,,,,,,,,,,,,,,,,,,,,,,,,,,,,
33,0,0.17090971767902374,0.2249511331319809,12.84956169128418,11.746896743774414,23.472787857055664,23.796764373779297,0.8191808462142944,0.755770206451416,0.092852883040905,0.11073243618011475,0.2776090204715729,0.2420821487903595,0.09980423748493195,0.1062818393111229,0.3642459511756897,0.3876904547214508,22.65021514892578,23.413082122802734,0.12490761280059814,0.3659959137439728,20.48448944091797,21.451282501220703,0.13621112704277039,0.4061477482318878,0.9071471095085144,0.8892675638198853,0.7223909497261047,0.7579178810119629,0.9011569023132324,0.8909111022949219,0.6301500797271729,0.6008626222610474,,,,,,,,,,,,,,,,,,,,,,,,,,,,,,
34,0,0.16571100056171417,0.21632187068462372,12.753198623657227,11.50366497039795,23.211645126342773,23.628862380981445,0.8245477676391602,0.7651751041412354,0.0898803323507309,0.10967286676168442,0.2715255618095398,0.2307301163673401,0.09952695667743683,0.10306490957736969,0.35336101055145264,0.3653591573238373,22.483789443969727,23.238204956054688,0.12368042021989822,0.3586150109767914,20.342370986938477,20.659502029418945,0.1344129592180252,0.4011906683444977,0.9101196527481079,0.8903271555900574,0.7284743785858154,0.7692698836326599,0.9014315009117126,0.8942129611968994,0.641202449798584,0.623853325843811,,,,,,,,,,,,,,,,,,,,,,,,,,,,,,
35,0,0.16385388374328613,0.22259138524532318,12.63630199432373,11.524518966674805,23.09263801574707,23.401899337768555,0.8263850212097168,0.7580732107162476,0.09014510363340378,0.1067594513297081,0.27204442024230957,0.22551098465919495,0.09825924783945084,0.10011597722768784,0.3644426763057709,0.38618171215057373,22.370765686035156,22.91325569152832,0.12345600873231888,0.3546641170978546,20.267311096191406,20.82097053527832,0.1339457482099533,0.4145655035972595,0.9098548889160156,0.8932405710220337,0.7279555797576904,0.7744890451431274,0.9026870131492615,0.8972398042678833,0.6299502849578857,0.602415919303894,,,,,,,,,,,,,,,,,,,,,,,,,,,,,,
36,0,0.16170088946819305,0.21958748996257782,12.607950210571289,11.429214477539062,23.062419891357422,23.608875274658203,0.8288989067077637,0.7615011930465698,0.08906280249357224,0.10776190459728241,0.2643275856971741,0.22325186431407928,0.09858224540948868,0.10407847166061401,0.35832011699676514,0.3746406137943268,22.233596801757812,22.968210220336914,0.12153348326683044,0.3533687889575958,20.005447387695312,20.77544593811035,0.1322331428527832,0.399819016456604,0.9109371900558472,0.8922380805015564,0.7356723546981812,0.7767481207847595,0.902367115020752,0.8931726217269897,0.636167049407959,0.6142978072166443,,,,,,,,,,,,,,,,,,,,,,,,,,,,,,
37,0,0.15979278087615967,0.2256767451763153,12.526451110839844,11.211118698120117,22.783227920532227,23.136110305786133,0.8308250308036804,0.754625678062439,0.08644450455904007,0.10588657110929489,0.2614087462425232,0.22295993566513062,0.09566879272460938,0.09841904789209366,0.36704468727111816,0.40119415521621704,22.054580688476562,22.859378814697266,0.12072064727544785,0.35392671823501587,19.76881980895996,20.181615829467773,0.13440990447998047,0.4091239869594574,0.9135555028915405,0.8941134214401245,0.738591194152832,0.7770400643348694,0.9052525162696838,0.8989815711975098,0.6273082494735718,0.5869602560997009,,,,,,,,,,,,,,,,,,,,,,,,,,,,,,
38,0,0.15835563838481903,0.2252776175737381,12.537105560302734,11.223933219909668,22.840723037719727,23.330629348754883,0.832421600818634,0.755378246307373,0.08730241656303406,0.10578548908233643,0.25925734639167786,0.21796821057796478,0.09713037312030792,0.10031845420598984,0.3626630902290344,0.3992917239665985,22.11328887939453,22.83957862854004,0.12027260661125183,0.3458232283592224,19.756139755249023,20.25767707824707,0.13393990695476532,0.4001222252845764,0.9126975536346436,0.8942145109176636,0.740742564201355,0.782031774520874,0.9038050174713135,0.8970319628715515,0.6317572593688965,0.5889188051223755,,,,,,,,,,,,,,,,,,,,,,,,,,,,,,
39,0,0.15377715229988098,0.22117899358272552,12.39284896850586,11.22403621673584,22.482730865478516,23.18193817138672,0.8373498916625977,0.759950578212738,0.0847909227013588,0.10218671709299088,0.25023114681243896,0.2133917361497879,0.09625482559204102,0.0984947681427002,0.3549482226371765,0.3917962610721588,21.867977142333984,22.56377601623535,0.11855583637952805,0.3441319465637207,19.775745391845703,20.25067901611328,0.13096937537193298,0.38609105348587036,0.9152090549468994,0.8978132605552673,0.749768853187561,0.7866082787513733,0.9046721458435059,0.8989038467407227,0.639590859413147,0.596635639667511,,,,,,,,,,,,,,,,,,,,,,,,,,,,,,
40,0,0.1498251110315323,0.21899832785129547,12.259446144104004,11.30777645111084,22.312334060668945,23.197669982910156,0.8413244485855103,0.7626780867576599,0.08324194699525833,0.10105159878730774,0.2482205629348755,0.20218804478645325,0.09720824658870697,0.09736853092908859,0.3473699688911438,0.38887906074523926,21.60927391052246,22.3554744720459,0.11771151423454285,0.33349931240081787,19.95674705505371,20.353784561157227,0.13172142207622528,0.39630985260009766,0.9167580604553223,0.8989483714103699,0.7517794370651245,0.7978119254112244,0.9037278890609741,0.9000598192214966,0.6472856998443604,0.5996389389038086,,,,,,,,,,,,,,,,,,,,,,,,,,,,,,
41,0,0.14987905323505402,0.21436858177185059,12.196503639221191,11.327460289001465,22.212106704711914,23.26890754699707,0.8414455652236938,0.7679191827774048,0.08299046754837036,0.09939578920602798,0.24472174048423767,0.207109734416008,0.09902321547269821,0.09610559046268463,0.3402845859527588,0.3750172257423401,21.643468856811523,22.062358856201172,0.11718890070915222,0.33554333448410034,20.394145965576172,19.908395767211914,0.12880994379520416,0.39010506868362427,0.9170095324516296,0.9006041884422302,0.7552782297134399,0.7928902506828308,0.9019303917884827,0.9013561010360718,0.6544800996780396,0.6139100790023804,,,,,,,,,,,,,,,,,,,,,,,,,,,,,,
42,0,0.14742408692836761,0.21752269566059113,12.17449951171875,11.247218132019043,22.12805938720703,23.12133026123047,0.8440248370170593,0.764464259147644,0.08217199891805649,0.0989357978105545,0.24158325791358948,0.20120975375175476,0.0971984788775444,0.09576455503702164,0.3425869345664978,0.38826507329940796,21.577041625976562,22.05944061279297,0.1158573254942894,0.3318401873111725,19.97806739807129,20.076261520385742,0.12884464859962463,0.40814128518104553,0.9178280234336853,0.9010642170906067,0.7584167718887329,0.7987902164459229,0.9037375450134277,0.9017061591148376,0.6521422863006592,0.6002710461616516,,,,,,,,,,,,,,,,,,,,,,,,,,,,,,
43,0,0.14562959969043732,0.21451148390769958,12.101127624511719,10.854470252990723,22.019710540771484,22.774566650390625,0.8459542393684387,0.7674146890640259,0.08118316531181335,0.09825112670660019,0.2380944788455963,0.1986541748046875,0.0931653156876564,0.09465836733579636,0.3402426540851593,0.38409632444381714,21.35622787475586,22.035825729370117,0.11496518552303314,0.32982298731803894,19.117639541625977,19.575977325439453,0.12848161160945892,0.3882226049900055,0.918816864490509,0.9017488956451416,0.7619054913520813,0.8013458251953125,0.9077318906784058,0.9028415679931641,0.6545226573944092,0.6045628786087036,,,,,,,,,,,,,,,,,,,,,,,,,,,,,,
44,0,0.14270535111427307,0.21705065667629242,12.008011817932129,11.01665210723877,21.848899841308594,22.988672256469727,0.8490040302276611,0.764556884765625,0.08029811084270477,0.09617387503385544,0.23482586443424225,0.1926860362291336,0.09528162330389023,0.09590161591768265,0.34709468483924866,0.3851667642593384,21.303834915161133,21.734500885009766,0.11433939635753632,0.3242177665233612,19.447250366210938,19.824485778808594,0.12972375750541687,0.38509729504585266,0.919701874256134,0.903826117515564,0.7651740908622742,0.8073139786720276,0.9056359529495239,0.901565432548523,0.6475652456283569,0.6034608483314514,,,,,,,,,,,,,,,,,,,,,,,,,,,,,,
45,0,0.14095519483089447,0.21213644742965698,11.976390838623047,10.860397338867188,21.73956298828125,22.531566619873047,0.8509153127670288,0.7695184350013733,0.07983601093292236,0.09469985961914062,0.23134462535381317,0.19045819342136383,0.09031715244054794,0.09398306161165237,0.34250280261039734,0.3771071434020996,21.26071548461914,21.662900924682617,0.11339739710092545,0.32262393832206726,19.070405960083008,19.663578033447266,0.13029874861240387,0.38048437237739563,0.9201639890670776,0.9053001403808594,0.7686553597450256,0.8095417618751526,0.9105526208877563,0.9035347104072571,0.6522277593612671,0.6117584705352783,,,,,,,,,,,,,,,,,,,,,,,,,,,,,,
46,0,0.13744613528251648,0.21158985793590546,11.770503997802734,10.56475830078125,21.42656135559082,22.34272003173828,0.8545692563056946,0.7694310545921326,0.07728897035121918,0.09239296615123749,0.22610998153686523,0.18593092262744904,0.08944276720285416,0.09144370257854462,0.35250797867774963,0.3709515333175659,20.842851638793945,21.350330352783203,0.11185923963785172,0.3199036717414856,18.59832763671875,19.05266761779785,0.1283205896615982,0.3870888650417328,0.9227110147476196,0.9076070189476013,0.7738900184631348,0.8140690922737122,0.9114185571670532,0.9061411023139954,0.64206862449646,0.6180958151817322,,,,,,,,,,,,,,,,,,,,,,,,,,,,,,
47,0,0.1357625275850296,0.20891140401363373,11.726999282836914,10.634971618652344,21.327707290649414,22.283470153808594,0.856239914894104,0.7724966406822205,0.07552817463874817,0.09313104301691055,0.2246399223804474,0.1817411184310913,0.08709835261106491,0.09382624924182892,0.34417280554771423,0.3671412169933319,20.60099220275879,21.47233772277832,0.11151197552680969,0.3159324526786804,18.4366455078125,19.537614822387695,0.1282396763563156,0.3794723451137543,0.9244718551635742,0.9068689346313477,0.7753600478172302,0.8182588815689087,0.9137403964996338,0.9036956429481506,0.6505320072174072,0.6220186352729797,,,,,,,,,,,,,,,,,,,,,,,,,,,,,,
48,0,0.13503271341323853,0.20841026306152344,11.68805980682373,10.623361587524414,21.262731552124023,22.384319305419922,0.8571903705596924,0.7738183736801147,0.07636940479278564,0.0905952975153923,0.22131145000457764,0.18296226859092712,0.08990094810724258,0.09159354120492935,0.33350101113319397,0.372061163187027,20.744651794433594,21.146154403686523,0.11089564859867096,0.3149552047252655,18.755386352539062,19.09870719909668,0.12571731209754944,0.3858475089073181,0.9236305952072144,0.9094046950340271,0.7786885499954224,0.8170377016067505,0.910964846611023,0.9059873223304749,0.6613680124282837,0.6169533729553223,,,,,,,,,,,,,,,,,,,,,,,,,,,,,,
49,0,0.13054537773132324,0.21156537532806396,11.554952621459961,10.841092109680176,21.039939880371094,22.69207000732422,0.8618492484092712,0.7702623605728149,0.0736163929104805,0.09046512842178345,0.21541009843349457,0.173111230134964,0.09128490090370178,0.09582441300153732,0.3406960666179657,0.3732316792011261,20.368947982788086,21.074785232543945,0.10894571989774704,0.3101407587528229,18.9534912109375,19.73617935180664,0.12705057859420776,0.37566718459129333,0.9263836145401001,0.9095348715782166,0.7845898866653442,0.8268887996673584,0.9095941781997681,0.9016447067260742,0.6540622711181641,0.6157482862472534,,,,,,,,,,,,,,,,,,,,,,,,,,,,,,
50,0,0.13179974257946014,0.20725323259830475,11.693316459655762,10.69094181060791,21.331174850463867,22.58743667602539,0.8606509566307068,0.7752054333686829,0.07675813883543015,0.09133871644735336,0.21743181347846985,0.17186765372753143,0.091206394135952,0.09377691149711609,0.3312341868877411,0.36547529697418213,20.740680694580078,21.180143356323242,0.10899898409843445,0.30810290575027466,18.763181686401367,19.367870330810547,0.12534725666046143,0.3774079978466034,0.9232418537139893,0.9086613059043884,0.7825681567192078,0.8281323909759521,0.9096719622612,0.9037463068962097,0.6636697053909302,0.6237337589263916,,,,,,,,,,,,,,,,,,,,,,,,,,,,,,
51,0,0.1306602954864502,0.20929710566997528,11.531170845031738,10.536992073059082,20.90872573852539,22.368505477905273,0.8617644309997559,0.7723662257194519,0.0730249285697937,0.08884897083044052,0.21426105499267578,0.17680755257606506,0.09041313827037811,0.09048522263765335,0.3433610200881958,0.36859098076820374,20.475385665893555,20.85332679748535,0.10853404551744461,0.30933770537376404,18.528770446777344,19.030624389648438,0.12790460884571075,0.383300244808197,0.9269750714302063,0.9111510515213013,0.7857389450073242,0.8231924772262573,0.9104575514793396,0.907124936580658,0.6513563394546509,0.6205260753631592,,,,,,,,,,,,,,,,,,,,,,,,,,,,,,
52,0,0.1283944696187973,0.20821310579776764,11.494000434875488,10.669486999511719,20.896467208862305,22.409589767456055,0.8641918897628784,0.7740365862846375,0.0724421888589859,0.089498370885849,0.21068395674228668,0.17060765624046326,0.08842030167579651,0.09438076615333557,0.33154982328414917,0.371783584356308,20.320106506347656,20.896257400512695,0.10757910460233688,0.3060041666030884,18.362173080444336,19.766286849975586,0.12575103342533112,0.38116005063056946,0.9275578260421753,0.9105015993118286,0.7893159985542297,0.8293923139572144,0.9124311804771423,0.9031264781951904,0.6633492708206177,0.6172391772270203,,,,,,,,,,,,,,,,,,,,,,,,,,,,,,
53,0,0.12529656291007996,0.208337664604187,11.3584623336792,10.563793182373047,20.626270294189453,22.442646026611328,0.8676612973213196,0.7737002372741699,0.0717105120420456,0.08548859506845474,0.20298637449741364,0.16916917264461517,0.0899251326918602,0.0927543193101883,0.3367187976837158,0.36816591024398804,20.21204376220703,20.490577697753906,0.10577304661273956,0.3038957118988037,18.425294876098633,19.275177001953125,0.12563300132751465,0.37358590960502625,0.9282894730567932,0.9145113825798035,0.7970135807991028,0.8308308124542236,0.9109408855438232,0.9047958850860596,0.6581007242202759,0.6209636926651001,,,,,,,,,,,,,,,,,,,,,,,,,,,,,,
54,0,0.12278230488300323,0.20908606052398682,11.335851669311523,10.30642032623291,20.54531478881836,21.969209671020508,0.8702552318572998,0.7730268239974976,0.07086155563592911,0.08525446802377701,0.20064452290534973,0.16221857070922852,0.08674929291009903,0.08799062669277191,0.33208635449409485,0.3831556737422943,20.08502769470215,20.558263778686523,0.1054963618516922,0.2992067039012909,18.226518630981445,18.486549377441406,0.12598185241222382,0.376247376203537,0.9291384220123291,0.9147455096244812,0.7993554472923279,0.8377814292907715,0.914086103439331,0.9096853733062744,0.6628044247627258,0.6055313348770142,,,,,,,,,,,,,,,,,,,,,,,,,,,,,,
55,0,0.12126612663269043,0.20612671971321106,11.29382610321045,10.355880737304688,20.558574676513672,22.04893684387207,0.8716864585876465,0.776115357875824,0.07059983164072037,0.08590060472488403,0.20193800330162048,0.1548156589269638,0.08833842724561691,0.08716478943824768,0.3324166238307953,0.37012478709220886,19.969419479370117,20.53632164001465,0.10550966113805771,0.2929692268371582,18.328353881835938,18.564794540405273,0.12381548434495926,0.3732103109359741,0.9294002056121826,0.914099395275116,0.7980619668960571,0.845184326171875,0.9125123023986816,0.91053307056427,0.6624690890312195,0.6189469695091248,,,,,,,,,,,,,,,,,,,,,,,,,,,,,,
56,0,0.12218678742647171,0.21028287708759308,11.272034645080566,10.386048316955566,20.4912052154541,22.017518997192383,0.8706790804862976,0.7715584635734558,0.0702313631772995,0.08519617468118668,0.2031899094581604,0.15866610407829285,0.08768680691719055,0.08752696961164474,0.33733516931533813,0.38324445486068726,19.958417892456055,20.462512969970703,0.10536734759807587,0.2934395968914032,18.380916595458984,18.612642288208008,0.1254018247127533,0.3805285096168518,0.9297686219215393,0.9148038029670715,0.7968100309371948,0.8413339257240295,0.9131576418876648,0.9101613163948059,0.6574748754501343,0.6054399013519287,,,,,,,,,,,,,,,,,,,,,,,,,,,,,,
57,0,0.11963866651058197,0.20736771821975708,11.222556114196777,10.367207527160645,20.348451614379883,22.090545654296875,0.8734441995620728,0.7744137048721313,0.06929785013198853,0.08395053446292877,0.1982148140668869,0.15476001799106598,0.08751973509788513,0.08926045149564743,0.3389064073562622,0.3690336048603058,19.91465187072754,20.319265365600586,0.10440186411142349,0.2932579219341278,18.09366226196289,18.895524978637695,0.12486767023801804,0.37261730432510376,0.9307021498680115,0.9160494804382324,0.8017851710319519,0.8452399969100952,0.9133231043815613,0.9083820581436157,0.6558794975280762,0.6200703382492065,,,,,,,,,,,,,,,,,,,,,,,,,,,,,,
58,0,0.1191156655550003,0.2037414312362671,11.247316360473633,10.165949821472168,20.40992546081543,21.813068389892578,0.874127984046936,0.7782416343688965,0.06921330094337463,0.08522161096334457,0.19518396258354187,0.15386910736560822,0.08613850921392441,0.08580013364553452,0.3351740837097168,0.36262062191963196,19.879180908203125,20.463300704956055,0.1034046933054924,0.29112887382507324,17.949403762817383,18.27524185180664,0.12519745528697968,0.3647626042366028,0.9307867288589478,0.9147783517837524,0.8048160076141357,0.846130907535553,0.9146910309791565,0.9119337201118469,0.6596691608428955,0.6266726851463318,,,,,,,,,,,,,,,,,,,,,,,,,,,,,,
59,0,0.11920472234487534,0.20514176785945892,11.127306938171387,10.093199729919434,20.23615837097168,21.75847625732422,0.8740215301513672,0.7773653268814087,0.06866151094436646,0.08283442258834839,0.19492991268634796,0.15748785436153412,0.0850776880979538,0.08633406460285187,0.32482829689979553,0.3767174780368805,19.730361938476562,20.165021896362305,0.10307180136442184,0.29125991463661194,17.704021453857422,18.280277252197266,0.12258955836296082,0.36991122364997864,0.9313384890556335,0.9171655774116516,0.8050700426101685,0.8425121307373047,0.9157416224479675,0.911385715007782,0.6701741218566895,0.6121596097946167,,,,,,,,,,,,,,,,,,,,,,,,,,,,,,
60,0,0.11643853038549423,0.20316171646118164,11.105070114135742,10.284444808959961,20.118425369262695,22.106801986694336,0.876711368560791,0.7789732813835144,0.0674842894077301,0.08245083689689636,0.19514043629169464,0.14807887375354767,0.08835162222385406,0.08831723779439926,0.3350065052509308,0.3553049862384796,19.685888290405273,20.134063720703125,0.10369395464658737,0.28674590587615967,18.19533920288086,18.4561710357666,0.12438309192657471,0.35826343297958374,0.9325157403945923,0.9175491333007812,0.8048595190048218,0.8519211411476135,0.912499189376831,0.9093501567840576,0.659839391708374,0.6342043280601501,,,,,,,,,,,,,,,,,,,,,,,,,,,,,,
61,0,0.1140311136841774,0.205974742770195,10.983846664428711,10.128753662109375,19.94351577758789,21.86786651611328,0.8793667554855347,0.7765220999717712,0.066474549472332,0.08078335225582123,0.18951541185379028,0.14575952291488647,0.08551924675703049,0.08784238994121552,0.3251829743385315,0.3777153193950653,19.465251922607422,19.92039680480957,0.10210015624761581,0.28476372361183167,17.72804832458496,18.39395523071289,0.12295224517583847,0.3686736226081848,0.9335254430770874,0.9192166328430176,0.8104845285415649,0.8542404770851135,0.9153043031692505,0.909837543964386,0.6698139905929565,0.6111323237419128,,,,,,,,,,,,,,,,,,,,,,,,,,,,,,
62,0,0.11583152413368225,0.20621813833713531,11.031265258789062,10.286271095275879,19.976057052612305,21.96708869934082,0.8777827024459839,0.7763940095901489,0.06663960963487625,0.08112434297800064,0.18573448061943054,0.1553708165884018,0.0868212953209877,0.08783873915672302,0.32453858852386475,0.37759941816329956,19.561281204223633,19.99057960510254,0.10124678164720535,0.28840839862823486,18.136066436767578,18.517030715942383,0.12399010360240936,0.3769450783729553,0.9333603978157043,0.9188756346702576,0.8142654895782471,0.8446292281150818,0.9140148162841797,0.9098412990570068,0.6704683303833008,0.6112516522407532,,,,,,,,,,,,,,,,,,,,,,,,,,,,,,
63,0,0.11172034591436386,0.20301522314548492,10.928251266479492,10.293218612670898,19.823705673217773,21.965259552001953,0.8818625211715698,0.779471755027771,0.06509905308485031,0.08069276064634323,0.18473492562770844,0.1420229971408844,0.08743066340684891,0.0868709459900856,0.32819902896881104,0.36240991950035095,19.29209327697754,19.91071891784668,0.10113286972045898,0.2822689116001129,18.14080238342285,18.55061149597168,0.1224338635802269,0.36664170026779175,0.9349009394645691,0.9193072319030762,0.8152650594711304,0.857977032661438,0.9134113192558289,0.9108346700668335,0.6667515635490417,0.6268895864486694,,,,,,,,,,,,,,,,,,,,,,,,,,,,,,
64,0,0.10901043564081192,0.2000458985567093,10.818502426147461,10.112714767456055,19.66499137878418,21.52206802368164,0.884780764579773,0.7820339202880859,0.06443202495574951,0.07884439080953598,0.1801583617925644,0.1374419778585434,0.08332150429487228,0.08434402197599411,0.3316522240638733,0.35552164912223816,19.196617126464844,19.595531463623047,0.09970278292894363,0.27681413292884827,17.678443908691406,18.40274429321289,0.12349497526884079,0.3559579849243164,0.9355679750442505,0.9211556315422058,0.8198416233062744,0.8625580072402954,0.9174808859825134,0.9134283065795898,0.6632452607154846,0.6339812278747559,,,,,,,,,,,,,,,,,,,,,,,,,,,,,,
65,0,0.11212356388568878,0.20533426105976105,10.863649368286133,10.034839630126953,19.7161808013916,21.712553024291992,0.8817445039749146,0.7761395573616028,0.06440585851669312,0.0798012837767601,0.17880631983280182,0.1500084102153778,0.08574742078781128,0.08439571410417557,0.3429591655731201,0.3648861348628998,19.193315505981445,19.771512985229492,0.09889405965805054,0.28504300117492676,17.578744888305664,18.200603485107422,0.12576186656951904,0.3666801154613495,0.9355941414833069,0.9201986789703369,0.8211936950683594,0.8499915599822998,0.915078341960907,0.9133752584457397,0.6517643928527832,0.624340295791626,,,,,,,,,,,,,,,,,,,,,,,,,,,,,,
66,0,0.1109287366271019,0.2005770206451416,10.790502548217773,10.04634952545166,19.645723342895508,21.54391098022461,0.8831038475036621,0.7820025682449341,0.06480363011360168,0.0779343992471695,0.176091268658638,0.14875534176826477,0.0833062082529068,0.08479674160480499,0.3230507969856262,0.3636898696422577,19.139781951904297,19.548242568969727,0.09806574136018753,0.28237298130989075,17.55453872680664,18.28145980834961,0.12185163795948029,0.3642636239528656,0.9351963996887207,0.9220656156539917,0.8239086866378784,0.8512446880340576,0.9174960255622864,0.9129636287689209,0.6719790101051331,0.6255718469619751,,,,,,,,,,,,,,,,,,,,,,,,,,,,,,
67,0,0.111178919672966,0.20383277535438538,10.854646682739258,10.011351585388184,19.69932746887207,21.63202476501465,0.8828355669975281,0.7780568599700928,0.06474892795085907,0.07897926867008209,0.1763993203639984,0.1485302597284317,0.08388393372297287,0.08565282076597214,0.334363728761673,0.3664536476135254,19.246610641479492,19.67206573486328,0.09823574125766754,0.28510725498199463,17.532695770263672,18.167619705200195,0.12219749391078949,0.36468371748924255,0.9352510571479797,0.9210207462310791,0.8236006498336792,0.8514697551727295,0.9169238805770874,0.9120849370956421,0.6604920625686646,0.6227265000343323,,,,,,,,,,,,,,,,,,,,,,,,,,,,,,
68,0,0.10698829591274261,0.20202723145484924,10.730624198913574,9.875162124633789,19.432886123657227,21.552921295166016,0.8869248032569885,0.7803012132644653,0.06306352466344833,0.07677663862705231,0.1765155792236328,0.13594509661197662,0.08503188192844391,0.08232983946800232,0.3287832736968994,0.3654457926750183,19.01947593688965,19.462730407714844,0.09844890236854553,0.2740320861339569,17.500141143798828,17.67210578918457,0.12244600057601929,0.3559494614601135,0.9369364976882935,0.9232233762741089,0.8234843611717224,0.8640549182891846,0.9157869815826416,0.9154956936836243,0.6661583185195923,0.6237640976905823,,,,,,,,,,,,,,,,,,,,,,,,,,,,,,
69,0,0.10356270521879196,0.20240949094295502,10.556556701660156,9.910734176635742,19.070446014404297,21.395143508911133,0.8904438614845276,0.7799135446548462,0.060319919139146805,0.07456476241350174,0.17204445600509644,0.13129545748233795,0.08195246011018753,0.08394479751586914,0.32548341155052185,0.3715590238571167,18.663562774658203,19.202299118041992,0.09737393260002136,0.27088892459869385,17.291793823242188,18.06147003173828,0.1228678822517395,0.3618723750114441,0.9396800994873047,0.9254352450370789,0.8279555439949036,0.8687045574188232,0.918836772441864,0.9138380885124207,0.6695089340209961,0.617470383644104,,,,,,,,,,,,,,,,,,,,,,,,,,,,,,
70,0,0.10521325469017029,0.20310796797275543,10.660923957824707,10.182132720947266,19.324155807495117,21.905838012695312,0.8889392614364624,0.779350996017456,0.06265713274478912,0.07546988874673843,0.17164674401283264,0.13446907699108124,0.08636336028575897,0.08731245994567871,0.3275107741355896,0.36414462327957153,18.9516658782959,19.271276473999023,0.09716854244470596,0.27076685428619385,17.875741958618164,18.440088272094727,0.122221939265728,0.3565756380558014,0.9373428821563721,0.9245300889015198,0.828353226184845,0.8655309081077576,0.9144683480262756,0.9103814959526062,0.6674504280090332,0.6251037120819092,,,,,,,,,,,,,,,,,,,,,,,,,,,,,,
71,0,0.10275691002607346,0.20184606313705444,10.537053108215332,9.850238800048828,19.101600646972656,21.3670654296875,0.8915378451347351,0.7809236645698547,0.060494475066661835,0.07484298199415207,0.16688765585422516,0.1316235512495041,0.08381443470716476,0.08054132759571075,0.32018327713012695,0.374463826417923,18.6119327545166,19.189128875732422,0.09594940394163132,0.2696695327758789,17.406230926513672,17.680986404418945,0.12081721425056458,0.3630469739437103,0.9395055174827576,0.9251570105552673,0.833112359046936,0.8683764338493347,0.916992723941803,0.9173314571380615,0.6748906373977661,0.6144797801971436,,,,,,,,,,,,,,,,,,,,,,,,,,,,,,
72,0,0.10406730324029922,0.20137986540794373,10.563935279846191,9.784996032714844,19.187108993530273,21.47349739074707,0.8903621435165405,0.7804973721504211,0.062225013971328735,0.07371614873409271,0.16606853902339935,0.1365417093038559,0.08292834460735321,0.0839894562959671,0.3343002498149872,0.3596116602420807,18.77581214904785,19.097814559936523,0.09555131196975708,0.2711624801158905,17.095340728759766,17.80350112915039,0.12177971750497818,0.35783126950263977,0.9377750158309937,0.9262838363647461,0.8339314460754395,0.8634582757949829,0.917870283126831,0.9137922525405884,0.6605564951896667,0.6297705173492432,,,,,,,,,,,,,,,,,,,,,,,,,,,,,,
73,0,0.1042315810918808,0.20588083565235138,10.575297355651855,10.055500984191895,19.15524673461914,21.70792007446289,0.8901240825653076,0.7764061689376831,0.0606277734041214,0.07557633519172668,0.16594108939170837,0.13735859096050262,0.08560223132371902,0.08452384918928146,0.3289491832256317,0.3776799142360687,18.659442901611328,19.28134536743164,0.09498770534992218,0.27321723103523254,17.799543380737305,18.017292022705078,0.1212642714381218,0.3671261966228485,0.9393722414970398,0.9244236946105957,0.8340588808059692,0.8626413941383362,0.9152221083641052,0.9132437705993652,0.665989875793457,0.6111687421798706,,,,,,,,,,,,,,,,,,,,,,,,,,,,,,
74,0,0.10187805444002151,0.19887089729309082,10.510839462280273,9.672160148620605,19.113924026489258,21.101469039916992,0.8920535445213318,0.7841396331787109,0.06061352789402008,0.07487916201353073,0.17367541790008545,0.12261772155761719,0.08027872443199158,0.08079512417316437,0.31322184205055237,0.37198305130004883,18.581192016601562,19.126981735229492,0.09712482243776321,0.2635648250579834,16.995758056640625,17.475126266479492,0.11808463931083679,0.3596996068954468,0.9393864870071411,0.9251208305358887,0.8263245820999146,0.8773822784423828,0.9204943776130676,0.9170709252357483,0.6819591522216797,0.617033839225769,,,,,,,,,,,,,,,,,,,,,,,,,,,,,,
75,0,0.09998498857021332,0.19574996829032898,10.420552253723145,9.554144859313965,18.893476486206055,21.05701446533203,0.8944734930992126,0.7870873808860779,0.05964815989136696,0.07251781225204468,0.16294994950294495,0.12699003517627716,0.07999315857887268,0.08037719130516052,0.3167104423046112,0.3577808141708374,18.39801597595215,18.989036560058594,0.09441715478897095,0.26476117968559265,16.733654022216797,17.313278198242188,0.11892727762460709,0.3686617314815521,0.9403518438339233,0.9274821877479553,0.8370500206947327,0.873009979724884,0.9207772016525269,0.9174998998641968,0.678416907787323,0.6316553950309753,,,,,,,,,,,,,,,,,,,,,,,,,,,,,,
76,0,0.10162238031625748,0.19532594084739685,10.42477798461914,9.732869148254395,18.9373722076416,21.22607421875,0.892594039440155,0.7877733111381531,0.059542153030633926,0.07343528419733047,0.16736502945423126,0.12928126752376556,0.0817980095744133,0.08088510483503342,0.3142870366573334,0.35526299476623535,18.351539611816406,19.057878494262695,0.09562211483716965,0.2676878869533539,17.100116729736328,17.60065269470215,0.11959278583526611,0.34849923849105835,0.940457820892334,0.9265646934509277,0.8326349258422852,0.8707187175750732,0.9189897179603577,0.9169785976409912,0.6808775663375854,0.6342475414276123,,,,,,,,,,,,,,,,,,,,,,,,,,,,,,
77,0,0.10056978464126587,0.20177777111530304,10.429879188537598,9.721494674682617,18.882291793823242,21.212556838989258,0.8937075138092041,0.7802420258522034,0.05933438241481781,0.07279995828866959,0.16600695252418518,0.12702837586402893,0.08129455894231796,0.08139124512672424,0.3301661014556885,0.3688431680202484,18.490947723388672,18.914854049682617,0.09481947869062424,0.2639789879322052,17.139015197753906,17.495481491088867,0.12174446135759354,0.35913416743278503,0.940665602684021,0.9272000193595886,0.8339930176734924,0.8729716539382935,0.9194883108139038,0.9164590835571289,0.6647542715072632,0.6202664375305176,,,,,,,,,,,,,,,,,,,,,,,,,,,,,,
78,0,0.09736748039722443,0.19984567165374756,10.202683448791504,9.584010124206543,18.448945999145508,21.020872116088867,0.8970290422439575,0.7829793691635132,0.05655500292778015,0.06962818652391434,0.16101358830928802,0.12468698620796204,0.0804014801979065,0.07905195653438568,0.31626957654953003,0.3751046359539032,18.085412979125977,18.50275230407715,0.09362541884183884,0.26093390583992004,16.93694305419922,17.183015823364258,0.11852909624576569,0.3709678649902344,0.9434449672698975,0.9303718209266663,0.8389863967895508,0.8753130435943604,0.9203727841377258,0.918860137462616,0.678864598274231,0.6138200759887695,,,,,,,,,,,,,,,,,,,,,,,,,,,,,,
79,0,0.09626469761133194,0.19879864156246185,10.294109344482422,9.679049491882324,18.59393310546875,21.017213821411133,0.8984047174453735,0.7834647297859192,0.05728691443800926,0.0709708034992218,0.15668600797653198,0.1214371770620346,0.08026745915412903,0.07918891310691833,0.3258765935897827,0.3637361526489258,18.189558029174805,18.74276351928711,0.09280762076377869,0.2599891424179077,17.218528747558594,17.233213424682617,0.12041369080543518,0.35618138313293457,0.9427130818367004,0.9290292263031006,0.843313992023468,0.8785628080368042,0.9205055236816406,0.9187195897102356,0.6691097021102905,0.6255242228507996,,,,,,,,,,,,,,,,,,,,,,,,,,,,,,
80,0,0.09779494255781174,0.19868840277194977,10.226542472839355,9.684816360473633,18.532047271728516,21.40665626525879,0.8969526290893555,0.7842708826065063,0.05733513832092285,0.06984830647706985,0.15530544519424438,0.12970073521137238,0.08399419486522675,0.08104342967271805,0.3180241882801056,0.3629148006439209,18.145044326782227,18.524959564208984,0.09175945818424225,0.2633938193321228,17.131099700927734,17.366735458374023,0.1186184212565422,0.353520929813385,0.9426648616790771,0.9301517009735107,0.8446945548057556,0.8702992796897888,0.9168146848678589,0.9168160557746887,0.6770829558372498,0.626369833946228,,,,,,,,,,,,,,,,,,,,,,,,,,,,,,
81,0,0.09705551713705063,0.19668026268482208,10.2974214553833,9.796219825744629,18.699792861938477,21.565370559692383,0.8975733518600464,0.7861465811729431,0.05793679878115654,0.07178782671689987,0.1580909639596939,0.12189103662967682,0.0829668715596199,0.08574278652667999,0.3195635676383972,0.3504120707511902,18.18001937866211,18.76724624633789,0.09284813702106476,0.2601180672645569,16.925539016723633,18.06064796447754,0.1194467842578888,0.35403159260749817,0.9420632123947144,0.9282121658325195,0.8419090509414673,0.8781089782714844,0.9178321361541748,0.911992609500885,0.6755198836326599,0.6392416954040527,,,,,,,,,,,,,,,,,,,,,,,,,,,,,,
82,0,0.09331759810447693,0.20241674780845642,10.18679141998291,9.696124076843262,18.470849990844727,21.335838317871094,0.9017521142959595,0.7801690101623535,0.05707879737019539,0.06920560449361801,0.14900849759578705,0.11769868433475494,0.08156841993331909,0.0833720862865448,0.3206714987754822,0.37625283002853394,18.096784591674805,18.431180953979492,0.09071584045886993,0.25787001848220825,16.961688995361328,17.613859176635742,0.11845879256725311,0.35785067081451416,0.9429212212562561,0.930794358253479,0.8509914875030518,0.8823013305664062,0.9192171096801758,0.9144259095191956,0.674394965171814,0.612637996673584,,,,,,,,,,,,,,,,,,,,,,,,,,,,,,
83,0,0.09572120755910873,0.19709156453609467,10.205278396606445,9.427117347717285,18.516237258911133,20.899873733520508,0.8990523815155029,0.7858012914657593,0.056986164301633835,0.07011068612337112,0.15445023775100708,0.12224350869655609,0.0793336033821106,0.078367218375206,0.3147852420806885,0.3673146367073059,18.029678344726562,18.583633422851562,0.09150457382202148,0.25904029607772827,16.523115158081055,17.076980590820312,0.11848808079957962,0.35455775260925293,0.9430138468742371,0.9298893213272095,0.8455497622489929,0.8777564764022827,0.9214304089546204,0.9195629954338074,0.6803717613220215,0.6218401193618774,,,,,,,,,,,,,,,,,,,,,,,,,,,,,,
84,0,0.09558169543743134,0.2016398310661316,10.19528579711914,9.488816261291504,18.4829158782959,20.98578453063965,0.8991151452064514,0.7815109491348267,0.057508520781993866,0.06875791400671005,0.15633396804332733,0.12093903124332428,0.08024673908948898,0.07861197739839554,0.31014201045036316,0.38744086027145386,18.142375946044922,18.408987045288086,0.09252732992172241,0.2576148509979248,16.695960998535156,17.105737686157227,0.11861918866634369,0.36155498027801514,0.9424914717674255,0.9312421083450317,0.8436660170555115,0.8790609836578369,0.9205260276794434,0.9193117618560791,0.6850863695144653,0.6011196374893188,,,,,,,,,,,,,,,,,,,,,,,,,,,,,,
85,0,0.09219685196876526,0.1975852996110916,10.113972663879395,9.495349884033203,18.345767974853516,20.79222869873047,0.9026538133621216,0.7858858108520508,0.05611306056380272,0.0685676783323288,0.1520826518535614,0.11262137442827225,0.07955792546272278,0.07596656680107117,0.3052257001399994,0.3785923719406128,17.929584503173828,18.34823226928711,0.0908588394522667,0.25209128856658936,16.791528701782227,17.022043228149414,0.11583458632230759,0.35717231035232544,0.943886935710907,0.93143230676651,0.8479173183441162,0.8873786330223083,0.9212082624435425,0.922027051448822,0.6900783777236938,0.6102293729782104,,,,,,,,,,,,,,,,,,,,,,,,,,,,,,
86,0,0.09208739548921585,0.1966942995786667,10.10552978515625,9.542057037353516,18.28580665588379,20.97084617614746,0.9028052091598511,0.785988450050354,0.055682457983493805,0.06821728497743607,0.15088826417922974,0.11399121582508087,0.08053121715784073,0.07789381593465805,0.3197094798088074,0.3610510230064392,17.940006256103516,18.303346633911133,0.0906434878706932,0.2510300278663635,16.798519134521484,17.205509185791016,0.11957772076129913,0.34892529249191284,0.9443175196647644,0.9317827224731445,0.8491117358207703,0.8860087990760803,0.9202443361282349,0.9200488924980164,0.6753717660903931,0.6282886266708374,,,,,,,,,,,,,,,,,,,,,,,,,,,,,,
87,0,0.09205897897481918,0.20173679292201996,10.055561065673828,9.521227836608887,18.236927032470703,20.936403274536133,0.9029409289360046,0.7811247706413269,0.05583447590470314,0.06717250496149063,0.14903372526168823,0.11619545519351959,0.08103047311306,0.07646362483501434,0.3158866763114929,0.38466334342956543,17.839984893798828,18.222368240356445,0.08997924625873566,0.2540474832057953,16.870214462280273,17.026504516601562,0.11805462837219238,0.35853442549705505,0.9441655278205872,0.9328274726867676,0.8509662747383118,0.8838045597076416,0.9197498559951782,0.9215168356895447,0.679253339767456,0.6039791107177734,,,,,,,,,,,,,,,,,,,,,,,,,,,,,,
88,0,0.0828331932425499,0.19033311307430267,9.68803882598877,9.103909492492676,17.550989151000977,20.321205139160156,0.9126328825950623,0.7926056385040283,0.05146050080657005,0.0625985860824585,0.1359541416168213,0.09945504367351532,0.07621273398399353,0.07223034650087357,0.31280577182769775,0.35195082426071167,17.259763717651367,17.475902557373047,0.08634497970342636,0.23910243809223175,16.100183486938477,16.319101333618164,0.11557308584451675,0.3391893208026886,0.9485394954681396,0.9374014139175415,0.8640458583831787,0.9005449414253235,0.9245212078094482,0.9258619546890259,0.6823816299438477,0.6376575231552124,,,,,,,,,,,,,,,,,,,,,,,,,,,,,,
89,0,0.07831844687461853,0.19333745539188385,9.48603343963623,9.188591003417969,17.128345489501953,20.483356475830078,0.9174810647964478,0.7896793484687805,0.04944556578993797,0.05896380916237831,0.1277056634426117,0.0939607247710228,0.07699082791805267,0.07406576722860336,0.3114182949066162,0.3621101677417755,16.905973434448242,17.105377197265625,0.08347412943840027,0.23375669121742249,16.191638946533203,16.54482078552246,0.11506101489067078,0.34063005447387695,0.9505544304847717,0.9410361647605896,0.8722943067550659,0.906039297580719,0.923750638961792,0.9239780306816101,0.6837904453277588,0.6271982192993164,,,,,,,,,,,,,,,,,,,,,,,,,,,,,,
90,0,0.07715044170618057,0.19019019603729248,9.492912292480469,9.00163745880127,17.195327758789062,20.284147262573242,0.9188613891601562,0.7930116057395935,0.04928937926888466,0.06024942174553871,0.12364276498556137,0.09137293696403503,0.07608600705862045,0.0717349424958229,0.30829647183418274,0.3554367423057556,16.852764129638672,17.200145721435547,0.08239538967609406,0.23117028176784515,15.9141845703125,16.14308738708496,0.11537671089172363,0.3334941565990448,0.9507105946540833,0.9397505521774292,0.8763571977615356,0.9086270332336426,0.9246467351913452,0.9263704419136047,0.6869603395462036,0.6340687274932861,,,,,,,,,,,,,,,,,,,,,,,,,,,,,,
91,0,0.07514377683401108,0.193045511841774,9.418909072875977,9.016071319580078,17.046672821044922,20.34638214111328,0.9210339784622192,0.7898748517036438,0.04881781339645386,0.058641914278268814,0.12005483359098434,0.08834943175315857,0.0766548216342926,0.07201983779668808,0.3128437101840973,0.36230775713920593,16.79941177368164,16.972496032714844,0.0810898020863533,0.229620099067688,15.952281951904297,16.15119743347168,0.11518815159797668,0.33674272894859314,0.9511821866035461,0.9413580894470215,0.8799451589584351,0.911650538444519,0.9240833520889282,0.9260780215263367,0.6823431253433228,0.626994788646698,,,,,,,,,,,,,,,,,,,,,,,,,,,,,,
92,0,0.07339602708816528,0.19261708855628967,9.374300956726074,9.04749584197998,17.023237228393555,20.392780303955078,0.922828733921051,0.7904250621795654,0.048927318304777145,0.05811304226517677,0.11924365907907486,0.08240102976560593,0.07691678404808044,0.07248414307832718,0.3111666142940521,0.3611091673374176,16.746309280395508,16.865209579467773,0.08103609085083008,0.22334334254264832,15.917643547058105,16.32123374938965,0.11415570229291916,0.3351530432701111,0.9510726928710938,0.9418869614601135,0.8807563185691833,0.9175989627838135,0.9238239526748657,0.9256014227867126,0.6840460300445557,0.6282287836074829,,,,,,,,,,,,,,,,,,,,,,,,,,,,,,
93,0,0.07271081209182739,0.1899632066488266,9.301454544067383,8.90543270111084,16.856069564819336,20.141489028930664,0.9234516620635986,0.7931731939315796,0.04774508625268936,0.057319194078445435,0.11922909319400787,0.08190013468265533,0.07493622601032257,0.07085594534873962,0.30828508734703064,0.35680249333381653,16.56041145324707,16.799942016601562,0.0809841901063919,0.22242452204227448,15.641898155212402,16.088272094726562,0.11415134370326996,0.33655914664268494,0.9522548913955688,0.942680835723877,0.8807709217071533,0.9180998802185059,0.9257854223251343,0.927272617816925,0.68697190284729,0.6326626539230347,,,,,,,,,,,,,,,,,,,,,,,,,,,,,,
94,0,0.07271486520767212,0.18965154886245728,9.316876411437988,8.922483444213867,16.799270629882812,20.1365966796875,0.9234205484390259,0.7936392426490784,0.04726909473538399,0.057167574763298035,0.11926969885826111,0.08261170238256454,0.07504913210868835,0.07059259712696075,0.3058953881263733,0.3575023412704468,16.589750289916992,16.82421875,0.08154866844415665,0.22378163039684296,15.734421730041504,16.046844482421875,0.11335702985525131,0.334060937166214,0.9527308940887451,0.9428324103355408,0.8807302713394165,0.9173883199691772,0.9256736040115356,0.9275429248809814,0.6893983483314514,0.631942093372345,,,,,,,,,,,,,,,,,,,,,,,,,,,,,,
95,0,0.07297974079847336,0.1888362467288971,9.311074256896973,8.936333656311035,16.83793067932129,20.247859954833984,0.9232306480407715,0.7945390939712524,0.04739297926425934,0.05757296830415726,0.11802004277706146,0.08409153670072556,0.07540954649448395,0.07209856808185577,0.30501896142959595,0.35302239656448364,16.624120712280273,16.761255264282227,0.08064676821231842,0.22303153574466705,15.741525650024414,16.095966339111328,0.11354967206716537,0.33148351311683655,0.9526070356369019,0.9424270391464233,0.8819799423217773,0.9159084558486938,0.9253166913986206,0.9259971976280212,0.6902883052825928,0.6365543007850647,,,,,,,,,,,,,,,,,,,,,,,,,,,,,,
96,0,0.07167292386293411,0.19026264548301697,9.317242622375488,8.924348831176758,16.818708419799805,20.23658561706543,0.9246556758880615,0.7933845520019531,0.04713257774710655,0.05767257511615753,0.1155645027756691,0.08100771903991699,0.07569698989391327,0.07144737988710403,0.30037161707878113,0.3624644875526428,16.554176330566406,16.872461318969727,0.07996430993080139,0.22099140286445618,15.693110466003418,16.102272033691406,0.11232122033834457,0.33713090419769287,0.9528674483299255,0.9423274397850037,0.8844354748725891,0.918992280960083,0.9250320196151733,0.9266656041145325,0.6950070858001709,0.626833438873291,,,,,,,,,,,,,,,,,,,,,,,,,,,,,,
97,0,0.070479616522789,0.19086693227291107,9.264678955078125,8.86606502532959,16.69056510925293,20.215618133544922,0.9258460998535156,0.7928439378738403,0.04612874239683151,0.057233776897192,0.11461998522281647,0.07863297313451767,0.07557738572359085,0.07124164700508118,0.29901552200317383,0.36622267961502075,16.384462356567383,16.870420455932617,0.07913555949926376,0.21866601705551147,15.568704605102539,16.0220947265625,0.1118001639842987,0.3364456593990326,0.9538712501525879,0.9427661895751953,0.8853800296783447,0.9213670492172241,0.925150454044342,0.9268767237663269,0.696384072303772,0.6229642629623413,,,,,,,,,,,,,,,,,,,,,,,,,,,,,,
98,0,0.07099169492721558,0.18682242929935455,9.189888000488281,8.91196346282959,16.61882209777832,20.267269134521484,0.9254077076911926,0.7969809770584106,0.04627103731036186,0.05592760443687439,0.11338428407907486,0.08278628438711166,0.07584003359079361,0.07179964333772659,0.2988203465938568,0.34953269362449646,16.357421875,16.602468490600586,0.07929187268018723,0.22152991592884064,15.648763656616211,16.109785079956055,0.11248888820409775,0.3340646028518677,0.953728973865509,0.9440723657608032,0.8866156935691833,0.9172137379646301,0.9248903393745422,0.9263039827346802,0.6965822577476501,0.6401470899581909,,,,,,,,,,,,,,,,,,,,,,,,,,,,,,
99,0,0.07065024971961975,0.19060897827148438,9.156854629516602,8.838677406311035,16.55803871154785,20.28948211669922,0.9258090853691101,0.7929448485374451,0.046472325921058655,0.05470302700996399,0.11243987828493118,0.08314844965934753,0.07585570216178894,0.07218588143587112,0.3019900321960449,0.36168748140335083,16.350250244140625,16.4788875579834,0.07864074409008026,0.22284726798534393,15.50357723236084,15.987143516540527,0.1127166673541069,0.3405798673629761,0.9535276889801025,0.9452970027923584,0.8875601291656494,0.9168515205383301,0.9248747825622559,0.925907552242279,0.6933637857437134,0.6276333928108215,,,,,,,,,,,,,,,,,,,,,,,,,,,,,,
100,0,0.07170341908931732,0.1905737817287445,9.17136287689209,9.161325454711914,16.492204666137695,20.621835708618164,0.9244133234024048,0.7929556369781494,0.045439623296260834,0.05527345463633537,0.11780066043138504,0.0838330090045929,0.07892081141471863,0.07371626794338226,0.3055731952190399,0.3536373972892761,16.322481155395508,16.56871795654297,0.07999848574399948,0.22306494414806366,16.23072624206543,16.39850425720215,0.11230740696191788,0.3326881527900696,0.954560399055481,0.9447265267372131,0.8821993470191956,0.9161670207977295,0.9218392372131348,0.9243367910385132,0.6897255182266235,0.6359211206436157,,,,,,,,,,,,,,,,,,,,,,,,,,,,,,
101,0,0.07080215215682983,0.1934332400560379,9.193994522094727,8.889204025268555,16.66136360168457,20.253725051879883,0.9257110357284546,0.7897419929504395,0.04621300846338272,0.0566612184047699,0.11124109476804733,0.08304036408662796,0.0748983770608902,0.07298753410577774,0.30656448006629944,0.3697417378425598,16.32942771911621,16.65393829345703,0.07825227081775665,0.22086603939533234,15.534065246582031,16.154226303100586,0.11244924366474152,0.33835676312446594,0.9537869691848755,0.9433387517929077,0.8887588977813721,0.9169596433639526,0.925822913646698,0.9250847697257996,0.6887189745903015,0.6193413138389587,,,,,,,,,,,,,,,,,,,,,,,,,,,,,,
102,0,0.06917490810155869,0.18817688524723053,9.131518363952637,8.830607414245605,16.407817840576172,20.146808624267578,0.9271696209907532,0.7955048680305481,0.04496987164020538,0.05471905320882797,0.11308412253856659,0.07854842394590378,0.07501610368490219,0.07083187252283096,0.2996670603752136,0.3561897575855255,16.288841247558594,16.456119537353516,0.079144686460495,0.21827101707458496,15.550424575805664,15.90994930267334,0.11158125847578049,0.3295177221298218,0.9550301432609558,0.945280909538269,0.8869158625602722,0.9214515686035156,0.9257063269615173,0.9272973537445068,0.6957224607467651,0.6332933902740479,,,,,,,,,,,,,,,,,,,,,,,,,,,,,,
103,0,0.06832452863454819,0.19177277386188507,9.03817367553711,9.018325805664062,16.319538116455078,20.430614471435547,0.9280571341514587,0.7919360399246216,0.04501091688871384,0.05333936959505081,0.11239280551671982,0.07702849805355072,0.077631875872612,0.07209497690200806,0.30092573165893555,0.3650386333465576,16.1857852935791,16.211122512817383,0.07885455340147018,0.2161138504743576,15.966897964477539,16.147258758544922,0.11084014922380447,0.33522722125053406,0.9549890756607056,0.9466606378555298,0.887607216835022,0.9229714870452881,0.9231157302856445,0.9260008931159973,0.6944444179534912,0.6241832971572876,,,,,,,,,,,,,,,,,,,,,,,,,,,,,,
104,0,0.06783270835876465,0.19442123174667358,9.0623779296875,9.028911590576172,16.410491943359375,20.51249885559082,0.9286218881607056,0.7890065908432007,0.044546496123075485,0.055400606244802475,0.11063261330127716,0.07493244856595993,0.07829098403453827,0.0726189836859703,0.3056091368198395,0.3706449866294861,16.031837463378906,16.494958877563477,0.07831581681966782,0.21408545970916748,15.972025871276855,16.179458618164062,0.11201693117618561,0.33812081813812256,0.9554535150527954,0.9445993900299072,0.8893673419952393,0.9250675439834595,0.9224629402160645,0.9254630208015442,0.689689040184021,0.6184114217758179,,,,,,,,,,,,,,,,,,,,,,,,,,,,,,
105,0,0.066915363073349,0.19277997314929962,8.958799362182617,8.892548561096191,16.153566360473633,20.340709686279297,0.9295822381973267,0.7907991409301758,0.04376526176929474,0.05276655778288841,0.10901851207017899,0.07612046599388123,0.07674596458673477,0.07177326083183289,0.3019176721572876,0.3696505129337311,15.963043212890625,16.164575576782227,0.07766611874103546,0.21570219099521637,15.693530082702637,15.97647476196289,0.1123376414179802,0.335450142621994,0.9562347531318665,0.9472334384918213,0.8909814953804016,0.9238795042037964,0.9239931106567383,0.926331102848053,0.6934372186660767,0.6194352507591248,,,,,,,,,,,,,,,,,,,,,,,,,,,,,,
106,0,0.06924856454133987,0.19116877019405365,9.097320556640625,8.894488334655762,16.4489803314209,20.207422256469727,0.9272134304046631,0.7923609018325806,0.045531149953603745,0.05448624864220619,0.11145367473363876,0.07967520505189896,0.07526782900094986,0.07156438380479813,0.301648885011673,0.365477979183197,16.271141052246094,16.342575073242188,0.07809817045927048,0.2178836464881897,15.619579315185547,16.07583236694336,0.11214564740657806,0.3340281844139099,0.954468846321106,0.9455137252807617,0.888546347618103,0.9203248023986816,0.9254570007324219,0.9265455007553101,0.693710207939148,0.6237310171127319,,,,,,,,,,,,,,,,,,,,,,,,,,,,,,
107,0,0.06697174161672592,0.19131022691726685,9.026850700378418,8.882692337036133,16.270797729492188,20.219017028808594,0.9296340942382812,0.7917864322662354,0.04446084797382355,0.05344763398170471,0.10770585387945175,0.07584928721189499,0.07592160254716873,0.07077815383672714,0.3096214234828949,0.36000189185142517,16.13805389404297,16.22648048400879,0.07702938467264175,0.2145283967256546,15.620944023132324,16.02669334411621,0.11214515566825867,0.33440685272216797,0.9555391669273376,0.9465523362159729,0.89229416847229,0.9241507053375244,0.9248095154762268,0.9273524880409241,0.6856150031089783,0.629368782043457,,,,,,,,,,,,,,,,,,,,,,,,,,,,,,
108,0,0.06601681560277939,0.18970131874084473,8.947107315063477,8.839995384216309,16.15116310119629,20.26132583618164,0.9305603504180908,0.7940863370895386,0.043526630848646164,0.05309275537729263,0.10731160640716553,0.07382770627737045,0.07598666846752167,0.071462482213974,0.29846054315567017,0.36132869124412537,15.933060646057129,16.157381057739258,0.07661576569080353,0.21325208246707916,15.572929382324219,15.92067813873291,0.11018796265125275,0.329927921295166,0.9564733505249023,0.9469072222709656,0.8926883935928345,0.9261723160743713,0.9247450828552246,0.9266500473022461,0.6969475746154785,0.6280027627944946,,,,,,,,,,,,,,,,,,,,,,,,,,,,,,
109,0,0.06595348566770554,0.18790686130523682,8.997770309448242,8.80268383026123,16.204387664794922,20.159116744995117,0.9306725263595581,0.7957030534744263,0.04387478157877922,0.05335140600800514,0.1067473366856575,0.07333625108003616,0.07476257532835007,0.07144787907600403,0.3006654381752014,0.3540651500225067,15.985732078552246,16.29523277282715,0.0766461119055748,0.21355722844600677,15.445976257324219,15.923945426940918,0.11101951450109482,0.3315862715244293,0.9561251997947693,0.9466485977172852,0.8932526707649231,0.9266637563705444,0.9259573817253113,0.9266650676727295,0.6947087645530701,0.6354807615280151,,,,,,,,,,,,,,,,,,,,,,,,,,,,,,
110,0,0.06323616206645966,0.18888379633426666,8.889525413513184,8.673912048339844,16.050737380981445,20.036962509155273,0.9336506128311157,0.7946794033050537,0.043522775173187256,0.051624447107315063,0.10150934010744095,0.0687410905957222,0.07499878108501434,0.06883668154478073,0.3015231192111969,0.3595721125602722,15.912880897521973,15.95959758758545,0.07524513453245163,0.20730286836624146,15.281249046325684,15.613359451293945,0.11028275638818741,0.3291252851486206,0.9564772248268127,0.9483755826950073,0.8984906673431396,0.9312589168548584,0.9257234930992126,0.9293452501296997,0.6938378810882568,0.62981116771698,,,,,,,,,,,,,,,,,,,,,,,,,,,,,,
111,0,0.06249261274933815,0.18885932862758636,8.746466636657715,8.636764526367188,15.769217491149902,19.96847152709961,0.9344068765640259,0.7945879697799683,0.042012885212898254,0.04982340335845947,0.09977727383375168,0.07075918465852737,0.07403252273797989,0.06906270235776901,0.30246177315711975,0.3597058951854706,15.63968276977539,15.718027114868164,0.07453140616416931,0.20890533924102783,15.199246406555176,15.563637733459473,0.11026320606470108,0.33035656809806824,0.9579871296882629,0.9501765966415405,0.9002227187156677,0.9292408227920532,0.9266804456710815,0.9291132688522339,0.6928848028182983,0.6296734809875488,,,,,,,,,,,,,,,,,,,,,,,,,,,,,,
112,0,0.062039814889431,0.1896241456270218,8.687715530395508,8.691091537475586,15.714191436767578,20.014362335205078,0.9348703026771545,0.7942531108856201,0.04158199578523636,0.04968547821044922,0.09915444254875183,0.07009681314229965,0.07493031769990921,0.06852582842111588,0.29596787691116333,0.3670833110809326,15.563919067382812,15.577357292175293,0.07401429116725922,0.20738959312438965,15.345803260803223,15.602147102355957,0.10983819514513016,0.33067384362220764,0.9584180116653442,0.9503145217895508,0.9008455276489258,0.9299032092094421,0.9257912635803223,0.9296643137931824,0.6994786262512207,0.6220782399177551,,,,,,,,,,,,,,,,,,,,,,,,,,,,,,
113,0,0.06013919413089752,0.18963190913200378,8.749100685119629,8.646125793457031,15.733116149902344,20.003602981567383,0.9369169473648071,0.7939444780349731,0.04135306552052498,0.050304513424634933,0.09621364623308182,0.06446093320846558,0.07431571930646896,0.06927099078893661,0.3003655672073364,0.36379361152648926,15.6132173538208,15.767314910888672,0.073051318526268,0.20305585861206055,15.195308685302734,15.609090805053711,0.11014042049646378,0.3271995186805725,0.9586469531059265,0.9496954679489136,0.9037863612174988,0.9355390667915344,0.9263999462127686,0.9288994669914246,0.6950132846832275,0.6254650354385376,,,,,,,,,,,,,,,,,,,,,,,,,,,,,,
114,0,0.05937819555401802,0.191328763961792,8.76062297821045,8.65662670135498,15.799921989440918,20.064178466796875,0.9377193450927734,0.7922164797782898,0.04189318045973778,0.050448548048734665,0.09595445543527603,0.0608266182243824,0.07445981353521347,0.07016052305698395,0.30054527521133423,0.3693046271800995,15.66303539276123,15.756901741027832,0.07316024601459503,0.199293851852417,15.166994094848633,15.683354377746582,0.11000265926122665,0.32941916584968567,0.9581068158149719,0.9495514631271362,0.9040455222129822,0.9391734004020691,0.9262572526931763,0.9279864430427551,0.6948307752609253,0.6197913289070129,,,,,,,,,,,,,,,,,,,,,,,,,,,,,,
115,0,0.058615319430828094,0.18845874071121216,8.652817726135254,8.589795112609863,15.558837890625,19.973344802856445,0.9383134245872498,0.7951440811157227,0.040313638746738434,0.04939109832048416,0.09751416742801666,0.059527430683374405,0.0745837539434433,0.06830717623233795,0.3005554676055908,0.35964834690093994,15.425458908081055,15.613670349121094,0.07324773818254471,0.199322909116745,15.122963905334473,15.473211288452148,0.11022423207759857,0.32618463039398193,0.9596863389015198,0.9506089091300964,0.9024858474731445,0.9404725432395935,0.9261345267295837,0.9298887252807617,0.6948204040527344,0.6297327280044556,,,,,,,,,,,,,,,,,,,,,,,,,,,,,,
116,0,0.058650195598602295,0.18969859182834625,8.686799049377441,8.612946510314941,15.642425537109375,19.9698429107666,0.9384728670120239,0.7937549352645874,0.040736060589551926,0.049941111356019974,0.09434736520051956,0.061083678156137466,0.07446559518575668,0.06842353194952011,0.30260413885116577,0.36302268505096436,15.471324920654297,15.69371223449707,0.07253419607877731,0.19985038042068481,15.189168930053711,15.484280586242676,0.11075550317764282,0.32654914259910583,0.9592639207839966,0.9500588774681091,0.905652642250061,0.9389163255691528,0.9262515306472778,0.9297692775726318,0.6927402019500732,0.6262587308883667,,,,,,,,,,,,,,,,,,,,,,,,,,,,,,
117,0,0.058781418949365616,0.18996699154376984,8.598384857177734,8.552755355834961,15.492913246154785,19.909685134887695,0.9383007287979126,0.7935510873794556,0.04042263701558113,0.04829169809818268,0.09477177262306213,0.06331077963113785,0.07403960078954697,0.06797726452350616,0.30101001262664795,0.3662414848804474,15.315994262695312,15.526666641235352,0.072226382791996,0.20224525034427643,15.100717544555664,15.350682258605957,0.1098584234714508,0.3281601071357727,0.9595773816108704,0.9517083168029785,0.9052281975746155,0.9366891980171204,0.926673412322998,0.9302273392677307,0.6943588852882385,0.6229449510574341,,,,,,,,,,,,,,,,,,,,,,,,,,,,,,
118,0,0.0581483468413353,0.1877954751253128,8.561464309692383,8.794288635253906,15.400087356567383,20.202672958374023,0.9389093518257141,0.7963833212852478,0.03991901874542236,0.04774614796042442,0.09471623599529266,0.06198124215006828,0.07672647386789322,0.06924263387918472,0.29324615001678467,0.3590486943721771,15.334278106689453,15.35990047454834,0.07265463471412659,0.1998232901096344,15.64561653137207,15.654194831848145,0.10878438502550125,0.3265348970890045,0.9600809812545776,0.9522538185119629,0.9052837491035461,0.9380187392234802,0.9240124225616455,0.928928554058075,0.7022421956062317,0.6303501129150391,,,,,,,,,,,,,,,,,,,,,,,,,,,,,,
119,0,0.05745646730065346,0.18921396136283875,8.57332992553711,8.674863815307617,15.393168449401855,20.04914093017578,0.9397116899490356,0.7946369647979736,0.039445001631975174,0.04836660623550415,0.0922219380736351,0.061119407415390015,0.07451637089252472,0.069798544049263,0.29604440927505493,0.36464571952819824,15.264551162719727,15.491929054260254,0.0715697854757309,0.19968490302562714,15.200089454650879,15.71776008605957,0.10907253623008728,0.3282705843448639,0.9605550169944763,0.9516333937644958,0.9077780246734619,0.9388805627822876,0.9262012243270874,0.9283579587936401,0.6994009017944336,0.6245877742767334,,,,,,,,,,,,,,,,,,,,,,,,,,,,,,
120,0,0.05721677094697952,0.1875958889722824,8.5604887008667,8.558424949645996,15.431564331054688,19.95237922668457,0.9399428963661194,0.7962936758995056,0.039971157908439636,0.048110414296388626,0.09287209063768387,0.059274591505527496,0.07387300580739975,0.06901292502880096,0.29518964886665344,0.36045417189598083,15.299280166625977,15.398890495300293,0.07217665761709213,0.19941040873527527,15.083733558654785,15.3972749710083,0.10845412313938141,0.3259788155555725,0.9600288271903992,0.9518895745277405,0.9071279168128967,0.9407253861427307,0.9268383979797363,0.9291643500328064,0.7002688050270081,0.6289030909538269,,,,,,,,,,,,,,,,,,,,,,,,,,,,,,
121,0,0.05553210899233818,0.18827222287654877,8.566851615905762,8.489090919494629,15.382633209228516,19.84482192993164,0.9417999386787415,0.7955100536346436,0.039503008127212524,0.048131898045539856,0.08921000361442566,0.05595535412430763,0.07303241640329361,0.06834033876657486,0.29595330357551575,0.3642246127128601,15.308008193969727,15.418283462524414,0.0708310604095459,0.19586370885372162,14.923041343688965,15.31561279296875,0.10841232538223267,0.32644960284233093,0.9604970216751099,0.9518681168556213,0.910789966583252,0.9440446496009827,0.9276708960533142,0.929854691028595,0.699493408203125,0.6250213384628296,,,,,,,,,,,,,,,,,,,,,,,,,,,,,,
122,0,0.055504873394966125,0.1876736283302307,8.557534217834473,8.475849151611328,15.38536262512207,19.818721771240234,0.9418004155158997,0.796297550201416,0.039736390113830566,0.04781707376241684,0.08991963416337967,0.05532525107264519,0.07297955453395844,0.06794728338718414,0.2928921580314636,0.3646268844604492,15.303369522094727,15.388843536376953,0.0708044022321701,0.1938299834728241,14.90047550201416,15.292665481567383,0.10786651074886322,0.3244335949420929,0.9602636098861694,0.952182948589325,0.9100803732872009,0.9446747303009033,0.927723228931427,0.9302580952644348,0.7026016712188721,0.6246072053909302,,,,,,,,,,,,,,,,,,,,,,,,,,,,,,
123,0,0.055261366069316864,0.18670137226581573,8.483363151550293,8.479451179504395,15.245233535766602,19.81841468811035,0.9420405030250549,0.7973120212554932,0.03913164511322975,0.046774305403232574,0.08937660604715347,0.056555282324552536,0.07314173877239227,0.06769386678934097,0.29262664914131165,0.36104390025138855,15.176581382751465,15.24444580078125,0.07074665278196335,0.19571718573570251,14.932938575744629,15.26789665222168,0.10771579295396805,0.3241843283176422,0.9608683586120605,0.9532256722450256,0.9106233716011047,0.9434447288513184,0.9275625944137573,0.9305182099342346,0.7028712034225464,0.6282959580421448,,,,,,,,,,,,,,,,,,,,,,,,,,,,,,
124,0,0.054969072341918945,0.18779689073562622,8.431365013122559,8.460285186767578,15.165661811828613,19.836776733398438,0.9423435926437378,0.7962197065353394,0.03868389502167702,0.04634818807244301,0.08873389661312103,0.05685952305793762,0.0733305886387825,0.06773708760738373,0.2924689054489136,0.3652186095714569,15.075143814086914,15.160691261291504,0.0700700655579567,0.19514122605323792,14.89590835571289,15.234970092773438,0.10812252759933472,0.3253437578678131,0.9613161087036133,0.9536517858505249,0.9112660884857178,0.9431405067443848,0.9273756146430969,0.9304738640785217,0.7030314207077026,0.6239980459213257,,,,,,,,,,,,,,,,,,,,,,,,,,,,,,
125,0,0.05461008474230766,0.18917852640151978,8.435388565063477,8.459403991699219,15.19101333618164,19.85317039489746,0.9427375197410583,0.7945979833602905,0.03913111984729767,0.046022552996873856,0.08850456774234772,0.0553918331861496,0.0735568180680275,0.06768792122602463,0.29637688398361206,0.3674968183040619,15.1687650680542,15.065628051757812,0.07056472450494766,0.19323685765266418,14.909531593322754,15.214113235473633,0.10859458893537521,0.3257315158843994,0.9608688950538635,0.9539774656295776,0.9114954471588135,0.9446081519126892,0.9271515607833862,0.9305243492126465,0.6990633010864258,0.6216524839401245,,,,,,,,,,,,,,,,,,,,,,,,,,,,,,
126,0,0.05579504370689392,0.18680648505687714,8.439491271972656,8.451455116271973,15.192235946655273,19.785303115844727,0.9414275884628296,0.7973435521125793,0.03911137580871582,0.04606885462999344,0.09081531316041946,0.05829394981265068,0.07273226231336594,0.06772033870220184,0.2898646593093872,0.36401304602622986,15.1329984664917,15.122603416442871,0.07097100466489792,0.19528032839298248,14.883028030395508,15.215008735656738,0.10763336718082428,0.3260905146598816,0.9608886241912842,0.9539311528205872,0.9091846942901611,0.9417060613632202,0.9279681444168091,0.930491030216217,0.7056757211685181,0.6252391338348389,,,,,,,,,,,,,,,,,,,,,,,,,,,,,,
127,0,0.054222118109464645,0.1876245141029358,8.42477798461914,8.493136405944824,15.138381958007812,19.848840713500977,0.9431532025337219,0.7963160872459412,0.03866833075881004,0.045994967222213745,0.08753957599401474,0.05518404394388199,0.07338537275791168,0.06787272542715073,0.29385048151016235,0.3632938265800476,15.06186580657959,15.152462005615234,0.06984958052635193,0.19330449402332306,14.97809886932373,15.266236305236816,0.10815349966287613,0.32516467571258545,0.9613316655158997,0.9540050029754639,0.912460446357727,0.9448159337043762,0.9273213148117065,0.9303346276283264,0.701628565788269,0.6259796023368835,,,,,,,,,,,,,,,,,,,,,,,,,,,,,,
128,0,0.053527068346738815,0.18825045228004456,8.416054725646973,8.43519401550293,15.109916687011719,19.731075286865234,0.9438695311546326,0.7957654595375061,0.038541898131370544,0.04579395055770874,0.0870080292224884,0.053178057074546814,0.07244369387626648,0.0671803280711174,0.29144540429115295,0.3694012761116028,15.056939125061035,15.125263214111328,0.069710373878479,0.19182904064655304,14.866745948791504,15.168333053588867,0.10746650397777557,0.3277718424797058,0.9614580869674683,0.9542060494422913,0.9129919409751892,0.946821928024292,0.9282539486885071,0.9310453534126282,0.7040706872940063,0.6196918487548828,,,,,,,,,,,,,,,,,,,,,,,,,,,,,,
129,0,0.05385030806064606,0.18770430982112885,8.438591003417969,8.440552711486816,15.119450569152832,19.73728370666504,0.9434959888458252,0.796175479888916,0.038313914090394974,0.04627039656043053,0.08773355931043625,0.05369816720485687,0.0725184828042984,0.06717865914106369,0.29396852850914,0.3652496039867401,15.092126846313477,15.171883583068848,0.07002870738506317,0.19228819012641907,14.888952255249023,15.165284156799316,0.10777869075536728,0.32497143745422363,0.9616860747337341,0.9537295699119568,0.9122664332389832,0.9463018178939819,0.9281798601150513,0.9310470223426819,0.7015087008476257,0.6239660978317261,,,,,,,,,,,,,,,,,,,,,,,,,,,,,,
130,0,0.05452313646674156,0.18733641505241394,8.441492080688477,8.426894187927246,15.198084831237793,19.7445068359375,0.9428293704986572,0.7967391014099121,0.03860888630151749,0.0469110906124115,0.08792999386787415,0.05523263290524483,0.07228580117225647,0.06766567379236221,0.2905082702636719,0.36621055006980896,15.039375305175781,15.246857643127441,0.06973876804113388,0.1925179362297058,14.858109474182129,15.14868450164795,0.10753686726093292,0.324772447347641,0.9613910913467407,0.9530888795852661,0.9120699763298035,0.9447673559188843,0.9284102916717529,0.9305471777915955,0.7050222158432007,0.6229767799377441,,,,,,,,,,,,,,,,,,,,,,,,,,,,,,
131,0,0.05362413823604584,0.18723639845848083,8.401613235473633,8.441783905029297,15.099447250366211,19.780521392822266,0.9437644481658936,0.7967141270637512,0.038176823407411575,0.0462021641433239,0.08681666851043701,0.053746599704027176,0.0726177915930748,0.06780921667814255,0.29298561811447144,0.36340194940567017,15.012825012207031,15.120255470275879,0.0693652406334877,0.19270849227905273,14.824691772460938,15.250043869018555,0.1077694520354271,0.3233844041824341,0.9618231654167175,0.9537978172302246,0.913183331489563,0.9462534189224243,0.9280815124511719,0.9303998351097107,0.7025067806243896,0.6258683204650879,,,,,,,,,,,,,,,,,,,,,,,,,,,,,,
132,1,0.05347193032503128,0.1865590214729309,8.404058456420898,8.430744171142578,15.070250511169434,19.795625686645508,0.9439896941184998,0.7974612712860107,0.037851110100746155,0.04629320278763771,0.0851566269993782,0.054740212857723236,0.07262251526117325,0.06807609647512436,0.2919914722442627,0.361208975315094,14.952840805053711,15.20309829711914,0.06937069445848465,0.19171889126300812,14.826732635498047,15.203794479370117,0.10724592208862305,0.3234701454639435,0.962148904800415,0.9537068009376526,0.9148433804512024,0.9452598094940186,0.9280768632888794,0.930125892162323,0.7035161852836609,0.6281260251998901,,,,,,,,,,,,,,,,,,,,,,,,,,,,,,
133,0,0.05312490463256836,0.18944677710533142,8.37210464477539,8.456125259399414,15.037812232971191,19.81300163269043,0.9443445205688477,0.7941224575042725,0.0381694957613945,0.04536595568060875,0.0852917954325676,0.0537947341799736,0.07311484962701797,0.06763570755720139,0.29933398962020874,0.3669049143791199,14.986598014831543,15.034676551818848,0.06878537684679031,0.19290414452552795,14.899672508239746,15.212705612182617,0.10845527797937393,0.32614970207214355,0.9618304967880249,0.9546340107917786,0.9147081971168518,0.9462052583694458,0.9275892376899719,0.9305779337882996,0.6960606575012207,0.6222618818283081,,,,,,,,,,,,,,,,,,,,,,,,,,,,,,
134,0,0.052914030849933624,0.18791869282722473,8.339973449707031,8.400664329528809,14.993037223815918,19.73451042175293,0.944573700428009,0.7959147691726685,0.03772791102528572,0.04542098194360733,0.08452720940113068,0.05402898043394089,0.07215869426727295,0.06767979264259338,0.2942952513694763,0.3657867908477783,14.895767211914062,15.016911506652832,0.06897573173046112,0.19193381071090698,14.73776912689209,15.190702438354492,0.10757888853549957,0.32449179887771606,0.9622721076011658,0.9545789957046509,0.9154727458953857,0.9459710121154785,0.9285361766815186,0.930532693862915,0.7011770009994507,0.6234130859375,,,,,,,,,,,,,,,,,,,,,,,,,,,,,,
135,0,0.05337626114487648,0.18916402757167816,8.3692626953125,8.43073844909668,15.028189659118652,19.780183792114258,0.9440363645553589,0.7947030663490295,0.03803030028939247,0.04544463008642197,0.0862124115228653,0.054167214781045914,0.07283888757228851,0.06746304780244827,0.294108510017395,0.37024053931236267,15.007431983947754,14.999133110046387,0.06900389492511749,0.19191347062587738,14.85633373260498,15.16545295715332,0.10757820308208466,0.3254773020744324,0.9619696736335754,0.9545553922653198,0.9137876033782959,0.9458327889442444,0.9278625845909119,0.9307551383972168,0.7013666033744812,0.6188278198242188,,,,,,,,,,,,,,,,,,,,,,,,,,,,,,
136,0,0.05284229665994644,0.18838755786418915,8.365242004394531,8.398690223693848,15.060815811157227,19.738065719604492,0.9446231722831726,0.795637309551239,0.03814875707030296,0.04571346566081047,0.0853450670838356,0.05229999125003815,0.07243461906909943,0.06732049584388733,0.2912422716617584,0.3699684143066406,14.945418357849121,15.058475494384766,0.06903067231178284,0.19112750887870789,14.785628318786621,15.125107765197754,0.10742320865392685,0.32406461238861084,0.9618512392044067,0.954286515712738,0.9146549105644226,0.947700023651123,0.9282629489898682,0.9309014678001404,0.7042769193649292,0.6191079616546631,,,,,,,,,,,,,,,,,,,,,,,,,,,,,,
137,0,0.051740195602178574,0.1888025403022766,8.31664752960205,8.418106079101562,14.95036506652832,19.77349853515625,0.9458469152450562,0.7950345277786255,0.0376717671751976,0.04492362588644028,0.08260563015937805,0.05141127109527588,0.0724918395280838,0.06787403672933578,0.2943342924118042,0.36865392327308655,14.914183616638184,14.903704643249512,0.06844871491193771,0.1906128078699112,14.793477058410645,15.19324779510498,0.10773459821939468,0.3236646354198456,0.9623282551765442,0.9550763964653015,0.9173943400382996,0.9485887289047241,0.9282062649726868,0.9303333163261414,0.7011373043060303,0.6204612255096436,,,,,,,,,,,,,,,,,,,,,,,,,,,,,,
138,0,0.052377063781023026,0.1889258474111557,8.330804824829102,8.40299129486084,14.939407348632812,19.762361526489258,0.9450150728225708,0.7948063611984253,0.03712821751832962,0.045596893876791,0.08570732176303864,0.0515073761343956,0.07253057509660721,0.06761319935321808,0.29611778259277344,0.36800435185432434,14.808391571044922,15.088114738464355,0.06905186176300049,0.18925872445106506,14.781625747680664,15.14625072479248,0.10761282593011856,0.3248169720172882,0.962871789932251,0.9544031023979187,0.9142926931381226,0.9484926462173462,0.9281678795814514,0.9306010007858276,0.6993263959884644,0.6211299896240234,,,,,,,,,,,,,,,,,,,,,,,,,,,,,,
139,0,0.05252851918339729,0.18725231289863586,8.346010208129883,8.422712326049805,14.957188606262207,19.759233474731445,0.9450191259384155,0.7965662479400635,0.03761299327015877,0.0451052151620388,0.08329840749502182,0.0539068840444088,0.07297072559595108,0.06688322871923447,0.29560863971710205,0.3619731664657593,14.945287704467773,14.981842994689941,0.06839228421449661,0.19192202389240265,14.87454605102539,15.113616943359375,0.10768992453813553,0.3230365514755249,0.9623870253562927,0.9548947811126709,0.91670161485672,0.9460931420326233,0.927731990814209,0.9313502907752991,0.6998433470726013,0.627339243888855,,,,,,,,,,,,,,,,,,,,,,,,,,,,,,
140,0,0.05201432853937149,0.18842628598213196,8.322288513183594,8.396125793457031,14.983181953430176,19.714542388916016,0.9454443454742432,0.7952702045440674,0.03811325132846832,0.04470368102192879,0.0853971466422081,0.05000849440693855,0.07198388129472733,0.06758680939674377,0.29628250002861023,0.36659160256385803,14.935335159301758,14.902091026306152,0.06889142096042633,0.18888069689273834,14.759021759033203,15.145585060119629,0.10783214122056961,0.3254094123840332,0.9618867635726929,0.9552963376045227,0.9146028161048889,0.9499915242195129,0.9287093281745911,0.9306281208992004,0.6991591453552246,0.6225844621658325,,,,,,,,,,,,,,,,,,,,,,,,,,,,,,
141,0,0.05233169347047806,0.18885527551174164,8.29456901550293,8.399199485778809,14.86475944519043,19.74238395690918,0.9451314210891724,0.7949395775794983,0.03690025582909584,0.044926755130290985,0.08416584134101868,0.05348142981529236,0.07271978259086609,0.06696177273988724,0.2953031361103058,0.3687577545642853,14.815080642700195,14.934816360473633,0.06878636032342911,0.19059179723262787,14.795656204223633,15.113616943359375,0.10747483372688293,0.3253309428691864,0.9630997180938721,0.9550732374191284,0.9158341288566589,0.9465185403823853,0.9279805421829224,0.931269645690918,0.7001535892486572,0.6203543543815613,,,,,,,,,,,,,,,,,,,,,,,,,,,,,,
142,0,0.051761381328105927,0.19087578356266022,8.28005313873291,8.422006607055664,14.931694030761719,19.808311462402344,0.9457619190216064,0.792679488658905,0.0378294438123703,0.044430553913116455,0.08392248302698135,0.05076967179775238,0.07296742498874664,0.06777539849281311,0.29901716113090515,0.37282609939575195,14.872498512268066,14.810848236083984,0.06864181905984879,0.1878754198551178,14.804561614990234,15.192635536193848,0.10753785818815231,0.3264715075492859,0.9621705412864685,0.9555694460868835,0.9160774946212769,0.9492303133010864,0.9277352690696716,0.93043452501297,0.6963824033737183,0.6161658763885498,,,,,,,,,,,,,,,,,,,,,,,,,,,,,,
143,0,0.05184963718056679,0.1895415484905243,8.236053466796875,8.40324878692627,14.82853889465332,19.724912643432617,0.9456628561019897,0.7942972183227539,0.036768317222595215,0.04463600739836693,0.08311329782009125,0.052831050008535385,0.07239354401826859,0.06714525073766708,0.2940244674682617,0.37264513969421387,14.686704635620117,14.857646942138672,0.06775369495153427,0.19017858803272247,14.75816822052002,15.174717903137207,0.10740041732788086,0.32607823610305786,0.9632316827774048,0.9553639888763428,0.9168866872787476,0.9471689462661743,0.928303599357605,0.9310813546180725,0.7014518976211548,0.6163522005081177,,,,,,,,,,,,,,,,,,,,,,,,,,,,,,
144,0,0.051603082567453384,0.18871593475341797,8.296785354614258,8.373180389404297,14.923944473266602,19.716463088989258,0.94599848985672,0.795189619064331,0.03798874467611313,0.044083815068006516,0.08262219280004501,0.05131117254495621,0.07235375046730042,0.06705408543348312,0.29308924078941345,0.3702299892902374,14.941447257995605,14.79466438293457,0.06829505413770676,0.18796949088573456,14.741124153137207,15.07719898223877,0.10690491646528244,0.3246813416481018,0.9620112776756287,0.955916166305542,0.9173778295516968,0.948688805103302,0.9283430576324463,0.9311749339103699,0.7024015188217163,0.6188386678695679,,,,,,,,,,,,,,,,,,,,,,,,,,,,,,
145,0,0.05080055445432663,0.18772783875465393,8.242573738098145,8.341852188110352,14.826653480529785,19.688459396362305,0.9468898177146912,0.7960516214370728,0.037089794874191284,0.04412425309419632,0.08010829240083694,0.051118429750204086,0.07210633903741837,0.06692887097597122,0.2952274680137634,0.36513423919677734,14.7727689743042,14.781644821166992,0.06713391095399857,0.18910031020641327,14.668444633483887,15.0426607131958,0.10707300901412964,0.32250845432281494,0.9629101753234863,0.9558757543563843,0.9198917150497437,0.9488815665245056,0.9285880327224731,0.9313034415245056,0.7002303600311279,0.6240848302841187,,,,,,,,,,,,,,,,,,,,,,,,,,,,,,
146,0,0.05059032514691353,0.18908388912677765,8.273674011230469,8.360931396484375,14.807694435119629,19.72444725036621,0.9470522403717041,0.7947196960449219,0.036403924226760864,0.044906292110681534,0.08034303039312363,0.05013762414455414,0.07244009524583817,0.06706590950489044,0.2947957217693329,0.37027761340141296,14.73391056060791,14.953224182128906,0.06731583178043365,0.18780599534511566,14.711400985717773,15.064240455627441,0.10728303343057632,0.3246346116065979,0.9635961055755615,0.9550936818122864,0.9196569323539734,0.9498623609542847,0.9282575249671936,0.9311627745628357,0.7006688117980957,0.6187896132469177,,,,,,,,,,,,,,,,,,,,,,,,,,,,,,
147,0,0.05060651898384094,0.18810608983039856,8.238410949707031,8.366691589355469,14.821761131286621,19.73459243774414,0.947088897228241,0.7957882881164551,0.037074729800224304,0.04408099874854088,0.07999489456415176,0.05049363896250725,0.07259885221719742,0.06700652092695236,0.2937026917934418,0.36711037158966064,14.75119400024414,14.791531562805176,0.06722581386566162,0.18852598965168,14.725459098815918,15.070679664611816,0.10720349103212357,0.32414525747299194,0.9629252552986145,0.9559190273284912,0.9200050830841064,0.9495063424110413,0.9281002879142761,0.9312237501144409,0.7017786502838135,0.622050404548645,,,,,,,,,,,,,,,,,,,,,,,,,,,,,,
148,0,0.05004109442234039,0.1883257031440735,8.239607810974121,8.377889633178711,14.786455154418945,19.736953735351562,0.9475589394569397,0.7955594062805176,0.036559753119945526,0.04438416659832001,0.08125410974025726,0.0475662462413311,0.07278923690319061,0.06675738096237183,0.29400694370269775,0.36776483058929443,14.724066734313965,14.830158233642578,0.06798692047595978,0.1866772174835205,14.761039733886719,15.072352409362793,0.10701865702867508,0.3240097463130951,0.9634402394294739,0.9556158185005188,0.9187458753585815,0.9524337649345398,0.9279117584228516,0.9314794540405273,0.7014696598052979,0.621376633644104,,,,,,,,,,,,,,,,,,,,,,,,,,,,,,
149,0,0.05037103593349457,0.18873627483844757,8.212362289428711,8.356071472167969,14.801130294799805,19.710493087768555,0.9472861886024475,0.794989824295044,0.03706631809473038,0.04381517693400383,0.08068089187145233,0.04929288849234581,0.07236086577177048,0.06693576276302338,0.2961183786392212,0.36812958121299744,14.709066390991211,14.739615440368652,0.06705929338932037,0.18761135637760162,14.687362670898438,15.074795722961426,0.10732045769691467,0.323915958404541,0.9629336595535278,0.9561848044395447,0.9193190932273865,0.9507071375846863,0.928335964679718,0.9312963485717773,0.6993257999420166,0.621001124382019,,,,,,,,,,,,,,,,,,,,,,,,,,,,,,
150,0,0.05016876384615898,0.18859636783599854,8.174284934997559,8.377148628234863,14.66252613067627,19.73211097717285,0.9474376440048218,0.7952516078948975,0.03609389811754227,0.04342411085963249,0.08067385852336884,0.05005751550197601,0.07239123433828354,0.06727954745292664,0.29412156343460083,0.3687097132205963,14.623512268066406,14.691317558288574,0.06704492121934891,0.18733704090118408,14.732248306274414,15.104419708251953,0.10701164603233337,0.32403919100761414,0.9639061093330383,0.956575870513916,0.91932612657547,0.9499424695968628,0.9283059239387512,0.930943489074707,0.7013533115386963,0.6204038262367249,,,,,,,,,,,,,,,,,,,,,,,,,,,,,,
151,0,0.05080042779445648,0.18789441883563995,8.18814754486084,8.324110984802246,14.712068557739258,19.6834716796875,0.9466907978057861,0.7958599328994751,0.03647215664386749,0.043515369296073914,0.08317407220602036,0.050074994564056396,0.07208133488893509,0.06687713414430618,0.2955818474292755,0.3656054735183716,14.670504570007324,14.68933391571045,0.06819865107536316,0.1870507001876831,14.629451751708984,15.018320083618164,0.10768121480941772,0.32301250100135803,0.9635278582572937,0.9564846158027649,0.9168258905410767,0.9499250054359436,0.9286128282546997,0.9313565492630005,0.6998705863952637,0.6235997080802917,,,,,,,,,,,,,,,,,,,,,,,,,,,,,,
152,0,0.05081254988908768,0.18802472949028015,8.174266815185547,8.368290901184082,14.680292129516602,19.718994140625,0.9467569589614868,0.7959219217300415,0.03628551959991455,0.04337155073881149,0.08155163377523422,0.05176360532641411,0.0723428875207901,0.0671168640255928,0.29257088899612427,0.3678435981273651,14.646458625793457,14.663151741027832,0.06753892451524734,0.18745136260986328,14.730539321899414,15.071503639221191,0.10701103508472443,0.32367533445358276,0.9637144804000854,0.9566284418106079,0.9184483289718628,0.9482364058494568,0.9283537864685059,0.9311105012893677,0.702927827835083,0.6212955117225647,,,,,,,,,,,,,,,,,,,,,,,,,,,,,,
153,0,0.05027243494987488,0.1881054788827896,8.212113380432129,8.377181053161621,14.763799667358398,19.742652893066406,0.9473884701728821,0.7957285046577454,0.0366276316344738,0.04397568851709366,0.08019363880157471,0.04964907839894295,0.07260974496603012,0.06713572889566422,0.2947274148464203,0.3661927282810211,14.692886352539062,14.757987022399902,0.06694034487009048,0.18779926002025604,14.75225830078125,15.081220626831055,0.10761687159538269,0.3225625157356262,0.9633723497390747,0.9560242891311646,0.9198063611984253,0.9503509402275085,0.9280894994735718,0.9310911297798157,0.7007381916046143,0.622995138168335,,,,,,,,,,,,,,,,,,,,,,,,,,,,,,
154,0,0.050619449466466904,0.18765604496002197,8.194295883178711,8.353592872619629,14.7784423828125,19.734121322631836,0.9469950199127197,0.7963146567344666,0.03695062920451164,0.04368402808904648,0.08136142045259476,0.05002393200993538,0.07250252366065979,0.06714578717947006,0.29243388772010803,0.3662705719470978,14.692660331726074,14.686737060546875,0.06716539710760117,0.1882711499929428,14.699553489685059,15.051116943359375,0.10710475593805313,0.3230334520339966,0.9630493521690369,0.9563159942626953,0.9186385869979858,0.9499760866165161,0.9281957149505615,0.9310807585716248,0.7030669450759888,0.6229149699211121,,,,,,,,,,,,,,,,,,,,,,,,,,,,,,
155,0,0.049716901034116745,0.18806561827659607,8.213375091552734,8.327040672302246,14.70224666595459,19.71409034729004,0.94797283411026,0.7958246469497681,0.036128442734479904,0.04390409216284752,0.0791710689663887,0.04890512675046921,0.07248039543628693,0.06681771576404572,0.2936653196811676,0.3673081696033478,14.659950256347656,14.804436683654785,0.06680668145418167,0.1860724538564682,14.664290428161621,14.987207412719727,0.1072584018111229,0.32372403144836426,0.9638715386390686,0.9560959339141846,0.9208289384841919,0.9510948657989502,0.9282175898551941,0.9314175248146057,0.7018165588378906,0.6218467950820923,,,,,,,,,,,,,,,,,,,,,,,,,,,,,,
156,0,0.04963361844420433,0.1883566826581955,8.132589340209961,8.324760437011719,14.642333984375,19.69566535949707,0.9479379057884216,0.7955657243728638,0.035918109118938446,0.043420687317848206,0.08113618195056915,0.0477733314037323,0.07229723036289215,0.06676553934812546,0.29285290837287903,0.36934351921081543,14.527474403381348,14.641797065734863,0.06736917793750763,0.1862344592809677,14.648491859436035,14.997382164001465,0.10718923062086105,0.32372960448265076,0.964081883430481,0.956579327583313,0.918863832950592,0.9522266387939453,0.9283990263938904,0.9314711093902588,0.702641487121582,0.6197513341903687,,,,,,,,,,,,,,,,,,,,,,,,,,,,,,
157,0,0.04921562969684601,0.18839646875858307,8.223081588745117,8.329117774963379,14.734663009643555,19.71466064453125,0.9485509395599365,0.7954721450805664,0.03653882443904877,0.043718479573726654,0.07813259214162827,0.04740636423230171,0.07241746038198471,0.06692425161600113,0.29387015104293823,0.36843007802963257,14.744969367980957,14.741494178771973,0.06663338840007782,0.18551962077617645,14.649784088134766,15.01363754272461,0.10711769759654999,0.3233610987663269,0.96346116065979,0.9562815427780151,0.9218674302101135,0.9525936245918274,0.9282799363136292,0.9313081502914429,0.7016085982322693,0.62069171667099,,,,,,,,,,,,,,,,,,,,,,,,,,,,,,
158,0,0.04918229207396507,0.18785996735095978,8.118485450744629,8.334738731384277,14.580446243286133,19.70693016052246,0.9484792947769165,0.7960198521614075,0.035648152232170105,0.04300427809357643,0.07919904589653015,0.04823121801018715,0.07246146351099014,0.06671759486198425,0.2938810884952545,0.3664548695087433,14.53126335144043,14.582568168640137,0.06672383099794388,0.18530289828777313,14.663671493530273,15.020013809204102,0.10721056163311005,0.3224582076072693,0.9643518328666687,0.9569957256317139,0.9208009243011475,0.9517687559127808,0.9282363653182983,0.9315202832221985,0.7015975117683411,0.622725248336792,,,,,,,,,,,,,,,,,,,,,,,,,,,,,,
159,0,0.048993613570928574,0.18799042701721191,8.169295310974121,8.33436393737793,14.616886138916016,19.70119285583496,0.9487206339836121,0.7958145141601562,0.03588692471385002,0.04312829673290253,0.07845574617385864,0.04764645919203758,0.0723823606967926,0.06673535704612732,0.29502353072166443,0.3661842942237854,14.570276260375977,14.73788070678711,0.06599295884370804,0.18575400114059448,14.671266555786133,15.009068489074707,0.10712476074695587,0.32272791862487793,0.9641130566596985,0.9568716883659363,0.9215442538261414,0.9523535370826721,0.9283146858215332,0.9315020442008972,0.7004374861717224,0.6230037808418274,,,,,,,,,,,,,,,,,,,,,,,,,,,,,,
160,0,0.04914039373397827,0.18833030760288239,8.109811782836914,8.320056915283203,14.584733009338379,19.68492889404297,0.9485129714012146,0.7954592108726501,0.035822413861751556,0.04279761761426926,0.07951310276985168,0.04781504347920418,0.07218930125236511,0.0667375773191452,0.2949877977371216,0.36778348684310913,14.522866249084473,14.557551383972168,0.06687966734170914,0.1857973337173462,14.6340913772583,14.996541023254395,0.10711799561977386,0.3233778178691864,0.9641776084899902,0.9572023749351501,0.9204868674278259,0.9521849751472473,0.9285058975219727,0.9314997792243958,0.7004737854003906,0.6213573813438416,,,,,,,,,,,,,,,,,,,,,,,,,,,,,,
161,0,0.05034710094332695,0.18828663229942322,8.173497200012207,8.335026741027832,14.66844654083252,19.700239181518555,0.9472484588623047,0.7955273389816284,0.03580695763230324,0.04393753409385681,0.08061347156763077,0.05064815282821655,0.0723375603556633,0.06678656488656998,0.2947402596473694,0.36757129430770874,14.561771392822266,14.762444496154785,0.06740070134401321,0.1870402693748474,14.65347957611084,15.032977104187012,0.10717975348234177,0.3230723738670349,0.9641930460929871,0.9560624361038208,0.9193865060806274,0.9493518471717834,0.9283590316772461,0.9314494729042053,0.7007250785827637,0.6215758323669434,,,,,,,,,,,,,,,,,,,,,,,,,,,,,,
162,0,0.049382999539375305,0.1882651001214981,8.148533821105957,8.340657234191895,14.625133514404297,19.709304809570312,0.9483461380004883,0.7955904006958008,0.036253511905670166,0.04268315061926842,0.07853241264820099,0.04914640635251999,0.07247818261384964,0.06673460453748703,0.2941957414150238,0.36777982115745544,14.621756553649902,14.594191551208496,0.06676296144723892,0.18434865772724152,14.675016403198242,15.029540061950684,0.10704084485769272,0.32287564873695374,0.9637464880943298,0.9573168754577637,0.9214676022529602,0.9508535861968994,0.9282197952270508,0.9315028190612793,0.7012779712677002,0.6213611364364624,35775.0,35774.0,1.0,1.0,1.0,0.0,1.0,0.0,0.0,0.0,8943.0,8943.0,0.0,0.0,0.0,0.0,1.0,0.0,0.0,0.0,4968.0,4968.0,0.0,0.0,0.0,0.0,1.0,0.0,0.0,0.0
