epoch,is_best_epoch,train_loss,val_loss,train_mae,val_mae,train_rmse,val_rmse,train_r2,val_r2,train_abs_loss,train_emi_loss,train_plqy_loss,train_em_loss,val_abs_loss,val_emi_loss,val_plqy_loss,val_em_loss,train_abs_mae,train_emi_mae,train_plqy_mae,train_em_mae,val_abs_mae,val_emi_mae,val_plqy_mae,val_em_mae,train_abs_r2,train_emi_r2,train_plqy_r2,train_em_r2,val_abs_r2,val_emi_r2,val_plqy_r2,val_em_r2,train_total_rows_before,train_kept_rows,train_dropped_total_rows,train_solute_skipped_rows,train_solute_invalid_count,train_solute_missing_count,train_solvent_smiles_required,train_solvent_skipped_rows,train_solvent_invalid_count,train_solvent_missing_count,val_total_rows_before,val_kept_rows,val_dropped_total_rows,val_solute_skipped_rows,val_solute_invalid_count,val_solute_missing_count,val_solvent_smiles_required,val_solvent_skipped_rows,val_solvent_invalid_count,val_solvent_missing_count,test_total_rows_before,test_kept_rows,test_dropped_total_rows,test_solute_skipped_rows,test_solute_invalid_count,test_solute_missing_count,test_solvent_smiles_required,test_solvent_skipped_rows,test_solvent_invalid_count,test_solvent_missing_count
1,0,1.1430412530899048,0.5882830619812012,40.92527389526367,26.78904151916504,72.1235122680664,48.764163970947266,-0.17623849213123322,0.3835453987121582,0.8895042538642883,1.0262657403945923,1.5059432983398438,1.2832406759262085,0.41857096552848816,0.4502018392086029,0.8715422749519348,0.7125222682952881,74.00875854492188,72.44078063964844,0.3136378526687622,1.0259335041046143,48.795074462890625,46.92162322998047,0.2508029043674469,0.6731403470039368,0.11049574613571167,-0.026265740394592285,-0.5059434175491333,-0.28324055671691895,0.5786229372024536,0.5513184070587158,0.12227725982666016,0.28196293115615845,,,,,,,,,,,,,,,,,,,,,,,,,,,,,,
2,0,0.584186315536499,0.4972383975982666,26.0474910736084,23.069217681884766,45.992897033691406,40.16837692260742,0.38572242856025696,0.4689297080039978,0.35565999150276184,0.426556795835495,0.9134355783462524,0.7614579796791077,0.24853727221488953,0.3601296544075012,0.8146428465843201,0.6894084215164185,46.21253967285156,47.05570602416992,0.25531086325645447,0.732894241809845,38.76621627807617,44.2127799987793,0.24437971413135529,0.6996463537216187,0.6443400382995605,0.5734432339668274,0.08656442165374756,0.2385420799255371,0.7497965097427368,0.6410864591598511,0.17958015203475952,0.305255651473999,,,,,,,,,,,,,,,,,,,,,,,,,,,,,,
3,0,0.517316460609436,0.44259026646614075,23.06300926208496,19.848552703857422,41.27320861816406,35.988868713378906,0.4527322053909302,0.5248574018478394,0.2814658284187317,0.3510417938232422,0.8369144797325134,0.7196490168571472,0.20105333626270294,0.28668326139450073,0.7485917210578918,0.6534955501556396,40.35188293457031,42.281986236572266,0.2423151582479477,0.6993271112442017,33.34902572631836,37.987247467041016,0.22585338354110718,0.6487239599227905,0.7185341715812683,0.6489582061767578,0.16308552026748657,0.2803509831428528,0.7975988388061523,0.7142847776412964,0.24609965085983276,0.34144651889801025,,,,,,,,,,,,,,,,,,,,,,,,,,,,,,
4,0,0.47642967104911804,0.4285564124584198,21.73941421508789,19.568260192871094,38.972232818603516,35.108795166015625,0.49533113837242126,0.5404031276702881,0.25080397725105286,0.31321877241134644,0.7745540142059326,0.6800987124443054,0.19039694964885712,0.2742830812931061,0.7129645347595215,0.6503034830093384,38.03087615966797,39.84068298339844,0.2307121902704239,0.6784588098526001,32.863304138183594,37.49782180786133,0.21700043976306915,0.6150885820388794,0.7491959929466248,0.6867812275886536,0.22544604539871216,0.31990134716033936,0.8083266019821167,0.7266431450843811,0.281979501247406,0.34466326236724854,,,,,,,,,,,,,,,,,,,,,,,,,,,,,,
5,0,0.4379689693450928,0.3793952763080597,20.42153549194336,17.647064208984375,36.60755920410156,32.14563751220703,0.5350475311279297,0.5917826890945435,0.21974506974220276,0.27871832251548767,0.7202847599983215,0.6410619020462036,0.15623725950717926,0.23513683676719666,0.643135666847229,0.5889866352081299,35.589656829833984,37.56571960449219,0.2207545042037964,0.6573436260223389,29.172542572021484,34.327354431152344,0.2082996368408203,0.5971460938453674,0.7802549600601196,0.7212816476821899,0.27971524000167847,0.35893821716308594,0.842715322971344,0.7656571865081787,0.35230356454849243,0.4064546823501587,,,,,,,,,,,,,,,,,,,,,,,,,,,,,,
6,0,0.41557085514068604,0.3689667880535126,19.754274368286133,17.334667205810547,35.52304458618164,31.397489547729492,0.5593000650405884,0.6045228838920593,0.2073420137166977,0.2617975175380707,0.6736437678337097,0.6200165152549744,0.15211449563503265,0.2195863127708435,0.599772572517395,0.6012500524520874,34.503475189208984,36.24323654174805,0.21090228855609894,0.6407037377357483,28.88850212097168,33.401451110839844,0.19675570726394653,0.6283796429634094,0.7926579713821411,0.7382024526596069,0.3263561725616455,0.3799835443496704,0.846865713596344,0.7811552286148071,0.39597415924072266,0.39409637451171875,,,,,,,,,,,,,,,,,,,,,,,,,,,,,,
7,0,0.3940483629703522,0.36450520157814026,19.263084411621094,18.044166564941406,34.59946060180664,33.201717376708984,0.5828461647033691,0.6116381287574768,0.19848348200321198,0.2456350326538086,0.6273216605186462,0.5971752405166626,0.1695806235074997,0.24636909365653992,0.5700379014015198,0.5587875247001648,33.73849105834961,35.23130416870117,0.20172721147537231,0.6267437934875488,30.80644989013672,33.95112228393555,0.19395886361598969,0.5875765085220337,0.8015165328979492,0.7543649673461914,0.37267833948135376,0.40282487869262695,0.8292825222015381,0.7544628381729126,0.42591965198516846,0.43688756227493286,,,,,,,,,,,,,,,,,,,,,,,,,,,,,,
8,0,0.3662690222263336,0.32906025648117065,18.380393981933594,16.357341766357422,33.12649917602539,29.870582580566406,0.61140376329422,0.6473041772842407,0.1817575991153717,0.22544929385185242,0.5959660410881042,0.5512120127677917,0.14361222088336945,0.1896032691001892,0.5416497588157654,0.5276703238487244,32.12306594848633,33.69524002075195,0.19565227627754211,0.600792646408081,27.975439071655273,30.692771911621094,0.18182118237018585,0.5529860258102417,0.8182424306869507,0.7745506763458252,0.404033899307251,0.448788046836853,0.8554250001907349,0.811037003993988,0.4545091390609741,0.46824556589126587,,,,,,,,,,,,,,,,,,,,,,,,,,,,,,
9,0,0.34991690516471863,0.3145318329334259,17.94979476928711,15.700066566467285,32.393306732177734,28.95286750793457,0.6291978359222412,0.6631314754486084,0.17459243535995483,0.21436947584152222,0.562123715877533,0.5321232080459595,0.13233308494091034,0.1821218878030777,0.5091123580932617,0.5160304307937622,31.48920249938965,32.765167236328125,0.18853381276130676,0.586539089679718,26.626380920410156,29.730138778686523,0.18130111694335938,0.5279507040977478,0.8254075646400452,0.7856305837631226,0.43787628412246704,0.4678768515586853,0.8667797446250916,0.818493127822876,0.4872772693634033,0.4799755811691284,,,,,,,,,,,,,,,,,,,,,,,,,,,,,,
10,0,0.33251288533210754,0.30330193042755127,17.590145111083984,14.789274215698242,31.767515182495117,27.851564407348633,0.6478520631790161,0.675574541091919,0.16875411570072174,0.20488150417804718,0.5330279469490051,0.5019280314445496,0.1255715936422348,0.16372090578079224,0.48201340436935425,0.518674373626709,30.94972801208496,32.01033401489258,0.182999387383461,0.5644216537475586,25.493755340576172,27.45842170715332,0.17105542123317719,0.5435206294059753,0.8312458992004395,0.7951184511184692,0.4669720530509949,0.4980720281600952,0.8735865950584412,0.8368319272994995,0.5145684480667114,0.4773111939430237,,,,,,,,,,,,,,,,,,,,,,,,,,,,,,
11,0,0.31617191433906555,0.29099276661872864,16.981046676635742,14.986597061157227,30.788251876831055,28.173925399780273,0.6645193099975586,0.6890670657157898,0.15788167715072632,0.19340510666370392,0.516008734703064,0.4746272563934326,0.1278684288263321,0.1685093194246292,0.46346089243888855,0.4766292870044708,29.806222915649414,30.9852352142334,0.17922459542751312,0.5459526777267456,25.7962589263916,27.917526245117188,0.16754578053951263,0.5085785388946533,0.8421183228492737,0.8065949082374573,0.48399126529693604,0.5253728032112122,0.8712743520736694,0.8320597410202026,0.533252477645874,0.5196816921234131,,,,,,,,,,,,,,,,,,,,,,,,,,,,,,
12,0,0.3042612671852112,0.27433905005455017,16.619415283203125,14.142974853515625,30.293058395385742,26.559558868408203,0.6773898601531982,0.70597243309021,0.15453527867794037,0.18464934825897217,0.4947721064090729,0.45648401975631714,0.11422140151262283,0.14883963763713837,0.44641947746276855,0.4596436321735382,29.29154396057129,30.1877498626709,0.1739339530467987,0.5285657644271851,24.375320434570312,26.272640228271484,0.1623152196407318,0.5119232535362244,0.8454647064208984,0.8153506517410278,0.5052279233932495,0.5435160398483276,0.8850128650665283,0.8516629934310913,0.5504148006439209,0.5367988348007202,,,,,,,,,,,,,,,,,,,,,,,,,,,,,,
13,0,0.2905198633670807,0.2860156297683716,16.201101303100586,14.559478759765625,29.497234344482422,27.42340660095215,0.6917653679847717,0.6923307180404663,0.14729778468608856,0.1738893985748291,0.47568580508232117,0.43606552481651306,0.12512890994548798,0.15351012349128723,0.489780068397522,0.4549432396888733,28.6329288482666,29.331279754638672,0.17027460038661957,0.5166947841644287,25.81616973876953,26.191688537597656,0.1709912270307541,0.501175045967102,0.8527022004127502,0.8261106014251709,0.5243141651153564,0.5639345645904541,0.8740322589874268,0.847008228302002,0.5067467093467712,0.5415356159210205,,,,,,,,,,,,,,,,,,,,,,,,,,,,,,
14,0,0.28281980752944946,0.26088958978652954,16.1646728515625,13.59398078918457,29.43522834777832,25.90630531311035,0.699914813041687,0.720474123954773,0.14537928998470306,0.17514926195144653,0.46543338894844055,0.4143788516521454,0.10845767706632614,0.1419380009174347,0.4229171574115753,0.43815258145332336,28.47166633605957,29.39742660522461,0.1683659553527832,0.5011489987373352,23.486276626586914,25.197818756103516,0.15656410157680511,0.47737428545951843,0.8546206951141357,0.8248507380485535,0.5345665812492371,0.585621178150177,0.8908151984214783,0.8585413098335266,0.5740837454795837,0.5584561824798584,,,,,,,,,,,,,,,,,,,,,,,,,,,,,,
15,0,0.2693372666835785,0.27636629343032837,15.87156867980957,14.259954452514648,28.972890853881836,27.01426124572754,0.7144443988800049,0.7030747532844543,0.14014072716236115,0.17077374458312988,0.4408344626426697,0.39047330617904663,0.11618563532829285,0.1570383608341217,0.46304118633270264,0.4444633722305298,27.82459831237793,29.03108787536621,0.16238152980804443,0.485010027885437,24.414514541625977,26.719484329223633,0.1664031445980072,0.48197388648986816,0.8598592877388,0.8292262554168701,0.5591655373573303,0.6095267534255981,0.88303542137146,0.8434919118881226,0.5336751937866211,0.5520965456962585,,,,,,,,,,,,,,,,,,,,,,,,,,,,,,
16,0,0.261479914188385,0.2531622648239136,15.414730072021484,13.105799674987793,28.204689025878906,25.29134178161621,0.7226032614707947,0.7286486029624939,0.13412931561470032,0.1598149985074997,0.4291752874851227,0.38646751642227173,0.1025310680270195,0.13656991720199585,0.4097937345504761,0.430050253868103,27.104604721069336,28.086183547973633,0.1603926569223404,0.4809507727622986,22.401653289794922,24.59667205810547,0.15255361795425415,0.4481510519981384,0.8658707141876221,0.8401850461959839,0.5708247423171997,0.613532543182373,0.8967815637588501,0.8638912439346313,0.5873002409934998,0.5666212439537048,,,,,,,,,,,,,,,,,,,,,,,,,,,,,,
17,0,0.25349855422973633,0.2510233223438263,15.281668663024902,13.037012100219727,27.920408248901367,25.15122413635254,0.7311749458312988,0.7309317588806152,0.1316986232995987,0.15621431171894073,0.41576942801475525,0.37161776423454285,0.10422362387180328,0.13070425391197205,0.40868109464645386,0.4262097477912903,26.91482925415039,27.799461364746094,0.15716615319252014,0.4692997336387634,22.696596145629883,23.96247100830078,0.15261584520339966,0.44940876960754395,0.8683013916015625,0.8437857031822205,0.5842305421829224,0.6283822655677795,0.895077645778656,0.8697370886802673,0.5884207487106323,0.5704914331436157,,,,,,,,,,,,,,,,,,,,,,,,,,,,,,
18,0,0.24126115441322327,0.24296949803829193,14.910712242126465,13.06364631652832,27.31662940979004,25.09735870361328,0.7441474199295044,0.7397541999816895,0.12709325551986694,0.14795935153961182,0.3974357545375824,0.350922167301178,0.10230494290590286,0.1324191838502884,0.39364561438560486,0.406437486410141,26.33876609802246,27.03884506225586,0.15276090800762177,0.4511469006538391,22.453418731689453,24.363929748535156,0.1504056751728058,0.4512680172920227,0.8729067444801331,0.8520406484603882,0.6025642156600952,0.6490778923034668,0.8970091938972473,0.8680279850959778,0.6035628318786621,0.5904167890548706,,,,,,,,,,,,,,,,,,,,,,,,,,,,,,
19,0,0.23618978261947632,0.24224410951137543,14.731266975402832,13.028173446655273,26.930294036865234,24.805784225463867,0.74946129322052,0.7404466867446899,0.12160597741603851,0.14673379063606262,0.38761571049690247,0.34619951248168945,0.09889882057905197,0.1309654712677002,0.3911919593811035,0.41098126769065857,25.965539932250977,26.7804012298584,0.1511683315038681,0.4462476670742035,22.158489227294922,24.590774536132812,0.1483851820230484,0.44238027930259705,0.8783940076828003,0.8532662391662598,0.6123843193054199,0.6538006067276001,0.9004381895065308,0.8694767951965332,0.6060339212417603,0.5858378410339355,,,,,,,,,,,,,,,,,,,,,,,,,,,,,,
20,0,0.22996537387371063,0.236739382147789,14.68857479095459,12.83348560333252,26.891029357910156,24.561784744262695,0.756217360496521,0.746666431427002,0.12236158549785614,0.14461280405521393,0.3783874809741974,0.3297687768936157,0.09903011471033096,0.12521398067474365,0.37889817357063293,0.4041360914707184,25.882530212402344,26.720273971557617,0.14861173927783966,0.43842577934265137,22.253520965576172,23.69918441772461,0.14300115406513214,0.44488951563835144,0.8776383996009827,0.8553872108459473,0.6216124892234802,0.6702312231063843,0.900305986404419,0.875208854675293,0.6184148788452148,0.592736005783081,,,,,,,,,,,,,,,,,,,,,,,,,,,,,,
21,0,0.2227221131324768,0.24025094509124756,14.42317008972168,12.493891716003418,26.353200912475586,24.069778442382812,0.7635482549667358,0.7423917055130005,0.11639268696308136,0.14060238003730774,0.37081190943717957,0.31800004839897156,0.09476418793201447,0.12076318264007568,0.3882329761981964,0.4204380214214325,25.424100875854492,26.2269344329834,0.14706456661224365,0.4290398359298706,21.591236114501953,23.15005111694336,0.14768727123737335,0.43769216537475586,0.8836073279380798,0.8593976497650146,0.629188060760498,0.6819999814033508,0.9046005010604858,0.8796446323394775,0.6090139150619507,0.5763078927993774,,,,,,,,,,,,,,,,,,,,,,,,,,,,,,
22,0,0.22155976295471191,0.23532575368881226,14.415318489074707,12.386506080627441,26.459291458129883,24.048328399658203,0.7654060125350952,0.7479433417320251,0.11928780376911163,0.13874761760234833,0.3608032166957855,0.3195372521877289,0.09460844844579697,0.12052980065345764,0.37726303935050964,0.40975144505500793,25.54884910583496,26.048519134521484,0.14517992734909058,0.4275781512260437,21.487682342529297,22.85889434814453,0.14084473252296448,0.4308648705482483,0.8807122111320496,0.8612523674964905,0.6391967535018921,0.6804627776145935,0.9047573208808899,0.8798772096633911,0.6200616359710693,0.5870771408081055,,,,,,,,,,,,,,,,,,,,,,,,,,,,,,
23,0,0.2144741266965866,0.23133520781993866,14.07444953918457,12.463953018188477,25.792932510375977,24.05276870727539,0.7726550698280334,0.752291202545166,0.1126195415854454,0.13296951353549957,0.35115718841552734,0.3126336336135864,0.0938534140586853,0.12179434299468994,0.37038615345954895,0.39886972308158875,24.825424194335938,25.568313598632812,0.14263896644115448,0.42459434270858765,21.424320220947266,23.25543212890625,0.14097219705581665,0.42067137360572815,0.8873804807662964,0.8670305013656616,0.6488428115844727,0.6873664259910583,0.9055173993110657,0.8786169290542603,0.6269872784614563,0.5980430841445923,,,,,,,,,,,,,,,,,,,,,,,,,,,,,,
24,0,0.20973153412342072,0.22452452778816223,13.97901725769043,12.35677433013916,25.624374389648438,23.918439865112305,0.7777583003044128,0.7596908211708069,0.11079937219619751,0.13177770376205444,0.3426724970340729,0.3037174642086029,0.09138311445713043,0.1226368397474289,0.3579614758491516,0.38354969024658203,24.598468780517578,25.475175857543945,0.14010095596313477,0.4132172763347626,21.22776985168457,23.06203269958496,0.13969604671001434,0.4253982603549957,0.8892006278038025,0.8682222962379456,0.6573275327682495,0.6962826251983643,0.9080042839050293,0.8777772784233093,0.6395000219345093,0.6134817004203796,,,,,,,,,,,,,,,,,,,,,,,,,,,,,,
25,0,0.20336365699768066,0.2235996276140213,13.760042190551758,11.821822166442871,25.35089111328125,23.23193359375,0.7842646241188049,0.7602087259292603,0.10851630568504333,0.1288754940032959,0.3377135396003723,0.28783610463142395,0.08778706938028336,0.11326506733894348,0.36160799860954285,0.39071035385131836,24.232707977294922,25.055097579956055,0.13892561197280884,0.40342476963996887,20.346864700317383,22.006120681762695,0.14053523540496826,0.41288289427757263,0.8914836645126343,0.8711245059967041,0.6622864603996277,0.7121639251708984,0.9116244316101074,0.8871173858642578,0.6358276605606079,0.6062656044960022,,,,,,,,,,,,,,,,,,,,,,,,,,,,,,
26,0,0.19867105782032013,0.22957129776477814,13.707828521728516,12.113442420959473,25.137407302856445,23.431049346923828,0.7895871996879578,0.7543219327926636,0.10749147832393646,0.12549884617328644,0.3250349164009094,0.28362607955932617,0.09093169122934341,0.11269429326057434,0.36316296458244324,0.40994590520858765,24.301639556884766,24.769424438476562,0.13653911650180817,0.40033963322639465,21.090547561645508,22.25855255126953,0.14041702449321747,0.42274266481399536,0.8925085067749023,0.8745011687278748,0.6749650835990906,0.7163739204406738,0.9084587097167969,0.8876862525939941,0.6342616677284241,0.586881160736084,,,,,,,,,,,,,,,,,,,,,,,,,,,,,,
27,0,0.19330543279647827,0.22167329490184784,13.477859497070312,11.91063404083252,24.757970809936523,23.231943130493164,0.7949152588844299,0.7626888155937195,0.1037941575050354,0.12246783822774887,0.3219769597053528,0.2721000015735626,0.08866126090288162,0.11191758513450623,0.352887898683548,0.39004015922546387,23.800745010375977,24.465808868408203,0.13599935173988342,0.3924752473831177,20.544660568237305,22.126218795776367,0.13471612334251404,0.41199442744255066,0.8962058424949646,0.8775321841239929,0.6780230402946472,0.7279000282287598,0.9107443690299988,0.8884603381156921,0.6446095705032349,0.6069409847259521,,,,,,,,,,,,,,,,,,,,,,,,,,,,,,
28,0,0.19227181375026703,0.2191762626171112,13.377504348754883,11.788009643554688,24.58578872680664,23.0385799407959,0.796062171459198,0.7653048038482666,0.1021452397108078,0.12109052389860153,0.3182874917984009,0.27422791719436646,0.08739309012889862,0.10975105315446854,0.34964096546173096,0.3863111436367035,23.625905990600586,24.27958106994629,0.13461413979530334,0.3910423815250397,20.34266471862793,21.893136978149414,0.13588164746761322,0.3995822072029114,0.897854745388031,0.8789094686508179,0.6817125082015991,0.7257721424102783,0.9120210409164429,0.8906195759773254,0.6478796005249023,0.6106988787651062,,,,,,,,,,,,,,,,,,,,,,,,,,,,,,
29,0,0.1855214238166809,0.22510741651058197,13.265185356140137,11.788405418395996,24.272104263305664,23.227724075317383,0.8032263517379761,0.7597398161888123,0.10027332603931427,0.1169242262840271,0.3086630702018738,0.26123395562171936,0.08928833156824112,0.11085689812898636,0.34534963965415955,0.40970155596733093,23.551273345947266,23.93297004699707,0.13223670423030853,0.3825775980949402,20.480440139770508,21.706912994384766,0.13403187692165375,0.4213606119155884,0.8997266888618469,0.8830757737159729,0.691336989402771,0.738766074180603,0.9101130962371826,0.8895174264907837,0.6522012948989868,0.5871274471282959,,,,,,,,,,,,,,,,,,,,,,,,,,,,,,
30,0,0.18477995693683624,0.21369314193725586,13.181464195251465,11.610496520996094,24.15795135498047,22.8599910736084,0.8038857579231262,0.7712908983230591,0.09828382730484009,0.11742912977933884,0.30825650691986084,0.2604873776435852,0.0853680893778801,0.10909830778837204,0.339106947183609,0.37574630975723267,23.260913848876953,23.95127296447754,0.13205595314502716,0.380830854177475,20.007463455200195,21.590028762817383,0.13414758443832397,0.4017174243927002,0.9017161726951599,0.8825708627700806,0.6917434930801392,0.7395126819610596,0.914059579372406,0.891270101070404,0.6584882736206055,0.6213455200195312,,,,,,,,,,,,,,,,,,,,,,,,,,,,,,
31,0,0.1780577152967453,0.21547099947929382,13.05318546295166,11.460021018981934,24.02235984802246,22.67928695678711,0.811103105545044,0.7695919871330261,0.09698789566755295,0.11641622334718704,0.29775363206863403,0.24442988634109497,0.08436352014541626,0.10685315728187561,0.3369502127170563,0.38786882162094116,22.998428344726562,23.77189826965332,0.12968285381793976,0.3676810562610626,19.7559871673584,21.28850746154785,0.13300111889839172,0.4081518054008484,0.9030120968818665,0.8835837841033936,0.702246367931366,0.7555701732635498,0.9150708913803101,0.8935076594352722,0.6606603264808655,0.6091291904449463,,,,,,,,,,,,,,,,,,,,,,,,,,,,,,
32,0,0.1783914417028427,0.20835059881210327,12.956014633178711,11.221648216247559,23.755084991455078,22.28788185119629,0.8106430768966675,0.7766752243041992,0.0957852154970169,0.11239609122276306,0.2988569140434265,0.25038963556289673,0.08045952767133713,0.10476610064506531,0.33385422825813293,0.3688117563724518,22.870885848999023,23.53302001953125,0.1303149163722992,0.3731100857257843,19.176979064941406,21.062274932861328,0.1302095353603363,0.38726451992988586,0.9042147994041443,0.8876038789749146,0.7011431455612183,0.7496103644371033,0.9190011024475098,0.895587682723999,0.6637782454490662,0.6283336877822876,,,,,,,,,,,,,,,,,,,,,,,,,,,,,,
33,0,0.17249421775341034,0.2110292613506317,12.877060890197754,11.083903312683105,23.66265106201172,21.888648986816406,0.8169586658477783,0.773891806602478,0.09333407878875732,0.11413442343473434,0.28873226046562195,0.23596441745758057,0.07836181670427322,0.09987048804759979,0.3338754177093506,0.3867756724357605,22.591190338134766,23.569198608398438,0.12809239327907562,0.3611714243888855,19.16583251953125,20.520143508911133,0.12952907383441925,0.3930602967739105,0.9066659212112427,0.8858655691146851,0.7112677097320557,0.7640355825424194,0.9211128354072571,0.9004667401313782,0.6637569665908813,0.6102308034896851,,,,,,,,,,,,,,,,,,,,,,,,,,,,,,
34,0,0.16936399042606354,0.21071495115756989,12.788535118103027,11.208087921142578,23.42662239074707,22.22146987915039,0.8205774426460266,0.7741016745567322,0.0926738753914833,0.11004561930894852,0.2790187895298004,0.23595209419727325,0.08113481104373932,0.10236138850450516,0.3380696177482605,0.37651747465133667,22.64497184753418,23.15597915649414,0.12507420778274536,0.3599487245082855,19.465606689453125,20.646381378173828,0.13146927952766418,0.397517591714859,0.9073261022567749,0.8899543881416321,0.720981240272522,0.7640479207038879,0.9183212518692017,0.8979842662811279,0.6595329642295837,0.6205683350563049,,,,,,,,,,,,,,,,,,,,,,,,,,,,,,
35,0,0.16622135043144226,0.21683499217033386,12.653190612792969,11.453117370605469,23.204660415649414,22.4714412689209,0.8237417936325073,0.7670276165008545,0.0904882624745369,0.10863959789276123,0.2764185667037964,0.22948643565177917,0.0840601921081543,0.10299757868051529,0.35706183314323425,0.38206496834754944,22.381601333618164,22.93670654296875,0.12500929832458496,0.3578996956348419,19.78575325012207,21.24151611328125,0.1382679045200348,0.38754791021347046,0.9095117449760437,0.8913604021072388,0.7235814332962036,0.7705135941505432,0.9153762459754944,0.8973502516746521,0.64040607213974,0.6149779558181763,,,,,,,,,,,,,,,,,,,,,,,,,,,,,,
36,0,0.1625375747680664,0.2095971405506134,12.620306015014648,11.449090957641602,23.0958251953125,22.655242919921875,0.8278285264968872,0.7757898569107056,0.09036850184202194,0.10651256889104843,0.2687927782535553,0.22301195561885834,0.08544033765792847,0.10469411313533783,0.3321242034435272,0.3691503405570984,22.313037872314453,22.896860122680664,0.12273714691400528,0.35120633244514465,20.129562377929688,20.822023391723633,0.12858524918556213,0.3811039924621582,0.9096314907073975,0.8934874534606934,0.7312072515487671,0.7769880294799805,0.91398686170578,0.8956594467163086,0.6655205488204956,0.6279925107955933,,,,,,,,,,,,,,,,,,,,,,,,,,,,,,
37,0,0.16265015304088593,0.20576122403144836,12.53915023803711,11.072359085083008,22.964088439941406,22.051923751831055,0.8274076581001282,0.7794997692108154,0.08898579329252243,0.10584268718957901,0.27309638261795044,0.2224445343017578,0.08068498969078064,0.09959809482097626,0.3299071192741394,0.366430401802063,22.237689971923828,22.664005279541016,0.12372273951768875,0.3512036204338074,19.221670150756836,20.425962448120117,0.12810561060905457,0.37459927797317505,0.911014199256897,0.8941572904586792,0.7269036173820496,0.7775554656982422,0.9187741279602051,0.9007382392883301,0.6677533388137817,0.6307334899902344,,,,,,,,,,,,,,,,,,,,,,,,,,,,,,
38,0,0.15922145545482635,0.20223784446716309,12.564266204833984,10.879077911376953,22.96316146850586,21.812416076660156,0.8315823078155518,0.7831868529319763,0.08896920830011368,0.10584913939237595,0.25935932993888855,0.21949279308319092,0.07903836667537689,0.09729722142219543,0.32552585005760193,0.3600943386554718,22.270143508911133,22.732444763183594,0.12077900767326355,0.34586969017982483,18.868133544921875,20.072683334350586,0.1269056349992752,0.38567179441452026,0.9110307693481445,0.8941508531570435,0.7406406402587891,0.7805072069168091,0.9204317331314087,0.9030313491821289,0.6721656918525696,0.6371185779571533,,,,,,,,,,,,,,,,,,,,,,,,,,,,,,
39,0,0.15484702587127686,0.20253925025463104,12.206514358520508,10.897560119628906,22.34267234802246,21.68458366394043,0.8356829285621643,0.7831608653068542,0.08440834283828735,0.09992650151252747,0.25977566838264465,0.21315789222717285,0.07754938304424286,0.09702956676483154,0.3195702135562897,0.367901474237442,21.579872131347656,22.14424705505371,0.12057612836360931,0.3420220613479614,18.981700897216797,20.008575439453125,0.12473753839731216,0.3874054551124573,0.9155916571617126,0.9000735282897949,0.7402243614196777,0.7868421077728271,0.921930730342865,0.9032980799674988,0.6781635880470276,0.6292510032653809,,,,,,,,,,,,,,,,,,,,,,,,,,,,,,
40,0,0.15527822077274323,0.20165660977363586,12.383563041687012,10.78367805480957,22.720598220825195,21.621152877807617,0.8354166746139526,0.7833080291748047,0.08654226362705231,0.10447755455970764,0.2588871419429779,0.20842653512954712,0.07599741965532303,0.09815862029790878,0.3306571841239929,0.3566712439060211,21.904354095458984,22.460599899291992,0.1204337328672409,0.3394555151462555,18.48505210876465,20.158985137939453,0.1271742433309555,0.38308361172676086,0.9134577512741089,0.8955224752426147,0.7411128282546997,0.7915734648704529,0.9234930872917175,0.902172863483429,0.666998028755188,0.6405681371688843,,,,,,,,,,,,,,,,,,,,,,,,,,,,,,
41,0,0.14919230341911316,0.20015372335910797,12.152278900146484,10.82544231414795,22.30194091796875,21.62897300720215,0.8419584035873413,0.7850879430770874,0.0846085399389267,0.09878890216350555,0.2484329789876938,0.2003360092639923,0.07594305276870728,0.09839880466461182,0.32585111260414124,0.35422611236572266,21.639423370361328,21.87027359008789,0.11746817827224731,0.331022173166275,18.587677001953125,20.211536407470703,0.12700873613357544,0.37302863597869873,0.9153914451599121,0.9012110829353333,0.751567006111145,0.7996640205383301,0.9235478043556213,0.901933491230011,0.6718381643295288,0.6430321931838989,,,,,,,,,,,,,,,,,,,,,,,,,,,,,,
42,0,0.14656400680541992,0.20043031871318817,12.10715103149414,10.850757598876953,22.20332908630371,21.686458587646484,0.8445749282836914,0.785415768623352,0.08366609364748001,0.0982176885008812,0.24765491485595703,0.19216172397136688,0.07778721302747726,0.09670154005289078,0.31720826029777527,0.3613981306552887,21.56643295288086,21.786197662353516,0.11735893040895462,0.32350704073905945,18.825855255126953,20.026512145996094,0.12474121898412704,0.3718193471431732,0.9163339138031006,0.9017823338508606,0.752345085144043,0.8078383207321167,0.9216912984848022,0.9036250114440918,0.6805422306060791,0.6358047127723694,,,,,,,,,,,,,,,,,,,,,,,,,,,,,,
43,0,0.15015147626399994,0.20129543542861938,12.082706451416016,10.845297813415527,22.12705421447754,21.865806579589844,0.8409311771392822,0.7846760749816895,0.0822894275188446,0.09876786917448044,0.24750661849975586,0.2077113837003708,0.07957317680120468,0.09754689037799835,0.3166826367378235,0.36223936080932617,21.351478576660156,21.93712615966797,0.11780450493097305,0.3336988389492035,18.796375274658203,20.038917541503906,0.12407825142145157,0.37387317419052124,0.9177106022834778,0.901232123374939,0.7524933815002441,0.7922886610031128,0.9198933839797974,0.9027824997901917,0.6810716390609741,0.634956955909729,,,,,,,,,,,,,,,,,,,,,,,,,,,,,,
44,0,0.14626064896583557,0.19944719970226288,12.016852378845215,10.930465698242188,21.930992126464844,21.723283767700195,0.8449526429176331,0.7865138053894043,0.08106489479541779,0.09667892754077911,0.24379464983940125,0.19865114986896515,0.07839465886354446,0.09650216996669769,0.3157460391521454,0.35809168219566345,21.297908782958984,21.7453670501709,0.11581569910049438,0.3295501172542572,19.119985580444336,19.990337371826172,0.1254337728023529,0.3688783347606659,0.9189351201057434,0.9033210873603821,0.7562053203582764,0.801348865032196,0.9210797548294067,0.903823733329773,0.6820148229598999,0.639136791229248,,,,,,,,,,,,,,,,,,,,,,,,,,,,,,
45,0,0.1449209302663803,0.2047809362411499,11.983386039733887,11.261507987976074,21.966529846191406,22.203378677368164,0.846659779548645,0.7813153862953186,0.08249067515134811,0.095215804874897,0.23837432265281677,0.1972801834344864,0.08170559257268906,0.10111243277788162,0.3166057765483856,0.36999931931495667,21.33272933959961,21.5728702545166,0.11511850357055664,0.32758456468582153,19.466535568237305,20.882858276367188,0.1264030486345291,0.377442866563797,0.9175093173980713,0.9047842025756836,0.7616257071495056,0.8027198314666748,0.9177466630935669,0.8992289900779724,0.6811490058898926,0.6271369457244873,,,,,,,,,,,,,,,,,,,,,,,,,,,,,,
46,0,0.1411864310503006,0.20069120824337006,11.86501693725586,10.43918514251709,21.72332000732422,21.024682998657227,0.8503753542900085,0.7848149538040161,0.07997044175863266,0.09419531375169754,0.2361844778060913,0.18814830482006073,0.07256586104631424,0.09172593057155609,0.3183920979499817,0.37273702025413513,21.107192993164062,21.38227653503418,0.11384080350399017,0.31977221369743347,18.062774658203125,19.303796768188477,0.12674254179000854,0.37495705485343933,0.9200295805931091,0.9058046936988831,0.7638155221939087,0.8118517398834229,0.9269476532936096,0.9085838198661804,0.6793500185012817,0.6243780851364136,,,,,,,,,,,,,,,,,,,,,,,,,,,,,,
47,0,0.13877418637275696,0.19779016077518463,11.726009368896484,10.734582901000977,21.462493896484375,21.47193717956543,0.8528594970703125,0.7882410287857056,0.07762763649225235,0.09260975569486618,0.23254188895225525,0.1857828050851822,0.07682149112224579,0.09392508864402771,0.31309154629707336,0.3580087125301361,20.81269073486328,21.18537139892578,0.11332642287015915,0.3186110258102417,18.56885528564453,19.87613868713379,0.1253555715084076,0.36957213282585144,0.9223723411560059,0.9073902368545532,0.7674580812454224,0.814217209815979,0.9226635098457336,0.9063920974731445,0.6846882104873657,0.6392203569412231,,,,,,,,,,,,,,,,,,,,,,,,,,,,,,
48,0,0.13493295013904572,0.20075292885303497,11.59850025177002,10.531519889831543,21.227642059326172,21.347578048706055,0.857139527797699,0.7848960161209106,0.07539334148168564,0.09142652899026871,0.2222694754600525,0.18235261738300323,0.07579486817121506,0.09305257350206375,0.31879743933677673,0.36747217178344727,20.53630256652832,21.01643943786621,0.11090371757745743,0.314879447221756,18.33367347717285,19.343948364257812,0.12420119345188141,0.3767978250980377,0.9246066808700562,0.9085734486579895,0.7777305245399475,0.817647397518158,0.9236969947814941,0.9072616696357727,0.6789418458938599,0.6296836137771606,,,,,,,,,,,,,,,,,,,,,,,,,,,,,,
49,0,0.13431784510612488,0.20148149132728577,11.490217208862305,10.299787521362305,21.056076049804688,20.906322479248047,0.857735276222229,0.7842044830322266,0.07466273754835129,0.089215487241745,0.22186899185180664,0.18331167101860046,0.07188162207603455,0.0904926285147667,0.31477001309394836,0.3806828260421753,20.3514347076416,20.807628631591797,0.11091677099466324,0.3154866397380829,17.869277954101562,18.979358673095703,0.12634587287902832,0.3776448965072632,0.9253372550010681,0.9107844829559326,0.7781310081481934,0.8166883587837219,0.9276365041732788,0.9098129272460938,0.6829978227615356,0.6163707375526428,,,,,,,,,,,,,,,,,,,,,,,,,,,,,,
50,0,0.13252146542072296,0.19877026975154877,11.466400146484375,10.36388874053955,21.017038345336914,20.93340301513672,0.859398603439331,0.7871286273002625,0.07471022009849548,0.08839108049869537,0.22426392138004303,0.17504015564918518,0.07346104830503464,0.08858117461204529,0.31240442395210266,0.3717529773712158,20.383460998535156,20.678924560546875,0.11169928312301636,0.3103058636188507,18.033863067626953,19.048444747924805,0.12282153218984604,0.3676730692386627,0.9252897500991821,0.9116089344024658,0.7757360935211182,0.8249598741531372,0.9260464906692505,0.91171795129776,0.6853801608085632,0.6253697276115417,,,,,,,,,,,,,,,,,,,,,,,,,,,,,,
51,0,0.1300075352191925,0.19582797586917877,11.458800315856934,10.344846725463867,20.901573181152344,20.87474250793457,0.8621335625648499,0.7899529337882996,0.07343489676713943,0.08812081068754196,0.21893446147441864,0.17097541689872742,0.07166117429733276,0.09022828191518784,0.3127219080924988,0.360394150018692,20.2523250579834,20.814132690429688,0.10916157811880112,0.30461862683296204,17.864883422851562,19.185304641723633,0.1218985915184021,0.3606456220149994,0.9265651106834412,0.9118791818618774,0.7810655236244202,0.829024612903595,0.9278584122657776,0.910076379776001,0.685060441493988,0.6368165016174316,,,,,,,,,,,,,,,,,,,,,,,,,,,,,,
52,0,0.13258889317512512,0.1971949338912964,11.567224502563477,10.393320083618164,21.0927791595459,21.38459014892578,0.8594205379486084,0.7886737585067749,0.07386155426502228,0.09115089476108551,0.22188296914100647,0.17542268335819244,0.07614244520664215,0.0932476669549942,0.3152243494987488,0.3555082678794861,20.387691497802734,21.07640266418457,0.11083147674798965,0.3093869090080261,18.113906860351562,19.07987403869629,0.12229548394680023,0.3571557402610779,0.9261384606361389,0.9088491201400757,0.7781170606613159,0.8245773315429688,0.9233471155166626,0.9070672392845154,0.6825402975082397,0.6417402029037476,,,,,,,,,,,,,,,,,,,,,,,,,,,,,,
53,0,0.12832193076610565,0.19421905279159546,11.352115631103516,10.356057167053223,20.77857780456543,21.03118324279785,0.8638865947723389,0.7920055389404297,0.0724845603108406,0.08722240477800369,0.2167317420244217,0.16801512241363525,0.0728161409497261,0.09146906435489655,0.30614757537841797,0.3564359247684479,20.124826431274414,20.546770095825195,0.1090727224946022,0.3011642396450043,17.876384735107422,19.208173751831055,0.12124687433242798,0.36903509497642517,0.92751544713974,0.9127776026725769,0.7832682132720947,0.8319848775863647,0.926695704460144,0.9088398218154907,0.6916813850402832,0.6408053040504456,,,,,,,,,,,,,,,,,,,,,,,,,,,,,,
54,0,0.1257127970457077,0.1958835870027542,11.38331413269043,10.19222640991211,20.773143768310547,20.804868698120117,0.8669922947883606,0.7898106575012207,0.07201219350099564,0.08784139901399612,0.20714983344078064,0.1650274097919464,0.07021836936473846,0.0911107212305069,0.31294357776641846,0.3613058626651764,20.096599578857422,20.708017349243164,0.10707321763038635,0.29951250553131104,17.645238876342773,18.837547302246094,0.120086669921875,0.36662349104881287,0.927987813949585,0.9121586084365845,0.792850136756897,0.834972620010376,0.9293109178543091,0.9091969728469849,0.6848372220993042,0.635897696018219,,,,,,,,,,,,,,,,,,,,,,,,,,,,,,
55,0,0.12322401255369186,0.1925072818994522,11.221891403198242,10.13150691986084,20.529373168945312,20.6356201171875,0.869493305683136,0.793512225151062,0.07097107172012329,0.08481527864933014,0.2058017998933792,0.16043873131275177,0.06898416578769684,0.08978292346000671,0.3061978220939636,0.35590100288391113,19.9664306640625,20.22679328918457,0.10630890727043152,0.2959681451320648,17.341899871826172,18.96934700012207,0.12178359180688858,0.35923096537590027,0.9290289282798767,0.915184736251831,0.794198215007782,0.8395612835884094,0.9305533766746521,0.9105202555656433,0.6916307806968689,0.641344428062439,,,,,,,,,,,,,,,,,,,,,,,,,,,,,,
56,0,0.12311825901269913,0.1958540976047516,11.149518013000488,10.110697746276855,20.37295913696289,20.51909828186035,0.8697300553321838,0.7895832061767578,0.06970694661140442,0.0838119387626648,0.20219267904758453,0.16536833345890045,0.0689426138997078,0.08763587474822998,0.3161582946777344,0.36370736360549927,19.790252685546875,20.148109436035156,0.10572276264429092,0.29928189516067505,17.352537155151367,18.87925910949707,0.12183760106563568,0.35328611731529236,0.930293083190918,0.9161880612373352,0.7978073358535767,0.8346316814422607,0.9305951595306396,0.9126600623130798,0.6815997362136841,0.6334776282310486,,,,,,,,,,,,,,,,,,,,,,,,,,,,,,
57,0,0.12157812714576721,0.19587457180023193,11.146058082580566,10.137077331542969,20.380260467529297,20.699369430541992,0.8712128400802612,0.7904455065727234,0.06985612958669662,0.08372165262699127,0.20332558453083038,0.1582452952861786,0.06983574479818344,0.08968132734298706,0.30198946595191956,0.37152913212776184,19.7757511138916,20.156797409057617,0.10568214952945709,0.2942918837070465,17.463470458984375,18.844371795654297,0.11807946860790253,0.36171790957450867,0.9301438927650452,0.9162783622741699,0.7966744303703308,0.841754674911499,0.9296960830688477,0.9106215238571167,0.695868968963623,0.6255953311920166,,,,,,,,,,,,,,,,,,,,,,,,,,,,,,
58,0,0.12039457261562347,0.1945689618587494,11.175219535827637,10.12439250946045,20.374086380004883,20.750751495361328,0.872390866279602,0.7914724349975586,0.06904113292694092,0.08485258370637894,0.20263418555259705,0.15390871465206146,0.07058718800544739,0.0895058661699295,0.30731019377708435,0.3615584373474121,19.776573181152344,20.277694702148438,0.1052098423242569,0.2887326180934906,17.550296783447266,18.692102432250977,0.11980496346950531,0.35662132501602173,0.9309588670730591,0.9151474237442017,0.7973657846450806,0.8460912704467773,0.9289395809173584,0.9107964038848877,0.6905105113983154,0.6356431245803833,,,,,,,,,,,,,,,,,,,,,,,,,,,,,,
59,0,0.11926161497831345,0.19333261251449585,11.109685897827148,10.190559387207031,20.212509155273438,20.775264739990234,0.8736580014228821,0.7929396033287048,0.06851774454116821,0.0826444998383522,0.19961273670196533,0.1545930802822113,0.070589579641819,0.08997165411710739,0.30335018038749695,0.3592294156551361,19.674840927124023,20.140180587768555,0.10436507314443588,0.2886875867843628,17.555173873901367,18.95319175720215,0.11816918849945068,0.35524603724479675,0.9314822554588318,0.917355477809906,0.8003872632980347,0.8454069495201111,0.9289371967315674,0.9103321433067322,0.6944986581802368,0.6379902362823486,,,,,,,,,,,,,,,,,,,,,,,,,,,,,,
60,0,0.1204303503036499,0.1901942491531372,11.079879760742188,9.899147033691406,20.21413803100586,20.313932418823242,0.8725091218948364,0.7953907251358032,0.06907544285058975,0.08182153850793839,0.19980388879776,0.15926259756088257,0.06718767434358597,0.08648443222045898,0.3118695020675659,0.34783318638801575,19.772308349609375,19.90006446838379,0.1043594479560852,0.29300275444984436,17.114561080932617,18.325979232788086,0.12074889987707138,0.3511088192462921,0.9309245347976685,0.9181784987449646,0.80019611120224,0.8407374024391174,0.932361900806427,0.9138076305389404,0.685918927192688,0.6494746208190918,,,,,,,,,,,,,,,,,,,,,,,,,,,,,,
61,0,0.11739502847194672,0.1973056197166443,11.049369812011719,10.039952278137207,20.183298110961914,20.68461036682129,0.8757902383804321,0.7889493107795715,0.06807282567024231,0.08278375118970871,0.19428613781929016,0.15169653296470642,0.0692380741238594,0.0903204083442688,0.30263927578926086,0.37678343057632446,19.598358154296875,19.993423461914062,0.10344104468822479,0.2883102595806122,17.07463264465332,18.926774978637695,0.12120965868234634,0.3609025478363037,0.9319272041320801,0.9172162413597107,0.8057138919830322,0.848303496837616,0.9302977323532104,0.9099845886230469,0.695214569568634,0.6203003525733948,,,,,,,,,,,,,,,,,,,,,,,,,,,,,,
62,0,0.11612600833177567,0.19163140654563904,10.95521354675293,10.278013229370117,20.03590202331543,20.955202102661133,0.8770565986633301,0.7950037121772766,0.06670936942100525,0.08214873820543289,0.19298647344112396,0.14992903172969818,0.07118979841470718,0.0925072729587555,0.2976676821708679,0.3536076545715332,19.360353469848633,19.9088077545166,0.10286296159029007,0.28529417514801025,17.666963577270508,19.17037010192871,0.11778999865055084,0.3520808815956116,0.9332906007766724,0.9178512692451477,0.8070135116577148,0.8500709533691406,0.9283329248428345,0.9078050851821899,0.7002214193344116,0.6436554789543152,,,,,,,,,,,,,,,,,,,,,,,,,,,,,,
63,0,0.11519945412874222,0.18580010533332825,10.851221084594727,9.887890815734863,19.819997787475586,20.3731632232666,0.8779952526092529,0.8009987473487854,0.06609434634447098,0.07914165407419205,0.19209781289100647,0.15068520605564117,0.06834752857685089,0.08580730855464935,0.29210755228996277,0.3448338210582733,19.271780014038086,19.601028442382812,0.10282733291387558,0.2860998809337616,17.078189849853516,18.326011657714844,0.11904667317867279,0.35156625509262085,0.9339056611061096,0.9208583831787109,0.8079022169113159,0.84931480884552,0.9311942458152771,0.9144824743270874,0.7058210372924805,0.6524972319602966,,,,,,,,,,,,,,,,,,,,,,,,,,,,,,
64,0,0.1123809665441513,0.19177097082138062,10.892577171325684,9.946237564086914,19.878612518310547,20.46026039123535,0.8811041116714478,0.7943246364593506,0.06570493429899216,0.08080560714006424,0.18636752665042877,0.14270558953285217,0.06865383684635162,0.08697135001420975,0.30456435680389404,0.35741931200027466,19.230958938598633,19.82182502746582,0.10086619108915329,0.28040748834609985,17.175151824951172,18.44584846496582,0.11786020547151566,0.34808167815208435,0.9342950582504272,0.9191944003105164,0.8136324882507324,0.8572944402694702,0.930885910987854,0.9133223295211792,0.6932758092880249,0.6398143768310547,,,,,,,,,,,,,,,,,,,,,,,,,,,,,,
65,0,0.11363052576780319,0.18852970004081726,10.742928504943848,9.932087898254395,19.57415771484375,20.25365447998047,0.8795824646949768,0.7980973720550537,0.06426295638084412,0.07749857753515244,0.18994498252868652,0.1499636322259903,0.06740883737802505,0.08501537889242172,0.2943122684955597,0.3558676540851593,19.023101806640625,19.471725463867188,0.1020875871181488,0.28452974557876587,17.258346557617188,18.288711547851562,0.11524961143732071,0.3496888279914856,0.9357370138168335,0.9225014448165894,0.8100550174713135,0.8500363826751709,0.9321392774581909,0.9152716994285583,0.7036006450653076,0.6413779854774475,,,,,,,,,,,,,,,,,,,,,,,,,,,,,,
66,0,0.111812524497509,0.188051238656044,10.875689506530762,9.865870475769043,19.846712112426758,20.317291259765625,0.8817047476768494,0.7980387806892395,0.06555189937353134,0.08045841008424759,0.18561026453971863,0.1415606141090393,0.06782686710357666,0.08556226640939713,0.30376556515693665,0.3456946909427643,19.23642349243164,19.749692916870117,0.10085996240377426,0.27879229187965393,17.156639099121094,18.150375366210938,0.11855175346136093,0.3444366455078125,0.9344481229782104,0.919541597366333,0.8143897652626038,0.8584393858909607,0.9317184090614319,0.9147266745567322,0.6940802931785583,0.6516296863555908,,,,,,,,,,,,,,,,,,,,,,,,,,,,,,
67,0,0.11154402047395706,0.19012451171875,10.77087116241455,9.818002700805664,19.65237045288086,20.209630966186523,0.8817319869995117,0.796389102935791,0.06497432291507721,0.07782027870416641,0.18940582871437073,0.14087168872356415,0.06790965795516968,0.08342135697603226,0.29672834277153015,0.36131003499031067,19.117786407470703,19.475479125976562,0.10179252177476883,0.27816787362098694,16.992189407348633,18.15619468688965,0.1182522252202034,0.3472135365009308,0.935025691986084,0.9221796989440918,0.8105941414833069,0.8591283559799194,0.9316350817680359,0.9168603420257568,0.7011674642562866,0.6358934640884399,,,,,,,,,,,,,,,,,,,,,,,,,,,,,,
68,0,0.10788268595933914,0.19242741167545319,10.532902717590332,10.004681587219238,19.167741775512695,20.47096824645996,0.8855544328689575,0.7937794923782349,0.06190003454685211,0.07388999313116074,0.1833575814962387,0.1386345773935318,0.0684446468949318,0.08749514818191528,0.30252805352211,0.3613090515136719,18.69867706298828,19.038766860961914,0.09953855723142624,0.27452385425567627,17.18988037109375,18.657655715942383,0.11774539947509766,0.35195279121398926,0.9380999803543091,0.926110029220581,0.8166424036026001,0.8613654375076294,0.9310964941978455,0.9128003120422363,0.695326566696167,0.6358944773674011,,,,,,,,,,,,,,,,,,,,,,,,,,,,,,
69,0,0.10766953229904175,0.18794696033000946,10.640176773071289,9.72434139251709,19.42012596130371,20.06847381591797,0.8859004378318787,0.7984589338302612,0.0628243237733841,0.07694512605667114,0.18185976147651672,0.1347692608833313,0.06565359979867935,0.08428122103214264,0.296501487493515,0.3547244071960449,18.788475036621094,19.358125686645508,0.09971952438354492,0.2735985517501831,16.785037994384766,18.036649703979492,0.11522354930639267,0.3463740944862366,0.9371756911277771,0.9230548739433289,0.8181402683258057,0.8652307987213135,0.9339062571525574,0.916003406047821,0.7013958692550659,0.642530083656311,,,,,,,,,,,,,,,,,,,,,,,,,,,,,,
70,0,0.10529100894927979,0.18514719605445862,10.552128791809082,9.655119895935059,19.14887237548828,19.966585159301758,0.8884550929069519,0.8012655973434448,0.061661068350076675,0.07392459362745285,0.17740876972675323,0.13318511843681335,0.0649225041270256,0.08353053778409958,0.2956191599369049,0.34593820571899414,18.815263748168945,18.981048583984375,0.0983688086271286,0.26931455731391907,16.653181076049805,17.926300048828125,0.11519962549209595,0.3403075933456421,0.9383389353752136,0.9260753989219666,0.822591245174408,0.8668148517608643,0.9346422553062439,0.916751503944397,0.7022844552993774,0.6513842940330505,,,,,,,,,,,,,,,,,,,,,,,,,,,,,,
71,0,0.10655141621828079,0.18544724583625793,10.652520179748535,9.626163482666016,19.35153579711914,19.975282669067383,0.8870846033096313,0.8009176254272461,0.06208515167236328,0.07685535401105881,0.17991331219673157,0.1328076720237732,0.06526923924684525,0.08315593004226685,0.296742707490921,0.3462204933166504,18.816484451293945,19.3773250579834,0.09894081205129623,0.2703876495361328,16.5505313873291,17.929624557495117,0.11697501689195633,0.34450358152389526,0.9379148483276367,0.9231446385383606,0.8200867176055908,0.8671923279762268,0.9342932105064392,0.91712486743927,0.7011529207229614,0.6510998010635376,,,,,,,,,,,,,,,,,,,,,,,,,,,,,,
72,0,0.10391438752412796,0.18843141198158264,10.454865455627441,9.564583778381348,19.020069122314453,20.03032684326172,0.8898746371269226,0.7980799078941345,0.059637650847435,0.07476231455802917,0.17467530071735382,0.13142609596252441,0.06528349220752716,0.08414635062217712,0.29441171884536743,0.3588204085826874,18.46908187866211,19.01255989074707,0.09743426740169525,0.26826247572898865,16.447311401367188,17.810150146484375,0.11531732976436615,0.34452956914901733,0.9403623342514038,0.9252376556396484,0.8253247141838074,0.8685739040374756,0.9342788457870483,0.9161378145217896,0.703500509262085,0.6384024024009705,,,,,,,,,,,,,,,,,,,,,,,,,,,,,,
73,0,0.100503109395504,0.1865350604057312,10.414321899414062,9.829983711242676,18.868345260620117,20.165794372558594,0.8935193419456482,0.8000300526618958,0.05884721875190735,0.0733349546790123,0.1695288121700287,0.12421178072690964,0.06650413572788239,0.08477514982223511,0.29448601603507996,0.3491640090942383,18.414236068725586,18.922636032104492,0.09644178301095963,0.2636922597885132,16.91874885559082,18.29833221435547,0.11654726415872574,0.34345898032188416,0.941152811050415,0.9266650676727295,0.8304712176322937,0.8757882118225098,0.9330500364303589,0.9155111312866211,0.7034256458282471,0.6481335163116455,,,,,,,,,,,,,,,,,,,,,,,,,,,,,,
74,0,0.10282892733812332,0.1942061185836792,10.399239540100098,9.820347785949707,18.855327606201172,20.470678329467773,0.8910686373710632,0.7922417521476746,0.05989798903465271,0.07150252163410187,0.17284712195396423,0.13147753477096558,0.06966478377580643,0.08560668677091599,0.2995665371417999,0.3710210919380188,18.49018669128418,18.765869140625,0.09710933268070221,0.268583744764328,17.139699935913086,17.981515884399414,0.11666779220104218,0.35335588455200195,0.9401019811630249,0.9284974932670593,0.8271528482437134,0.8685224652290344,0.9298681616783142,0.9146823883056641,0.6983091235160828,0.6261072754859924,,,,,,,,,,,,,,,,,,,,,,,,,,,,,,
75,0,0.10266893357038498,0.19200417399406433,10.479756355285645,10.020633697509766,19.08545684814453,20.52584457397461,0.8914352655410767,0.794877827167511,0.06065710261464119,0.07434755563735962,0.16984592378139496,0.12940850853919983,0.07126913964748383,0.08417604118585587,0.2934982180595398,0.3664344251155853,18.607526779174805,18.94774627685547,0.09625478833913803,0.2663838267326355,17.662572860717773,18.155153274536133,0.11426427215337753,0.3470856249332428,0.9393429160118103,0.9256524443626404,0.8301540613174438,0.8705915212631226,0.9282530546188354,0.9161081910133362,0.7044204473495483,0.6307294368743896,,,,,,,,,,,,,,,,,,,,,,,,,,,,,,
76,0,0.10010994225740433,0.1862533986568451,10.370307922363281,9.916844367980957,18.75185775756836,20.44852066040039,0.8939138650894165,0.8008508682250977,0.05808357521891594,0.07249186187982559,0.16875162720680237,0.12501762807369232,0.06751657277345657,0.08850515633821487,0.28624722361564636,0.3494391441345215,18.30373191833496,18.88182830810547,0.09616078436374664,0.2626338303089142,17.01580047607422,18.533912658691406,0.11348005384206772,0.33948880434036255,0.9419164061546326,0.9275081157684326,0.83124840259552,0.8749823570251465,0.9320307970046997,0.9117937088012695,0.7117228507995605,0.6478562355041504,,,,,,,,,,,,,,,,,,,,,,,,,,,,,,
77,0,0.10016606748104095,0.18492144346237183,10.289773941040039,9.425471305847168,18.682544708251953,19.653221130371094,0.8939594030380249,0.801185131072998,0.0581352636218071,0.0712222084403038,0.166925847530365,0.12787918746471405,0.06301509588956833,0.08075034618377686,0.2991151809692383,0.3474189043045044,18.23739242553711,18.64011573791504,0.09538779407739639,0.2644999921321869,16.220340728759766,17.53374481201172,0.11534557491540909,0.3406853973865509,0.9418647289276123,0.928777813911438,0.833074152469635,0.8721208572387695,0.9365624189376831,0.9195223450660706,0.6987636089324951,0.6498921513557434,,,,,,,,,,,,,,,,,,,,,,,,,,,,,,
78,0,0.09801730513572693,0.1868072748184204,10.291425704956055,9.51545238494873,18.647050857543945,19.808483123779297,0.8961453437805176,0.8002194762229919,0.0580463707447052,0.07075169682502747,0.1660834699869156,0.12053744494915009,0.06429071724414825,0.08160389959812164,0.2847171723842621,0.3635222613811493,18.3217716217041,18.550792694091797,0.09495048224925995,0.25917696952819824,16.397396087646484,17.672834396362305,0.1140613704919815,0.34708768129348755,0.9419536590576172,0.9292483329772949,0.8339165449142456,0.8794625997543335,0.9352782964706421,0.9186716675758362,0.713263750076294,0.6336641311645508,,,,,,,,,,,,,,,,,,,,,,,,,,,,,,
79,0,0.09921076148748398,0.1857520192861557,10.298842430114746,9.524866104125977,18.61241912841797,19.86014175415039,0.8949869275093079,0.8002547025680542,0.05794845148921013,0.07030844688415527,0.1653820276260376,0.1264132857322693,0.06475555151700974,0.08183466643095016,0.3023698031902313,0.3450485169887543,18.360414505004883,18.52947425842285,0.09482356160879135,0.26360735297203064,16.50266456604004,17.5921573638916,0.1145843043923378,0.33727508783340454,0.9420515298843384,0.9296915531158447,0.8346179723739624,0.8735867142677307,0.9348103404045105,0.918441653251648,0.6954859495162964,0.652280867099762,,,,,,,,,,,,,,,,,,,,,,,,,,,,,,
80,0,0.09695269912481308,0.18256942927837372,10.250702857971191,9.382841110229492,18.64638328552246,19.717464447021484,0.8974146246910095,0.8048213124275208,0.05816398561000824,0.07056079059839249,0.16242174804210663,0.11919507384300232,0.0632118359208107,0.0816115215420723,0.2774234712123871,0.3536156415939331,18.202951431274414,18.533695220947266,0.09414292871952057,0.25791287422180176,16.073165893554688,17.544265747070312,0.11220254004001617,0.340941846370697,0.9418359994888306,0.9294391870498657,0.8375782370567322,0.8808049559593201,0.9363644123077393,0.9186640977859497,0.720609188079834,0.6436474323272705,,,,,,,,,,,,,,,,,,,,,,,,,,,,,,
81,0,0.09601669758558273,0.18958336114883423,10.209705352783203,9.644954681396484,18.539520263671875,20.10173988342285,0.8984411954879761,0.7973411083221436,0.05758962035179138,0.06961601972579956,0.16017647087574005,0.11885316669940948,0.06632961332798004,0.08385249227285385,0.28836584091186523,0.3670402467250824,18.23143768310547,18.337047576904297,0.0928627997636795,0.2582385540008545,16.61025619506836,17.93230628967285,0.11477488279342651,0.34607595205307007,0.942410409450531,0.9303839802742004,0.8398235440254211,0.8811468482017517,0.933225691318512,0.916430652141571,0.7095892429351807,0.6301189661026001,,,,,,,,,,,,,,,,,,,,,,,,,,,,,,
82,0,0.09560539573431015,0.18646833300590515,10.198088645935059,9.361285209655762,18.456745147705078,19.672119140625,0.8989126086235046,0.8004379272460938,0.05678685009479523,0.06943807750940323,0.15830078721046448,0.1198236420750618,0.06325490772724152,0.0807202011346817,0.2858339846134186,0.36344751715660095,18.154016494750977,18.38543128967285,0.0932488813996315,0.2565050423145294,16.146278381347656,17.36850357055664,0.11399796605110168,0.3404407501220703,0.943213164806366,0.930561900138855,0.8416991829872131,0.8801763653755188,0.9363210201263428,0.9195523858070374,0.7121390104293823,0.6337394714355469,,,,,,,,,,,,,,,,,,,,,,,,,,,,,,
83,0,0.0938078984618187,0.19276434183120728,10.077089309692383,9.647820472717285,18.21990203857422,20.071752548217773,0.9006062746047974,0.7933464050292969,0.05482957884669304,0.06844572722911835,0.15825971961021423,0.1160396933555603,0.06494917720556259,0.08542516082525253,0.301108717918396,0.369985431432724,17.864614486694336,18.25440216064453,0.09284280240535736,0.2548646926879883,16.471134185791016,18.10552406311035,0.11598977446556091,0.3522111475467682,0.9451704025268555,0.9315542578697205,0.8417402505874634,0.8839603066444397,0.9346153736114502,0.9148632884025574,0.6967560052871704,0.6271509528160095,,,,,,,,,,,,,,,,,,,,,,,,,,,,,,
84,0,0.09309304505586624,0.18905186653137207,10.054990768432617,9.425865173339844,18.17755126953125,19.72811508178711,0.9014175534248352,0.7979116439819336,0.05465365946292877,0.06800766289234161,0.15630367398262024,0.11536488682031631,0.06356118619441986,0.08126278221607208,0.2852484881877899,0.37321799993515015,17.74820327758789,18.307876586914062,0.09230619668960571,0.25399118661880493,16.289932250976562,17.45162582397461,0.11445410549640656,0.34059375524520874,0.9453463554382324,0.9319923520088196,0.8436963558197021,0.8846351504325867,0.9360126852989197,0.919011652469635,0.7127286791801453,0.6238933801651001,,,,,,,,,,,,,,,,,,,,,,,,,,,,,,
85,0,0.09537936747074127,0.18294905126094818,10.064770698547363,9.37144947052002,18.311124801635742,19.61528778076172,0.8992444276809692,0.8041363954544067,0.05558717995882034,0.06881507486104965,0.15521599352359772,0.12340399622917175,0.06404400616884232,0.07847677171230316,0.28331273794174194,0.3527173101902008,17.805931091308594,18.274063110351562,0.09157978743314743,0.257820188999176,16.31919288635254,17.201799392700195,0.11324281245470047,0.3384460508823395,0.9444128274917603,0.9311848878860474,0.8447840213775635,0.8765960335731506,0.9355266690254211,0.921788215637207,0.714678168296814,0.6445527076721191,,,,,,,,,,,,,,,,,,,,,,,,,,,,,,
86,0,0.09013646841049194,0.1811271458864212,9.973339080810547,9.367446899414062,18.037792205810547,19.67498207092285,0.9044742584228516,0.8056657910346985,0.053956106305122375,0.06675361096858978,0.15369422733783722,0.10769925266504288,0.06360206007957458,0.08024099469184875,0.2878229320049286,0.3408362865447998,17.70371437072754,18.043180465698242,0.09155560284852982,0.24805186688899994,16.194225311279297,17.341333389282227,0.11351534724235535,0.3344496190547943,0.9460439085960388,0.933246374130249,0.846305787563324,0.8923007845878601,0.9359715580940247,0.9200299382209778,0.7101359963417053,0.6565256714820862,,,,,,,,,,,,,,,,,,,,,,,,,,,,,,
87,0,0.09074040502309799,0.17987783253192902,9.98900032043457,9.358748435974121,18.073467254638672,19.651264190673828,0.9038974046707153,0.8073080778121948,0.054435912519693375,0.06661088019609451,0.15367268025875092,0.10969099402427673,0.06262847781181335,0.08131220191717148,0.2802678048610687,0.34178099036216736,17.81610870361328,17.970176696777344,0.09150562435388565,0.24813814461231232,16.084136962890625,17.44588279724121,0.11080203950405121,0.3309214413166046,0.9455640912055969,0.9333891272544861,0.8463273048400879,0.8903090357780457,0.9369516372680664,0.9189623594284058,0.7177447080612183,0.6555737257003784,,,,,,,,,,,,,,,,,,,,,,,,,,,,,,
88,0,0.09074628353118896,0.18270300328731537,9.989631652832031,9.188085556030273,18.0490779876709,19.31767463684082,0.9040910601615906,0.8041179776191711,0.05479726195335388,0.06565398722887039,0.1503591239452362,0.11282536387443542,0.06136229261755943,0.07727213203907013,0.28543901443481445,0.35453593730926514,17.820154190063477,17.967931747436523,0.09059586375951767,0.24873130023479462,15.832120895385742,17.06608009338379,0.11371089518070221,0.332549512386322,0.9452027082443237,0.9343460202217102,0.8496408462524414,0.887174665927887,0.9382263422012329,0.9229888319969177,0.7125368118286133,0.6427199840545654,,,,,,,,,,,,,,,,,,,,,,,,,,,,,,
89,0,0.08938538283109665,0.18166214227676392,9.925836563110352,9.306405067443848,17.990943908691406,19.53323745727539,0.905349612236023,0.8058803081512451,0.054238077253103256,0.0655486211180687,0.15164723992347717,0.10716759413480759,0.062254101037979126,0.07975594699382782,0.27396175265312195,0.3556634187698364,17.71169090270996,17.84738540649414,0.09160368144512177,0.24528367817401886,16.035869598388672,17.289623260498047,0.11008813232183456,0.3371391296386719,0.9457619190216064,0.9344514012336731,0.8483527302742004,0.8928323984146118,0.937328577041626,0.920513391494751,0.7240954637527466,0.6415838003158569,,,,,,,,,,,,,,,,,,,,,,,,,,,,,,
90,0,0.09067302197217941,0.18766652047634125,9.9827241897583,9.656454086303711,18.12054443359375,20.093029022216797,0.9041302800178528,0.7989266514778137,0.05454232916235924,0.06722956895828247,0.1507645696401596,0.11094259470701218,0.06792424619197845,0.08123466372489929,0.29526665806770325,0.354846328496933,17.698535919189453,18.087736129760742,0.08989744633436203,0.24834288656711578,16.974184036254883,17.545133590698242,0.113210529088974,0.3386661410331726,0.9454576969146729,0.9327704310417175,0.8492354154586792,0.8890573978424072,0.9316203594207764,0.9190396666526794,0.7026394605636597,0.6424071788787842,,,,,,,,,,,,,,,,,,,,,,,,,,,,,,
91,0,0.09049905091524124,0.184916689991951,9.909830093383789,9.313934326171875,17.93264389038086,19.59020233154297,0.9040493965148926,0.8017747402191162,0.05351889133453369,0.06568655371665955,0.15440742671489716,0.11018950492143631,0.0635867565870285,0.07872792333364487,0.2896811366081238,0.35593554377555847,17.675203323364258,17.825756072998047,0.09132406115531921,0.24738144874572754,16.248291015625,17.053760528564453,0.11295861750841141,0.3429381251335144,0.9464811086654663,0.9343134760856628,0.8455925583839417,0.8898105025291443,0.9359869360923767,0.9215379357337952,0.7082645893096924,0.6413096189498901,,,,,,,,,,,,,,,,,,,,,,,,,,,,,,
92,0,0.09105019271373749,0.18981501460075378,9.975235939025879,9.352449417114258,18.027074813842773,19.835529327392578,0.9039175510406494,0.7968183755874634,0.05349406972527504,0.0672808513045311,0.1467851847410202,0.11676982045173645,0.06474030762910843,0.08140356838703156,0.29190438985824585,0.3695882558822632,17.691408157348633,18.06287384033203,0.08940090984106064,0.25240564346313477,16.164514541625977,17.304872512817383,0.11240502446889877,0.347791850566864,0.9465059041976929,0.9327191710472107,0.8532148599624634,0.8832302093505859,0.9348256587982178,0.918871283531189,0.7060256004333496,0.6275511980056763,,,,,,,,,,,,,,,,,,,,,,,,,,,,,,
93,0,0.0899902880191803,0.1826397180557251,9.932585716247559,9.395602226257324,18.001188278198242,19.496097564697266,0.9051076173782349,0.8041579723358154,0.05416383966803551,0.06582991033792496,0.14498479664325714,0.1145910993218422,0.06258184462785721,0.07858353853225708,0.28690582513809204,0.3503962755203247,17.67731475830078,17.91266632080078,0.088866226375103,0.25035616755485535,16.445554733276367,17.1466121673584,0.11311513930559158,0.336837500333786,0.9458361864089966,0.9341700673103333,0.855015218257904,0.885408878326416,0.9369986057281494,0.921681821346283,0.7110595703125,0.646891713142395,,,,,,,,,,,,,,,,,,,,,,,,,,,,,,
94,0,0.0870947614312172,0.17907533049583435,9.852258682250977,9.182811737060547,17.73488426208496,19.45397186279297,0.9079596996307373,0.8079224228858948,0.05243188887834549,0.0641130656003952,0.1440061330795288,0.10761027038097382,0.06122131645679474,0.07992710918188095,0.2821856439113617,0.34020158648490906,17.54436683654785,17.75869369506836,0.08787202090024948,0.24559496343135834,15.748136520385742,17.148975372314453,0.11256861686706543,0.3314324915409088,0.9475681185722351,0.9358869194984436,0.8559938669204712,0.892389714717865,0.9383682608604431,0.9203428030014038,0.7158132791519165,0.6571652889251709,,,,,,,,,,,,,,,,,,,,,,,,,,,,,,
95,0,0.0869499072432518,0.18188855051994324,9.888909339904785,9.32201862335205,17.82715606689453,19.538585662841797,0.9079256653785706,0.8047313690185547,0.052562255412340164,0.06541971862316132,0.14740994572639465,0.10290545970201492,0.06297199428081512,0.07874728739261627,0.2902279198169708,0.34424859285354614,17.59206771850586,17.851112365722656,0.08895182609558105,0.240679070353508,16.12826156616211,17.242090225219727,0.11107878386974335,0.33415159583091736,0.9474377632141113,0.9345802664756775,0.8525900840759277,0.8970945477485657,0.9366058111190796,0.9215186238288879,0.7077139616012573,0.6530870199203491,,,,,,,,,,,,,,,,,,,,,,,,,,,,,,
96,0,0.08711058646440506,0.18353013694286346,9.790453910827637,9.399532318115234,17.75487518310547,19.670358657836914,0.9080094695091248,0.8030389547348022,0.052513010799884796,0.06431439518928528,0.14289028942584991,0.10824443399906158,0.06392788141965866,0.07965360581874847,0.2920002043247223,0.34734368324279785,17.400352478027344,17.688480377197266,0.08835791796445847,0.24291299283504486,16.381196975708008,17.249019622802734,0.11267220228910446,0.32867565751075745,0.9474869966506958,0.9356856346130371,0.8571096658706665,0.8917555809020996,0.9356435537338257,0.9206153750419617,0.7059290409088135,0.6499679088592529,,,,,,,,,,,,,,,,,,,,,,,,,,,,,,
97,0,0.08522206544876099,0.1792488992214203,9.765686988830566,9.061617851257324,17.677610397338867,19.258699417114258,0.9098770618438721,0.8073700666427612,0.05170678347349167,0.06429196149110794,0.1424425095319748,0.10205041617155075,0.0602240227162838,0.07798153162002563,0.28772956132888794,0.33977413177490234,17.353837966918945,17.650785446166992,0.08778185397386551,0.2385113537311554,15.529719352722168,16.930402755737305,0.11179883778095245,0.33154159784317017,0.9482932090759277,0.9357080459594727,0.8575575351715088,0.8979495763778687,0.9393722414970398,0.922281801700592,0.7102299928665161,0.6575960516929626,,,,,,,,,,,,,,,,,,,,,,,,,,,,,,
98,0,0.08552931249141693,0.1813514530658722,9.752047538757324,9.160624504089355,17.61557960510254,19.43545913696289,0.9094371795654297,0.8051874041557312,0.051712293177843094,0.06327930837869644,0.14486010372638702,0.10239974409341812,0.06146690621972084,0.07921604812145233,0.2902703583240509,0.34343573451042175,17.338462829589844,17.614280700683594,0.08804044127464294,0.2390727400779724,15.847752571105957,16.941728591918945,0.11137713491916656,0.3300376534461975,0.9482877254486084,0.9367206692695618,0.8551399111747742,0.8976002931594849,0.9381210207939148,0.9210514426231384,0.7076711654663086,0.6539061069488525,,,,,,,,,,,,,,,,,,,,,,,,,,,,,,
99,0,0.08438196033239365,0.18841254711151123,9.694388389587402,9.448591232299805,17.537057876586914,19.615219116210938,0.9108919501304626,0.7985186576843262,0.05147089436650276,0.062382008880376816,0.13896983861923218,0.10360956937074661,0.06361231207847595,0.07913749665021896,0.28579410910606384,0.37231385707855225,17.296913146972656,17.43404769897461,0.08722033351659775,0.24063178896903992,16.31468391418457,17.509855270385742,0.11358210444450378,0.34374967217445374,0.9485291242599487,0.9376180171966553,0.8610301613807678,0.896390438079834,0.9359612464904785,0.9211297631263733,0.7121791839599609,0.6248044967651367,,,,,,,,,,,,,,,,,,,,,,,,,,,,,,
100,0,0.08505170792341232,0.18558469414710999,9.718343734741211,9.306232452392578,17.540414810180664,19.70109748840332,0.9100109338760376,0.8006569147109985,0.05144498869776726,0.06247566640377045,0.1428220421075821,0.10321361571550369,0.06323438882827759,0.08127979189157486,0.29705142974853516,0.3508354425430298,17.281909942626953,17.548248291015625,0.08769325166940689,0.23938657343387604,16.03168296813965,17.30149269104004,0.1122724786400795,0.3280588686466217,0.9485549926757812,0.9375243186950684,0.8571779727935791,0.8967863917350769,0.9363417029380798,0.918994665145874,0.700842022895813,0.6464491486549377,,,,,,,,,,,,,,,,,,,,,,,,,,,,,,
101,0,0.08418111503124237,0.17985551059246063,9.694775581359863,9.306145668029785,17.555255889892578,19.625276565551758,0.9110043048858643,0.8071755766868591,0.05143488198518753,0.06273037195205688,0.14054816961288452,0.10126934200525284,0.06030460447072983,0.08442508429288864,0.2808929979801178,0.3409251272678375,17.264041900634766,17.477415084838867,0.0875154510140419,0.23811829090118408,15.664373397827148,17.740148544311523,0.1107892394065857,0.33603933453559875,0.9485651254653931,0.9372696280479431,0.8594518303871155,0.8987306952476501,0.9392911195755005,0.9158599972724915,0.717115044593811,0.6564362049102783,,,,,,,,,,,,,,,,,,,,,,,,,,,,,,
102,0,0.08372915536165237,0.18144501745700836,9.653361320495605,9.133223533630371,17.478214263916016,19.16680335998535,0.9113867282867432,0.8058286905288696,0.050021711736917496,0.06365227699279785,0.14047767221927643,0.10030151158571243,0.059778645634651184,0.07703780382871628,0.2763286828994751,0.35866403579711914,17.0395450592041,17.584362030029297,0.0871158242225647,0.23691225051879883,15.68598747253418,17.02598762512207,0.10948550701141357,0.3341068923473358,0.9499782919883728,0.9363477230072021,0.8595223426818848,0.8996984958648682,0.9398205876350403,0.9232223629951477,0.7217117547988892,0.6385599374771118,,,,,,,,,,,,,,,,,,,,,,,,,,,,,,
103,0,0.08303506672382355,0.18040360510349274,9.62425422668457,9.061678886413574,17.401329040527344,19.317150115966797,0.9122180938720703,0.8061411380767822,0.04986480996012688,0.06266195327043533,0.13778334856033325,0.10081735253334045,0.06085735931992531,0.07804353535175323,0.28958889842033386,0.34209969639778137,17.043563842773438,17.464588165283203,0.08628766983747482,0.23673081398010254,15.543609619140625,16.91547393798828,0.11276718974113464,0.3291309177875519,0.9501351714134216,0.9373380541801453,0.8622166514396667,0.8991826772689819,0.9387346506118774,0.92221999168396,0.7083574533462524,0.6552525162696838,,,,,,,,,,,,,,,,,,,,,,,,,,,,,,
104,0,0.08170397579669952,0.17764954268932343,9.57390308380127,9.085539817810059,17.30978012084961,19.41069221496582,0.9135695695877075,0.8092505931854248,0.04974881187081337,0.061382316052913666,0.13723482191562653,0.09735586494207382,0.06250568479299545,0.07717293500900269,0.2848742604255676,0.33368349075317383,17.060007095336914,17.24505615234375,0.0861102044582367,0.23636183142662048,15.646233558654785,16.89080810546875,0.11027313023805618,0.3264918327331543,0.9502511620521545,0.9386177062988281,0.8627651929855347,0.902644157409668,0.9370752573013306,0.9230876564979553,0.7131055593490601,0.6637338399887085,,,,,,,,,,,,,,,,,,,,,,,,,,,,,,
105,0,0.08042217046022415,0.1791214793920517,9.549503326416016,9.12053108215332,17.192092895507812,19.363121032714844,0.9151521921157837,0.807542085647583,0.049112532287836075,0.06049216166138649,0.13108505308628082,0.09870138019323349,0.061014845967292786,0.07862091064453125,0.2876618802547455,0.337736576795578,16.979040145874023,17.246265411376953,0.08445961773395538,0.23683218657970428,15.54754638671875,17.155132293701172,0.11146301031112671,0.32090407609939575,0.9508874416351318,0.9395078420639038,0.8689149618148804,0.9012986421585083,0.9385761022567749,0.9216445684432983,0.7102981805801392,0.6596493721008301,,,,,,,,,,,,,,,,,,,,,,,,,,,,,,
106,0,0.07931559532880783,0.18262501060962677,9.563485145568848,8.999287605285645,17.3021297454834,19.15123748779297,0.916152834892273,0.8044031858444214,0.04992056265473366,0.06099963188171387,0.13375571370124817,0.09071284532546997,0.06084783002734184,0.07511413842439651,0.2814565598964691,0.3600318431854248,17.035249710083008,17.243938446044922,0.08465104550123215,0.22693957388401031,15.592930793762207,16.60645866394043,0.10987234115600586,0.3312147259712219,0.9500794410705566,0.9390003681182861,0.8662443161010742,0.90928715467453,0.9387442469596863,0.9251395463943481,0.7165474891662598,0.6371815800666809,,,,,,,,,,,,,,,,,,,,,,,,,,,,,,
107,0,0.07961253076791763,0.18476532399654388,9.482501029968262,9.091318130493164,17.13424301147461,19.338512420654297,0.9157967567443848,0.8021655082702637,0.048396967351436615,0.06067568063735962,0.13339288532733917,0.09434736520051956,0.061269842088222504,0.07778415083885193,0.28359103202819824,0.36371877789497375,16.79695701599121,17.204248428344727,0.08430469036102295,0.23157955706119537,15.553016662597656,17.01844024658203,0.11090406775474548,0.334550142288208,0.9516030550003052,0.9393243193626404,0.866607129573822,0.905652642250061,0.9383193850517273,0.9224784970283508,0.7143979072570801,0.6334661245346069,,,,,,,,,,,,,,,,,,,,,,,,,,,,,,
108,0,0.07923954725265503,0.18213681876659393,9.458047866821289,9.078554153442383,17.112485885620117,19.25733184814453,0.9162651300430298,0.8045660853385925,0.04838477820158005,0.06035253033041954,0.13162337243556976,0.09457871317863464,0.06072523817420006,0.07718221098184586,0.28686028718948364,0.3520621657371521,16.776714324951172,17.130783081054688,0.08418124169111252,0.2322433888912201,15.620692253112793,16.890342712402344,0.11038941890001297,0.32993069291114807,0.9516152143478394,0.9396474957466125,0.868376612663269,0.9054213166236877,0.9388676881790161,0.9230784177780151,0.711105465888977,0.6452128887176514,,,,,,,,,,,,,,,,,,,,,,,,,,,,,,
109,0,0.0800066590309143,0.18588165938854218,9.488011360168457,8.978394508361816,17.124113082885742,19.206621170043945,0.9154847860336304,0.8007495403289795,0.04876148700714111,0.059958938509225845,0.13224001228809357,0.09710012376308441,0.06055140122771263,0.07654877007007599,0.28808102011680603,0.3667912781238556,16.876380920410156,17.129671096801758,0.08450000733137131,0.23235192894935608,15.474882125854492,16.661693572998047,0.11029992252588272,0.33544525504112244,0.9512385129928589,0.9400410652160645,0.8677599430084229,0.9028998613357544,0.9390426874160767,0.9237097501754761,0.7098760604858398,0.6303697824478149,,,,,,,,,,,,,,,,,,,,,,,,,,,,,,
110,0,0.08150845766067505,0.1802382916212082,9.544412612915039,9.25495719909668,17.215639114379883,19.30816078186035,0.9139091372489929,0.8065600395202637,0.04926967993378639,0.06062326952815056,0.13413271307945251,0.10033778101205826,0.06089067831635475,0.0778317078948021,0.28530970215797424,0.3448895514011383,16.956890106201172,17.254150390625,0.0851106196641922,0.234840527176857,16.084123611450195,17.035179138183594,0.11175408959388733,0.32626789808273315,0.9507303237915039,0.939376711845398,0.8658672571182251,0.8996622562408447,0.9387010931968689,0.9224311113357544,0.7126670479774475,0.6524410247802734,,,,,,,,,,,,,,,,,,,,,,,,,,,,,,
111,0,0.08149730414152145,0.1755666434764862,9.440656661987305,8.949847221374512,16.972129821777344,19.01218605041504,0.913796067237854,0.8113411664962769,0.04752765968441963,0.059466589242219925,0.13472607731819153,0.10309556126594543,0.058374661952257156,0.07648691534996033,0.2810494303703308,0.3340131640434265,16.813350677490234,17.01382064819336,0.08473407477140427,0.23554496467113495,15.287666320800781,16.787925720214844,0.1080094650387764,0.32430052757263184,0.9524723291397095,0.9405333995819092,0.8652739524841309,0.896904468536377,0.9412339925765991,0.9237713813781738,0.7169575691223145,0.6634016036987305,,,,,,,,,,,,,,,,,,,,,,,,,,,,,,
112,0,0.07925724983215332,0.1818220168352127,9.499855041503906,9.086786270141602,17.124147415161133,19.196640014648438,0.9162909984588623,0.80501389503479,0.04873467609286308,0.060000840574502945,0.13115450739860535,0.09494579583406448,0.05992451682686806,0.07734110206365585,0.2838967442512512,0.3538894057273865,16.926963806152344,17.11760902404785,0.08401503413915634,0.23102295398712158,15.504790306091309,17.066566467285156,0.11002203822135925,0.32760512828826904,0.9512653350830078,0.9399991631507874,0.8688454627990723,0.9050542116165161,0.9396737813949585,0.9229200482368469,0.7140899896621704,0.64337158203125,,,,,,,,,,,,,,,,,,,,,,,,,,,,,,
113,0,0.07745786756277084,0.18395179510116577,9.42602252960205,8.997832298278809,16.99905014038086,19.107576370239258,0.9182901382446289,0.8025687336921692,0.04817741736769676,0.05889495462179184,0.12690356373786926,0.09286357462406158,0.05892931669950485,0.07730240374803543,0.2884675860404968,0.3600594103336334,16.76437759399414,17.02243995666504,0.0825941264629364,0.22929392755031586,15.426526069641113,16.806045532226562,0.11031703650951385,0.3275083899497986,0.9518225789070129,0.94110506772995,0.8730964660644531,0.9071364402770996,0.9406756162643433,0.9229586124420166,0.709486722946167,0.6371538043022156,,,,,,,,,,,,,,,,,,,,,,,,,,,,,,
114,0,0.07744734734296799,0.18118052184581757,9.313340187072754,8.853233337402344,16.832534790039062,18.95778465270996,0.9182649850845337,0.8054666519165039,0.04720628634095192,0.057794760912656784,0.12661385536193848,0.09532535076141357,0.05825842171907425,0.0757107138633728,0.2856028378009796,0.3536640405654907,16.57024574279785,16.808576583862305,0.08300421386957169,0.22828637063503265,15.168866157531738,16.535701751708984,0.10940980911254883,0.3335724174976349,0.9527937173843384,0.9422052502632141,0.8733861446380615,0.9046746492385864,0.9413509964942932,0.9245449304580688,0.712371826171875,0.6435986757278442,,,,,,,,,,,,,,,,,,,,,,,,,,,,,,
115,0,0.0755644142627716,0.185264453291893,9.251176834106445,8.994695663452148,16.732133865356445,19.22064971923828,0.92012619972229,0.8015406131744385,0.046762771904468536,0.05692798271775246,0.1265084594488144,0.08929584175348282,0.06031224876642227,0.07716598361730576,0.28490328788757324,0.3664553761482239,16.51296615600586,16.63249969482422,0.08289164304733276,0.22614294290542603,15.571173667907715,16.615633010864258,0.10925215482711792,0.33058875799179077,0.9532372355461121,0.9430720210075378,0.8734915256500244,0.9107041358947754,0.9392834305763245,0.9230945706367493,0.7130763530731201,0.6307083368301392,,,,,,,,,,,,,,,,,,,,,,,,,,,,,,
116,0,0.07733961194753647,0.17922556400299072,9.349205017089844,8.877418518066406,16.839426040649414,19.153945922851562,0.9181369543075562,0.8071553707122803,0.046847470104694366,0.05845019593834877,0.13058099150657654,0.09157366305589676,0.060128986835479736,0.07627414911985397,0.29166480898857117,0.3384768068790436,16.59478187561035,16.922382354736328,0.08370093256235123,0.2270517200231552,15.268508911132812,16.52121925354004,0.11152217537164688,0.3221898078918457,0.9531525373458862,0.9415498375892639,0.8694189786911011,0.9084263443946838,0.9394679069519043,0.9239833950996399,0.7062668800354004,0.6589034199714661,,,,,,,,,,,,,,,,,,,,,,,,,,,,,,
117,0,0.07566168904304504,0.17901356518268585,9.265010833740234,8.902981758117676,16.665658950805664,19.110204696655273,0.9200958609580994,0.8076850175857544,0.04571007937192917,0.05751797556877136,0.12430411577224731,0.0920843854546547,0.06041046604514122,0.07506828010082245,0.2865065336227417,0.3424408733844757,16.462247848510742,16.748165130615234,0.0822886973619461,0.22700053453445435,15.328474998474121,16.551671981811523,0.10853476077318192,0.32337215542793274,0.9542899131774902,0.942482054233551,0.8756958842277527,0.9079155921936035,0.9391845464706421,0.9251852035522461,0.7114616632461548,0.6549086570739746,,,,,,,,,,,,,,,,,,,,,,,,,,,,,,
118,0,0.07412964105606079,0.18023772537708282,9.254206657409668,8.91110610961914,16.648094177246094,19.10892105102539,0.9216206073760986,0.8068317174911499,0.04576799273490906,0.05716218054294586,0.12443417310714722,0.08615327626466751,0.059557728469371796,0.07635866850614548,0.2795405387878418,0.3523651361465454,16.489316940307617,16.676469802856445,0.08163511008024216,0.22365011274814606,15.201530456542969,16.7364444732666,0.10883091390132904,0.3249230682849884,0.9542319774627686,0.9428378343582153,0.8755658268928528,0.9138467311859131,0.9400429725646973,0.9238991737365723,0.7184771299362183,0.6449075937271118,,,,,,,,,,,,,,,,,,,,,,,,,,,,,,
119,0,0.07340160012245178,0.18402113020420074,9.208003044128418,8.844260215759277,16.574649810791016,19.04876708984375,0.9225391745567322,0.8027008771896362,0.04533945024013519,0.056697744876146317,0.12052037566900253,0.0872858390212059,0.06000152602791786,0.07461463660001755,0.28596505522727966,0.3636225163936615,16.399293899536133,16.601829528808594,0.08071865886449814,0.2235729992389679,15.167281150817871,16.507747650146484,0.10766623169183731,0.3289923071861267,0.9546605348587036,0.9433022737503052,0.8794796466827393,0.9127141833305359,0.9395962357521057,0.9256373047828674,0.7120070457458496,0.6335631012916565,,,,,,,,,,,,,,,,,,,,,,,,,,,,,,
120,0,0.0758349746465683,0.18123334646224976,9.251423835754395,8.976256370544434,16.726009368896484,19.21704864501953,0.9198616743087769,0.8056364059448242,0.04657154157757759,0.05712601915001869,0.12623071670532227,0.09062505513429642,0.06023549661040306,0.0772232785820961,0.2835668623447418,0.3515538275241852,16.478527069091797,16.676225662231445,0.08225815743207932,0.22533448040485382,15.442625045776367,16.700326919555664,0.10958999395370483,0.32804176211357117,0.9534284472465515,0.9428739547729492,0.8737692832946777,0.9093749523162842,0.9393606781959534,0.9230374693870544,0.7144222259521484,0.6457251906394958,,,,,,,,,,,,,,,,,,,,,,,,,,,,,,
121,0,0.07519542425870895,0.18720664083957672,9.147886276245117,9.00295639038086,16.5024356842041,19.092248916625977,0.9207111597061157,0.7993643879890442,0.045294176787137985,0.05566995218396187,0.12114329636096954,0.0950479805469513,0.05885624140501022,0.07714276760816574,0.28768664598464966,0.3737894892692566,16.26485824584961,16.519214630126953,0.08122449368238449,0.22849735617637634,15.468891143798828,16.766263961791992,0.10937891155481339,0.33696937561035156,0.9547058343887329,0.9443300366401672,0.8788567185401917,0.9049520492553711,0.9407491683959961,0.9231177568435669,0.710273265838623,0.6233174800872803,,,,,,,,,,,,,,,,,,,,,,,,,,,,,,
122,0,0.07583029568195343,0.1831321269273758,9.270247459411621,8.984028816223145,16.70436668395996,19.16903305053711,0.920162558555603,0.8040086030960083,0.046368394047021866,0.057103823870420456,0.12063560634851456,0.09524194151163101,0.06015458703041077,0.07649663835763931,0.2789789140224457,0.36339959502220154,16.476669311523438,16.751005172729492,0.08074754476547241,0.22883577644824982,15.481095314025879,16.68494987487793,0.10828857868909836,0.3287634253501892,0.9536316394805908,0.9428961873054504,0.8793643712997437,0.904758095741272,0.9394421577453613,0.9237616658210754,0.7190427780151367,0.6337877511978149,,,,,,,,,,,,,,,,,,,,,,,,,,,,,,
123,0,0.06798049062490463,0.17960120737552643,8.947997093200684,8.562521934509277,16.0899658203125,18.616384506225586,0.9283536672592163,0.8077026605606079,0.042998455464839935,0.05301520600914955,0.11087699234485626,0.07969476282596588,0.05662591755390167,0.0723155066370964,0.2729512155056,0.36242082715034485,15.971292495727539,16.092737197875977,0.07798969000577927,0.21571744978427887,14.735685348510742,15.91256046295166,0.10487056523561478,0.324690580368042,0.9570015668869019,0.9469847679138184,0.8891230225563049,0.9203052520751953,0.9429944753646851,0.9279286861419678,0.7251131534576416,0.6347740888595581,,,,,,,,,,,,,,,,,,,,,,,,,,,,,,
124,0,0.06307873129844666,0.17822304368019104,8.751313209533691,8.53447437286377,15.695941925048828,18.61125373840332,0.9335014820098877,0.808948814868927,0.04100567102432251,0.05031789466738701,0.10428539663553238,0.07038508355617523,0.056427326053380966,0.07253490388393402,0.2749576270580292,0.3554506301879883,15.645686149597168,15.712902069091797,0.07537173479795456,0.20714308321475983,14.58696460723877,15.984243392944336,0.10598959028720856,0.32066643238067627,0.9589943289756775,0.9496821165084839,0.8957145810127258,0.9296149015426636,0.9431943893432617,0.9277100563049316,0.7230925559997559,0.6417982578277588,,,,,,,,,,,,,,,,,,,,,,,,,,,,,,
125,0,0.06182759627699852,0.17677946388721466,8.692777633666992,8.494878768920898,15.598824501037598,18.567638397216797,0.9346962571144104,0.8105350732803345,0.0403301827609539,0.04995692893862724,0.10462366044521332,0.06630415469408035,0.05620383471250534,0.072132907807827,0.2722780704498291,0.35245293378829956,15.545938491821289,15.60237979888916,0.07605467736721039,0.20434996485710144,14.58811092376709,15.82829761505127,0.10504711419343948,0.31777703762054443,0.959669828414917,0.9500430822372437,0.8953763246536255,0.9336958527565002,0.9434193968772888,0.928110659122467,0.7257910966873169,0.6448191404342651,,,,,,,,,,,,,,,,,,,,,,,,,,,,,,
126,0,0.06063153222203255,0.17791272699832916,8.606651306152344,8.443073272705078,15.481620788574219,18.52867317199707,0.9360926151275635,0.8095027208328247,0.039679937064647675,0.04927990585565567,0.10030212998390198,0.06636762619018555,0.05577334389090538,0.07212942093610764,0.27024126052856445,0.35901960730552673,15.379110336303711,15.464685440063477,0.07387181371450424,0.20194530487060547,14.461945533752441,15.771151542663574,0.10537190735340118,0.320824533700943,0.9603200554847717,0.9507200717926025,0.8996978998184204,0.9336323738098145,0.9438527822494507,0.9281141757965088,0.7278423309326172,0.6382016539573669,,,,,,,,,,,,,,,,,,,,,,,,,,,,,,
127,0,0.060169510543346405,0.1770547777414322,8.592449188232422,8.460853576660156,15.494976043701172,18.558391571044922,0.9365514516830444,0.8103158473968506,0.03979358449578285,0.04929632693529129,0.1004527360200882,0.0642516240477562,0.056378599256277084,0.0717049092054367,0.2714869976043701,0.3543621599674225,15.348197937011719,15.4464750289917,0.07391605526208878,0.20083549618721008,14.514891624450684,15.781668663024902,0.10428940504789352,0.3179372251033783,0.9602063894271851,0.9507036805152893,0.899547278881073,0.9357483983039856,0.9432434439659119,0.9285372495651245,0.7265877723693848,0.6428951025009155,,,,,,,,,,,,,,,,,,,,,,,,,,,,,,
128,0,0.059441953897476196,0.17891927063465118,8.600470542907715,8.557061195373535,15.406044960021973,18.7497501373291,0.937248170375824,0.8083511590957642,0.03944253921508789,0.04857269674539566,0.10064426064491272,0.062347810715436935,0.05761493742465973,0.07308786362409592,0.2743557095527649,0.3566910922527313,15.356398582458496,15.468748092651367,0.074185311794281,0.20037955045700073,14.696818351745605,15.945711135864258,0.1056823581457138,0.31635767221450806,0.9605574607849121,0.9514273405075073,0.8993557691574097,0.9376521706581116,0.9419988393783569,0.9271589517593384,0.7236987352371216,0.6405481696128845,,,,,,,,,,,,,,,,,,,,,,,,,,,,,,
129,0,0.05853164568543434,0.17811335623264313,8.502571105957031,8.415444374084473,15.314959526062012,18.493749618530273,0.9382660388946533,0.8092042207717896,0.03896574676036835,0.04801804572343826,0.09818948060274124,0.06176247075200081,0.056053124368190765,0.07110223919153214,0.27214500308036804,0.35903850197792053,15.21773624420166,15.249320030212402,0.07332054525613785,0.19797275960445404,14.477254867553711,15.64619255065918,0.10512763261795044,0.3170374035835266,0.9610342383384705,0.9519819617271423,0.9018105268478394,0.9382375478744507,0.9435710906982422,0.9291378855705261,0.725925087928772,0.6381826400756836,,,,,,,,,,,,,,,,,,,,,,,,,,,,,,
130,0,0.0575222447514534,0.1759411245584488,8.500306129455566,8.448315620422363,15.235684394836426,18.563682556152344,0.9392685890197754,0.8113694190979004,0.03838657960295677,0.047792818397283554,0.09772777557373047,0.05901855230331421,0.05682728439569473,0.07110457867383957,0.27284297347068787,0.34897056221961975,15.146690368652344,15.32849407196045,0.0728243812918663,0.1956629753112793,14.514253616333008,15.736898422241211,0.10437385737895966,0.3133629262447357,0.9616134166717529,0.9522072076797485,0.9022722244262695,0.9409814476966858,0.942791759967804,0.9291355013847351,0.7252221703529358,0.648328423500061,,,,,,,,,,,,,,,,,,,,,,,,,,,,,,
131,0,0.058711886405944824,0.1721722036600113,8.484359741210938,8.380348205566406,15.249889373779297,18.43343162536621,0.9381440281867981,0.8151036500930786,0.038163792341947556,0.048330917954444885,0.09637875109910965,0.06455032527446747,0.05519038438796997,0.07141025364398956,0.2718455493450165,0.33647841215133667,15.104652404785156,15.312359809875488,0.07255527377128601,0.19918155670166016,14.373669624328613,15.637661933898926,0.10417325794696808,0.3118809163570404,0.9618362188339233,0.9516690969467163,0.903621256351471,0.9354496598243713,0.9444395899772644,0.9288308620452881,0.7262266874313354,0.6609172821044922,,,,,,,,,,,,,,,,,,,,,,,,,,,,,,
132,0,0.05835118889808655,0.17601004242897034,8.478548049926758,8.478763580322266,15.263532638549805,18.471065521240234,0.9384305477142334,0.8110871315002441,0.038922492414712906,0.047362904995679855,0.09842336177825928,0.06156935915350914,0.055831242352724075,0.07105990499258041,0.2755957245826721,0.3483794331550598,15.226730346679688,15.14136028289795,0.073658786714077,0.19931837916374207,14.638333320617676,15.707840919494629,0.10505285114049911,0.312921941280365,0.9610775113105774,0.9526370763778687,0.9015766382217407,0.938430666923523,0.9437944889068604,0.9291800260543823,0.7224498987197876,0.6489241719245911,,,,,,,,,,,,,,,,,,,,,,,,,,,,,,
133,0,0.05863009765744209,0.17080900073051453,8.48051929473877,8.401633262634277,15.225151062011719,18.474802017211914,0.9381884336471558,0.8164093494415283,0.03822227939963341,0.04789583757519722,0.09710685908794403,0.06402147561311722,0.0562773160636425,0.07043925672769547,0.2737000286579132,0.3293168246746063,15.105459213256836,15.297080993652344,0.0731014534831047,0.1977856457233429,14.446784019470215,15.637962341308594,0.10519012808799744,0.30712056159973145,0.9617777466773987,0.9521041512489319,0.9028931260108948,0.9359785318374634,0.9433454275131226,0.9297986030578613,0.7243590354919434,0.668134331703186,,,,,,,,,,,,,,,,,,,,,,,,,,,,,,
134,0,0.058297593146562576,0.17292115092277527,8.444485664367676,8.381770133972168,15.11153793334961,18.462121963500977,0.9385930299758911,0.8142789602279663,0.037780970335006714,0.04698915034532547,0.09534500539302826,0.06551270186901093,0.055955082178115845,0.07071875780820847,0.2738237679004669,0.33769500255584717,15.111882209777832,15.144465446472168,0.07216760516166687,0.2000998854637146,14.344940185546875,15.67882251739502,0.10441816598176956,0.31109893321990967,0.9622189998626709,0.9530108571052551,0.9046549797058105,0.9344873428344727,0.9436697959899902,0.9295200705528259,0.7242344617843628,0.6596912741661072,,,,,,,,,,,,,,,,,,,,,,,,,,,,,,
135,0,0.057509373873472214,0.17320044338703156,8.402434349060059,8.360146522521973,15.031033515930176,18.372560501098633,0.939338207244873,0.8140125870704651,0.03758824244141579,0.04617112874984741,0.09590668231248856,0.06298121064901352,0.05525960028171539,0.07027043402194977,0.2730051875114441,0.3407081663608551,15.037858963012695,15.068031311035156,0.07215867936611176,0.198366180062294,14.239240646362305,15.720016479492188,0.10531796514987946,0.3111332356929779,0.9624117612838745,0.9538288712501526,0.904093325138092,0.9370188117027283,0.944369912147522,0.9299668669700623,0.7250587940216064,0.6566548347473145,,,,,,,,,,,,,,,,,,,,,,,,,,,,,,
136,0,0.057793114334344864,0.17587637901306152,8.396929740905762,8.399910926818848,15.074917793273926,18.47186851501465,0.9392262697219849,0.8110983967781067,0.03783711791038513,0.04639628529548645,0.09302347153425217,0.06583821773529053,0.05578972399234772,0.07113795727491379,0.2776296138763428,0.346266508102417,15.05142593383789,15.029672622680664,0.07137611508369446,0.19912315905094147,14.402905464172363,15.675131797790527,0.10540565848350525,0.31609058380126953,0.9621629118919373,0.9536037445068359,0.9069765210151672,0.9341617822647095,0.9438362717628479,0.9291022419929504,0.7204015851020813,0.6510534286499023,,,,,,,,,,,,,,,,,,,,,,,,,,,,,,
137,0,0.0580461323261261,0.17550820112228394,8.451688766479492,8.372997283935547,15.178913116455078,18.363649368286133,0.9388816952705383,0.8114451766014099,0.03819748014211655,0.04728896915912628,0.09505876153707504,0.06392806768417358,0.05477156862616539,0.07087089121341705,0.277086466550827,0.34671398997306824,15.123734474182129,15.160455703735352,0.07161949574947357,0.1989210695028305,14.30470085144043,15.688815116882324,0.10528328269720078,0.314208060503006,0.9618025422096252,0.9527110457420349,0.9049412608146667,0.9360719323158264,0.9448612332344055,0.9293684363365173,0.7209485769271851,0.6506025195121765,,,,,,,,,,,,,,,,,,,,,,,,,,,,,,
138,0,0.05750998854637146,0.176836758852005,8.468281745910645,8.501812934875488,15.265562057495117,18.599716186523438,0.9394910931587219,0.8102465867996216,0.03881370276212692,0.047557659447193146,0.09429313987493515,0.06137104704976082,0.056504566222429276,0.07221918553113937,0.2764616310596466,0.3490312397480011,15.162776947021484,15.180898666381836,0.07164852321147919,0.19745254516601562,14.527002334594727,15.93227767944336,0.10646224766969681,0.3146214485168457,0.9611862897872925,0.9524423480033875,0.9057068824768066,0.9386289715766907,0.9431166052818298,0.9280247092247009,0.7215778827667236,0.6482673287391663,,,,,,,,,,,,,,,,,,,,,,,,,,,,,,
139,0,0.05868755280971527,0.17543770372867584,8.485380172729492,8.471834182739258,15.179332733154297,18.559017181396484,0.9382460117340088,0.8116301894187927,0.03828379511833191,0.047162435948848724,0.09505420178174973,0.06651531159877777,0.05677272751927376,0.07110980898141861,0.2768879532814026,0.3439426124095917,15.166833877563477,15.24067211151123,0.07201842963695526,0.20052997767925262,14.619053840637207,15.70507526397705,0.10508021712303162,0.311394065618515,0.9617161750793457,0.9528375864028931,0.9049457907676697,0.933484673500061,0.9428466558456421,0.9291303157806396,0.7211484909057617,0.6533953547477722,,,,,,,,,,,,,,,,,,,,,,,,,,,,,,
140,0,0.0567997470498085,0.1752820611000061,8.402998924255371,8.417549133300781,15.059123039245605,18.496156692504883,0.9403469562530518,0.8116106986999512,0.0376189760863781,0.0465116985142231,0.09046119451522827,0.0640200525522232,0.0564030297100544,0.07060679793357849,0.2795233428478241,0.3422529995441437,15.037972450256348,15.072042465209961,0.07077919691801071,0.19753411412239075,14.526056289672852,15.603839874267578,0.10520724207162857,0.3085654377937317,0.9623810052871704,0.953488290309906,0.9095388054847717,0.935979962348938,0.9432188272476196,0.9296316504478455,0.7184944152832031,0.655098021030426,,,,,,,,,,,,,,,,,,,,,,,,,,,,,,
141,0,0.05646427720785141,0.17429181933403015,8.384693145751953,8.423394203186035,14.99914836883545,18.533884048461914,0.9405907988548279,0.8128015995025635,0.03743604198098183,0.04596472159028053,0.09193959832191467,0.06229664385318756,0.05636923015117645,0.07130299508571625,0.27605557441711426,0.34033679962158203,14.979260444641113,15.070350646972656,0.07107141613960266,0.19684651494026184,14.48148250579834,15.680218696594238,0.10519175976514816,0.30965906381607056,0.9625639319419861,0.9540352821350098,0.9080604314804077,0.9377033710479736,0.9432528614997864,0.9289377927780151,0.7219867706298828,0.6570290327072144,,,,,,,,,,,,,,,,,,,,,,,,,,,,,,
142,0,0.056443266570568085,0.1719304770231247,8.386495590209961,8.389969825744629,15.028929710388184,18.532840728759766,0.9406715631484985,0.8153265118598938,0.03753461316227913,0.046224195510149,0.0909472405910492,0.06260786950588226,0.056864071637392044,0.07052361965179443,0.273605078458786,0.3330400884151459,15.025050163269043,15.024297714233398,0.07016497850418091,0.1956648826599121,14.494743347167969,15.533751487731934,0.10537875443696976,0.30637308955192566,0.9624654054641724,0.9537758231163025,0.9090527296066284,0.9373921155929565,0.9427546858787537,0.929714560508728,0.7244546413421631,0.6643822193145752,,,,,,,,,,,,,,,,,,,,,,,,,,,,,,
143,0,0.05545789375901222,0.17389392852783203,8.340951919555664,8.33680534362793,15.003390312194824,18.472572326660156,0.9416281580924988,0.8132226467132568,0.03787786513566971,0.04534854739904404,0.09174695611000061,0.05851384252309799,0.05632130429148674,0.07033146917819977,0.2755948007106781,0.34013453125953674,14.970605850219727,14.911385536193848,0.07071150094270706,0.1925209015607834,14.277950286865234,15.5858793258667,0.1048005148768425,0.30547234416007996,0.9621221423149109,0.9546514749526978,0.9082530736923218,0.9414861798286438,0.9433011412620544,0.9299060106277466,0.722450852394104,0.6572328805923462,,,,,,,,,,,,,,,,,,,,,,,,,,,,,,
144,0,0.0554841049015522,0.17444677650928497,8.309269905090332,8.480061531066895,14.912880897521973,18.689922332763672,0.9414894580841064,0.8127753734588623,0.03670662268996239,0.04589652270078659,0.09269840270280838,0.05874047055840492,0.057343363761901855,0.07247758656740189,0.2747392952442169,0.3396216630935669,14.849716186523438,14.929068565368652,0.07091905921697617,0.1941504180431366,14.57303524017334,15.79714584350586,0.1053493320941925,0.3078923523426056,0.9632933735847473,0.9541034698486328,0.9073016047477722,0.941259503364563,0.9422721862792969,0.9277671575546265,0.7233123779296875,0.6577497124671936,,,,,,,,,,,,,,,,,,,,,,,,,,,,,,
145,0,0.053041424602270126,0.1728142499923706,8.264872550964355,8.28225040435791,14.780508041381836,18.38663101196289,0.9442123174667358,0.8145545721054077,0.03679075837135315,0.04396584630012512,0.08755273371934891,0.054841525852680206,0.0560353584587574,0.06931266188621521,0.2710164785385132,0.34071680903434753,14.831275939941406,14.780299186706543,0.0695464015007019,0.18959400057792664,14.251672744750977,15.39969253540039,0.10402661561965942,0.306188702583313,0.9632092714309692,0.9560341835021973,0.9124472737312317,0.9451584815979004,0.9435889720916748,0.9309213757514954,0.7270616292953491,0.6566461324691772,,,,,,,,,,,,,,,,,,,,,,,,,,,,,,
146,0,0.0513753779232502,0.172322079539299,8.172362327575684,8.202019691467285,14.618727684020996,18.246179580688477,0.9460145235061646,0.8149774074554443,0.035396087914705276,0.04391612857580185,0.0836900994181633,0.05293980613350868,0.054732564836740494,0.0689505934715271,0.2710311710834503,0.34068310260772705,14.602849960327148,14.68885612487793,0.06820124387741089,0.18902720510959625,14.043766975402832,15.329353332519531,0.1037607192993164,0.30855607986450195,0.9646039009094238,0.9560838937759399,0.9163098931312561,0.947060227394104,0.9449005126953125,0.9312822222709656,0.7270468473434448,0.6566801071166992,,,,,,,,,,,,,,,,,,,,,,,,,,,,,,
147,0,0.05107130855321884,0.17198114097118378,8.0386381149292,8.197482109069824,14.391114234924316,18.20850944519043,0.9463454484939575,0.8151485919952393,0.03488096222281456,0.04167431592941284,0.08266046643257141,0.05540240928530693,0.054024696350097656,0.06940972059965134,0.2732810080051422,0.33800822496414185,14.463644981384277,14.32559871673584,0.06739490479230881,0.18858884274959564,14.0233736038208,15.339305877685547,0.10392078757286072,0.30513912439346313,0.9651190638542175,0.9583256840705872,0.917339563369751,0.944597601890564,0.9456131458282471,0.9308246374130249,0.7247810363769531,0.6593756675720215,,,,,,,,,,,,,,,,,,,,,,,,,,,,,,
148,0,0.0506659559905529,0.17139846086502075,8.089315414428711,8.2581148147583,14.436075210571289,18.299579620361328,0.9467731714248657,0.8158577680587769,0.034778401255607605,0.04242587462067604,0.08215521275997162,0.05354783684015274,0.054485902190208435,0.07023106515407562,0.27152004837989807,0.3356800973415375,14.486485481262207,14.499910354614258,0.06759915500879288,0.1881760209798813,14.0785493850708,15.514801979064941,0.1037944033741951,0.305010050535202,0.9652215838432312,0.9575741291046143,0.9178447723388672,0.9464521408081055,0.9451488256454468,0.9300060868263245,0.7265545129776001,0.6617218255996704,,,,,,,,,,,,,,,,,,,,,,,,,,,,,,
149,0,0.050766605883836746,0.1722620278596878,8.079806327819824,8.218992233276367,14.462800025939941,18.337055206298828,0.946573793888092,0.8149040937423706,0.035017866641283035,0.042414408177137375,0.08418627828359604,0.05208636447787285,0.054768696427345276,0.07042740285396576,0.27333396673202515,0.33717623353004456,14.46016788482666,14.495306015014648,0.06810148060321808,0.18624244630336761,14.031908988952637,15.414495468139648,0.10437928885221481,0.3051702678203583,0.9649821519851685,0.9575855731964111,0.9158137440681458,0.947913646697998,0.9448641538619995,0.9298104047775269,0.7247276902198792,0.6602140665054321,,,,,,,,,,,,,,,,,,,,,,,,,,,,,,
150,0,0.04995868355035782,0.17146643996238708,7.978849411010742,8.173807144165039,14.294934272766113,18.247760772705078,0.9474543333053589,0.8158581256866455,0.034058164805173874,0.04166680946946144,0.08191051334142685,0.05254712328314781,0.054473914206027985,0.06937653571367264,0.27034685015678406,0.33770817518234253,14.27323055267334,14.319864273071289,0.06764411926269531,0.18545927107334137,13.957653999328613,15.323712348937988,0.10352568328380585,0.3062216341495514,0.965941846370697,0.9583331942558289,0.9180895090103149,0.9474529027938843,0.9451608657836914,0.9308577179908752,0.7277359962463379,0.6596779823303223,,,,,,,,,,,,,,,,,,,,,,,,,,,,,,
151,0,0.049891479313373566,0.16964270174503326,8.023795127868652,8.239752769470215,14.359766960144043,18.23758888244629,0.9476107358932495,0.8176652789115906,0.03448869287967682,0.04186095669865608,0.08069365471601486,0.05251378193497658,0.054485708475112915,0.0691886767745018,0.27055826783180237,0.33049798011779785,14.339751243591309,14.418246269226074,0.06699012219905853,0.186298668384552,14.121861457824707,15.392350196838379,0.10357798635959625,0.30171361565589905,0.9655113220214844,0.9581390619277954,0.9193063378334045,0.9474862217903137,0.9451490044593811,0.9310449361801147,0.7275230884552002,0.6669440269470215,,,,,,,,,,,,,,,,,,,,,,,,,,,,,,
152,0,0.04973564296960831,0.17086347937583923,7.995879650115967,8.149711608886719,14.2701416015625,18.220600128173828,0.9477159380912781,0.8164592981338501,0.034054696559906006,0.041347287595272064,0.08119108527898788,0.05254321172833443,0.05420280992984772,0.06933847069740295,0.2701147496700287,0.33586248755455017,14.346290588378906,14.300553321838379,0.06706724315881729,0.18503296375274658,13.939706802368164,15.252264022827148,0.10379788279533386,0.3030034303665161,0.965945303440094,0.9586527347564697,0.9188089370727539,0.9474567770957947,0.9454337954521179,0.9308956861495972,0.727969765663147,0.6615380048751831,,,,,,,,,,,,,,,,,,,,,,,,,,,,,,
153,0,0.04875002056360245,0.17052868008613586,7.972169876098633,8.229955673217773,14.263023376464844,18.325082778930664,0.9487431645393372,0.81667160987854,0.033765245229005814,0.041697051376104355,0.08013054728507996,0.04943449795246124,0.054928846657276154,0.06997935473918915,0.27281543612480164,0.33096182346343994,14.281774520874023,14.285881042480469,0.06664492189884186,0.18336214125156403,14.146720886230469,15.322890281677246,0.10363489389419556,0.30180057883262634,0.9662347435951233,0.9583029747009277,0.9198694229125977,0.9505655169487,0.9447029232978821,0.9302569627761841,0.7252498865127563,0.6664766073226929,,,,,,,,,,,,,,,,,,,,,,,,,,,,,,
154,0,0.04846568778157234,0.1729801446199417,8.041678428649902,8.24283504486084,14.363333702087402,18.32596778869629,0.9490641355514526,0.8143751621246338,0.03453649953007698,0.04183586686849594,0.08018665015697479,0.04718446731567383,0.05497198551893234,0.06992565840482712,0.27033042907714844,0.342570424079895,14.437088966369629,14.376066207885742,0.06652317941188812,0.18282106518745422,14.132573127746582,15.388668060302734,0.10323970764875412,0.3049395978450775,0.9654635190963745,0.9581641554832458,0.919813334941864,0.9528155326843262,0.9446594715118408,0.9303104877471924,0.7277525663375854,0.6547781229019165,,,,,,,,,,,,,,,,,,,,,,,,,,,,,,
155,0,0.048239096999168396,0.17311640083789825,7.993223190307617,8.164386749267578,14.287504196166992,18.257505416870117,0.9492955803871155,0.8142156600952148,0.03407660126686096,0.041542161256074905,0.07964871823787689,0.047550130635499954,0.055060699582099915,0.06863458454608917,0.27079683542251587,0.3439256250858307,14.330110549926758,14.31225872039795,0.06624617427587509,0.18286649882793427,14.067154884338379,15.151888847351074,0.1033269613981247,0.3076128661632538,0.9659234285354614,0.9584578275680542,0.9203512668609619,0.9524498581886292,0.9445701837539673,0.9315971732139587,0.7272828221321106,0.6534124612808228,,,,,,,,,,,,,,,,,,,,,,,,,,,,,,
156,0,0.049883972853422165,0.17235268652439117,8.01923656463623,8.158116340637207,14.344999313354492,18.229928970336914,0.9476644992828369,0.8149281740188599,0.034143004566431046,0.0421946682035923,0.07952689379453659,0.05347723141312599,0.05470038577914238,0.06872706860303879,0.2713187038898468,0.34084442257881165,14.365422248840332,14.370243072509766,0.06616120785474777,0.18592342734336853,14.014200210571289,15.194171905517578,0.10310526192188263,0.3047657012939453,0.9658569693565369,0.957805335521698,0.9204730987548828,0.9465227723121643,0.9449328780174255,0.931505024433136,0.726757287979126,0.656517505645752,,,,,,,,,,,,,,,,,,,,,,,,,,,,,,
157,0,0.04801240935921669,0.1724081039428711,7.9607367515563965,8.205912590026855,14.271646499633789,18.290267944335938,0.9496123194694519,0.8147661685943604,0.03375985845923424,0.041818391531705856,0.07770344614982605,0.048268966376781464,0.054717596620321274,0.06971625983715057,0.2731514871120453,0.338660329580307,14.26064395904541,14.268263816833496,0.06566905230283737,0.18169376254081726,14.052831649780273,15.339184761047363,0.10333527624607086,0.3036459684371948,0.9662401676177979,0.958181619644165,0.9222965240478516,0.9517310261726379,0.9449155926704407,0.930519163608551,0.7249114513397217,0.658718466758728,,,,,,,,,,,,,,,,,,,,,,,,,,,,,,
158,0,0.04863426461815834,0.17017164826393127,8.001481056213379,8.139989852905273,14.32861328125,18.298681259155273,0.9489079713821411,0.8172451257705688,0.03415190801024437,0.04196644201874733,0.0796036645770073,0.048646118491888046,0.05511350557208061,0.06924880295991898,0.2692859470844269,0.3327508568763733,14.355062484741211,14.31653118133545,0.06625061482191086,0.18139737844467163,13.97156810760498,15.177217483520508,0.10271887481212616,0.30137985944747925,0.9658480882644653,0.958033561706543,0.9203963279724121,0.951353907585144,0.9445170164108276,0.9309850335121155,0.7288044691085815,0.6646736860275269,,,,,,,,,,,,,,,,,,,,,,,,,,,,,,
159,0,0.04790274426341057,0.17073386907577515,7.973202705383301,8.113205909729004,14.282988548278809,18.195329666137695,0.9497273564338684,0.8166138529777527,0.034268878400325775,0.04118914529681206,0.07807302474975586,0.047559432685375214,0.05419992282986641,0.06891883164644241,0.2696802318096161,0.33610108494758606,14.323421478271484,14.242554664611816,0.0654863566160202,0.18157759308815002,13.89712905883789,15.158904075622559,0.103048175573349,0.30278265476226807,0.965731143951416,0.9588108658790588,0.9219269752502441,0.9524405598640442,0.9454367160797119,0.9313138723373413,0.7284073829650879,0.6612975597381592,,,,,,,,,,,,,,,,,,,,,,,,,,,,,,
160,0,0.047548480331897736,0.1693785935640335,7.942695140838623,8.08517074584961,14.195639610290527,18.16578483581543,0.9499737024307251,0.8179053664207458,0.03328366205096245,0.04155408963561058,0.07910162210464478,0.04616580531001091,0.05414952337741852,0.06850257515907288,0.2706545889377594,0.3304629325866699,14.221603393554688,14.244708061218262,0.06632058322429657,0.17995941638946533,13.89175033569336,15.055686950683594,0.1032184436917305,0.30040955543518066,0.9667163491249084,0.9584459066390991,0.9208983778953552,0.9538341760635376,0.9454874396324158,0.931728720664978,0.7274260520935059,0.6669793128967285,,,,,,,,,,,,,,,,,,,,,,,,,,,,,,
161,0,0.047955725342035294,0.17213135957717896,7.9591803550720215,8.144050598144531,14.21242904663086,18.170394897460938,0.9496188759803772,0.8150179386138916,0.03334557265043259,0.041677866131067276,0.07822122424840927,0.048279985785484314,0.05391145870089531,0.06894514709711075,0.27285465598106384,0.33952581882476807,14.186767578125,14.350069999694824,0.06644245237112045,0.1819889396429062,13.94722843170166,15.220686912536621,0.10340035706758499,0.3031393885612488,0.9666544198989868,0.9583221077919006,0.9217787981033325,0.9517199993133545,0.9457271099090576,0.9312876462936401,0.725210428237915,0.6578463315963745,,,,,,,,,,,,,,,,,,,,,,,,,,,,,,
162,0,0.048058751970529556,0.172140434384346,7.9568681716918945,8.12552547454834,14.233309745788574,18.228878021240234,0.9495449662208557,0.8152180314064026,0.03355930373072624,0.041623570024967194,0.0778946727514267,0.04874259606003761,0.05439431592822075,0.06918129324913025,0.2697305381298065,0.34113746881484985,14.160667419433594,14.37288761138916,0.06560994684696198,0.18203532695770264,13.914651870727539,15.185404777526855,0.10295113176107407,0.30429571866989136,0.9664406776428223,0.958376407623291,0.9221053123474121,0.9512574076652527,0.9452410340309143,0.9310523271560669,0.728356659412384,0.6562221646308899,,,,,,,,,,,,,,,,,,,,,,,,,,,,,,
163,0,0.04794517904520035,0.1727103739976883,7.931570053100586,8.04342269897461,14.157539367675781,18.095014572143555,0.949559211730957,0.8145986199378967,0.03329676762223244,0.041038233786821365,0.07944288104772568,0.04798527806997299,0.05345521494746208,0.06838791817426682,0.2697691321372986,0.34528037905693054,14.232269287109375,14.185444831848145,0.06631063669919968,0.18216267228126526,13.795519828796387,15.001519203186035,0.10286121815443039,0.30484429001808167,0.9667032361030579,0.9589617848396301,0.9205571413040161,0.9520147442817688,0.9461864233016968,0.9318430423736572,0.7283177971839905,0.6520471572875977,,,,,,,,,,,,,,,,,,,,,,,,,,,,,,
164,0,0.04704207926988602,0.1704978495836258,7.874752998352051,8.049830436706543,14.096238136291504,18.09573745727539,0.9505179524421692,0.8168735504150391,0.03297466039657593,0.04073644429445267,0.07808635383844376,0.046130646020174026,0.05355088785290718,0.06825394183397293,0.2686978280544281,0.3373580873012543,14.118255615234375,14.098715782165527,0.06566669046878815,0.180612251162529,13.774639129638672,15.054929733276367,0.10286465287208557,0.3023947477340698,0.9670253396034241,0.9592635631561279,0.9219136238098145,0.9538693428039551,0.9460901021957397,0.9319765567779541,0.7293967008590698,0.6600308418273926,,,,,,,,,,,,,,,,,,,,,,,,,,,,,,
165,0,0.04686581343412399,0.17087548971176147,7.861588954925537,8.106639862060547,14.03132152557373,18.118680953979492,0.9506988525390625,0.8165122866630554,0.03294045478105545,0.03995116055011749,0.07795057445764542,0.04636254161596298,0.05358986184000969,0.06857647746801376,0.26847389340400696,0.33865806460380554,14.122899055480957,14.041343688964844,0.06532313674688339,0.18031179904937744,13.92568302154541,15.0962553024292,0.10262149572372437,0.30484670400619507,0.9670595526695251,0.9600488543510437,0.9220494031906128,0.9536374807357788,0.9460508823394775,0.9316551089286804,0.7296222448348999,0.6587207913398743,,,,,,,,,,,,,,,,,,,,,,,,,,,,,,
166,0,0.04683525115251541,0.17067909240722656,7.914329528808594,8.073103904724121,14.140019416809082,18.1685791015625,0.9508039951324463,0.81695157289505,0.03327702730894089,0.040841445326805115,0.07692451775074005,0.04574117809534073,0.05422357842326164,0.0684334933757782,0.2648991048336029,0.33999529480934143,14.162618637084961,14.204150199890137,0.06491720676422119,0.17977359890937805,13.82883358001709,15.082517623901367,0.10173231363296509,0.30287328362464905,0.9667229652404785,0.9591585397720337,0.9230754971504211,0.9542587995529175,0.9454129338264465,0.9317976236343384,0.7332223653793335,0.6573731899261475,,,,,,,,,,,,,,,,,,,,,,,,,,,,,,
167,0,0.046916741877794266,0.17066596448421478,7.9140801429748535,8.07607364654541,14.143441200256348,18.14397430419922,0.9508141279220581,0.8169077038764954,0.033751923590898514,0.04015982523560524,0.07569392770528793,0.047137849032878876,0.054089806973934174,0.0682280957698822,0.2657459080219269,0.33965975046157837,14.292177200317383,14.047398567199707,0.06494800001382828,0.17961043119430542,13.873096466064453,15.040409088134766,0.10244625061750412,0.3025667667388916,0.966248095035553,0.9598401784896851,0.9243060946464539,0.9528621435165405,0.9455475807189941,0.9320023059844971,0.7323695421218872,0.6577113270759583,,,,,,,,,,,,,,,,,,,,,,,,,,,,,,
168,0,0.0472254678606987,0.17159421741962433,7.9127984046936035,8.104987144470215,14.13968563079834,18.212108612060547,0.9503895044326782,0.815910279750824,0.033052027225494385,0.04118073731660843,0.07717154175043106,0.04703748971223831,0.054178785532712936,0.06923200190067291,0.26704487204551697,0.3412390351295471,14.205536842346191,14.146860122680664,0.06525363773107529,0.17906741797924042,13.840910911560059,15.193227767944336,0.10235527902841568,0.30438709259033203,0.9669479727745056,0.9588192701339722,0.9228284358978271,0.9529625177383423,0.9454579949378967,0.9310017824172974,0.7310613989830017,0.6561198234558105,,,,,,,,,,,,,,,,,,,,,,,,,,,,,,
169,0,0.046593546867370605,0.17029251158237457,7.8787150382995605,8.062195777893066,14.079899787902832,18.164718627929688,0.951118528842926,0.8171975612640381,0.03300563246011734,0.040477871894836426,0.07532327622175217,0.04671905189752579,0.054152023047208786,0.0684797465801239,0.2672021985054016,0.3367425799369812,14.108294486999512,14.129019737243652,0.06481494754552841,0.17870771884918213,13.825577735900879,15.044450759887695,0.10223658382892609,0.30094262957572937,0.9669943451881409,0.9595221281051636,0.9246767163276672,0.9532809257507324,0.9454849362373352,0.9317514896392822,0.730902910232544,0.6606510877609253,,,,,,,,,,,,,,,,,,,,,,,,,,,,,,
170,0,0.04718017578125,0.17038577795028687,7.865633487701416,8.028409957885742,14.035493850708008,18.130380630493164,0.9504215121269226,0.8170219659805298,0.03290565684437752,0.040057744830846786,0.07725527137517929,0.04809551313519478,0.053960829973220825,0.06820029765367508,0.2684342861175537,0.3366759717464447,14.078004837036133,14.109987258911133,0.06551075726747513,0.18163150548934937,13.770668029785156,14.975234031677246,0.10186734050512314,0.3021048605442047,0.967094361782074,0.9599422812461853,0.9227447509765625,0.9519044756889343,0.9456773996353149,0.9320300221443176,0.7296621203422546,0.6607182025909424,,,,,,,,,,,,,,,,,,,,,,,,,,,,,,
171,0,0.04728188365697861,0.16986289620399475,7.91156530380249,8.12191390991211,14.114026069641113,18.24660873413086,0.9502936005592346,0.8177322745323181,0.03289538994431496,0.041087556630373,0.07774434238672256,0.047098349779844284,0.054938267916440964,0.0686417892575264,0.26608848571777344,0.3347875773906708,14.145492553710938,14.211915969848633,0.06559710949659348,0.18109846115112305,14.002079963684082,15.067856788635254,0.1021328940987587,0.301925927400589,0.9671046137809753,0.9589124321937561,0.9222556352615356,0.9529016613960266,0.9446934461593628,0.9315900206565857,0.7320245504379272,0.662621259689331,,,,,,,,,,,,,,,,,,,,,,,,,,,,,,
172,0,0.04538462683558464,0.17064926028251648,7.777853488922119,8.040689468383789,13.909027099609375,18.13678741455078,0.9522726535797119,0.8166970014572144,0.03214051201939583,0.039606936275959015,0.07544591277837753,0.04371602088212967,0.053927481174468994,0.06835870444774628,0.2694602310657501,0.33681726455688477,13.924437522888184,13.9504976272583,0.06481966376304626,0.1773272156715393,13.7979097366333,14.99144172668457,0.10224159061908722,0.30160200595855713,0.9678595066070557,0.9603930711746216,0.9245541095733643,0.9562839865684509,0.9457110166549683,0.9318721294403076,0.7286288738250732,0.6605758666992188,,,,,,,,,,,,,,,,,,,,,,,,,,,,,,
173,0,0.04535723850131035,0.16918402910232544,7.788599014282227,7.980444431304932,13.904504776000977,18.020828247070312,0.9524053931236267,0.8183587789535522,0.03211602196097374,0.03958643227815628,0.0735001489520073,0.04517583176493645,0.05317632853984833,0.06758514046669006,0.265403151512146,0.33579087257385254,13.93721866607666,13.978267669677734,0.06379389017820358,0.17771029472351074,13.683466911315918,14.890602111816406,0.10181870311498642,0.30100443959236145,0.9678840041160583,0.9604135751724243,0.9264998435974121,0.9548241496086121,0.9464671611785889,0.9326430559158325,0.7327147722244263,0.6616101264953613,,,,,,,,,,,,,,,,,,,,,,,,,,,,,,
174,0,0.04518137127161026,0.16904860734939575,7.7196502685546875,7.969890117645264,13.793198585510254,18.012287139892578,0.952621340751648,0.8184257745742798,0.032029952853918076,0.03830369561910629,0.07265875488519669,0.04652223363518715,0.05325956642627716,0.06731521338224411,0.2666284143924713,0.3344845175743103,13.904293060302734,13.743311882019043,0.06358960270881653,0.17823587357997894,13.68077564239502,14.850775718688965,0.1016642153263092,0.3020453453063965,0.967970073223114,0.9616963267326355,0.9273412227630615,0.9534777998924255,0.9463833570480347,0.9329121112823486,0.7314808368682861,0.6629266738891602,,,,,,,,,,,,,,,,,,,,,,,,,,,,,,
175,0,0.045278165489435196,0.1691000908613205,7.759494781494141,7.970428466796875,13.879329681396484,17.992746353149414,0.9524568915367126,0.8183895349502563,0.03207695111632347,0.039325371384620667,0.0739588811993599,0.044811274856328964,0.05318230018019676,0.06711004674434662,0.266301691532135,0.3352345824241638,13.932018280029297,13.868661880493164,0.06435272842645645,0.17739035189151764,13.662096977233887,14.876595497131348,0.1018768772482872,0.30089518427848816,0.9679230451583862,0.9606746435165405,0.9260411262512207,0.9551887512207031,0.9464611411094666,0.9331165552139282,0.7318098545074463,0.6621707677841187,,,,,,,,,,,,,,,,,,,,,,,,,,,,,,
176,0,0.044719863682985306,0.16954350471496582,7.722953796386719,8.006760597229004,13.819110870361328,18.06753921508789,0.9531269073486328,0.8179882764816284,0.03187105432152748,0.03887498378753662,0.07169940322637558,0.045046959072351456,0.053697939962148666,0.06755758821964264,0.2660597562789917,0.3361114263534546,13.852890014648438,13.820281982421875,0.06303587555885315,0.17668156325817108,13.724565505981445,14.945767402648926,0.10159728676080704,0.30125996470451355,0.9681289196014404,0.9611250162124634,0.9283006191253662,0.9549530744552612,0.9459420442581177,0.932670533657074,0.7320535182952881,0.6612871289253235,,,,,,,,,,,,,,,,,,,,,,,,,,,,,,
177,0,0.04420555755496025,0.16900774836540222,7.731853008270264,7.975908279418945,13.842718124389648,18.01323699951172,0.9537042379379272,0.8186028003692627,0.03160157427191734,0.03958659619092941,0.07028956711292267,0.04370531812310219,0.05340021848678589,0.06711384654045105,0.2644391655921936,0.3360283076763153,13.769968032836914,13.956725120544434,0.06272631883621216,0.1756463497877121,13.68742847442627,14.866974830627441,0.10181767493486404,0.30169928073883057,0.9683984518051147,0.96041339635849,0.9297104477882385,0.9562947154045105,0.9462417960166931,0.9331128001213074,0.7336856126785278,0.6613708734512329,,,,,,,,,,,,,,,,,,,,,,,,,,,,,,
178,0,0.043548740446567535,0.16926658153533936,7.717109680175781,7.975673198699951,13.714180946350098,18.013425827026367,0.9543298482894897,0.818304717540741,0.03134846314787865,0.03834899142384529,0.07057467848062515,0.04240856319665909,0.05340470373630524,0.06710998713970184,0.2651187777519226,0.33653146028518677,13.877093315124512,13.768548965454102,0.06317419558763504,0.17593984305858612,13.686188697814941,14.867667198181152,0.10178026556968689,0.30160287022590637,0.968651533126831,0.9616510272026062,0.9294252991676331,0.9575914144515991,0.9462372660636902,0.933116614818573,0.7330011129379272,0.6608638763427734,,,,,,,,,,,,,,,,,,,,,,,,,,,,,,
179,0,0.044069379568099976,0.17003178596496582,7.708378791809082,7.937142848968506,13.699681282043457,17.98151969909668,0.9537060260772705,0.8172352313995361,0.03108975477516651,0.038561876863241196,0.07223302870988846,0.04329144209623337,0.05307581648230553,0.06708792597055435,0.2700234651565552,0.3362254202365875,13.783687591552734,13.846819877624512,0.06364805996417999,0.17496424913406372,13.570819854736328,14.853816986083984,0.10229198634624481,0.3011721968650818,0.9689102172851562,0.9614381194114685,0.9277669787406921,0.956708550453186,0.9465683698654175,0.9331386089324951,0.7280616760253906,0.6611722707748413,,,,,,,,,,,,,,,,,,,,,,,,,,,,,,
180,0,0.04351125285029411,0.1700514703989029,7.713394641876221,7.977715015411377,13.777353286743164,17.982803344726562,0.9544781446456909,0.817335844039917,0.031543537974357605,0.038847364485263824,0.06874586641788483,0.04295060783624649,0.05289188399910927,0.06739247590303421,0.2678280770778656,0.337902694940567,13.817914962768555,13.82699203491211,0.062130656093358994,0.17473509907722473,13.635189056396484,14.937481880187988,0.10188289731740952,0.30177193880081177,0.9684564471244812,0.9611526131629944,0.9312541484832764,0.9570493698120117,0.9467535018920898,0.9328351020812988,0.730272650718689,0.6594820022583008,,,,,,,,,,,,,,,,,,,,,,,,,,,,,,
181,0,0.04429971054196358,0.16912639141082764,7.678529739379883,7.965216636657715,13.69173526763916,17.987995147705078,0.9535553455352783,0.8181861042976379,0.031274229288101196,0.03817973658442497,0.07095590978860855,0.04536882042884827,0.05279507860541344,0.06762862205505371,0.2689734995365143,0.33324626088142395,13.787437438964844,13.721803665161133,0.06342276930809021,0.17694267630577087,13.624833106994629,14.900100708007812,0.10238589346408844,0.30140626430511475,0.9687258005142212,0.9618202447891235,0.9290440678596497,0.9546312093734741,0.9468509554862976,0.9325997829437256,0.729119062423706,0.664174497127533,,,,,,,,,,,,,,,,,,,,,,,,,,,,,,
182,0,0.04373545199632645,0.16939230263233185,7.739408493041992,7.940255641937256,13.766157150268555,18.00320053100586,0.9541306495666504,0.8182024359703064,0.03170296177268028,0.038462404161691666,0.07114619016647339,0.04216577857732773,0.05316746607422829,0.06730585545301437,0.26452183723449707,0.33757731318473816,13.948663711547852,13.774114608764648,0.06266535073518753,0.17332394421100616,13.55677318572998,14.884089469909668,0.1019228845834732,0.30067741870880127,0.9682970643043518,0.9615375995635986,0.9288538098335266,0.9578342437744141,0.9464761018753052,0.9329214096069336,0.7336022853851318,0.6598098874092102,,,,,,,,,,,,,,,,,,,,,,,,,,,,,,
183,0,0.04412795603275299,0.1698940247297287,7.646091938018799,8.003448486328125,13.650874137878418,18.095773696899414,0.9536413550376892,0.8176258206367493,0.03095199726521969,0.03815997764468193,0.07220759987831116,0.04411502927541733,0.053481727838516235,0.06836125254631042,0.26609596610069275,0.33693525195121765,13.729045867919922,13.665179252624512,0.06337415426969528,0.17485341429710388,13.672625541687012,14.99592113494873,0.1019567921757698,0.30066171288490295,0.969048023223877,0.961840033531189,0.9277924299240112,0.9558849930763245,0.9461597204208374,0.9318695664405823,0.7320170402526855,0.6604568958282471,,,,,,,,,,,,,,,,,,,,,,,,,,,,,,
184,0,0.04334958642721176,0.1709112972021103,7.67318868637085,7.999989986419678,13.729448318481445,18.079055786132812,0.9545789957046509,0.8165268898010254,0.031340524554252625,0.03855337202548981,0.06965265423059464,0.04213762283325195,0.053678132593631744,0.06777917593717575,0.26769039034843445,0.3400832414627075,13.781238555908203,13.711956024169922,0.062332991510629654,0.17384257912635803,13.748815536499023,14.888787269592285,0.10166383534669876,0.3016987442970276,0.9686594605445862,0.9614466428756714,0.9303473234176636,0.957862377166748,0.9459620118141174,0.9324496984481812,0.7304112911224365,0.6572846174240112,,,,,,,,,,,,,,,,,,,,,,,,,,,,,,
185,0,0.04313063994050026,0.16916416585445404,7.684807777404785,7.959715843200684,13.708148002624512,18.02826690673828,0.954862654209137,0.8182554841041565,0.031069966033101082,0.0386987142264843,0.0682111382484436,0.04256972670555115,0.05318370833992958,0.06769765168428421,0.26749682426452637,0.3339897394180298,13.73379135131836,13.815632820129395,0.06211867183446884,0.17363183200359344,13.593205451965332,14.918598175048828,0.10172200947999954,0.2998546361923218,0.9689300060272217,0.9613012671470642,0.9317888617515564,0.9574303030967712,0.9464597702026367,0.93253093957901,0.730606198310852,0.6634252071380615,,,,,,,,,,,,,,,,,,,,,,,,,,,,,,
186,0,0.04340757057070732,0.16908863186836243,7.624909400939941,7.9410834312438965,13.659950256347656,18.0620174407959,0.9544476270675659,0.8185549974441528,0.03129569813609123,0.037748757749795914,0.07093552500009537,0.0422295480966568,0.05366665869951248,0.06751396507024765,0.26411640644073486,0.33587852120399475,13.721561431884766,13.590300559997559,0.06308745592832565,0.17471779882907867,13.575568199157715,14.86552619934082,0.10131742805242538,0.30020758509635925,0.9687042832374573,0.9622512459754944,0.9290644526481628,0.9577704668045044,0.9459735751152039,0.9327139854431152,0.7340105772018433,0.6615217924118042,,,,,,,,,,,,,,,,,,,,,,,,,,,,,,
187,0,0.0433967225253582,0.1706651747226715,7.664690017700195,7.945376396179199,13.648499488830566,18.030467987060547,0.9544917345046997,0.8169252872467041,0.030971907079219818,0.03810004144906998,0.07002734392881393,0.04293370246887207,0.05347272753715515,0.06728716939687729,0.2649160921573639,0.3419664204120636,13.736406326293945,13.730942726135254,0.06247202679514885,0.17490021884441376,13.597338676452637,14.853994369506836,0.10115134716033936,0.3025681674480438,0.969028115272522,0.9618999361991882,0.9299726486206055,0.9570662975311279,0.9461687803268433,0.9329400658607483,0.733205258846283,0.6553868055343628,,,,,,,,,,,,,,,,,,,,,,,,,,,,,,
188,0,0.04285827651619911,0.17088103294372559,7.646427154541016,7.9512104988098145,13.618149757385254,18.060365676879883,0.9550794363021851,0.8166909217834473,0.030921028926968575,0.037798430770635605,0.06905843317508698,0.04190455377101898,0.053885847330093384,0.06714736670255661,0.2655966877937317,0.34194183349609375,13.706539154052734,13.69499683380127,0.06190742179751396,0.17459022998809814,13.639631271362305,14.825756072998047,0.1015927791595459,0.3024320602416992,0.9690789580345154,0.9622015953063965,0.9309415817260742,0.9580954313278198,0.9457529187202454,0.9330793619155884,0.7325198650360107,0.6554116010665894,,,,,,,,,,,,,,,,,,,,,,,,,,,,,,
189,0,0.0431864969432354,0.17078033089637756,7.679520606994629,7.935735702514648,13.690762519836426,18.038928985595703,0.9547350406646729,0.81680828332901,0.03149229288101196,0.037834927439689636,0.06990603357553482,0.041826605796813965,0.05368051677942276,0.06710737943649292,0.2651312053203583,0.3421858847141266,13.781011581420898,13.737920761108398,0.06267557293176651,0.17306290566921234,13.59741497039795,14.815996170043945,0.10147574543952942,0.30170899629592896,0.968507707118988,0.9621650576591492,0.9300939440727234,0.958173394203186,0.9459596276283264,0.9331192374229431,0.7329885959625244,0.6551656723022461,,,,,,,,,,,,,,,,,,,,,,,,,,,,,,
190,0,0.042396724224090576,0.17043502628803253,7.679355621337891,7.941642761230469,13.638287544250488,18.03211784362793,0.9555451273918152,0.8171699047088623,0.030818287283182144,0.03820756822824478,0.06887640804052353,0.039917267858982086,0.05372115224599838,0.06693167984485626,0.26487258076667786,0.3411419093608856,13.751830101013184,13.774128913879395,0.06175604090094566,0.1720251888036728,13.64464282989502,14.782632827758789,0.10147783160209656,0.30134493112564087,0.9691817164421082,0.9617924094200134,0.9311236143112183,0.9600827097892761,0.9459186792373657,0.9332943558692932,0.7332490682601929,0.6562176942825317,,,,,,,,,,,,,,,,,,,,,,,,,,,,,,
191,0,0.04236989840865135,0.17030957341194153,7.60478401184082,7.899069786071777,13.553361892700195,17.998985290527344,0.9556134939193726,0.8172757625579834,0.03065398335456848,0.03739918768405914,0.06794753670692444,0.041545309126377106,0.053406521677970886,0.06686674803495407,0.26492559909820557,0.3410474956035614,13.682110786437988,13.560494422912598,0.06141896918416023,0.17324547469615936,13.54305648803711,14.73654842376709,0.10123243182897568,0.30085402727127075,0.9693460464477539,0.962600827217102,0.932052493095398,0.9584546685218811,0.9462354183197021,0.9333590269088745,0.7331956624984741,0.6563128232955933,,,,,,,,,,,,,,,,,,,,,,,,,,,,,,
192,0,0.04185814782977104,0.17004917562007904,7.56171178817749,7.915678977966309,13.529165267944336,17.99651527404785,0.9561457633972168,0.8175327777862549,0.03058593161404133,0.03720289096236229,0.0674884021282196,0.0401398241519928,0.053244296461343765,0.06707608699798584,0.2648308277130127,0.3400767743587494,13.581722259521484,13.51203727722168,0.06154124438762665,0.17109966278076172,13.55036449432373,14.794510841369629,0.10136280208826065,0.30028536915779114,0.9694140553474426,0.9627971053123474,0.932511568069458,0.9598602056503296,0.9463987350463867,0.9331504106521606,0.7332911491394043,0.657291054725647,,,,,,,,,,,,,,,,,,,,,,,,,,,,,,
193,0,0.0425330251455307,0.16866134107112885,7.653991222381592,7.898192405700684,13.623417854309082,17.96739387512207,0.9554039835929871,0.8189963698387146,0.0307284127920866,0.03815886005759239,0.06888370215892792,0.040613215416669846,0.05314084142446518,0.06675370037555695,0.2633947432041168,0.336124986410141,13.715168952941895,13.717103958129883,0.06186245009303093,0.17220750451087952,13.529692649841309,14.75080394744873,0.10106554627418518,0.2994539737701416,0.9692716002464294,0.9618411660194397,0.9311162829399109,0.9593867659568787,0.9465029239654541,0.9334717392921448,0.7347373962402344,0.6612734794616699,,,,,,,,,,,,,,,,,,,,,,,,,,,,,,
194,0,0.042626991868019104,0.16905038058757782,7.630228042602539,7.889921188354492,13.60097599029541,17.959373474121094,0.95537269115448,0.8186067342758179,0.031109116971492767,0.03729657083749771,0.06808918714523315,0.04201440140604973,0.05306398868560791,0.06673916429281235,0.263354629278183,0.3378027677536011,13.758406639099121,13.56967830657959,0.061798397451639175,0.17314980924129486,13.51431655883789,14.736018180847168,0.10094752162694931,0.2999527156352997,0.968890905380249,0.9627034068107605,0.9319108128547668,0.9579855799674988,0.9465802907943726,0.9334862232208252,0.7347778081893921,0.6595827341079712,,,,,,,,,,,,,,,,,,,,,,,,,,,,,,
195,0,0.04240194335579872,0.16873805224895477,7.568699359893799,7.86541223526001,13.490287780761719,17.911956787109375,0.9555010199546814,0.8188925385475159,0.030618736520409584,0.036670710891485214,0.069369837641716,0.04133683070540428,0.052673522382974625,0.06655754894018173,0.2634485960006714,0.33714401721954346,13.624515533447266,13.485879898071289,0.06249339506030083,0.17281973361968994,13.453450202941895,14.712224006652832,0.10097022354602814,0.2996995449066162,0.9693812727928162,0.9633293151855469,0.9306301474571228,0.9586631655693054,0.9469733238220215,0.9336671829223633,0.7346831560134888,0.6602465510368347,,,,,,,,,,,,,,,,,,,,,,,,,,,,,,
196,0,0.041412632912397385,0.16868799924850464,7.5288286209106445,7.860864162445068,13.433209419250488,17.89185905456543,0.9565349817276001,0.8189319372177124,0.03024284541606903,0.03654076159000397,0.06816327571868896,0.038913384079933167,0.052376892417669296,0.0666833445429802,0.2633700966835022,0.3372381329536438,13.531773567199707,13.442071914672852,0.061793215572834015,0.17018964886665344,13.424839973449707,14.728987693786621,0.10100523382425308,0.2994718551635742,0.9697571396827698,0.9634592533111572,0.931836724281311,0.961086630821228,0.9472719430923462,0.9335418343544006,0.7347621917724609,0.6601517200469971,,,,,,,,,,,,,,,,,,,,,,,,,,,,,,
197,0,0.04215189814567566,0.16901706159114838,7.611954212188721,7.862700939178467,13.59032917022705,17.89630889892578,0.9558020830154419,0.818635106086731,0.03074035421013832,0.03772775083780289,0.06856396049261093,0.03975953161716461,0.05256110802292824,0.06647238880395889,0.2629963159561157,0.33881446719169617,13.673067092895508,13.601025581359863,0.0617486834526062,0.17185120284557343,13.450197219848633,14.70450496673584,0.10090392827987671,0.3005744516849518,0.9692596197128296,0.9622722268104553,0.9314360618591309,0.9602404832839966,0.94708651304245,0.9337520599365234,0.7351386547088623,0.6585631370544434,,,,,,,,,,,,,,,,,,,,,,,,,,,,,,
198,0,0.04198940470814705,0.1695294976234436,7.573951721191406,7.900491714477539,13.507940292358398,17.960338592529297,0.9559751152992249,0.8180104494094849,0.029933584854006767,0.03793653845787048,0.06760504096746445,0.04062432050704956,0.05291420593857765,0.06698594987392426,0.2652335464954376,0.3381975591182709,13.509476661682129,13.646485328674316,0.06206571310758591,0.1718592345714569,13.527247428894043,14.762892723083496,0.10112426429986954,0.299482524394989,0.9700664281845093,0.9620634317398071,0.9323949813842773,0.9593756794929504,0.9467310309410095,0.9332402348518372,0.7328855991363525,0.6591848134994507,,,,,,,,,,,,,,,,,,,,,,,,,,,,,,
199,0,0.0415276437997818,0.16940174996852875,7.581635475158691,7.876608848571777,13.509593963623047,17.921401977539062,0.9564555287361145,0.8182075023651123,0.030470561236143112,0.03713671863079071,0.06774414330720901,0.03882640600204468,0.052762579172849655,0.06657581776380539,0.2639174163341522,0.33928772807121277,13.646794319152832,13.513468742370605,0.061260417103767395,0.1708185225725174,13.482810974121094,14.720751762390137,0.10118222236633301,0.30009540915489197,0.9695294499397278,0.9628632664680481,0.9322558641433716,0.9611735939979553,0.9468836784362793,0.9336490035057068,0.7342110276222229,0.6580862402915955,,,,,,,,,,,,,,,,,,,,,,,,,,,,,,
200,0,0.04195443540811539,0.16878047585487366,7.574733257293701,7.874826908111572,13.510686874389648,17.9244384765625,0.9560116529464722,0.8188272714614868,0.030251402407884598,0.03748490288853645,0.0678701400756836,0.040347229689359665,0.052691228687763214,0.06673640012741089,0.2638554871082306,0.33680209517478943,13.538834571838379,13.615435600280762,0.06167513504624367,0.17098569869995117,13.467845916748047,14.73216724395752,0.10108547657728195,0.2998051941394806,0.9697486162185669,0.962515115737915,0.9321298599243164,0.9596527814865112,0.9469555020332336,0.9334889650344849,0.7342734336853027,0.6605911254882812,,,,,,,,,,,,,,,,,,,,,,,,,,,,,,
201,0,0.04173583909869194,0.16830191016197205,7.585960388183594,7.863744735717773,13.525699615478516,17.903949737548828,0.9563127160072327,0.8193570375442505,0.03047371841967106,0.03733133152127266,0.06656518578529358,0.04037882387638092,0.05258145183324814,0.06656760722398758,0.26286938786506653,0.3359612822532654,13.629822731018066,13.55010986328125,0.06148722395300865,0.17162716388702393,13.450754165649414,14.70902156829834,0.10130470246076584,0.29925939440727234,0.9695262908935547,0.9626686573028564,0.9334348440170288,0.9596211910247803,0.947066068649292,0.933657169342041,0.7352664470672607,0.6614384651184082,,,,,,,,,,,,,,,,,,,,,,,,,,,,,,
202,0,0.041436005383729935,0.16778340935707092,7.576031684875488,7.860421180725098,13.521834373474121,17.9292049407959,0.9566569924354553,0.8198437690734863,0.030346902087330818,0.0374772883951664,0.06562753021717072,0.0399203859269619,0.052733659744262695,0.0667504370212555,0.2635192275047302,0.33304691314697266,13.590576171875,13.559903144836426,0.06053202226758003,0.17030827701091766,13.434972763061523,14.716208457946777,0.10108093917369843,0.2981303930282593,0.9696531295776367,0.9625227451324463,0.9343724846839905,0.9600796103477478,0.9469128251075745,0.9334749579429626,0.734611988067627,0.664375364780426,,,,,,,,,,,,,,,,,,,,,,,,,,,,,,
203,0,0.041574254631996155,0.1680510938167572,7.562662601470947,7.863043785095215,13.483659744262695,17.94691276550293,0.9565197825431824,0.8196180462837219,0.03066100738942623,0.03652423247694969,0.06589442491531372,0.040841344743967056,0.0529935322701931,0.06664226204156876,0.26304537057876587,0.33426398038864136,13.618830680847168,13.47143268585205,0.06110335513949394,0.17117008566856384,13.469412803649902,14.684845924377441,0.10102223604917526,0.2982090413570404,0.9693390130996704,0.96347576379776,0.9341055750846863,0.9591586589813232,0.9466512203216553,0.9335827827453613,0.7350893020629883,0.6631488800048828,,,,,,,,,,,,,,,,,,,,,,,,,,,,,,
204,0,0.041485745459795,0.16862520575523376,7.530025959014893,7.889479637145996,13.457335472106934,17.987518310546875,0.9565514326095581,0.818967342376709,0.030736934393644333,0.03608304634690285,0.06699185073375702,0.03998241573572159,0.053402964025735855,0.06668324023485184,0.26472488045692444,0.3347185552120209,13.59915542602539,13.365474700927734,0.06144842505455017,0.17073816061019897,13.563499450683594,14.675655364990234,0.10133545845746994,0.2985570430755615,0.9692630767822266,0.9639169573783875,0.9330081343650818,0.9600175619125366,0.9462389945983887,0.9335419535636902,0.7333978414535522,0.6626907587051392,,,,,,,,,,,,,,,,,,,,,,,,,,,,,,
205,0,0.04186837747693062,0.16915790736675262,7.600274085998535,7.872231960296631,13.5408353805542,17.934892654418945,0.9561434388160706,0.8183428049087524,0.030705401673913002,0.03716520220041275,0.06745651364326477,0.04009907692670822,0.052798379212617874,0.06674396991729736,0.26577863097190857,0.33668839931488037,13.686774253845215,13.538601875305176,0.06146740913391113,0.1715463548898697,13.457266807556152,14.736091613769531,0.10127590596675873,0.2982206344604492,0.9692946076393127,0.9628347754478455,0.9325435161590576,0.9599009156227112,0.946847677230835,0.9334813952445984,0.7323366403579712,0.6607056856155396,,,,,,,,,,,,,,,,,,,,,,,,,,,,,,
206,0,0.04152863845229149,0.16916324198246002,7.535529136657715,7.874523639678955,13.462587356567383,17.955638885498047,0.9564461708068848,0.8184691667556763,0.03029065951704979,0.03683001920580864,0.06772184371948242,0.0393730029463768,0.052981238812208176,0.0668049156665802,0.26370593905448914,0.33801519870758057,13.519437789916992,13.482789993286133,0.061601296067237854,0.17111457884311676,13.487059593200684,14.707911491394043,0.10097981244325638,0.29960551857948303,0.9697093367576599,0.9631699919700623,0.9322781562805176,0.960627019405365,0.9466635584831238,0.9334206581115723,0.7344239950180054,0.659368634223938,,,,,,,,,,,,,,,,,,,,,,,,,,,,,,
207,0,0.04159897193312645,0.1691107451915741,7.530986785888672,7.866581916809082,13.452610969543457,17.93218231201172,0.9564186334609985,0.8184787034988403,0.030230887234210968,0.03679802268743515,0.066885806620121,0.04041079431772232,0.05288425832986832,0.0665665715932846,0.26434651017189026,0.33767008781433105,13.54870319366455,13.42943286895752,0.060950931161642075,0.17170177400112152,13.471085548400879,14.695357322692871,0.1012115404009819,0.29964113235473633,0.9697691202163696,0.9632019996643066,0.9331141710281372,0.9595891833305359,0.9467611908912659,0.933658242225647,0.7337788939476013,0.6597163677215576,,,,,,,,,,,,,,,,,,,,,,,,,,,,,,
208,0,0.040821999311447144,0.16874755918979645,7.579068183898926,7.891700267791748,13.475197792053223,17.96876335144043,0.9572476148605347,0.8189008831977844,0.030551979318261147,0.036586783826351166,0.06621219962835312,0.03765873983502388,0.053090959787368774,0.06685326248407364,0.2635132968425751,0.3363369107246399,13.659333229064941,13.49068832397461,0.06117555871605873,0.16835492849349976,13.52153491973877,14.735462188720703,0.10112222284078598,0.2987302541732788,0.9694480299949646,0.9634132385253906,0.9337878227233887,0.9623412489891052,0.946553111076355,0.9333724975585938,0.7346180081367493,0.6610598564147949,,,,,,,,,,,,,,,,,,,,,,,,,,,,,,
209,0,0.041984088718891144,0.16787318885326385,7.554841995239258,7.852534770965576,13.472700119018555,17.906312942504883,0.9559649229049683,0.8197115063667297,0.030301202088594437,0.036938607692718506,0.06821843236684799,0.040681999176740646,0.05259803310036659,0.06658151000738144,0.26412469148635864,0.3332695960998535,13.568827629089355,13.500179290771484,0.06171191856265068,0.171019047498703,13.446372032165527,14.67129898071289,0.10115427523851395,0.29764053225517273,0.9696987867355347,0.9630613923072815,0.9317815899848938,0.9593179821968079,0.9470493793487549,0.9336433410644531,0.7340022325515747,0.6641509532928467,,,,,,,,,,,,,,,,,,,,,,,,,,,,,,
210,0,0.0418103002011776,0.16783767938613892,7.560959339141846,7.871159076690674,13.472007751464844,17.94384002685547,0.9561815857887268,0.8197365999221802,0.030128637328743935,0.03719379007816315,0.0672716423869133,0.04067954048514366,0.052751969546079636,0.06696424633264542,0.26443609595298767,0.3323262631893158,13.487549781799316,13.622048377990723,0.06140619516372681,0.17151735723018646,13.438824653625488,14.755517959594727,0.10096194595098495,0.29714784026145935,0.9698713421821594,0.962806224822998,0.9327283501625061,0.9593204855918884,0.9468944072723389,0.9332618713378906,0.7336886525154114,0.6651015877723694,,,,,,,,,,,,,,,,,,,,,,,,,,,,,,
211,0,0.04074051231145859,0.1685982346534729,7.530130386352539,7.873088836669922,13.423664093017578,17.943716049194336,0.9573143720626831,0.8190168142318726,0.029971225187182426,0.03683846443891525,0.06593022495508194,0.03800242021679878,0.05296078696846962,0.06663963198661804,0.2639572024345398,0.33577439188957214,13.516966819763184,13.46586799621582,0.06071772798895836,0.17022307217121124,13.476558685302734,14.715632438659668,0.10114902257919312,0.29877904057502747,0.9700287580490112,0.9631615281105042,0.9340697526931763,0.9619975686073303,0.9466841816902161,0.9335854053497314,0.7341709733009338,0.6616268157958984,,,,,,,,,,,,,,,,,,,,,,,,,,,,,,
212,0,0.04107298329472542,0.16828179359436035,7.564493656158447,7.8688788414001465,13.47146987915039,17.956924438476562,0.9569954872131348,0.819259524345398,0.030315442010760307,0.03690199553966522,0.0660218819975853,0.03877868875861168,0.05316975712776184,0.06653635948896408,0.26537415385246277,0.3332882225513458,13.57016658782959,13.53856372833252,0.060710977762937546,0.1701837182044983,13.49606990814209,14.676478385925293,0.10117997974157333,0.29741305112838745,0.9696845412254333,0.9630979895591736,0.9339781403541565,0.9612213373184204,0.9464737772941589,0.9336883425712585,0.7327439785003662,0.6641321778297424,,,,,,,,,,,,,,,,,,,,,,,,,,,,,,
213,0,0.040868740528821945,0.16783709824085236,7.555695533752441,7.871951103210449,13.443021774291992,17.971961975097656,0.957243800163269,0.8197601437568665,0.03017156571149826,0.036770667880773544,0.06507354974746704,0.03900919109582901,0.05325155705213547,0.06665940582752228,0.2644810080528259,0.33199062943458557,13.561291694641113,13.514532089233398,0.06038793921470642,0.1701532006263733,13.48961353302002,14.697113990783691,0.10117471218109131,0.29690104722976685,0.9698284268379211,0.9632293581962585,0.934926450252533,0.9609907865524292,0.9463914632797241,0.9335656762123108,0.7336434125900269,0.6654398441314697,,,,,,,,,,,,,,,,,,,,,,,,,,,,,,
214,0,0.04102001711726189,0.16801290214061737,7.542381286621094,7.848621368408203,13.462206840515137,17.95256996154785,0.9570886492729187,0.8194982409477234,0.03032790496945381,0.036768436431884766,0.06529594957828522,0.03925292566418648,0.05300743132829666,0.066714808344841,0.26573440432548523,0.33196642994880676,13.589249610900879,13.427022933959961,0.0604010708630085,0.1710619330406189,13.420487403869629,14.688286781311035,0.10130004584789276,0.2963418662548065,0.9696720838546753,0.9632315635681152,0.934704065322876,0.9607470631599426,0.9466372132301331,0.9335104823112488,0.7323811650276184,0.6654642224311829,,,,,,,,,,,,,,,,,,,,,,,,,,,,,,
215,0,0.04089001566171646,0.16793158650398254,7.42972993850708,7.858019828796387,13.219033241271973,17.946521759033203,0.9570930600166321,0.819583535194397,0.02917822264134884,0.03554930165410042,0.06647112220525742,0.04042919725179672,0.05302153900265694,0.06659305840730667,0.2656753659248352,0.33179333806037903,13.36886215209961,13.244603157043457,0.06103622168302536,0.17015646398067474,13.472986221313477,14.661935806274414,0.10133367776870728,0.2964833378791809,0.9708217978477478,0.9644507169723511,0.9335289001464844,0.9595708250999451,0.9466230273246765,0.9336318373680115,0.7324405908584595,0.6656386852264404,,,,,,,,,,,,,,,,,,,,,,,,,,,,,,
216,0,0.041023679077625275,0.1677512377500534,7.54901647567749,7.848782539367676,13.432415962219238,17.91322898864746,0.9570342898368835,0.8198407888412476,0.03012225404381752,0.03671526536345482,0.06602498888969421,0.039000242948532104,0.052887920290231705,0.066248819231987,0.2642437517642975,0.33267664909362793,13.566742897033691,13.4799222946167,0.06122848764061928,0.17098858952522278,13.46143627166748,14.638861656188965,0.101093590259552,0.29685670137405396,0.9698777198791504,0.9632847309112549,0.9339749813079834,0.9609997868537903,0.9467574954032898,0.9339748620986938,0.7338823676109314,0.66474848985672,,,,,,,,,,,,,,,,,,,,,,,,,,,,,,
217,0,0.040506623685359955,0.16819754242897034,7.50203800201416,7.825889587402344,13.381866455078125,17.903743743896484,0.9575550556182861,0.8193802237510681,0.02965710312128067,0.03680465370416641,0.06550004333257675,0.0378178246319294,0.052735570818185806,0.0663268193602562,0.2643730342388153,0.33445069193840027,13.423851013183594,13.466925621032715,0.06063195690512657,0.1695510447025299,13.395315170288086,14.626623153686523,0.10108129680156708,0.2978971600532532,0.9703428745269775,0.9631953239440918,0.934499979019165,0.9621821641921997,0.9469108581542969,0.9338971376419067,0.7337521314620972,0.6629607677459717,,,,,,,,,,,,,,,,,,,,,,,,,,,,,,
218,0,0.0413745678961277,0.16786131262779236,7.49212121963501,7.833029747009277,13.412205696105957,17.91436195373535,0.9566168785095215,0.8197176456451416,0.030120326206088066,0.0364692397415638,0.06724349409341812,0.0396992489695549,0.05283508822321892,0.06634891033172607,0.2644248604774475,0.3329382538795471,13.48176097869873,13.355875015258789,0.06128022074699402,0.17097850143909454,13.40128231048584,14.648774147033691,0.10091026872396469,0.29716673493385315,0.969879686832428,0.9635307788848877,0.9327564835548401,0.9603007435798645,0.9468107223510742,0.9338751435279846,0.7336999773979187,0.6644848585128784,,,,,,,,,,,,,,,,,,,,,,,,,,,,,,
219,0,0.04093257337808609,0.16761340200901031,7.520679950714111,7.8472185134887695,13.378169059753418,17.928335189819336,0.9571380615234375,0.8199188709259033,0.02959444187581539,0.03685470670461655,0.06529222428798676,0.039706144481897354,0.05286050960421562,0.06654080003499985,0.26522934436798096,0.3311203718185425,13.493906021118164,13.456713676452637,0.06081946939229965,0.16945938766002655,13.43474292755127,14.665057182312012,0.10120324790477753,0.2967340350151062,0.9704055786132812,0.9631453156471252,0.934707760810852,0.9602938890457153,0.9467850923538208,0.9336838722229004,0.7328897714614868,0.6663168668746948,,,,,,,,,,,,,,,,,,,,,,,,,,,,,,
220,0,0.04086337983608246,0.16739630699157715,7.497312068939209,7.836767673492432,13.322242736816406,17.920713424682617,0.9571280479431152,0.8201695680618286,0.029621848836541176,0.036128025501966476,0.06674777716398239,0.03898998722434044,0.05279958248138428,0.06650891900062561,0.26459774374961853,0.3308490812778473,13.46120548248291,13.402913093566895,0.06115067005157471,0.16941669583320618,13.407089233398438,14.657368659973145,0.10092009603977203,0.2964564561843872,0.9703781604766846,0.963871955871582,0.933252215385437,0.9610100388526917,0.9468464255332947,0.9337157011032104,0.7335258722305298,0.6665902137756348,,,,,,,,,,,,,,,,,,,,,,,,,,,,,,
221,0,0.040827807039022446,0.16732218861579895,7.478398323059082,7.836287498474121,13.362093925476074,17.92216682434082,0.9572145938873291,0.8203091621398926,0.03008982725441456,0.03590061143040657,0.06625697761774063,0.03889409825205803,0.05278696119785309,0.0665522888302803,0.263474702835083,0.3313872218132019,13.486942291259766,13.297069549560547,0.0606863908469677,0.16942951083183289,13.414878845214844,14.646093368530273,0.1007227897644043,0.29651036858558655,0.9699101448059082,0.9640994071960449,0.9337430000305176,0.9611058831214905,0.9468591809272766,0.9336724281311035,0.7346569299697876,0.6660479307174683,,,,,,,,,,,,,,,,,,,,,,,,,,,,,,
222,0,0.04034997522830963,0.1675354540348053,7.485312461853027,7.8336381912231445,13.340100288391113,17.92524528503418,0.9577643871307373,0.8200281858444214,0.02985888533294201,0.035984285175800323,0.06471256166696548,0.03838696330785751,0.05285598710179329,0.06649670749902725,0.2646895945072174,0.33127397298812866,13.509230613708496,13.298665046691895,0.06012934446334839,0.16894909739494324,13.41202449798584,14.638858795166016,0.10094153881072998,0.2964535355567932,0.9701411128044128,0.9640157222747803,0.9352874159812927,0.9616130590438843,0.9467896819114685,0.9337278604507446,0.7334333658218384,0.6661620140075684,,,,,,,,,,,,,,,,,,,,,,,,,,,,,,
223,0,0.04044945538043976,0.16729526221752167,7.5113654136657715,7.840359210968018,13.363773345947266,17.911422729492188,0.9576210975646973,0.8202449083328247,0.029677994549274445,0.03655076026916504,0.06535148620605469,0.03793518617749214,0.052822310477495193,0.06632059067487717,0.26504576206207275,0.33026552200317383,13.494668006896973,13.418951034545898,0.06075127795338631,0.1693160980939865,13.436841011047363,14.635754585266113,0.101185142993927,0.2961038053035736,0.9703220129013062,0.963449239730835,0.9346485137939453,0.962064802646637,0.9468235969543457,0.9339033365249634,0.7330746650695801,0.6671782732009888,,,,,,,,,,,,,,,,,,,,,,,,,,,,,,
224,0,0.040912285447120667,0.16737417876720428,7.513612747192383,7.839897155761719,13.367626190185547,17.907974243164062,0.9571150541305542,0.8202561140060425,0.029494350776076317,0.03687841072678566,0.06598824262619019,0.03917887061834335,0.05286324396729469,0.06620025634765625,0.2635583281517029,0.33178606629371643,13.438484191894531,13.495492935180664,0.0606561042368412,0.16938719153404236,13.438364028930664,14.631338119506836,0.10097839683294296,0.29697754979133606,0.9705056548118591,0.9631215929985046,0.9340117573738098,0.9608211517333984,0.9467823505401611,0.9340233206748962,0.7345726490020752,0.665645956993103,,,,,,,,,,,,,,,,,,,,,,,,,,,,,,
225,0,0.040238283574581146,0.1673096865415573,7.535765171051025,7.8339104652404785,13.389542579650879,17.914798736572266,0.9579731822013855,0.8203033804893494,0.029951706528663635,0.03644857183098793,0.06303231418132782,0.03867451101541519,0.05294375494122505,0.06618890911340714,0.2639159858226776,0.33117151260375977,13.528755187988281,13.475142478942871,0.05955927073955536,0.17007558047771454,13.441610336303711,14.604018211364746,0.10087857395410538,0.29651862382888794,0.9700483083724976,0.96355140209198,0.936967670917511,0.961325466632843,0.9467012882232666,0.9340345859527588,0.7342124581336975,0.6662652492523193,,,,,,,,,,,,,,,,,,,,,,,,,,,,,,
226,0,0.04050040617585182,0.16821809113025665,7.473573684692383,7.844331741333008,13.346580505371094,17.918581008911133,0.9575213193893433,0.8193328380584717,0.029690954834222794,0.03632036969065666,0.0662524402141571,0.03765089809894562,0.05296197161078453,0.06622279435396194,0.2650258541107178,0.33386316895484924,13.428024291992188,13.349749565124512,0.061062831431627274,0.1681627780199051,13.450217247009277,14.634135246276855,0.10098163038492203,0.29749757051467896,0.9703090190887451,0.9636796116828918,0.9337475299835205,0.9623491168022156,0.9466829895973206,0.9340008497238159,0.7330946922302246,0.6635527610778809,,,,,,,,,,,,,,,,,,,,,,,,,,,,,,
227,0,0.04067516326904297,0.16767245531082153,7.490732192993164,7.816789150238037,13.338510513305664,17.890464782714844,0.957362949848175,0.8199166059494019,0.030224772170186043,0.03540562838315964,0.06644958257675171,0.03846820443868637,0.052676137536764145,0.06619976460933685,0.2641073763370514,0.332772433757782,13.566771507263184,13.250617027282715,0.06105267256498337,0.16859003901481628,13.37145709991455,14.620560646057129,0.1008458137512207,0.29675599932670593,0.9697751998901367,0.9645943641662598,0.9335504174232483,0.9615318179130554,0.9469707012176514,0.9340237975120544,0.7340197563171387,0.6646519899368286,,,,,,,,,,,,,,,,,,,,,,,,,,,,,,
228,0,0.04036751389503479,0.16778716444969177,7.4523539543151855,7.824408531188965,13.31886100769043,17.922496795654297,0.9577471017837524,0.8197793960571289,0.029829325154423714,0.03576969355344772,0.06467508524656296,0.03873739764094353,0.05284227803349495,0.06647224724292755,0.2646394968032837,0.332349568605423,13.415420532226562,13.279314041137695,0.06028525531291962,0.1699824333190918,13.394611358642578,14.622604370117188,0.10102429986000061,0.29690635204315186,0.9701706767082214,0.9642302989959717,0.9353249073028564,0.961262583732605,0.9468034505844116,0.9337522387504578,0.7334838509559631,0.6650781035423279,,,,,,,,,,,,,,,,,,,,,,,,,,,,,,
229,0,0.04057976230978966,0.16774187982082367,7.477232456207275,7.831779956817627,13.320317268371582,17.914995193481445,0.9574720859527588,0.8198425769805908,0.029960326850414276,0.03558729961514473,0.06594934314489365,0.038614895194768906,0.052910927683115005,0.0662425309419632,0.26439157128334045,0.3325050473213196,13.473854064941406,13.306217193603516,0.06086431071162224,0.1712670773267746,13.416535377502441,14.625883102416992,0.10072291642427444,0.29669713973999023,0.9700396656990051,0.9644126892089844,0.9340506792068481,0.9613851308822632,0.9467343688011169,0.93398118019104,0.7337335348129272,0.6649214029312134,,,,,,,,,,,,,,,,,,,,,,,,,,,,,,
230,0,0.040559619665145874,0.16771869361400604,7.493374824523926,7.820888519287109,13.35937786102295,17.89846420288086,0.9575185179710388,0.8198603391647339,0.029833205044269562,0.03625958412885666,0.06535986065864563,0.03847332298755646,0.052803248167037964,0.06613572686910629,0.2643895745277405,0.3326501250267029,13.468778610229492,13.37872314453125,0.06041407957673073,0.16941030323505402,13.401178359985352,14.600896835327148,0.10086372494697571,0.29670822620391846,0.970166802406311,0.9637404084205627,0.9346401691436768,0.9615266919136047,0.9468427896499634,0.9340876340866089,0.7337355017662048,0.6647752523422241,,,,,,,,,,,,,,,,,,,,,,,,,,,,,,
231,0,0.040877047926187515,0.16742002964019775,7.493309020996094,7.8262834548950195,13.386860847473145,17.90549087524414,0.9572025537490845,0.8201488256454468,0.02992377057671547,0.036458175629377365,0.06543343514204025,0.0393744632601738,0.052844882011413574,0.06618772447109222,0.2645854651927948,0.33121615648269653,13.476203918457031,13.368033409118652,0.06074836105108261,0.17064066231250763,13.417206764221191,14.60323715209961,0.10092625766992569,0.2964136302471161,0.9700762033462524,0.9635418057441711,0.9345665574073792,0.9606255292892456,0.9468008279800415,0.9340357780456543,0.7335382699966431,0.6662203073501587,,,,,,,,,,,,,,,,,,,,,,,,,,,,,,
232,0,0.040866829454898834,0.16735509037971497,7.495019435882568,7.8266921043396,13.33154296875,17.9153995513916,0.9571954011917114,0.8202565908432007,0.029713673517107964,0.036101240664720535,0.0655442327260971,0.039859283715486526,0.05287919193506241,0.06629832834005356,0.2638871967792511,0.331342488527298,13.465720176696777,13.38796615600586,0.06041042506694794,0.17039331793785095,13.401520729064941,14.623645782470703,0.10084202140569687,0.2967444658279419,0.9702863097190857,0.963898777961731,0.9344557523727417,0.9601407051086426,0.9467663168907166,0.9339255690574646,0.7342414855957031,0.6660929918289185,,,,,,,,,,,,,,,,,,,,,,,,,,,,,,
233,0,0.040556199848651886,0.16724233329296112,7.515181064605713,7.817902565002441,13.393393516540527,17.901777267456055,0.9575542211532593,0.8203568458557129,0.030244046822190285,0.03604913875460625,0.06515754014253616,0.038332581520080566,0.0528847798705101,0.0660649761557579,0.2640962600708008,0.3309606611728668,13.57231616973877,13.341398239135742,0.0605928935110569,0.16872665286064148,13.412269592285156,14.575837135314941,0.10093112289905548,0.2963206171989441,0.9697559475898743,0.9639508724212646,0.9348424673080444,0.9616674184799194,0.9467606544494629,0.9341580867767334,0.7340309023857117,0.6664777994155884,,,,,,,,,,,,,,,,,,,,,,,,,,,,,,
234,0,0.04036242142319679,0.16747015714645386,7.483188152313232,7.8049211502075195,13.390300750732422,17.898324966430664,0.9577478766441345,0.8201407194137573,0.02997240610420704,0.036426395177841187,0.06490115821361542,0.037708450108766556,0.05277809128165245,0.06617232412099838,0.2638164162635803,0.33209875226020813,13.431976318359375,13.383440017700195,0.060569215565919876,0.16833607852458954,13.371633529663086,14.573169708251953,0.1009763851761818,0.29641610383987427,0.9700275659561157,0.9635735750198364,0.9350988268852234,0.9622915387153625,0.9468680620193481,0.9340511560440063,0.7343127727508545,0.6653308868408203,,,,,,,,,,,,,,,,,,,,,,,,,,,,,,
235,0,0.04079792648553848,0.16765530407428741,7.52607536315918,7.809576511383057,13.431607246398926,17.903318405151367,0.9573375582695007,0.8199291825294495,0.03017321601510048,0.036627396941185,0.06465041637420654,0.039198603481054306,0.05276684835553169,0.06627195328474045,0.26426252722740173,0.3324051797389984,13.524765014648438,13.44112491607666,0.05995723232626915,0.17004457116127014,13.368491172790527,14.594937324523926,0.10104689002037048,0.2970125079154968,0.9698267579078674,0.9633725881576538,0.9353495836257935,0.9608014225959778,0.9468793869018555,0.9339518547058105,0.7338634729385376,0.665022075176239,,,,,,,,,,,,,,,,,,,,,,,,,,,,,,
236,0,0.040159717202186584,0.16714517772197723,7.474180221557617,7.82395076751709,13.299287796020508,17.90733528137207,0.9579223394393921,0.8204803466796875,0.029642829671502113,0.03581590577960014,0.06508691608905792,0.037765130400657654,0.05287491902709007,0.06617190688848495,0.2636391222476959,0.3308316767215729,13.44363784790039,13.333170890808105,0.060381170362234116,0.1688949465751648,13.420938491821289,14.589686393737793,0.10083528608083725,0.29618629813194275,0.9703571796417236,0.9641841053962708,0.9349130988121033,0.9622348546981812,0.9467706084251404,0.934051513671875,0.7344912886619568,0.6666077375411987,,,,,,,,,,,,,,,,,,,,,,,,,,,,,,
237,0,0.04058340936899185,0.16712686419487,7.4989824295043945,7.8138885498046875,13.354962348937988,17.883222579956055,0.9575444459915161,0.820478618144989,0.029989996924996376,0.035965725779533386,0.06459685415029526,0.03926954045891762,0.05272165685892105,0.06601055711507797,0.26384225487709045,0.33094796538352966,13.524850845336914,13.333128929138184,0.0603325217962265,0.16989873349666595,13.390742301940918,14.586482048034668,0.10089326649904251,0.29580605030059814,0.970009982585907,0.9640342593193054,0.9354031085968018,0.9607304930686951,0.9469249248504639,0.934212327003479,0.7342867255210876,0.6664905548095703,,,,,,,,,,,,,,,,,,,,,,,,,,,,,,
238,0,0.04016595706343651,0.16729718446731567,7.467514991760254,7.80744743347168,13.330035209655762,17.892484664916992,0.9579888582229614,0.8203403949737549,0.02983694151043892,0.035894714295864105,0.06394445151090622,0.03836832195520401,0.052634093910455704,0.06629806011915207,0.2632308900356293,0.3319105803966522,13.448267936706543,13.300738334655762,0.060009729117155075,0.16954223811626434,13.363422393798828,14.593064308166504,0.10078713297843933,0.29672661423683167,0.9701630473136902,0.9641053080558777,0.9360555410385132,0.9616316556930542,0.9470130205154419,0.9339258074760437,0.7349023818969727,0.6655204892158508,,,,,,,,,,,,,,,,,,,,,,,,,,,,,,
239,0,0.03984348848462105,0.16708068549633026,7.477907657623291,7.824031352996826,13.310486793518066,17.907785415649414,0.9583053588867188,0.8206096887588501,0.02945154346525669,0.03624499589204788,0.06368324905633926,0.037398673593997955,0.05289493128657341,0.06614839285612106,0.26255378127098083,0.3314061462879181,13.434890747070312,13.358685493469238,0.059877995401620865,0.16912506520748138,13.415861129760742,14.59628677368164,0.10062344372272491,0.29623618721961975,0.9705484509468079,0.9637550115585327,0.936316728591919,0.9626013040542603,0.9467504620552063,0.9340749979019165,0.7355843782424927,0.6660288572311401,,,,,,,,,,,,,,,,,,,,,,,,,,,,,,
240,0,0.039948247373104095,0.1670045703649521,7.458674907684326,7.821081161499023,13.298257827758789,17.902257919311523,0.9581685066223145,0.8206334710121155,0.029136773198843002,0.036576759070158005,0.06397993117570877,0.037632498890161514,0.05267605930566788,0.06639481335878372,0.26324954628944397,0.3305914103984833,13.30226993560791,13.442873001098633,0.05987253412604332,0.16803334653377533,13.384366035461426,14.623011589050293,0.1007952019572258,0.29582998156547546,0.9708632230758667,0.9634232521057129,0.9360200762748718,0.9623675346374512,0.9469708204269409,0.9338294267654419,0.7348836660385132,0.6668498516082764,,,,,,,,,,,,,,,,,,,,,,,,,,,,,,
241,1,0.04000940918922424,0.166782408952713,7.46413516998291,7.82601261138916,13.283561706542969,17.906259536743164,0.9580593109130859,0.8209235668182373,0.02971179038286209,0.03551887720823288,0.06538471579551697,0.03714742511510849,0.052886806428432465,0.06613592803478241,0.2622681260108948,0.3304659128189087,13.434476852416992,13.305249214172363,0.06046715006232262,0.1678210198879242,13.424727439880371,14.594099998474121,0.10064246505498886,0.29557138681411743,0.9702882170677185,0.9644811153411865,0.9346152544021606,0.9628525972366333,0.9467586278915405,0.9340873956680298,0.7358720302581787,0.6669763326644897,,,,,,,,,,,,,,,,,,,,,,,,,,,,,,
242,0,0.039999306201934814,0.16708220541477203,7.459295749664307,7.806297302246094,13.260637283325195,17.879993438720703,0.9580762386322021,0.8205399513244629,0.029206976294517517,0.03601117432117462,0.06478947401046753,0.037687353789806366,0.05260910466313362,0.0661308541893959,0.26346075534820557,0.33107927441596985,13.384115219116211,13.346442222595215,0.06043669953942299,0.1680079698562622,13.370580673217773,14.58049201965332,0.10080502927303314,0.29601234197616577,0.9707930088043213,0.9639888405799866,0.9352105259895325,0.962312638759613,0.9470381736755371,0.9340924620628357,0.7346709370613098,0.666358232498169,,,,,,,,,,,,,,,,,,,,,,,,,,,,,,
243,0,0.04085986688733101,0.16710466146469116,7.511638164520264,7.862215518951416,13.378290176391602,17.9421443939209,0.9571837186813354,0.8205797672271729,0.029925601556897163,0.03635023161768913,0.06609045714139938,0.03889909386634827,0.05310828983783722,0.0663871094584465,0.2628428041934967,0.33078667521476746,13.496275901794434,13.418632507324219,0.06065591797232628,0.16885539889335632,13.509554862976074,14.635191917419434,0.10077252238988876,0.29603704810142517,0.9700744152069092,0.9636497497558594,0.93390953540802,0.9611009359359741,0.9465356469154358,0.9338370561599731,0.7352932691574097,0.6666530966758728,,,,,,,,,,,,,,,,,,,,,,,,,,,,,,
244,0,0.04041355475783348,0.16768993437290192,7.522080421447754,7.809393405914307,13.372732162475586,17.899581909179688,0.9577218890190125,0.8199881911277771,0.02976115234196186,0.0365334190428257,0.06424649059772491,0.03857142850756645,0.05278829112648964,0.06617704033851624,0.2626939117908478,0.3338108956813812,13.48279094696045,13.476556777954102,0.06021128594875336,0.16903312504291534,13.382551193237305,14.577346801757812,0.10071740299463272,0.29705753922462463,0.9702388644218445,0.9634665846824646,0.9357535243034363,0.9614285826683044,0.9468578100204468,0.9340464472770691,0.7354432344436646,0.6636054515838623,,,,,,,,,,,,,,,,,,,,,,,,,,,,,,
245,0,0.03973878175020218,0.1679878681898117,7.435357093811035,7.849205493927002,13.212265968322754,17.939254760742188,0.9583636522293091,0.8196206092834473,0.029406819492578506,0.03511844947934151,0.06446442008018494,0.0375557616353035,0.0531037375330925,0.06634585559368134,0.2641649544239044,0.33331796526908875,13.418581008911133,13.210606575012207,0.06028498709201813,0.16728438436985016,13.47889232635498,14.619513511657715,0.10090506821870804,0.2968457341194153,0.9705931544303894,0.9648815393447876,0.9355355501174927,0.9624442458152771,0.9465402364730835,0.9338781833648682,0.7339617013931274,0.6641021966934204,,,,,,,,,,,,,,,,,,,,,,,,,,,,,,
246,0,0.03972379118204117,0.16742753982543945,7.501236438751221,7.808030605316162,13.361335754394531,17.901348114013672,0.9584352374076843,0.8202478885650635,0.02966875024139881,0.03653530403971672,0.06370513141155243,0.03634984418749809,0.05283737927675247,0.06613066792488098,0.26277297735214233,0.33269837498664856,13.456961631774902,13.42514419555664,0.059748582541942596,0.1689881533384323,13.381915092468262,14.573158264160156,0.10072372108697891,0.2965640425682068,0.9703312516212463,0.9634646773338318,0.9362948536872864,0.9636501669883728,0.946808397769928,0.93409264087677,0.7353636026382446,0.6647266149520874,,,,,,,,,,,,,,,,,,,,,,,,,,,,,,
247,0,0.04035026207566261,0.16766710579395294,7.496606826782227,7.832077503204346,13.343427658081055,17.92110252380371,0.9577814340591431,0.8199192881584167,0.030044520273804665,0.03574128821492195,0.06456728279590607,0.03852121904492378,0.05307488143444061,0.0660906583070755,0.26449793577194214,0.33208081126213074,13.529723167419434,13.318652153015137,0.06015434116125107,0.1692001223564148,13.438143730163574,14.600732803344727,0.10104338079690933,0.2965625822544098,0.9699555039405823,0.9642587304115295,0.9354327321052551,0.9614787697792053,0.9465693235397339,0.9341325163841248,0.7336263656616211,0.6653489470481873,,,,,,,,,,,,,,,,,,,,,,,,,,,,,,
248,0,0.039880264550447464,0.16720007359981537,7.447750568389893,7.81339168548584,13.263699531555176,17.896047592163086,0.9582564830780029,0.8204420804977417,0.029365329071879387,0.03580639138817787,0.06381581723690033,0.037986479699611664,0.05281363055109978,0.06608006358146667,0.2633046805858612,0.33146965503692627,13.38425064086914,13.300168991088867,0.0597214549779892,0.1687600016593933,13.38499927520752,14.59089469909668,0.10089965909719467,0.29637154936790466,0.9706346988677979,0.96419358253479,0.9361841678619385,0.9620135426521301,0.9468322992324829,0.93414306640625,0.7348281145095825,0.6659648418426514,,,,,,,,,,,,,,,,,,,,,,,,,,,,,,
249,0,0.03982741758227348,0.16761408746242523,7.433376312255859,7.820084095001221,13.250493049621582,17.902164459228516,0.9582589864730835,0.8199711441993713,0.02933378890156746,0.03569410368800163,0.06470019370317459,0.037235893309116364,0.05286405235528946,0.06610310077667236,0.26433050632476807,0.33224037289619446,13.376143455505371,13.254014015197754,0.06002628803253174,0.16726265847682953,13.409933090209961,14.587019920349121,0.1010843813419342,0.2965759038925171,0.970666229724884,0.9643058776855469,0.935299813747406,0.9627640843391418,0.9467815160751343,0.9341201186180115,0.7337950468063354,0.6651881337165833,,,,,,,,,,,,,,,,,,,,,,,,,,,,,,
250,0,0.040448807179927826,0.16764672100543976,7.491819381713867,7.809692859649658,13.314351081848145,17.89556121826172,0.957611620426178,0.8199517726898193,0.029898623004555702,0.035608772188425064,0.06572968512773514,0.038316499441862106,0.05275995284318924,0.0661545842885971,0.2640177607536316,0.33268317580223083,13.534564018249512,13.293965339660645,0.06098468601703644,0.16837598383426666,13.380474090576172,14.58113956451416,0.10109984874725342,0.2966872453689575,0.9701013565063477,0.9643912315368652,0.9342703223228455,0.9616835117340088,0.9468863606452942,0.9340687990188599,0.7341099977493286,0.6647419333457947,,,,,,,,,,,,,,,,,,,,,,,,,,,,,,
251,0,0.04043755680322647,0.16721010208129883,7.449328422546387,7.78943395614624,13.320773124694824,17.854049682617188,0.9576905965805054,0.8204104900360107,0.030060729011893272,0.035439349710941315,0.06464456766843796,0.039092954248189926,0.052495528012514114,0.06587862223386765,0.2633912265300751,0.3320254683494568,13.457985877990723,13.216456413269043,0.0605611614882946,0.16937357187271118,13.346129417419434,14.542107582092285,0.10090143978595734,0.2966240346431732,0.9699392914772034,0.9645606279373169,0.9353554248809814,0.9609070420265198,0.9471525549888611,0.9343438148498535,0.7347409725189209,0.6654046773910522,,,,,,,,,,,,,,,,,,,,,,,,,,,,,,
252,0,0.03995509445667267,0.16753362119197845,7.466431617736816,7.8132829666137695,13.291952133178711,17.883150100708008,0.9581218957901001,0.8201216459274292,0.029692132025957108,0.03565123304724693,0.06521528959274292,0.03695369511842728,0.052612289786338806,0.06617757678031921,0.2629225254058838,0.33322829008102417,13.458767890930176,13.285005569458008,0.06065533682703972,0.16782498359680176,13.394525527954102,14.577889442443848,0.10083029419183731,0.2974221110343933,0.9703078866004944,0.9643487930297852,0.9347847104072571,0.9630463123321533,0.947035014629364,0.9340459108352661,0.7352129817008972,0.6641925573348999,,,,,,,,,,,,,,,,,,,,,,,,,,,,,,
253,0,0.039894770830869675,0.16739703714847565,7.436798095703125,7.820940017700195,13.278250694274902,17.89699363708496,0.9582356810569763,0.820244312286377,0.029558978974819183,0.035687629133462906,0.06411319226026535,0.03769753873348236,0.052774619311094284,0.06615568697452545,0.2632921040058136,0.3322311341762543,13.44371509552002,13.18619441986084,0.059726420789957047,0.16761891543865204,13.414828300476074,14.584689140319824,0.10087006539106369,0.29654058814048767,0.9704410433769226,0.9643123745918274,0.935886800289154,0.9623024463653564,0.9468715786933899,0.9340677261352539,0.7348407506942749,0.665197491645813,,,,,,,,,,,,,,,,,,,,,,,,,,,,,,
254,0,0.04009963199496269,0.16773374378681183,7.461936950683594,7.811652183532715,13.316532135009766,17.889671325683594,0.9580406546592712,0.8198330402374268,0.029768766835331917,0.03583391383290291,0.06414234638214111,0.038092415779829025,0.052651241421699524,0.0662250816822052,0.2644655704498291,0.3327459394931793,13.430448532104492,13.300763130187988,0.059917621314525604,0.16884450614452362,13.38581657409668,14.582527160644531,0.10107634216547012,0.2966552674770355,0.9702312350273132,0.9641661047935486,0.9358576536178589,0.9619075655937195,0.9469957947731018,0.9339985251426697,0.733659029006958,0.664678692817688,,,,,,,,,,,,,,,,,,,,,,,,,,,,,,
255,0,0.03966892883181572,0.16769114136695862,7.3788933753967285,7.821757793426514,13.186625480651855,17.89373016357422,0.9584137201309204,0.8199003338813782,0.029298681765794754,0.03497328236699104,0.06471757590770721,0.037355609238147736,0.05273987725377083,0.0661553293466568,0.2641219198703766,0.3328026533126831,13.291921615600586,13.137800216674805,0.06016043946146965,0.1680358499288559,13.419045448303223,14.58275032043457,0.10102376341819763,0.29651573300361633,0.9707013368606567,0.9650267362594604,0.9352824091911316,0.9626443982124329,0.946906566619873,0.9340680837631226,0.7340050935745239,0.6646215319633484,,,,,,,,,,,,,,,,,,,,,,,,,,,,,,
256,0,0.03943239152431488,0.1678237020969391,7.484553813934326,7.8123040199279785,13.327280044555664,17.876399993896484,0.95875483751297,0.819740891456604,0.02961130067706108,0.036206286400556564,0.06312122941017151,0.036041952669620514,0.052648015320301056,0.06601125001907349,0.26450037956237793,0.333291232585907,13.462820053100586,13.353543281555176,0.05928589031100273,0.1675446480512619,13.397926330566406,14.570269584655762,0.10091178119182587,0.29694339632987976,0.9703887104988098,0.9637936949729919,0.9368788003921509,0.9639580249786377,0.9469990134239197,0.9342116713523865,0.7336239218711853,0.6641291379928589,,,,,,,,,,,,,,,,,,,,,,,,,,,,,,
257,0,0.040095578879117966,0.16775141656398773,7.502715587615967,7.822452545166016,13.350997924804688,17.886314392089844,0.95796799659729,0.8198263049125671,0.029743162915110588,0.03629487007856369,0.06552492082118988,0.036565087735652924,0.05268050357699394,0.0661245808005333,0.26430609822273254,0.3330022990703583,13.477478981018066,13.406855583190918,0.060583967715501785,0.16781586408615112,13.41695499420166,14.58802604675293,0.10098324716091156,0.2965828478336334,0.9702568650245667,0.9637051224708557,0.9344750642776489,0.9634349346160889,0.9469663500785828,0.9340987205505371,0.7338196039199829,0.6644203662872314,,,,,,,,,,,,,,,,,,,,,,,,,,,,,,
258,0,0.03981897607445717,0.16765202581882477,7.395564556121826,7.802098751068115,13.199962615966797,17.879396438598633,0.9582296013832092,0.8199283480644226,0.029044823721051216,0.035522643476724625,0.06511330604553223,0.03740088641643524,0.052635904401540756,0.06607936322689056,0.264217346906662,0.33277514576911926,13.251800537109375,13.251729011535645,0.06037965044379234,0.16851909458637238,13.376469612121582,14.55578327178955,0.10093782097101212,0.296686589717865,0.9709551930427551,0.9644773602485657,0.9348866939544678,0.9625990986824036,0.9470112323760986,0.9341437816619873,0.733909010887146,0.664649248123169,,,,,,,,,,,,,,,,,,,,,,,,,,,,,,
259,0,0.039780646562576294,0.16753657162189484,7.494259357452393,7.818653583526611,13.343798637390137,17.891633987426758,0.958391547203064,0.8200258016586304,0.029403915628790855,0.03672510385513306,0.06322038918733597,0.037084635347127914,0.052704643458127975,0.06617524474859238,0.26457756757736206,0.33186471462249756,13.4315767288208,13.42868709564209,0.059554316103458405,0.16839191317558289,13.412408828735352,14.578828811645508,0.10093405842781067,0.296161025762558,0.9705960750579834,0.9632748961448669,0.9367796182632446,0.9629153609275818,0.9469420313835144,0.9340482354164124,0.7335461974143982,0.6655666828155518,,,,,,,,,,,,,,,,,,,,,,,,,,,,,,
260,0,0.039662495255470276,0.16759712994098663,7.406984806060791,7.810094356536865,13.227113723754883,17.889625549316406,0.9585089683532715,0.8199622631072998,0.02943948283791542,0.0352485217154026,0.06323675811290741,0.03803955763578415,0.05269540101289749,0.06615635007619858,0.264622300863266,0.33210012316703796,13.338866233825684,13.193803787231445,0.05976623669266701,0.16757294535636902,13.387787818908691,14.57448959350586,0.10097895562648773,0.296156644821167,0.9705604910850525,0.9647514820098877,0.9367632269859314,0.9619604349136353,0.9469513297080994,0.9340670704841614,0.733501136302948,0.6653294563293457,,,,,,,,,,,,,,,,,,,,,,,,,,,,,,
261,0,0.039954204112291336,0.16755476593971252,7.469235420227051,7.8174729347229,13.297279357910156,17.89173126220703,0.9582633376121521,0.8200230598449707,0.029638271778821945,0.03579818829894066,0.06260272860527039,0.038907214999198914,0.05276060476899147,0.06609055399894714,0.26436498761177063,0.332116037607193,13.440381050109863,13.317864418029785,0.05933840572834015,0.16926874220371246,13.412357330322266,14.573921203613281,0.10091806948184967,0.2964264452457428,0.9703617095947266,0.964201807975769,0.9373972415924072,0.9610927700996399,0.9468857049942017,0.9341326355934143,0.7337602972984314,0.6653134822845459,,,,,,,,,,,,,,,,,,,,,,,,,,,,,,
262,0,0.039969298988580704,0.1675059199333191,7.49109411239624,7.8067169189453125,13.3311128616333,17.882366180419922,0.9581946134567261,0.8200918436050415,0.02975126914680004,0.03603892773389816,0.06369449943304062,0.03773699700832367,0.05261072888970375,0.06616722792387009,0.2638947665691376,0.3323867619037628,13.47998332977295,13.358409881591797,0.0599345937371254,0.16753137111663818,13.377612113952637,14.573216438293457,0.10086307674646378,0.2963782250881195,0.9702487587928772,0.9639610648155212,0.9363055229187012,0.9622629880905151,0.9470365643501282,0.9340562224388123,0.7342338562011719,0.6650406122207642,,,,,,,,,,,,,,,,,,,,,,,,,,,,,,
263,0,0.03934479504823685,0.1673607975244522,7.428742408752441,7.799072265625,13.261767387390137,17.871152877807617,0.9588361382484436,0.8202345371246338,0.029086405411362648,0.03620938956737518,0.06273386627435684,0.03662557527422905,0.05261179804801941,0.06598088145256042,0.2639285922050476,0.33196964859962463,13.28435230255127,13.346853256225586,0.059267427772283554,0.16703781485557556,13.364927291870117,14.558333396911621,0.10085490345954895,0.2961326241493225,0.9709135890007019,0.9637905955314636,0.9372661113739014,0.9633744359016418,0.9470354914665222,0.9342418909072876,0.7341997623443604,0.6654609441757202,,,,,,,,,,,,,,,,,,,,,,,,,,,,,,
264,0,0.03994496539235115,0.16740521788597107,7.4363861083984375,7.80211067199707,13.260159492492676,17.879661560058594,0.9581685066223145,0.8201978206634521,0.029522771015763283,0.0355227030813694,0.06438740342855453,0.037893179804086685,0.052640628069639206,0.0660766139626503,0.2638258934020996,0.33209455013275146,13.38473129272461,13.25594711303711,0.05985259264707565,0.16709555685520172,13.370360374450684,14.563730239868164,0.10087177902460098,0.2962624132633209,0.9704772233963013,0.9644773006439209,0.9356126189231873,0.9621068239212036,0.9470064640045166,0.934146523475647,0.7343032360076904,0.6653350591659546,,,,,,,,,,,,,,,,,,,,,,,,,,,,,,
265,0,0.039475832134485245,0.1674554944038391,7.42287015914917,7.811026573181152,13.268898010253906,17.8806095123291,0.9587095975875854,0.8201422691345215,0.02964342013001442,0.03544485569000244,0.06317126005887985,0.03690193593502045,0.052679888904094696,0.06603166460990906,0.2639504075050354,0.3321956694126129,13.368236541748047,13.221665382385254,0.0598512701690197,0.1674777716398239,13.3984375,14.565218925476074,0.100876584649086,0.2963043451309204,0.9703565835952759,0.9645551443099976,0.9368287324905396,0.9630980491638184,0.9469669461250305,0.9341912865638733,0.734177827835083,0.6652331948280334,,,,,,,,,,,,,,,,,,,,,,,,,,,,,,
266,0,0.039933811873197556,0.1673433929681778,7.4906158447265625,7.799476146697998,13.338502883911133,17.87896728515625,0.9582564830780029,0.8202739953994751,0.02950083650648594,0.03651201352477074,0.06298154592514038,0.037979476153850555,0.05266007035970688,0.0660351812839508,0.26359668374061584,0.3320428133010864,13.409137725830078,13.441701889038086,0.0594470240175724,0.16796857118606567,13.371703147888184,14.55150318145752,0.1007973775267601,0.29638418555259705,0.9704991579055786,0.963487982749939,0.9370184540748596,0.9620205163955688,0.9469869136810303,0.9341878294944763,0.7345340251922607,0.6653872728347778,,,,,,,,,,,,,,,,,,,,,,,,,,,,,,
267,0,0.03883824869990349,0.16753827035427094,7.457404136657715,7.809436798095703,13.290298461914062,17.88995933532715,0.9594399929046631,0.820050835609436,0.029410095885396004,0.036062393337488174,0.0612461231648922,0.03552114963531494,0.05272238701581955,0.06612022966146469,0.26413944363594055,0.33223986625671387,13.346074104309082,13.387650489807129,0.058619752526283264,0.1664564460515976,13.396005630493164,14.56156063079834,0.10098481923341751,0.2964731454849243,0.9705898761749268,0.9639375805854797,0.9387539029121399,0.9644788503646851,0.9469241499900818,0.9341030716896057,0.7339874505996704,0.6651886701583862,,,,,,,,,,,,,,,,,,,,,,,,,,,,,,
268,0,0.039501868188381195,0.1672223061323166,7.399886608123779,7.796108722686768,13.210612297058105,17.87028694152832,0.9587291479110718,0.8204165697097778,0.02919367142021656,0.03542400151491165,0.061915453523397446,0.038550473749637604,0.052588123828172684,0.06600313633680344,0.2631642818450928,0.3320126533508301,13.323709487915039,13.18248176574707,0.05948479473590851,0.16912198066711426,13.362854957580566,14.548966407775879,0.10070502758026123,0.29628437757492065,0.970806360244751,0.964576005935669,0.9380845427513123,0.9614495038986206,0.9470593333244324,0.9342197179794312,0.7349694967269897,0.6654176712036133,,,,,,,,,,,,,,,,,,,,,,,,,,,,,,
269,0,0.03990482911467552,0.16740189492702484,7.480663776397705,7.808640480041504,13.35956859588623,17.88218116760254,0.9582586884498596,0.8202146887779236,0.029887592419981956,0.0361790731549263,0.06382928043603897,0.03706901893019676,0.05265137925744057,0.06610152125358582,0.2636059820652008,0.33221209049224854,13.406871795654297,13.405841827392578,0.059902340173721313,0.16661415994167328,13.38776683807373,14.568755149841309,0.10073919594287872,0.2962893545627594,0.9701123833656311,0.9638209342956543,0.9361706972122192,0.9629309773445129,0.9469956159591675,0.9341216683387756,0.734524667263031,0.6652166843414307,,,,,,,,,,,,,,,,,,,,,,,,,,,,,,
270,0,0.039126429706811905,0.16746069490909576,7.376599311828613,7.8034892082214355,13.154741287231445,17.875591278076172,0.9591337442398071,0.8201578855514526,0.0289913397282362,0.03505761921405792,0.06117231771349907,0.038243893533945084,0.05262782797217369,0.06602916866540909,0.2635531723499298,0.3325853645801544,13.332032203674316,13.082204818725586,0.058630235493183136,0.16743503510951996,13.38411808013916,14.55232048034668,0.1007530465722084,0.2965646982192993,0.9710086584091187,0.9649423956871033,0.9388276934623718,0.9617561101913452,0.9470193386077881,0.9341937899589539,0.7345778346061707,0.6648404598236084,,,,,,,,,,,,,,,,,,,,,,,,,,,,,,
271,0,0.03913664072751999,0.1674404740333557,7.420865058898926,7.809114456176758,13.192934036254883,17.878864288330078,0.959003746509552,0.8201727271080017,0.029077380895614624,0.03538806363940239,0.0634431540966034,0.03607623279094696,0.052714526653289795,0.0659494549036026,0.26371848583221436,0.33235347270965576,13.338506698608398,13.251147270202637,0.05977313593029976,0.16585037112236023,13.398994445800781,14.556829452514648,0.10076679289340973,0.2964598536491394,0.9709226489067078,0.9646119475364685,0.9365568161010742,0.9639237523078918,0.9469320774078369,0.9342732429504395,0.734411358833313,0.6650741696357727,35774.0,35773.0,1.0,1.0,1.0,0.0,1.0,0.0,0.0,0.0,8944.0,8944.0,0.0,0.0,0.0,0.0,1.0,0.0,0.0,0.0,4968.0,4968.0,0.0,0.0,0.0,0.0,1.0,0.0,0.0,0.0
